#include "epaper_ui/generated_epaper_font_extensions.h"

#include "epaper_ui/generated_epaper_fonts.h"

namespace epaper_fonts {
namespace {

const epaper_font::GlyphBitmap kInter22SemiBold_ext_glyphs[] = {
    {     0,    0,   0,   0,    0,    0,   6 },
    {     0,   12,   5,  18,    1,   13,   7 },
    {    12,   26,  12,  17,    0,   17,  13 },
    {    38,   28,  13,  17,    0,   17,  14 },
    {    66,   29,  15,  15,    1,   14,  17 },
    {    95,   28,  13,  17,    0,   17,  13 },
    {   123,    8,   3,  21,    2,   17,   7 },
    {   131,   29,  11,  21,    1,   17,  13 },
    {   160,    5,   9,   4,    2,   17,  14 },
    {   165,   41,  18,  18,    1,   17,  20 },
    {   206,   13,   9,  11,    0,   17,  11 },
    {   219,   18,  13,  11,    0,   12,  14 },
    {   237,    8,  10,   6,    2,    9,  15 },
    {   245,   25,  11,  18,    0,   17,  12 },
    {   270,   25,  14,  14,    0,   17,  15 },
    {   295,    2,   7,   2,    1,   16,  10 },
    {   297,    9,   8,   9,    1,   17,  10 },
    {   306,   20,  12,  13,    1,   13,  15 },
    {   326,   10,   8,  10,    1,   19,  10 },
    {   336,   12,   9,  10,    0,   19,  10 },
    {   348,    3,   5,   4,    1,   17,   8 },
    {   351,   28,  13,  17,    1,   12,  14 },
    {   379,   26,  12,  17,    0,   17,  14 },
    {   405,    4,   5,   5,    1,   10,   7 },
    {   409,    4,   5,   6,    2,    1,   8 },
    {   413,    7,   5,  10,    1,   19,   7 },
    {   420,   14,  10,  11,    0,   17,  11 },
    {   434,   18,  13,  11,    0,   12,  14 },
    {   452,   39,  18,  17,    0,   17,  18 },
    {   491,   39,  18,  17,    0,   17,  19 },
    {   530,   41,  19,  17,    0,   17,  20 },
    {   571,   25,  11,  18,    1,   13,  12 },
    {   596,   42,  16,  21,    0,   21,  16 },
    {   638,   42,  16,  21,    0,   21,  16 },
    {   680,   42,  16,  21,    0,   21,  16 },
    {   722,   42,  16,  21,    0,   21,  16 },
    {   764,   42,  16,  21,    0,   21,  16 },
    {   806,   44,  16,  22,    0,   22,  16 },
    {   850,   47,  22,  17,    0,   17,  23 },
    {   897,   42,  15,  22,    1,   17,  17 },
    {   939,   32,  12,  21,    1,   21,  14 },
    {   971,   32,  12,  21,    1,   21,  14 },
    {  1003,   32,  12,  21,    1,   21,  14 },
    {  1035,   32,  12,  21,    1,   21,  14 },
    {  1067,   16,   6,  21,   -1,   21,   6 },
    {  1083,   16,   6,  21,    1,   21,   6 },
    {  1099,   21,   8,  21,   -1,   21,   6 },
    {  1120,   21,   8,  21,   -1,   21,   6 },
    {  1141,   34,  16,  17,    0,   17,  17 },
    {  1175,   37,  14,  21,    1,   21,  17 },
    {  1212,   42,  15,  22,    1,   21,  17 },
    {  1254,   42,  15,  22,    1,   21,  17 },
    {  1296,   42,  15,  22,    1,   21,  17 },
    {  1338,   42,  15,  22,    1,   21,  17 },
    {  1380,   42,  15,  22,    1,   21,  17 },
    {  1422,   18,  12,  12,    1,   12,  15 },
    {  1440,   34,  15,  18,    1,   17,  17 },
    {  1474,   39,  14,  22,    1,   21,  17 },
    {  1513,   39,  14,  22,    1,   21,  17 },
    {  1552,   39,  14,  22,    1,   21,  17 },
    {  1591,   39,  14,  22,    1,   21,  17 },
    {  1630,   42,  16,  21,    0,   21,  16 },
    {  1672,   26,  12,  17,    1,   17,  15 },
    {  1698,   28,  13,  17,    1,   17,  15 },
    {  1726,   27,  12,  18,    0,   17,  13 },
    {  1753,   27,  12,  18,    0,   17,  13 },
    {  1780,   27,  12,  18,    0,   17,  13 },
    {  1807,   27,  12,  18,    0,   17,  13 },
    {  1834,   27,  12,  18,    0,   17,  13 },
    {  1861,   30,  12,  20,    0,   19,  13 },
    {  1891,   35,  20,  14,    0,   13,  20 },
    {  1926,   27,  12,  18,    0,   13,  13 },
    {  1953,   27,  12,  18,    0,   17,  13 },
    {  1980,   27,  12,  18,    0,   17,  13 },
    {  2007,   27,  12,  18,    0,   17,  13 },
    {  2034,   27,  12,  18,    0,   17,  13 },
    {  2061,   13,   6,  17,   -1,   17,   6 },
    {  2074,   13,   6,  17,    1,   17,   6 },
    {  2087,   20,   9,  17,   -2,   17,   6 },
    {  2107,   20,   9,  17,   -2,   17,   6 },
    {  2127,   30,  13,  18,    0,   17,  13 },
    {  2157,   24,  11,  17,    1,   17,  14 },
    {  2181,   30,  13,  18,    0,   17,  14 },
    {  2211,   30,  13,  18,    0,   17,  14 },
    {  2241,   30,  13,  18,    0,   17,  14 },
    {  2271,   30,  13,  18,    0,   17,  14 },
    {  2301,   30,  13,  18,    0,   17,  14 },
    {  2331,   18,  11,  13,    2,   13,  15 },
    {  2349,   23,  13,  14,    0,   13,  14 },
    {  2372,   25,  11,  18,    1,   17,  14 },
    {  2397,   25,  11,  18,    1,   17,  14 },
    {  2422,   25,  11,  18,    1,   17,  14 },
    {  2447,   25,  11,  18,    1,   17,  14 },
    {  2472,   36,  13,  22,    0,   17,  13 },
    {  2508,   33,  12,  22,    1,   17,  14 },
    {  2541,   36,  13,  22,    0,   17,  13 },
};

const uint8_t kInter22SemiBold_ext_bitmaps[] = {
    0x03, 0x9C, 0xE0, 0x01, 0xCE, 0x73, 0x9C, 0xE7, 0x39, 0xCE, 0x70, 0x00, 0x00, 0x00, 0x20, 0x02,
    0x00, 0xF8, 0x3F, 0xE3, 0xAE, 0x72, 0x77, 0x20, 0x72, 0x07, 0x20, 0x72, 0x07, 0x27, 0x3A, 0xE3,
    0xFE, 0x0F, 0x80, 0x20, 0x02, 0x00, 0x00, 0x00, 0x3E, 0x03, 0xFC, 0x38, 0xE1, 0x83, 0x8C, 0x20,
    0xE0, 0x03, 0x00, 0x7F, 0xC3, 0xFE, 0x06, 0x00, 0x30, 0x01, 0x80, 0x0C, 0x1C, 0xC0, 0xEF, 0xFE,
    0x7F, 0xF0, 0x40, 0x08, 0xDF, 0x9B, 0xFF, 0xE1, 0xC1, 0x87, 0x01, 0x8C, 0x03, 0x18, 0x03, 0x30,
    0x06, 0x60, 0x0C, 0xC0, 0x31, 0xC0, 0x61, 0xC1, 0xC7, 0xFF, 0xD9, 0xF9, 0x00, 0x00, 0x00, 0x00,
    0x07, 0x03, 0x9C, 0x38, 0xE1, 0xC3, 0x8C, 0x1C, 0xE0, 0x76, 0x03, 0xF0, 0x0F, 0x03, 0xFF, 0x1F,
    0xF8, 0x0E, 0x07, 0xFE, 0x3F, 0xF0, 0x1C, 0x00, 0xE0, 0x07, 0x00, 0x1F, 0xFF, 0xFF, 0x00, 0x01,
    0xFF, 0xFF, 0xF0, 0x00, 0x07, 0xE1, 0xFE, 0x38, 0xC6, 0x1C, 0xE0, 0x0E, 0x01, 0xF0, 0x6F, 0x98,
    0x3B, 0x03, 0x78, 0x67, 0xCC, 0x3E, 0x01, 0xE0, 0x0C, 0x61, 0xDE, 0x31, 0xFE, 0x1F, 0x80, 0x00,
    0x22, 0x39, 0x9D, 0xC0, 0x00, 0x00, 0x00, 0x00, 0xFC, 0x00, 0xFF, 0xC0, 0x78, 0x78, 0x38, 0x87,
    0x0C, 0xFC, 0xC7, 0x7F, 0xB9, 0x98, 0x66, 0x66, 0x01, 0x99, 0x80, 0x66, 0x61, 0x99, 0xDF, 0xEE,
    0x33, 0xF3, 0x0E, 0x21, 0xC1, 0xE1, 0xE0, 0x3F, 0xF0, 0x03, 0xF0, 0x00, 0x00, 0x00, 0x00, 0x1F,
    0x9C, 0xE4, 0x30, 0x7B, 0xFD, 0x86, 0xC7, 0x7F, 0x9E, 0xC0, 0x00, 0x07, 0x38, 0x73, 0x87, 0x38,
    0x39, 0xC3, 0x9C, 0x39, 0xC0, 0xE7, 0x03, 0x9C, 0x1E, 0xF0, 0x7B, 0xC0, 0x00, 0x00, 0x3F, 0xFF,
    0xFC, 0x07, 0x01, 0xC0, 0x70, 0x00, 0x03, 0xF0, 0xFF, 0x3C, 0xF7, 0x0E, 0x01, 0xC0, 0x38, 0x0E,
    0x07, 0x80, 0xE0, 0x38, 0x07, 0x00, 0x00, 0x00, 0x03, 0x80, 0x70, 0x0E, 0x00, 0x00, 0x00, 0x00,
    0x3F, 0x01, 0xCF, 0x0C, 0x0C, 0x27, 0x99, 0x93, 0x26, 0x4C, 0x99, 0xE2, 0x64, 0x89, 0x93, 0x63,
    0x03, 0x07, 0x1C, 0x0F, 0xC0, 0x00, 0x00, 0x7E, 0xFC, 0x00, 0x3C, 0x7E, 0xE7, 0xC3, 0xC3, 0x7E,
    0x3C, 0x00, 0x00, 0x00, 0x70, 0x07, 0x00, 0x70, 0x7F, 0xF7, 0xFF, 0x07, 0x00, 0x70, 0x07, 0x00,
    0x00, 0x7F, 0xF7, 0xFF, 0x00, 0x00, 0x00, 0x7E, 0xE6, 0x06, 0x06, 0x1C, 0x38, 0x60, 0xFF, 0x00,
    0x00, 0x1F, 0x9C, 0xE0, 0x70, 0xF0, 0x78, 0x06, 0xE7, 0x3F, 0x06, 0x00, 0x39, 0x98, 0xC0, 0xE0,
    0xE7, 0x07, 0x38, 0x39, 0xC1, 0xCE, 0x0E, 0x70, 0x73, 0x83, 0x9C, 0x1C, 0xE0, 0xE7, 0x8F, 0x3F,
    0xFD, 0xDC, 0xEE, 0x00, 0x70, 0x03, 0x80, 0x1C, 0x00, 0x00, 0x00, 0x00, 0x00, 0xFF, 0x3F, 0xF7,
    0xE7, 0x7E, 0x77, 0xE7, 0x7E, 0x77, 0xE7, 0x7E, 0x73, 0xE7, 0x0E, 0x70, 0x07, 0x00, 0x70, 0x07,
    0x00, 0x70, 0x07, 0x00, 0x70, 0x03, 0x9C, 0xE0, 0x00, 0x02, 0x1C, 0x6F, 0x00, 0x03, 0xFF, 0x73,
    0x9C, 0xE7, 0x38, 0x00, 0x00, 0x07, 0xC3, 0xF9, 0xC7, 0x61, 0xD8, 0x36, 0x1D, 0xC6, 0x3F, 0x87,
    0xC0, 0x00, 0x73, 0x81, 0xCE, 0x0E, 0x70, 0x39, 0xC0, 0xE7, 0x03, 0x9C, 0x39, 0xC3, 0x9C, 0x39,
    0xC3, 0xDE, 0x00, 0x00, 0x00, 0x00, 0x0E, 0x03, 0x87, 0x80, 0xC1, 0x60, 0x60, 0x18, 0x30, 0x06,
    0x1C, 0x01, 0x86, 0x00, 0x63, 0x00, 0x19, 0xC7, 0x06, 0x61, 0xC0, 0x30, 0xF0, 0x1C, 0x6C, 0x06,
    0x1B, 0x03, 0x0C, 0xC1, 0x83, 0xF8, 0x60, 0xFE, 0x30, 0x03, 0x00, 0x00, 0x00, 0x0E, 0x03, 0x87,
    0x80, 0xC1, 0x60, 0x60, 0x18, 0x30, 0x06, 0x1C, 0x01, 0x86, 0x00, 0x63, 0x00, 0x19, 0xC7, 0x86,
    0x63, 0xF0, 0x30, 0xCC, 0x1C, 0x03, 0x06, 0x01, 0x83, 0x00, 0xE1, 0x80, 0x70, 0x60, 0x3F, 0x30,
    0x0F, 0xC0, 0x00, 0x00, 0x07, 0x80, 0x71, 0xF8, 0x0C, 0x33, 0x03, 0x00, 0x60, 0xC0, 0x38, 0x38,
    0x01, 0x86, 0x00, 0x19, 0x80, 0x7E, 0x71, 0xC7, 0x8C, 0x38, 0x03, 0x0F, 0x00, 0xE3, 0x60, 0x18,
    0x6C, 0x06, 0x19, 0x81, 0x83, 0xF8, 0x30, 0x7F, 0x0C, 0x00, 0xC0, 0x00, 0x01, 0xC0, 0x38, 0x07,
    0x00, 0x00, 0x00, 0x03, 0x80, 0x70, 0x1C, 0x07, 0x81, 0xE0, 0x70, 0x0E, 0x01, 0xC3, 0xBC, 0x73,
    0xFC, 0x3F, 0x00, 0x00, 0x0E, 0x00, 0x07, 0x00, 0x03, 0x00, 0x01, 0x80, 0x00, 0x00, 0x03, 0xC0,
    0x03, 0xC0, 0x07, 0xE0, 0x07, 0xE0, 0x0E, 0xE0, 0x0E, 0x70, 0x0E, 0x70, 0x1C, 0x70, 0x1C, 0x38,
    0x1C, 0x38, 0x3F, 0xF8, 0x3F, 0xFC, 0x38, 0x1C, 0x70, 0x1C, 0x70, 0x0E, 0xF0, 0x0E, 0x00, 0xE0,
    0x00, 0xC0, 0x01, 0x80, 0x01, 0x80, 0x00, 0x00, 0x03, 0xC0, 0x03, 0xC0, 0x07, 0xE0, 0x07, 0xE0,
    0x0E, 0xE0, 0x0E, 0x70, 0x0E, 0x70, 0x1C, 0x70, 0x1C, 0x38, 0x1C, 0x38, 0x3F, 0xF8, 0x3F, 0xFC,
    0x38, 0x1C, 0x70, 0x1C, 0x70, 0x0E, 0xF0, 0x0E, 0x03, 0x80, 0x03, 0xC0, 0x06, 0xE0, 0x0C, 0x70,
    0x00, 0x00, 0x03, 0xC0, 0x03, 0xC0, 0x07, 0xE0, 0x07, 0xE0, 0x0E, 0xE0, 0x0E, 0x70, 0x0E, 0x70,
    0x1C, 0x70, 0x1C, 0x38, 0x1C, 0x38, 0x3F, 0xF8, 0x3F, 0xFC, 0x38, 0x1C, 0x70, 0x1C, 0x70, 0x0E,
    0xF0, 0x0E, 0x00, 0x00, 0x0F, 0x60, 0x0D, 0xC0, 0x00, 0x00, 0x00, 0x00, 0x03, 0xC0, 0x03, 0xC0,
    0x07, 0xE0, 0x07, 0xE0, 0x0E, 0xE0, 0x0E, 0x70, 0x0E, 0x70, 0x1C, 0x70, 0x1C, 0x38, 0x1C, 0x38,
    0x3F, 0xF8, 0x3F, 0xFC, 0x38, 0x1C, 0x70, 0x1C, 0x70, 0x0E, 0xF0, 0x0E, 0x04, 0x40, 0x0E, 0x60,
    0x0E, 0xE0, 0x00, 0x00, 0x00, 0x00, 0x03, 0xC0, 0x03, 0xC0, 0x07, 0xE0, 0x07, 0xE0, 0x0E, 0xE0,
    0x0E, 0x70, 0x0E, 0x70, 0x1C, 0x70, 0x1C, 0x38, 0x1C, 0x38, 0x3F, 0xF8, 0x3F, 0xFC, 0x38, 0x1C,
    0x70, 0x1C, 0x70, 0x0E, 0xF0, 0x0E, 0x03, 0x80, 0x07, 0xC0, 0x06, 0x60, 0x06, 0x40, 0x03, 0xC0,
    0x00, 0x00, 0x03, 0xC0, 0x03, 0xC0, 0x07, 0xE0, 0x07, 0xE0, 0x0E, 0xE0, 0x0E, 0x70, 0x0E, 0x70,
    0x1C, 0x70, 0x1C, 0x38, 0x1C, 0x38, 0x3F, 0xF8, 0x3F, 0xFC, 0x38, 0x1C, 0x70, 0x1C, 0x70, 0x0E,
    0xF0, 0x0E, 0x00, 0x00, 0x00, 0x07, 0xFF, 0xE0, 0x1F, 0xFF, 0x80, 0xE6, 0x00, 0x03, 0x98, 0x00,
    0x0E, 0x60, 0x00, 0x71, 0x80, 0x01, 0xC6, 0x00, 0x0E, 0x1F, 0xF0, 0x38, 0x7F, 0xC1, 0xC1, 0x80,
    0x07, 0xFE, 0x00, 0x3F, 0xF8, 0x00, 0xE0, 0x60, 0x03, 0x81, 0x80, 0x1C, 0x07, 0xFE, 0xF0, 0x1F,
    0xF8, 0x00, 0x00, 0x1F, 0xC0, 0x7F, 0xC1, 0xE3, 0xC7, 0x83, 0xCE, 0x03, 0xB8, 0x00, 0x70, 0x00,
    0xE0, 0x01, 0xC0, 0x03, 0x80, 0x07, 0x00, 0x07, 0x01, 0xCF, 0x07, 0x8F, 0x1E, 0x0F, 0xF8, 0x0F,
    0xE0, 0x02, 0x00, 0x07, 0x00, 0x06, 0x00, 0x3C, 0x00, 0x00, 0x00, 0x38, 0x01, 0xC0, 0x0C, 0x00,
    0x60, 0x00, 0x07, 0xFE, 0x7F, 0xE6, 0x00, 0x60, 0x06, 0x00, 0x60, 0x06, 0x00, 0x7F, 0xE7, 0xFE,
    0x60, 0x06, 0x00, 0x60, 0x06, 0x00, 0x60, 0x07, 0xFE, 0x7F, 0xE0, 0x03, 0x80, 0x30, 0x06, 0x00,
    0x60, 0x00, 0x07, 0xFE, 0x7F, 0xE6, 0x00, 0x60, 0x06, 0x00, 0x60, 0x06, 0x00, 0x7F, 0xE7, 0xFE,
    0x60, 0x06, 0x00, 0x60, 0x06, 0x00, 0x60, 0x07, 0xFE, 0x7F, 0xE0, 0x0E, 0x00, 0xF0, 0x1B, 0x83,
    0x1C, 0x00, 0x07, 0xFE, 0x7F, 0xE6, 0x00, 0x60, 0x06, 0x00, 0x60, 0x06, 0x00, 0x7F, 0xE7, 0xFE,
    0x60, 0x06, 0x00, 0x60, 0x06, 0x00, 0x60, 0x07, 0xFE, 0x7F, 0xE0, 0x11, 0x03, 0x98, 0x3B, 0x80,
    0x00, 0x00, 0x07, 0xFE, 0x7F, 0xE6, 0x00, 0x60, 0x06, 0x00, 0x60, 0x06, 0x00, 0x7F, 0xE7, 0xFE,
    0x60, 0x06, 0x00, 0x60, 0x06, 0x00, 0x60, 0x07, 0xFE, 0x7F, 0xE0, 0xE1, 0xC3, 0x06, 0x00, 0x61,
    0x86, 0x18, 0x61, 0x86, 0x18, 0x61, 0x86, 0x18, 0x61, 0x86, 0x18, 0x38, 0xC6, 0x18, 0x01, 0x86,
    0x18, 0x61, 0x86, 0x18, 0x61, 0x86, 0x18, 0x61, 0x86, 0x18, 0x60, 0x38, 0x3C, 0x6E, 0xC7, 0x00,
    0x18, 0x18, 0x18, 0x18, 0x18, 0x18, 0x18, 0x18, 0x18, 0x18, 0x18, 0x18, 0x18, 0x18, 0x18, 0x18,
    0x44, 0xE6, 0xEE, 0x00, 0x00, 0x18, 0x18, 0x18, 0x18, 0x18, 0x18, 0x18, 0x18, 0x18, 0x18, 0x18,
    0x18, 0x18, 0x18, 0x18, 0x18, 0x00, 0x00, 0x1F, 0xE0, 0x1F, 0xF8, 0x18, 0xFC, 0x18, 0x1E, 0x18,
    0x0E, 0x18, 0x06, 0x18, 0x07, 0x7F, 0x87, 0x7F, 0x87, 0x18, 0x07, 0x18, 0x0E, 0x18, 0x0E, 0x18,
    0x1E, 0x18, 0xFC, 0x1F, 0xF8, 0x1F, 0xE0, 0x00, 0x00, 0x3D, 0x80, 0xDC, 0x00, 0x00, 0x00, 0x01,
    0xC0, 0x77, 0x81, 0xDE, 0x07, 0x7C, 0x1D, 0xB8, 0x76, 0xE1, 0xD9, 0xC7, 0x67, 0x1D, 0x8E, 0x76,
    0x1D, 0xD8, 0x77, 0x60, 0xFD, 0x81, 0xF6, 0x07, 0xD8, 0x0F, 0x60, 0x3C, 0x0E, 0x00, 0x0E, 0x00,
    0x0C, 0x00, 0x0C, 0x00, 0x00, 0x01, 0xFC, 0x07, 0xFC, 0x1E, 0x3C, 0x78, 0x3C, 0xE0, 0x3B, 0x80,
    0x7F, 0x00, 0x7E, 0x00, 0xFC, 0x01, 0xF8, 0x03, 0xF0, 0x0E, 0x70, 0x1C, 0xF0, 0x78, 0xF1, 0xE0,
    0xFF, 0x80, 0xFE, 0x00, 0x00, 0x00, 0x00, 0xE0, 0x01, 0x80, 0x06, 0x00, 0x0C, 0x00, 0x00, 0x01,
    0xFC, 0x07, 0xFC, 0x1E, 0x3C, 0x78, 0x3C, 0xE0, 0x3B, 0x80, 0x7F, 0x00, 0x7E, 0x00, 0xFC, 0x01,
    0xF8, 0x03, 0xF0, 0x0E, 0x70, 0x1C, 0xF0, 0x78, 0xF1, 0xE0, 0xFF, 0x80, 0xFE, 0x00, 0x00, 0x00,
    0x03, 0x80, 0x07, 0x80, 0x1B, 0x80, 0x63, 0x80, 0x00, 0x01, 0xFC, 0x07, 0xFC, 0x1E, 0x3C, 0x78,
    0x3C, 0xE0, 0x3B, 0x80, 0x7F, 0x00, 0x7E, 0x00, 0xFC, 0x01, 0xF8, 0x03, 0xF0, 0x0E, 0x70, 0x1C,
    0xF0, 0x78, 0xF1, 0xE0, 0xFF, 0x80, 0xFE, 0x00, 0x00, 0x00, 0x00, 0x00, 0x1E, 0xC0, 0x37, 0x00,
    0x00, 0x00, 0x00, 0x01, 0xFC, 0x07, 0xFC, 0x1E, 0x3C, 0x78, 0x3C, 0xE0, 0x3B, 0x80, 0x7F, 0x00,
    0x7E, 0x00, 0xFC, 0x01, 0xF8, 0x03, 0xF0, 0x0E, 0x70, 0x1C, 0xF0, 0x78, 0xF1, 0xE0, 0xFF, 0x80,
    0xFE, 0x00, 0x00, 0x00, 0x04, 0x40, 0x1C, 0xC0, 0x3B, 0x80, 0x00, 0x00, 0x00, 0x01, 0xFC, 0x07,
    0xFC, 0x1E, 0x3C, 0x78, 0x3C, 0xE0, 0x3B, 0x80, 0x7F, 0x00, 0x7E, 0x00, 0xFC, 0x01, 0xF8, 0x03,
    0xF0, 0x0E, 0x70, 0x1C, 0xF0, 0x78, 0xF1, 0xE0, 0xFF, 0x80, 0xFE, 0x00, 0x00, 0x00, 0x20, 0x47,
    0x06, 0x78, 0xF3, 0xDC, 0x1F, 0x80, 0xF0, 0x0F, 0x81, 0xFC, 0x39, 0xE7, 0x0F, 0x20, 0x60, 0x00,
    0x00, 0x08, 0x1F, 0xD8, 0x7F, 0xF1, 0xE3, 0xC7, 0x83, 0xCE, 0x0F, 0xB8, 0x3F, 0xF0, 0x67, 0xE1,
    0x8F, 0xC7, 0x1F, 0x9C, 0x3F, 0x30, 0xE7, 0xC1, 0xCF, 0x87, 0x8F, 0x1E, 0x1F, 0xF8, 0x6F, 0xE0,
    0x40, 0x00, 0x1C, 0x00, 0x38, 0x00, 0x60, 0x00, 0xC0, 0x00, 0x01, 0x80, 0x76, 0x01, 0xD8, 0x07,
    0x60, 0x1D, 0x80, 0x76, 0x01, 0xD8, 0x07, 0x60, 0x1D, 0x80, 0x76, 0x01, 0xD8, 0x06, 0x70, 0x39,
    0xC0, 0xE7, 0xCF, 0x8F, 0xFC, 0x0F, 0xC0, 0x00, 0x00, 0x01, 0xC0, 0x06, 0x00, 0x30, 0x00, 0xC0,
    0x00, 0x01, 0x80, 0x76, 0x01, 0xD8, 0x07, 0x60, 0x1D, 0x80, 0x76, 0x01, 0xD8, 0x07, 0x60, 0x1D,
    0x80, 0x76, 0x01, 0xD8, 0x06, 0x70, 0x39, 0xC0, 0xE7, 0xCF, 0x8F, 0xFC, 0x0F, 0xC0, 0x00, 0x00,
    0x07, 0x00, 0x1E, 0x00, 0xDC, 0x06, 0x38, 0x00, 0x01, 0x80, 0x76, 0x01, 0xD8, 0x07, 0x60, 0x1D,
    0x80, 0x76, 0x01, 0xD8, 0x07, 0x60, 0x1D, 0x80, 0x76, 0x01, 0xD8, 0x06, 0x70, 0x39, 0xC0, 0xE7,
    0xCF, 0x8F, 0xFC, 0x0F, 0xC0, 0x00, 0x00, 0x08, 0x80, 0x73, 0x01, 0xDC, 0x00, 0x00, 0x00, 0x01,
    0x80, 0x76, 0x01, 0xD8, 0x07, 0x60, 0x1D, 0x80, 0x76, 0x01, 0xD8, 0x07, 0x60, 0x1D, 0x80, 0x76,
    0x01, 0xD8, 0x06, 0x70, 0x39, 0xC0, 0xE7, 0xCF, 0x8F, 0xFC, 0x0F, 0xC0, 0x00, 0x00, 0x00, 0xE0,
    0x00, 0xC0, 0x01, 0x80, 0x01, 0x80, 0x00, 0x00, 0xF0, 0x1E, 0x78, 0x1C, 0x38, 0x3C, 0x1C, 0x38,
    0x1C, 0x70, 0x0E, 0x70, 0x0E, 0xE0, 0x07, 0xE0, 0x03, 0xC0, 0x03, 0x80, 0x03, 0x80, 0x03, 0x80,
    0x03, 0x80, 0x03, 0x80, 0x03, 0x80, 0x03, 0x80, 0x00, 0x0E, 0x00, 0xE0, 0x0E, 0x00, 0xFF, 0x0F,
    0xFC, 0xE1, 0xEE, 0x06, 0xE0, 0x7E, 0x07, 0xE0, 0xEF, 0xFE, 0xFF, 0xCF, 0xE0, 0xE0, 0x0E, 0x00,
    0xE0, 0x00, 0x00, 0x00, 0xFC, 0x1F, 0xF0, 0xF3, 0xC7, 0x0E, 0x30, 0x71, 0x83, 0x8C, 0x38, 0x67,
    0x83, 0x3F, 0x18, 0x3C, 0xC0, 0xE6, 0x07, 0x30, 0x39, 0x83, 0xCC, 0xFC, 0x67, 0xC0, 0x38, 0x01,
    0xC0, 0x0C, 0x00, 0x60, 0x00, 0x00, 0xF8, 0x3F, 0xC7, 0x8E, 0x10, 0xE0, 0x0E, 0x1F, 0xE3, 0xFE,
    0x70, 0xE7, 0x0E, 0x71, 0xE7, 0xFE, 0x3E, 0xE0, 0x00, 0x03, 0x80, 0x30, 0x06, 0x00, 0x60, 0x00,
    0x00, 0xF8, 0x3F, 0xC7, 0x8E, 0x10, 0xE0, 0x0E, 0x1F, 0xE3, 0xFE, 0x70, 0xE7, 0x0E, 0x71, 0xE7,
    0xFE, 0x3E, 0xE0, 0x00, 0x0E, 0x00, 0xF0, 0x1B, 0x83, 0x1C, 0x00, 0x00, 0xF8, 0x3F, 0xC7, 0x8E,
    0x10, 0xE0, 0x0E, 0x1F, 0xE3, 0xFE, 0x70, 0xE7, 0x0E, 0x71, 0xE7, 0xFE, 0x3E, 0xE0, 0x00, 0x00,
    0x01, 0xEC, 0x1B, 0x80, 0x00, 0x00, 0x00, 0xF8, 0x3F, 0xC7, 0x8E, 0x10, 0xE0, 0x0E, 0x1F, 0xE3,
    0xFE, 0x70, 0xE7, 0x0E, 0x71, 0xE7, 0xFE, 0x3E, 0xE0, 0x00, 0x08, 0x81, 0xCC, 0x1D, 0xC0, 0x00,
    0x00, 0x00, 0xF8, 0x3F, 0xC7, 0x8E, 0x10, 0xE0, 0x0E, 0x1F, 0xE3, 0xFE, 0x70, 0xE7, 0x0E, 0x71,
    0xE7, 0xFE, 0x3E, 0xE0, 0x00, 0x00, 0x00, 0xE0, 0x1B, 0x01, 0x18, 0x19, 0x00, 0xF0, 0x00, 0x00,
    0xF8, 0x3F, 0xC7, 0x8E, 0x10, 0xE0, 0x0E, 0x1F, 0xE3, 0xFE, 0x70, 0xE7, 0x0E, 0x71, 0xE7, 0xFE,
    0x3E, 0xE0, 0x00, 0x00, 0x00, 0x00, 0xF9, 0xF0, 0x3F, 0xFF, 0xC7, 0x8F, 0x1C, 0x10, 0xE0, 0xE0,
    0x0E, 0x0E, 0x1F, 0xFF, 0xE3, 0xFF, 0xFE, 0x70, 0xE0, 0x07, 0x0E, 0x10, 0x71, 0xF0, 0xE7, 0xFB,
    0xFC, 0x3F, 0x1F, 0x80, 0x00, 0x00, 0x00, 0x00, 0xF8, 0x1F, 0xE3, 0x8E, 0x70, 0x77, 0x00, 0x70,
    0x07, 0x00, 0x70, 0x07, 0x07, 0x38, 0xE3, 0xFE, 0x0F, 0xC0, 0x20, 0x03, 0x80, 0x18, 0x07, 0x80,
    0x00, 0x1C, 0x00, 0xE0, 0x06, 0x00, 0x30, 0x00, 0x00, 0xF8, 0x1F, 0xC3, 0x8E, 0x70, 0x77, 0x07,
    0x7F, 0xF7, 0xFF, 0x70, 0x07, 0x08, 0x38, 0x73, 0xFE, 0x0F, 0xC0, 0x00, 0x01, 0xC0, 0x18, 0x03,
    0x00, 0x30, 0x00, 0x00, 0xF8, 0x1F, 0xC3, 0x8E, 0x70, 0x77, 0x07, 0x7F, 0xF7, 0xFF, 0x70, 0x07,
    0x08, 0x38, 0x73, 0xFE, 0x0F, 0xC0, 0x00, 0x07, 0x00, 0x78, 0x0D, 0xC1, 0x8E, 0x00, 0x00, 0xF8,
    0x1F, 0xC3, 0x8E, 0x70, 0x77, 0x07, 0x7F, 0xF7, 0xFF, 0x70, 0x07, 0x08, 0x38, 0x73, 0xFE, 0x0F,
    0xC0, 0x00, 0x08, 0x81, 0xCC, 0x1D, 0xC0, 0x00, 0x00, 0x00, 0xF8, 0x1F, 0xC3, 0x8E, 0x70, 0x77,
    0x07, 0x7F, 0xF7, 0xFF, 0x70, 0x07, 0x08, 0x38, 0x73, 0xFE, 0x0F, 0xC0, 0x00, 0xE1, 0xC3, 0x06,
    0x00, 0xE3, 0x8E, 0x38, 0xE3, 0x8E, 0x38, 0xE3, 0x8E, 0x38, 0x38, 0xC6, 0x18, 0x03, 0x8E, 0x38,
    0xE3, 0x8E, 0x38, 0xE3, 0x8E, 0x38, 0xE0, 0x1C, 0x0F, 0x0D, 0xCC, 0x70, 0x00, 0xE0, 0x70, 0x38,
    0x1C, 0x0E, 0x07, 0x03, 0x81, 0xC0, 0xE0, 0x70, 0x38, 0x1C, 0x00, 0x22, 0x39, 0x9D, 0xC0, 0x00,
    0x00, 0xE0, 0x70, 0x38, 0x1C, 0x0E, 0x07, 0x03, 0x81, 0xC0, 0xE0, 0x70, 0x38, 0x1C, 0x00, 0x18,
    0x40, 0xF6, 0x01, 0xE0, 0x1F, 0x01, 0x9C, 0x00, 0x70, 0x7D, 0x87, 0xFC, 0x38, 0xF3, 0x83, 0x9C,
    0x1C, 0xE0, 0xE7, 0x07, 0x38, 0x38, 0xE3, 0x87, 0xFC, 0x1F, 0x80, 0x00, 0x00, 0x00, 0x07, 0xB0,
    0xDC, 0x00, 0x00, 0x01, 0xCF, 0x3B, 0xF7, 0xCF, 0xF0, 0xFC, 0x1F, 0x83, 0xF0, 0x7E, 0x0F, 0xC1,
    0xF8, 0x3F, 0x07, 0xE0, 0xE0, 0x1C, 0x00, 0x70, 0x01, 0x80, 0x06, 0x00, 0x00, 0x07, 0xC0, 0x7F,
    0x87, 0x1C, 0x70, 0x73, 0x83, 0x9C, 0x1C, 0xE0, 0xE7, 0x07, 0x38, 0x38, 0xE3, 0x87, 0xFC, 0x0F,
    0xC0, 0x00, 0x00, 0x01, 0xC0, 0x0C, 0x00, 0xC0, 0x06, 0x00, 0x00, 0x07, 0xC0, 0x7F, 0x87, 0x1C,
    0x70, 0x73, 0x83, 0x9C, 0x1C, 0xE0, 0xE7, 0x07, 0x38, 0x38, 0xE3, 0x87, 0xFC, 0x0F, 0xC0, 0x00,
    0x00, 0x07, 0x00, 0x3C, 0x03, 0x70, 0x31, 0xC0, 0x00, 0x07, 0xC0, 0x7F, 0x87, 0x1C, 0x70, 0x73,
    0x83, 0x9C, 0x1C, 0xE0, 0xE7, 0x07, 0x38, 0x38, 0xE3, 0x87, 0xFC, 0x0F, 0xC0, 0x00, 0x00, 0x00,
    0x00, 0xF6, 0x06, 0xE0, 0x00, 0x00, 0x00, 0x07, 0xC0, 0x7F, 0x87, 0x1C, 0x70, 0x73, 0x83, 0x9C,
    0x1C, 0xE0, 0xE7, 0x07, 0x38, 0x38, 0xE3, 0x87, 0xFC, 0x0F, 0xC0, 0x00, 0x00, 0x08, 0x80, 0xE6,
    0x07, 0x70, 0x00, 0x00, 0x00, 0x07, 0xC0, 0x7F, 0x87, 0x1C, 0x70, 0x73, 0x83, 0x9C, 0x1C, 0xE0,
    0xE7, 0x07, 0x38, 0x38, 0xE3, 0x87, 0xFC, 0x0F, 0xC0, 0x00, 0x00, 0x00, 0x01, 0xC0, 0x38, 0x07,
    0x00, 0x01, 0xFF, 0xFF, 0xFF, 0xFF, 0x00, 0x01, 0x80, 0x38, 0x07, 0x00, 0x40, 0x00, 0x00, 0x7D,
    0x87, 0xFC, 0x71, 0xC7, 0x0F, 0x38, 0xF9, 0xCD, 0xCE, 0xCE, 0x7C, 0x73, 0xC3, 0x8E, 0x38, 0x7F,
    0xC6, 0xFC, 0x20, 0x00, 0x38, 0x03, 0x80, 0x30, 0x03, 0x00, 0x01, 0xC1, 0xF8, 0x3F, 0x07, 0xE0,
    0xFC, 0x1F, 0x83, 0xF0, 0x7E, 0x0E, 0xC1, 0xDC, 0x7B, 0xFF, 0x3E, 0xE0, 0x00, 0x03, 0x80, 0x60,
    0x18, 0x03, 0x00, 0x01, 0xC1, 0xF8, 0x3F, 0x07, 0xE0, 0xFC, 0x1F, 0x83, 0xF0, 0x7E, 0x0E, 0xC1,
    0xDC, 0x7B, 0xFF, 0x3E, 0xE0, 0x00, 0x0E, 0x01, 0xE0, 0x6E, 0x18, 0xE0, 0x01, 0xC1, 0xF8, 0x3F,
    0x07, 0xE0, 0xFC, 0x1F, 0x83, 0xF0, 0x7E, 0x0E, 0xC1, 0xDC, 0x7B, 0xFF, 0x3E, 0xE0, 0x00, 0x11,
    0x07, 0x30, 0xEE, 0x00, 0x00, 0x01, 0xC1, 0xF8, 0x3F, 0x07, 0xE0, 0xFC, 0x1F, 0x83, 0xF0, 0x7E,
    0x0E, 0xC1, 0xDC, 0x7B, 0xFF, 0x3E, 0xE0, 0x00, 0x01, 0xC0, 0x0C, 0x00, 0xC0, 0x06, 0x00, 0x00,
    0x70, 0x39, 0xC1, 0xCE, 0x0C, 0x30, 0xE1, 0xC7, 0x0E, 0x30, 0x33, 0x81, 0xDC, 0x06, 0xC0, 0x3E,
    0x01, 0xE0, 0x07, 0x00, 0x38, 0x03, 0x80, 0x7C, 0x03, 0xC0, 0x38, 0x00, 0x00, 0x0E, 0x00, 0xE0,
    0x0E, 0x00, 0xE0, 0x0E, 0x78, 0xEF, 0xCF, 0x9E, 0xF0, 0xEE, 0x07, 0xE0, 0x7E, 0x07, 0xE0, 0x7F,
    0x0E, 0xF9, 0xEE, 0xFC, 0xEF, 0x8E, 0x00, 0xE0, 0x0E, 0x00, 0xE0, 0x00, 0x00, 0x08, 0x80, 0xE6,
    0x07, 0x70, 0x00, 0x00, 0x00, 0x70, 0x39, 0xC1, 0xCE, 0x0C, 0x30, 0xE1, 0xC7, 0x0E, 0x30, 0x33,
    0x81, 0xDC, 0x06, 0xC0, 0x3E, 0x01, 0xE0, 0x07, 0x00, 0x38, 0x03, 0x80, 0x7C, 0x03, 0xC0, 0x38,
    0x00
};

const epaper_font::GlyphRange kInter22SemiBold_ext = {
    0xA0,
    0xFF,
    kInter22SemiBold_ext_glyphs,
    kInter22SemiBold_ext_bitmaps,
};

const epaper_font::GlyphBitmap kInter22Bold_ext_glyphs[] = {
    {     0,    0,   0,   0,    0,    0,   6 },
    {     0,   12,   5,  18,    1,   13,   8 },
    {    12,   26,  12,  17,    0,   17,  13 },
    {    38,   30,  14,  17,    0,   17,  14 },
    {    68,   29,  15,  15,    1,   14,  17 },
    {    97,   28,  13,  17,    0,   17,  13 },
    {   125,   11,   4,  21,    2,   17,   8 },
    {   136,   32,  12,  21,    0,   17,  13 },
    {   168,    5,   9,   4,    2,   17,  14 },
    {   173,   41,  18,  18,    1,   17,  21 },
    {   214,   14,  10,  11,    0,   17,  11 },
    {   228,   20,  14,  11,    0,   12,  15 },
    {   248,    9,  11,   6,    2,    9,  15 },
    {   257,   27,  12,  18,    0,   17,  13 },
    {   284,   25,  14,  14,    0,   17,  15 },
    {   309,    3,   7,   3,    1,   17,  10 },
    {   312,    9,   8,   9,    1,   17,  10 },
    {   321,   20,  12,  13,    1,   13,  15 },
    {   341,   12,   9,  10,    0,   19,  10 },
    {   353,   13,  10,  10,    0,   19,  11 },
    {   366,    3,   6,   4,    1,   17,   8 },
    {   369,   28,  13,  17,    1,   12,  14 },
    {   397,   26,  12,  17,    0,   17,  14 },
    {   423,    4,   5,   5,    1,   10,   7 },
    {   427,    4,   5,   6,    2,    1,   8 },
    {   431,    7,   5,  10,    1,   19,   8 },
    {   438,   16,  11,  11,    0,   17,  11 },
    {   454,   20,  14,  11,    0,   12,  15 },
    {   474,   39,  18,  17,    0,   17,  19 },
    {   513,   41,  19,  17,    0,   17,  20 },
    {   554,   43,  20,  17,    0,   17,  21 },
    {   597,   25,  11,  18,    1,   13,  13 },
    {   622,   42,  16,  21,    0,   21,  17 },
    {   664,   42,  16,  21,    0,   21,  17 },
    {   706,   42,  16,  21,    0,   21,  17 },
    {   748,   42,  16,  21,    0,   21,  17 },
    {   790,   42,  16,  21,    0,   21,  17 },
    {   832,   44,  16,  22,    0,   22,  17 },
    {   876,   47,  22,  17,    0,   17,  23 },
    {   923,   44,  16,  22,    0,   17,  17 },
    {   967,   32,  12,  21,    1,   21,  14 },
    {   999,   32,  12,  21,    1,   21,  14 },
    {  1031,   32,  12,  21,    1,   21,  14 },
    {  1063,   32,  12,  21,    1,   21,  14 },
    {  1095,   16,   6,  21,   -1,   21,   7 },
    {  1111,   16,   6,  21,    1,   21,   7 },
    {  1127,   27,  10,  21,   -2,   21,   7 },
    {  1154,   24,   9,  21,   -1,   21,   7 },
    {  1178,   34,  16,  17,    0,   17,  17 },
    {  1212,   40,  15,  21,    1,   21,  17 },
    {  1252,   44,  16,  22,    0,   21,  17 },
    {  1296,   44,  16,  22,    0,   21,  17 },
    {  1340,   44,  16,  22,    0,   21,  17 },
    {  1384,   44,  16,  22,    0,   21,  17 },
    {  1428,   44,  16,  22,    0,   21,  17 },
    {  1472,   22,  13,  13,    1,   13,  15 },
    {  1494,   36,  16,  18,    0,   17,  17 },
    {  1530,   39,  14,  22,    1,   21,  16 },
    {  1569,   39,  14,  22,    1,   21,  16 },
    {  1608,   39,  14,  22,    1,   21,  16 },
    {  1647,   39,  14,  22,    1,   21,  16 },
    {  1686,   42,  16,  21,    0,   21,  16 },
    {  1728,   26,  12,  17,    1,   17,  15 },
    {  1754,   28,  13,  17,    1,   17,  15 },
    {  1782,   27,  12,  18,    0,   17,  13 },
    {  1809,   27,  12,  18,    0,   17,  13 },
    {  1836,   27,  12,  18,    0,   17,  13 },
    {  1863,   27,  12,  18,    0,   17,  13 },
    {  1890,   27,  12,  18,    0,   17,  13 },
    {  1917,   30,  12,  20,    0,   19,  13 },
    {  1947,   35,  20,  14,    0,   13,  20 },
    {  1982,   27,  12,  18,    0,   13,  13 },
    {  2009,   30,  13,  18,    0,   17,  13 },
    {  2039,   30,  13,  18,    0,   17,  13 },
    {  2069,   30,  13,  18,    0,   17,  13 },
    {  2099,   30,  13,  18,    0,   17,  13 },
    {  2129,   13,   6,  17,   -1,   17,   6 },
    {  2142,   13,   6,  17,    1,   17,   6 },
    {  2155,   22,  10,  17,   -2,   17,   6 },
    {  2177,   20,   9,  17,   -2,   17,   6 },
    {  2197,   30,  13,  18,    0,   17,  14 },
    {  2227,   26,  12,  17,    1,   17,  14 },
    {  2253,   30,  13,  18,    0,   17,  14 },
    {  2283,   30,  13,  18,    0,   17,  14 },
    {  2313,   30,  13,  18,    0,   17,  14 },
    {  2343,   30,  13,  18,    0,   17,  14 },
    {  2373,   30,  13,  18,    0,   17,  14 },
    {  2403,   20,  12,  13,    1,   13,  15 },
    {  2423,   23,  13,  14,    0,   13,  14 },
    {  2446,   27,  12,  18,    1,   17,  14 },
    {  2473,   27,  12,  18,    1,   17,  14 },
    {  2500,   27,  12,  18,    1,   17,  14 },
    {  2527,   27,  12,  18,    1,   17,  14 },
    {  2554,   36,  13,  22,    0,   17,  14 },
    {  2590,   33,  12,  22,    1,   17,  14 },
    {  2623,   36,  13,  22,    0,   17,  14 },
};

const uint8_t kInter22Bold_ext_bitmaps[] = {
    0x03, 0x9C, 0xE2, 0x01, 0xCE, 0x73, 0x9C, 0xE7, 0x39, 0xCE, 0x70, 0x00, 0x00, 0x00, 0x20, 0x02,
    0x00, 0xFC, 0x3F, 0xE3, 0xFF, 0x7A, 0x77, 0x20, 0x72, 0x07, 0x20, 0x72, 0x07, 0xA7, 0x3F, 0xF3,
    0xFE, 0x0F, 0x80, 0x20, 0x02, 0x00, 0x00, 0x00, 0x1F, 0x80, 0xFF, 0x07, 0xBC, 0x1C, 0x38, 0xF0,
    0x83, 0xC0, 0x0F, 0x00, 0x7F, 0xC1, 0xFF, 0x01, 0xC0, 0x07, 0x00, 0x1C, 0x00, 0x60, 0xE7, 0xFF,
    0x9F, 0xFE, 0x7F, 0xF0, 0x40, 0x08, 0xDF, 0x9B, 0xFF, 0xF1, 0xC1, 0xC7, 0x01, 0x8C, 0x03, 0x98,
    0x03, 0x30, 0x06, 0x60, 0x0C, 0xC0, 0x39, 0xC0, 0x61, 0xC1, 0xC7, 0xFF, 0xDD, 0xF9, 0x80, 0x00,
    0x00, 0x00, 0x07, 0x83, 0x9C, 0x38, 0xF1, 0xC3, 0x9E, 0x1C, 0xE0, 0x77, 0x03, 0xF0, 0x0F, 0x83,
    0xFF, 0x1F, 0xF8, 0x0E, 0x07, 0xFE, 0x3F, 0xF0, 0x1C, 0x00, 0xE0, 0x07, 0x00, 0x0E, 0xEE, 0xEE,
    0xEE, 0x00, 0x00, 0x0E, 0xEE, 0xEE, 0xEE, 0x00, 0x00, 0x01, 0xF8, 0x3F, 0xC3, 0x9C, 0x30, 0xE3,
    0x80, 0x3C, 0x01, 0xF8, 0x37, 0xC6, 0x1E, 0x70, 0x67, 0x86, 0x3E, 0xE1, 0xF8, 0x03, 0xC0, 0x0E,
    0x70, 0xE3, 0x9E, 0x3F, 0xC1, 0xF8, 0x00, 0x00, 0x23, 0x39, 0xDD, 0xE4, 0x40, 0x00, 0x00, 0x00,
    0xFC, 0x00, 0xFF, 0xC0, 0x7C, 0x78, 0x38, 0x07, 0x0E, 0xFC, 0xC7, 0x7F, 0xB9, 0xD8, 0x66, 0x66,
    0x01, 0x99, 0x80, 0x67, 0x61, 0xB9, 0xDF, 0xEE, 0x3B, 0xF7, 0x0F, 0x03, 0xC1, 0xF3, 0xE0, 0x3F,
    0xF0, 0x03, 0xF0, 0x00, 0x00, 0x00, 0x00, 0x0F, 0xC7, 0xF8, 0x8E, 0x07, 0x9F, 0xE6, 0x19, 0x8E,
    0x7F, 0x8F, 0x60, 0x00, 0x07, 0xBC, 0x3D, 0xE1, 0xEF, 0x07, 0x38, 0x39, 0xC1, 0xCE, 0x03, 0x9C,
    0x07, 0x38, 0x1E, 0xF0, 0x3F, 0xF0, 0x00, 0x00, 0x00, 0x1F, 0xFB, 0xFF, 0x00, 0xE0, 0x1C, 0x03,
    0x80, 0x00, 0x01, 0xF8, 0x3F, 0xC7, 0x9E, 0x70, 0xE0, 0x0E, 0x00, 0xE0, 0x3E, 0x07, 0xC0, 0x70,
    0x0E, 0x00, 0xE0, 0x00, 0x00, 0x00, 0x0E, 0x00, 0xF0, 0x0E, 0x00, 0x00, 0x00, 0x00, 0x3F, 0x01,
    0xEF, 0x0C, 0x0C, 0x27, 0x99, 0x93, 0x26, 0x4C, 0x99, 0xE2, 0x64, 0x89, 0x93, 0x63, 0x03, 0x07,
    0x3C, 0x0F, 0xC0, 0x00, 0x00, 0x00, 0xFD, 0xF8, 0x00, 0x3C, 0x7E, 0xE7, 0xC3, 0xE7, 0x7E, 0x7E,
    0x10, 0x00, 0x00, 0x70, 0x07, 0x07, 0xFF, 0x7F, 0xF7, 0xFF, 0x07, 0x00, 0x70, 0x07, 0x00, 0x00,
    0x7F, 0xF7, 0xFF, 0x00, 0x00, 0x08, 0x1F, 0x9D, 0xE0, 0x70, 0x30, 0x70, 0x70, 0xF0, 0x7F, 0xBF,
    0xC0, 0x08, 0x0F, 0xC7, 0x38, 0x0E, 0x0F, 0x03, 0xC0, 0x39, 0xCE, 0x3F, 0x03, 0x00, 0x38, 0xC7,
    0x18, 0xF0, 0xE7, 0x87, 0x3C, 0x39, 0xE1, 0xCF, 0x0E, 0x78, 0x73, 0xC3, 0x9E, 0x1C, 0xF0, 0xE7,
    0xDF, 0xFF, 0xFF, 0xFC, 0xFF, 0x00, 0x78, 0x03, 0xC0, 0x1E, 0x00, 0x00, 0x00, 0x00, 0x00, 0xFF,
    0x3F, 0xF7, 0xFF, 0x7E, 0x77, 0xE7, 0x7E, 0x77, 0xE7, 0x7E, 0x73, 0xE7, 0x1E, 0x70, 0x07, 0x00,
    0x70, 0x07, 0x00, 0x70, 0x07, 0x00, 0x70, 0x03, 0x9C, 0xE0, 0x00, 0x03, 0x1C, 0x3F, 0x00, 0x03,
    0xFF, 0x73, 0x9C, 0xE7, 0x39, 0xC0, 0x00, 0x03, 0xE0, 0xFE, 0x38, 0xE6, 0x1C, 0xC3, 0x98, 0x73,
    0x8E, 0x3F, 0x83, 0xE0, 0x00, 0x00, 0x73, 0x80, 0xE7, 0x03, 0xDE, 0x07, 0xBC, 0x0F, 0x78, 0x1C,
    0xE0, 0xF7, 0x87, 0xBC, 0x3D, 0xE1, 0xEF, 0x00, 0x00, 0x00, 0x00, 0x00, 0x0E, 0x03, 0x87, 0x80,
    0xC1, 0x60, 0x60, 0x18, 0x30, 0x06, 0x0C, 0x01, 0x86, 0x00, 0x63, 0x00, 0x19, 0xC3, 0x86, 0x61,
    0xE0, 0x30, 0x78, 0x1C, 0x36, 0x06, 0x0D, 0x83, 0x06, 0x61, 0xC1, 0xFC, 0x60, 0x7F, 0x30, 0x01,
    0x80, 0x00, 0x00, 0x07, 0x01, 0xC1, 0xE0, 0x30, 0x2C, 0x0C, 0x01, 0x83, 0x00, 0x30, 0x60, 0x06,
    0x18, 0x00, 0xC6, 0x00, 0x19, 0xC7, 0x83, 0x31, 0xF8, 0x0C, 0x33, 0x03, 0x80, 0x60, 0x60, 0x1C,
    0x18, 0x07, 0x07, 0x01, 0xC0, 0xC0, 0x7E, 0x30, 0x0F, 0xC0, 0x00, 0x00, 0x03, 0xC0, 0x38, 0x7E,
    0x03, 0x06, 0x60, 0x60, 0x06, 0x0C, 0x01, 0xC0, 0xC0, 0x07, 0x18, 0x00, 0x73, 0x00, 0x7F, 0x71,
    0xC3, 0xE6, 0x3C, 0x00, 0xC3, 0xC0, 0x1C, 0x6C, 0x01, 0x86, 0xC0, 0x30, 0xCC, 0x07, 0x0F, 0xE0,
    0x60, 0xFE, 0x0C, 0x00, 0xC0, 0x00, 0x01, 0xC0, 0x38, 0x07, 0x80, 0x40, 0x00, 0x03, 0x80, 0x70,
    0x1E, 0x07, 0x81, 0xE0, 0x78, 0x0E, 0x01, 0xC3, 0xFC, 0xF3, 0xFE, 0x3F, 0x00, 0x00, 0x0F, 0x00,
    0x07, 0x00, 0x03, 0x80, 0x01, 0x80, 0x00, 0x00, 0x03, 0xC0, 0x07, 0xE0, 0x07, 0xE0, 0x07, 0xE0,
    0x0F, 0x70, 0x0E, 0x70, 0x0E, 0x70, 0x1E, 0x78, 0x1C, 0x38, 0x1C, 0x3C, 0x3F, 0xFC, 0x3F, 0xFC,
    0x38, 0x1E, 0x78, 0x1E, 0x78, 0x0E, 0xF0, 0x0F, 0x00, 0xE0, 0x00, 0xC0, 0x01, 0xC0, 0x01, 0x80,
    0x00, 0x00, 0x03, 0xC0, 0x07, 0xE0, 0x07, 0xE0, 0x07, 0xE0, 0x0F, 0x70, 0x0E, 0x70, 0x0E, 0x70,
    0x1E, 0x78, 0x1C, 0x38, 0x1C, 0x3C, 0x3F, 0xFC, 0x3F, 0xFC, 0x38, 0x1E, 0x78, 0x1E, 0x78, 0x0E,
    0xF0, 0x0F, 0x03, 0x80, 0x03, 0xC0, 0x06, 0x60, 0x0C, 0x70, 0x00, 0x00, 0x03, 0xC0, 0x07, 0xE0,
    0x07, 0xE0, 0x07, 0xE0, 0x0F, 0x70, 0x0E, 0x70, 0x0E, 0x70, 0x1E, 0x78, 0x1C, 0x38, 0x1C, 0x3C,
    0x3F, 0xFC, 0x3F, 0xFC, 0x38, 0x1E, 0x78, 0x1E, 0x78, 0x0E, 0xF0, 0x0F, 0x02, 0x00, 0x07, 0xB0,
    0x06, 0xF0, 0x00, 0x00, 0x00, 0x00, 0x03, 0xC0, 0x07, 0xE0, 0x07, 0xE0, 0x07, 0xE0, 0x0F, 0x70,
    0x0E, 0x70, 0x0E, 0x70, 0x1E, 0x78, 0x1C, 0x38, 0x1C, 0x3C, 0x3F, 0xFC, 0x3F, 0xFC, 0x38, 0x1E,
    0x78, 0x1E, 0x78, 0x0E, 0xF0, 0x0F, 0x04, 0x60, 0x0E, 0x70, 0x0E, 0xF0, 0x04, 0x40, 0x00, 0x00,
    0x03, 0xC0, 0x07, 0xE0, 0x07, 0xE0, 0x07, 0xE0, 0x0F, 0x70, 0x0E, 0x70, 0x0E, 0x70, 0x1E, 0x78,
    0x1C, 0x38, 0x1C, 0x3C, 0x3F, 0xFC, 0x3F, 0xFC, 0x38, 0x1E, 0x78, 0x1E, 0x78, 0x0E, 0xF0, 0x0F,
    0x03, 0xC0, 0x07, 0xE0, 0x06, 0x60, 0x06, 0x60, 0x03, 0xC0, 0x00, 0x00, 0x03, 0xC0, 0x07, 0xE0,
    0x07, 0xE0, 0x07, 0xE0, 0x0F, 0x70, 0x0E, 0x70, 0x0E, 0x70, 0x1E, 0x78, 0x1C, 0x38, 0x1C, 0x3C,
    0x3F, 0xFC, 0x3F, 0xFC, 0x38, 0x1E, 0x78, 0x1E, 0x78, 0x0E, 0xF0, 0x0F, 0x00, 0x00, 0x00, 0x07,
    0xFF, 0xE0, 0x1F, 0xFF, 0x80, 0xF7, 0xFE, 0x03, 0x9C, 0x00, 0x1E, 0x70, 0x00, 0x71, 0xC0, 0x01,
    0xC7, 0x00, 0x0F, 0x1F, 0xF8, 0x38, 0x7F, 0xE1, 0xE1, 0xC0, 0x07, 0xFF, 0x00, 0x3F, 0xFC, 0x00,
    0xE0, 0x70, 0x03, 0x81, 0xFF, 0x9E, 0x07, 0xFE, 0xF0, 0x1F, 0xF8, 0x00, 0x00, 0x07, 0xF0, 0x0F,
    0xF8, 0x1F, 0xFC, 0x3C, 0x1E, 0x78, 0x0E, 0x78, 0x0E, 0x70, 0x00, 0x70, 0x00, 0x70, 0x00, 0x70,
    0x00, 0x78, 0x0E, 0x38, 0x0E, 0x3C, 0x1E, 0x1F, 0xFC, 0x0F, 0xF8, 0x07, 0xF0, 0x01, 0x00, 0x01,
    0xC0, 0x00, 0x60, 0x03, 0xC0, 0x00, 0x00, 0x3C, 0x01, 0xC0, 0x0E, 0x00, 0x60, 0x00, 0x0F, 0xFE,
    0xFF, 0xEF, 0xFE, 0xF0, 0x0F, 0x00, 0xF0, 0x0F, 0x00, 0xFF, 0xEF, 0xFE, 0xF0, 0x0F, 0x00, 0xF0,
    0x0F, 0x00, 0xFF, 0xEF, 0xFE, 0xFF, 0xE0, 0x03, 0x80, 0x30, 0x07, 0x00, 0x60, 0x00, 0x0F, 0xFE,
    0xFF, 0xEF, 0xFE, 0xF0, 0x0F, 0x00, 0xF0, 0x0F, 0x00, 0xFF, 0xEF, 0xFE, 0xF0, 0x0F, 0x00, 0xF0,
    0x0F, 0x00, 0xFF, 0xEF, 0xFE, 0xFF, 0xE0, 0x0E, 0x00, 0xF0, 0x19, 0x83, 0x1C, 0x00, 0x0F, 0xFE,
    0xFF, 0xEF, 0xFE, 0xF0, 0x0F, 0x00, 0xF0, 0x0F, 0x00, 0xFF, 0xEF, 0xFE, 0xF0, 0x0F, 0x00, 0xF0,
    0x0F, 0x00, 0xFF, 0xEF, 0xFE, 0xFF, 0xE0, 0x11, 0x83, 0x9C, 0x3B, 0xC1, 0x10, 0x00, 0x0F, 0xFE,
    0xFF, 0xEF, 0xFE, 0xF0, 0x0F, 0x00, 0xF0, 0x0F, 0x00, 0xFF, 0xEF, 0xFE, 0xF0, 0x0F, 0x00, 0xF0,
    0x0F, 0x00, 0xFF, 0xEF, 0xFE, 0xFF, 0xE0, 0xF1, 0xC3, 0x86, 0x00, 0xF3, 0xCF, 0x3C, 0xF3, 0xCF,
    0x3C, 0xF3, 0xCF, 0x3C, 0xF3, 0xCF, 0x3C, 0x38, 0xC7, 0x18, 0x03, 0xCF, 0x3C, 0xF3, 0xCF, 0x3C,
    0xF3, 0xCF, 0x3C, 0xF3, 0xCF, 0x3C, 0xF0, 0x1C, 0x07, 0x83, 0x31, 0x8E, 0x00, 0x07, 0x81, 0xE0,
    0x78, 0x1E, 0x07, 0x81, 0xE0, 0x78, 0x1E, 0x07, 0x81, 0xE0, 0x78, 0x1E, 0x07, 0x81, 0xE0, 0x78,
    0x1E, 0x00, 0x46, 0x73, 0xBB, 0xC8, 0x80, 0x01, 0xE0, 0xF0, 0x78, 0x3C, 0x1E, 0x0F, 0x07, 0x83,
    0xC1, 0xE0, 0xF0, 0x78, 0x3C, 0x1E, 0x0F, 0x07, 0x83, 0xC0, 0x00, 0x00, 0x3F, 0xE0, 0x3F, 0xF8,
    0x3F, 0xFC, 0x3C, 0x1E, 0x3C, 0x0E, 0x3C, 0x0F, 0x3C, 0x0F, 0x7F, 0x87, 0x7F, 0x87, 0x3C, 0x0F,
    0x3C, 0x0F, 0x3C, 0x0E, 0x3C, 0x1E, 0x3F, 0xFC, 0x3F, 0xF8, 0x3F, 0xE0, 0x04, 0x00, 0x1E, 0xC0,
    0x37, 0x80, 0x00, 0x00, 0x00, 0x1E, 0x03, 0xBE, 0x07, 0x7E, 0x0E, 0xFC, 0x1D, 0xFC, 0x3B, 0xF8,
    0x77, 0xB8, 0xEF, 0x79, 0xDE, 0x73, 0xBC, 0x77, 0x78, 0xEE, 0xF0, 0xFD, 0xE1, 0xFB, 0xC1, 0xF7,
    0x81, 0xEF, 0x03, 0xC0, 0x07, 0x80, 0x03, 0x80, 0x01, 0xC0, 0x00, 0xC0, 0x00, 0x00, 0x07, 0xF0,
    0x0F, 0xF8, 0x1F, 0xFC, 0x3C, 0x1E, 0x78, 0x0E, 0x78, 0x0F, 0x70, 0x0F, 0x70, 0x07, 0x70, 0x07,
    0x70, 0x0F, 0x78, 0x0F, 0x38, 0x0E, 0x3C, 0x1E, 0x1F, 0xFC, 0x0F, 0xF8, 0x07, 0xF0, 0x00, 0x00,
    0x00, 0x70, 0x00, 0x60, 0x00, 0xE0, 0x00, 0xC0, 0x00, 0x00, 0x07, 0xF0, 0x0F, 0xF8, 0x1F, 0xFC,
    0x3C, 0x1E, 0x78, 0x0E, 0x78, 0x0F, 0x70, 0x0F, 0x70, 0x07, 0x70, 0x07, 0x70, 0x0F, 0x78, 0x0F,
    0x38, 0x0E, 0x3C, 0x1E, 0x1F, 0xFC, 0x0F, 0xF8, 0x07, 0xF0, 0x00, 0x00, 0x03, 0x80, 0x03, 0xC0,
    0x06, 0x60, 0x0C, 0x70, 0x00, 0x00, 0x07, 0xF0, 0x0F, 0xF8, 0x1F, 0xFC, 0x3C, 0x1E, 0x78, 0x0E,
    0x78, 0x0F, 0x70, 0x0F, 0x70, 0x07, 0x70, 0x07, 0x70, 0x0F, 0x78, 0x0F, 0x38, 0x0E, 0x3C, 0x1E,
    0x1F, 0xFC, 0x0F, 0xF8, 0x07, 0xF0, 0x00, 0x00, 0x02, 0x00, 0x07, 0xB0, 0x06, 0xF0, 0x00, 0x00,
    0x00, 0x00, 0x07, 0xF0, 0x0F, 0xF8, 0x1F, 0xFC, 0x3C, 0x1E, 0x78, 0x0E, 0x78, 0x0F, 0x70, 0x0F,
    0x70, 0x07, 0x70, 0x07, 0x70, 0x0F, 0x78, 0x0F, 0x38, 0x0E, 0x3C, 0x1E, 0x1F, 0xFC, 0x0F, 0xF8,
    0x07, 0xF0, 0x00, 0x00, 0x02, 0x30, 0x07, 0x38, 0x07, 0x78, 0x02, 0x20, 0x00, 0x00, 0x07, 0xF0,
    0x0F, 0xF8, 0x1F, 0xFC, 0x3C, 0x1E, 0x78, 0x0E, 0x78, 0x0F, 0x70, 0x0F, 0x70, 0x07, 0x70, 0x07,
    0x70, 0x0F, 0x78, 0x0F, 0x38, 0x0E, 0x3C, 0x1E, 0x1F, 0xFC, 0x0F, 0xF8, 0x07, 0xF0, 0x00, 0x00,
    0x00, 0x01, 0x01, 0x1C, 0x1C, 0xF1, 0xE3, 0xDE, 0x0F, 0xE0, 0x3E, 0x01, 0xF0, 0x1F, 0xC1, 0xEF,
    0x1E, 0x3C, 0x60, 0xC0, 0x00, 0x00, 0x00, 0x04, 0x07, 0xF7, 0x0F, 0xFE, 0x1F, 0xFC, 0x3C, 0x1E,
    0x78, 0x3E, 0x78, 0x7F, 0x70, 0x6F, 0x70, 0xC7, 0x71, 0xC7, 0x73, 0x8F, 0x7B, 0x0F, 0x3F, 0x0E,
    0x3E, 0x1E, 0x1F, 0xFC, 0x1F, 0xF8, 0x3F, 0xF0, 0x10, 0x00, 0x1E, 0x00, 0x38, 0x00, 0x70, 0x00,
    0xC0, 0x00, 0x03, 0xC0, 0xFF, 0x03, 0xFC, 0x0F, 0xF0, 0x3F, 0xC0, 0xFF, 0x03, 0xFC, 0x0F, 0xF0,
    0x3F, 0xC0, 0xFF, 0x03, 0xFC, 0x0F, 0xF0, 0x39, 0xE1, 0xE7, 0xFF, 0x8F, 0xFC, 0x0F, 0xC0, 0x00,
    0x00, 0x01, 0xC0, 0x06, 0x00, 0x38, 0x00, 0xC0, 0x00, 0x03, 0xC0, 0xFF, 0x03, 0xFC, 0x0F, 0xF0,
    0x3F, 0xC0, 0xFF, 0x03, 0xFC, 0x0F, 0xF0, 0x3F, 0xC0, 0xFF, 0x03, 0xFC, 0x0F, 0xF0, 0x39, 0xE1,
    0xE7, 0xFF, 0x8F, 0xFC, 0x0F, 0xC0, 0x00, 0x00, 0x07, 0x00, 0x1E, 0x00, 0xCC, 0x06, 0x38, 0x00,
    0x03, 0xC0, 0xFF, 0x03, 0xFC, 0x0F, 0xF0, 0x3F, 0xC0, 0xFF, 0x03, 0xFC, 0x0F, 0xF0, 0x3F, 0xC0,
    0xFF, 0x03, 0xFC, 0x0F, 0xF0, 0x39, 0xE1, 0xE7, 0xFF, 0x8F, 0xFC, 0x0F, 0xC0, 0x00, 0x00, 0x08,
    0xC0, 0x73, 0x81, 0xDE, 0x02, 0x20, 0x00, 0x03, 0xC0, 0xFF, 0x03, 0xFC, 0x0F, 0xF0, 0x3F, 0xC0,
    0xFF, 0x03, 0xFC, 0x0F, 0xF0, 0x3F, 0xC0, 0xFF, 0x03, 0xFC, 0x0F, 0xF0, 0x39, 0xE1, 0xE7, 0xFF,
    0x8F, 0xFC, 0x0F, 0xC0, 0x00, 0x00, 0x00, 0xE0, 0x00, 0xC0, 0x01, 0xC0, 0x01, 0x80, 0x00, 0x00,
    0xF8, 0x1E, 0x78, 0x1E, 0x3C, 0x3C, 0x1C, 0x38, 0x1E, 0x78, 0x0E, 0x70, 0x0F, 0xF0, 0x07, 0xE0,
    0x07, 0xC0, 0x03, 0xC0, 0x03, 0xC0, 0x03, 0xC0, 0x03, 0xC0, 0x03, 0xC0, 0x03, 0xC0, 0x03, 0xC0,
    0x00, 0x0F, 0x00, 0xF0, 0x0F, 0x00, 0xFF, 0x8F, 0xFE, 0xFF, 0xEF, 0x0F, 0xF0, 0x7F, 0x07, 0xF0,
    0xFF, 0xFE, 0xFF, 0xCF, 0xF0, 0xF0, 0x0F, 0x00, 0xF0, 0x00, 0x00, 0x00, 0xFC, 0x1F, 0xF0, 0xFF,
    0xCF, 0x0E, 0x78, 0x73, 0xC3, 0x9E, 0x3C, 0xF7, 0x87, 0xBF, 0x3C, 0x3D, 0xE0, 0xEF, 0x07, 0xF8,
    0x3B, 0xDF, 0xDE, 0xFC, 0xF7, 0xC0, 0x3C, 0x01, 0xC0, 0x0E, 0x00, 0x60, 0x00, 0x00, 0xF8, 0x3F,
    0xC7, 0x9E, 0x30, 0xE0, 0x0E, 0x1F, 0xE7, 0xFE, 0x70, 0xE7, 0x0E, 0x71, 0xE7, 0xFE, 0x3E, 0xE0,
    0x00, 0x03, 0x80, 0x30, 0x07, 0x00, 0x60, 0x00, 0x00, 0xF8, 0x3F, 0xC7, 0x9E, 0x30, 0xE0, 0x0E,
    0x1F, 0xE7, 0xFE, 0x70, 0xE7, 0x0E, 0x71, 0xE7, 0xFE, 0x3E, 0xE0, 0x00, 0x0E, 0x00, 0xF0, 0x19,
    0x83, 0x1C, 0x00, 0x00, 0xF8, 0x3F, 0xC7, 0x9E, 0x30, 0xE0, 0x0E, 0x1F, 0xE7, 0xFE, 0x70, 0xE7,
    0x0E, 0x71, 0xE7, 0xFE, 0x3E, 0xE0, 0x00, 0x08, 0x01, 0xEC, 0x1B, 0xC0, 0x00, 0x00, 0x00, 0xF8,
    0x3F, 0xC7, 0x9E, 0x30, 0xE0, 0x0E, 0x1F, 0xE7, 0xFE, 0x70, 0xE7, 0x0E, 0x71, 0xE7, 0xFE, 0x3E,
    0xE0, 0x00, 0x08, 0xC1, 0xCE, 0x1D, 0xE0, 0x88, 0x00, 0x00, 0xF8, 0x3F, 0xC7, 0x9E, 0x30, 0xE0,
    0x0E, 0x1F, 0xE7, 0xFE, 0x70, 0xE7, 0x0E, 0x71, 0xE7, 0xFE, 0x3E, 0xE0, 0x00, 0x00, 0x00, 0xF0,
    0x19, 0x81, 0x98, 0x19, 0x80, 0xF0, 0x00, 0x00, 0xF8, 0x3F, 0xC7, 0x9E, 0x30, 0xE0, 0x0E, 0x1F,
    0xE7, 0xFE, 0x70, 0xE7, 0x0E, 0x71, 0xE7, 0xFE, 0x3E, 0xE0, 0x00, 0x00, 0x00, 0x00, 0xF9, 0xF0,
    0x3F, 0xFF, 0xC7, 0x9F, 0xBC, 0x30, 0xE0, 0xE0, 0x0E, 0x0E, 0x1F, 0xFF, 0xE7, 0xFF, 0xFE, 0x70,
    0xE0, 0x07, 0x0E, 0x0C, 0x71, 0xF1, 0xE7, 0xFF, 0xFC, 0x3F, 0x1F, 0x80, 0x00, 0x00, 0x00, 0x00,
    0xF8, 0x1F, 0xE3, 0xFE, 0x78, 0x77, 0x08, 0x70, 0x07, 0x00, 0x70, 0x07, 0x87, 0x3C, 0xF3, 0xFE,
    0x0F, 0xC0, 0x20, 0x03, 0x80, 0x0C, 0x07, 0x80, 0x00, 0x1E, 0x00, 0x70, 0x01, 0xC0, 0x06, 0x00,
    0x00, 0x07, 0xC0, 0x7F, 0x87, 0xBC, 0x70, 0x73, 0x83, 0x9F, 0xFC, 0xFF, 0xE7, 0x00, 0x38, 0x20,
    0xE3, 0xC7, 0xFC, 0x0F, 0xC0, 0x00, 0x00, 0x01, 0xC0, 0x0C, 0x00, 0xE0, 0x06, 0x00, 0x00, 0x07,
    0xC0, 0x7F, 0x87, 0xBC, 0x70, 0x73, 0x83, 0x9F, 0xFC, 0xFF, 0xE7, 0x00, 0x38, 0x20, 0xE3, 0xC7,
    0xFC, 0x0F, 0xC0, 0x00, 0x00, 0x07, 0x00, 0x3C, 0x03, 0x30, 0x31, 0xC0, 0x00, 0x07, 0xC0, 0x7F,
    0x87, 0xBC, 0x70, 0x73, 0x83, 0x9F, 0xFC, 0xFF, 0xE7, 0x00, 0x38, 0x20, 0xE3, 0xC7, 0xFC, 0x0F,
    0xC0, 0x00, 0x00, 0x08, 0xC0, 0xE7, 0x07, 0x78, 0x11, 0x00, 0x00, 0x07, 0xC0, 0x7F, 0x87, 0xBC,
    0x70, 0x73, 0x83, 0x9F, 0xFC, 0xFF, 0xE7, 0x00, 0x38, 0x20, 0xE3, 0xC7, 0xFC, 0x0F, 0xC0, 0x00,
    0x00, 0xF1, 0xC3, 0x86, 0x00, 0xF3, 0xCF, 0x3C, 0xF3, 0xCF, 0x3C, 0xF3, 0xCF, 0x3C, 0x38, 0xC7,
    0x18, 0x03, 0xCF, 0x3C, 0xF3, 0xCF, 0x3C, 0xF3, 0xCF, 0x3C, 0xF0, 0x1C, 0x07, 0x83, 0x31, 0x8E,
    0x00, 0x07, 0x81, 0xE0, 0x78, 0x1E, 0x07, 0x81, 0xE0, 0x78, 0x1E, 0x07, 0x81, 0xE0, 0x78, 0x1E,
    0x00, 0x23, 0x39, 0xDD, 0xE4, 0x40, 0x00, 0xF0, 0x78, 0x3C, 0x1E, 0x0F, 0x07, 0x83, 0xC1, 0xE0,
    0xF0, 0x78, 0x3C, 0x1E, 0x00, 0x10, 0x40, 0xF6, 0x03, 0xE0, 0x1F, 0x01, 0x9C, 0x10, 0x70, 0x7D,
    0x87, 0xFE, 0x38, 0xF3, 0x83, 0x9C, 0x1C, 0xE0, 0xE7, 0x07, 0x38, 0x38, 0xE3, 0x87, 0xFC, 0x1F,
    0xC0, 0x00, 0x00, 0x10, 0x03, 0xD8, 0x37, 0x80, 0x00, 0x00, 0x0E, 0x78, 0xEF, 0xCF, 0xFE, 0xF0,
    0xEF, 0x0E, 0xF0, 0xEF, 0x0E, 0xF0, 0xEF, 0x0E, 0xF0, 0xEF, 0x0E, 0xF0, 0xE0, 0x1E, 0x00, 0x70,
    0x01, 0xC0, 0x06, 0x00, 0x00, 0x07, 0xC0, 0x7F, 0x87, 0xFE, 0x78, 0x73, 0x83, 0x9C, 0x1C, 0xE0,
    0xF7, 0x07, 0x3C, 0x38, 0xF3, 0xC7, 0xFC, 0x0F, 0xC0, 0x00, 0x00, 0x01, 0xC0, 0x0C, 0x00, 0xE0,
    0x06, 0x00, 0x00, 0x07, 0xC0, 0x7F, 0x87, 0xFE, 0x78, 0x73, 0x83, 0x9C, 0x1C, 0xE0, 0xF7, 0x07,
    0x3C, 0x38, 0xF3, 0xC7, 0xFC, 0x0F, 0xC0, 0x00, 0x00, 0x07, 0x00, 0x3C, 0x03, 0x30, 0x31, 0xC0,
    0x00, 0x07, 0xC0, 0x7F, 0x87, 0xFE, 0x78, 0x73, 0x83, 0x9C, 0x1C, 0xE0, 0xF7, 0x07, 0x3C, 0x38,
    0xF3, 0xC7, 0xFC, 0x0F, 0xC0, 0x00, 0x00, 0x08, 0x00, 0xF6, 0x06, 0xF0, 0x00, 0x00, 0x00, 0x07,
    0xC0, 0x7F, 0x87, 0xFE, 0x78, 0x73, 0x83, 0x9C, 0x1C, 0xE0, 0xF7, 0x07, 0x3C, 0x38, 0xF3, 0xC7,
    0xFC, 0x0F, 0xC0, 0x00, 0x00, 0x08, 0xC0, 0xE7, 0x07, 0x78, 0x11, 0x00, 0x00, 0x07, 0xC0, 0x7F,
    0x87, 0xFE, 0x78, 0x73, 0x83, 0x9C, 0x1C, 0xE0, 0xF7, 0x07, 0x3C, 0x38, 0xF3, 0xC7, 0xFC, 0x0F,
    0xC0, 0x00, 0x00, 0x02, 0x00, 0x70, 0x07, 0x00, 0x70, 0x00, 0x07, 0xFF, 0x7F, 0xF7, 0xFF, 0x00,
    0x00, 0x70, 0x07, 0x00, 0x70, 0x06, 0x00, 0x00, 0x00, 0x7C, 0x87, 0xFE, 0x7F, 0xE7, 0x8F, 0x38,
    0xF9, 0xCD, 0xCE, 0xCF, 0x7C, 0x73, 0xE3, 0x8F, 0x3C, 0x7F, 0xC6, 0xFC, 0x20, 0x00, 0x3C, 0x01,
    0xC0, 0x0E, 0x00, 0x60, 0x00, 0x0F, 0x0E, 0xF0, 0xEF, 0x0E, 0xF0, 0xEF, 0x0E, 0xF0, 0xEF, 0x0E,
    0xF0, 0xEF, 0x0E, 0x7F, 0xE7, 0xFE, 0x3E, 0xE0, 0x00, 0x03, 0x80, 0x30, 0x07, 0x00, 0x60, 0x00,
    0x0F, 0x0E, 0xF0, 0xEF, 0x0E, 0xF0, 0xEF, 0x0E, 0xF0, 0xEF, 0x0E, 0xF0, 0xEF, 0x0E, 0x7F, 0xE7,
    0xFE, 0x3E, 0xE0, 0x00, 0x0E, 0x00, 0xF0, 0x19, 0x83, 0x1C, 0x00, 0x0F, 0x0E, 0xF0, 0xEF, 0x0E,
    0xF0, 0xEF, 0x0E, 0xF0, 0xEF, 0x0E, 0xF0, 0xEF, 0x0E, 0x7F, 0xE7, 0xFE, 0x3E, 0xE0, 0x00, 0x11,
    0x83, 0x9C, 0x3B, 0xC1, 0x10, 0x00, 0x0F, 0x0E, 0xF0, 0xEF, 0x0E, 0xF0, 0xEF, 0x0E, 0xF0, 0xEF,
    0x0E, 0xF0, 0xEF, 0x0E, 0x7F, 0xE7, 0xFE, 0x3E, 0xE0, 0x00, 0x01, 0xC0, 0x0C, 0x00, 0xE0, 0x06,
    0x00, 0x00, 0x78, 0x3D, 0xC1, 0xCE, 0x0E, 0x38, 0xE1, 0xC7, 0x0E, 0x38, 0x3B, 0x81, 0xDC, 0x0E,
    0xE0, 0x3E, 0x01, 0xF0, 0x07, 0x00, 0x38, 0x03, 0xC0, 0x7C, 0x03, 0xC0, 0x38, 0x00, 0x00, 0x0F,
    0x00, 0xF0, 0x0F, 0x00, 0xF0, 0x0F, 0x78, 0xFF, 0xCF, 0xFE, 0xF0, 0xEF, 0x0F, 0xE0, 0x7E, 0x07,
    0xF0, 0xFF, 0x0F, 0xF9, 0xEF, 0xFE, 0xF7, 0x8F, 0x00, 0xF0, 0x0F, 0x00, 0xF0, 0x00, 0x00, 0x08,
    0xC0, 0xE7, 0x07, 0x78, 0x11, 0x00, 0x00, 0x78, 0x3D, 0xC1, 0xCE, 0x0E, 0x38, 0xE1, 0xC7, 0x0E,
    0x38, 0x3B, 0x81, 0xDC, 0x0E, 0xE0, 0x3E, 0x01, 0xF0, 0x07, 0x00, 0x38, 0x03, 0xC0, 0x7C, 0x03,
    0xC0, 0x38, 0x00
};

const epaper_font::GlyphRange kInter22Bold_ext = {
    0xA0,
    0xFF,
    kInter22Bold_ext_glyphs,
    kInter22Bold_ext_bitmaps,
};

const epaper_font::GlyphBitmap kInter22Black_ext_glyphs[] = {
    {     0,    0,   0,   0,    0,    0,   5 },
    {     0,   14,   6,  18,    1,   13,   8 },
    {    14,   28,  13,  17,    0,   17,  14 },
    {    42,   30,  14,  17,    0,   17,  15 },
    {    72,   29,  15,  15,    1,   14,  18 },
    {   101,   28,  13,  17,    0,   17,  13 },
    {   129,   14,   5,  21,    2,   17,   9 },
    {   143,   32,  12,  21,    0,   17,  13 },
    {   175,    5,  10,   4,    2,   17,  15 },
    {   180,   41,  18,  18,    1,   17,  21 },
    {   221,   13,  10,  10,    0,   17,  11 },
    {   234,   22,  16,  11,    0,   12,  16 },
    {   256,   10,  11,   7,    2,    9,  16 },
    {   266,   30,  13,  18,    0,   17,  14 },
    {   296,   25,  14,  14,    0,   17,  15 },
    {   321,    4,   7,   4,    1,   17,   9 },
    {   325,   11,   9,   9,    1,   17,  11 },
    {   336,   22,  13,  13,    1,   13,  16 },
    {   358,   13,  10,  10,    0,   19,  11 },
    {   371,   13,  10,  10,    0,   19,  11 },
    {   384,    3,   6,   4,    1,   17,   9 },
    {   387,   30,  14,  17,    1,   12,  15 },
    {   417,   28,  13,  17,    0,   17,  14 },
    {   445,    4,   6,   5,    1,   10,   8 },
    {   449,    4,   5,   6,    3,    1,  10 },
    {   453,    8,   6,  10,    1,   19,   8 },
    {   461,   16,  11,  11,    0,   17,  11 },
    {   477,   22,  16,  11,    0,   12,  16 },
    {   499,   41,  19,  17,    0,   17,  20 },
    {   540,   43,  20,  17,    0,   17,  20 },
    {   583,   45,  21,  17,    0,   17,  21 },
    {   628,   30,  13,  18,    0,   13,  14 },
    {   658,   45,  17,  21,    0,   21,  18 },
    {   703,   45,  17,  21,    0,   21,  18 },
    {   748,   45,  17,  21,    0,   21,  18 },
    {   793,   45,  17,  21,    0,   21,  18 },
    {   838,   45,  17,  21,    0,   21,  18 },
    {   883,   47,  17,  22,    0,   22,  18 },
    {   930,   49,  23,  17,    0,   17,  24 },
    {   979,   44,  16,  22,    0,   17,  17 },
    {  1023,   35,  13,  21,    0,   21,  14 },
    {  1058,   35,  13,  21,    0,   21,  14 },
    {  1093,   35,  13,  21,    0,   21,  14 },
    {  1128,   35,  13,  21,    0,   21,  14 },
    {  1163,   19,   7,  21,   -1,   21,   7 },
    {  1182,   21,   8,  21,    0,   21,   7 },
    {  1203,   29,  11,  21,   -2,   21,   7 },
    {  1232,   27,  10,  21,   -2,   21,   7 },
    {  1259,   37,  17,  17,    0,   17,  18 },
    {  1296,   42,  16,  21,    0,   21,  17 },
    {  1338,   47,  17,  22,    0,   21,  17 },
    {  1385,   47,  17,  22,    0,   21,  17 },
    {  1432,   47,  17,  22,    0,   21,  17 },
    {  1479,   47,  17,  22,    0,   21,  17 },
    {  1526,   47,  17,  22,    0,   21,  17 },
    {  1573,   22,  13,  13,    1,   13,  16 },
    {  1595,   39,  17,  18,    0,   17,  17 },
    {  1634,   42,  15,  22,    0,   21,  16 },
    {  1676,   42,  15,  22,    0,   21,  16 },
    {  1718,   42,  15,  22,    0,   21,  16 },
    {  1760,   42,  15,  22,    0,   21,  16 },
    {  1802,   45,  17,  21,    0,   21,  17 },
    {  1847,   28,  13,  17,    1,   17,  16 },
    {  1875,   32,  15,  17,    0,   17,  16 },
    {  1907,   27,  12,  18,    0,   17,  14 },
    {  1934,   27,  12,  18,    0,   17,  14 },
    {  1961,   27,  12,  18,    0,   17,  14 },
    {  1988,   27,  12,  18,    0,   17,  14 },
    {  2015,   27,  12,  18,    0,   17,  14 },
    {  2042,   30,  12,  20,    0,   19,  14 },
    {  2072,   35,  20,  14,    0,   13,  20 },
    {  2107,   30,  13,  18,    0,   13,  14 },
    {  2137,   30,  13,  18,    0,   17,  14 },
    {  2167,   30,  13,  18,    0,   17,  14 },
    {  2197,   30,  13,  18,    0,   17,  14 },
    {  2227,   30,  13,  18,    0,   17,  14 },
    {  2257,   15,   7,  17,   -1,   17,   7 },
    {  2272,   15,   7,  17,    1,   17,   7 },
    {  2287,   24,  11,  17,   -2,   17,   7 },
    {  2311,   22,  10,  17,   -2,   17,   7 },
    {  2333,   30,  13,  18,    0,   17,  14 },
    {  2363,   28,  13,  17,    1,   17,  15 },
    {  2391,   32,  14,  18,    0,   17,  14 },
    {  2423,   32,  14,  18,    0,   17,  14 },
    {  2455,   32,  14,  18,    0,   17,  14 },
    {  2487,   32,  14,  18,    0,   17,  14 },
    {  2519,   32,  14,  18,    0,   17,  14 },
    {  2551,   25,  13,  15,    1,   14,  16 },
    {  2576,   25,  14,  14,    0,   13,  14 },
    {  2601,   30,  13,  18,    1,   17,  15 },
    {  2631,   30,  13,  18,    1,   17,  15 },
    {  2661,   30,  13,  18,    1,   17,  15 },
    {  2691,   30,  13,  18,    1,   17,  15 },
    {  2721,   39,  14,  22,    0,   17,  14 },
    {  2760,   36,  13,  22,    1,   17,  15 },
    {  2796,   39,  14,  22,    0,   17,  14 },
};

const uint8_t kInter22Black_ext_bitmaps[] = {
    0x01, 0xE7, 0x9E, 0x78, 0x07, 0x9E, 0x79, 0xE7, 0x9E, 0x79, 0xE7, 0x9E, 0x78, 0x00, 0x00, 0x00,
    0x10, 0x00, 0x80, 0x1F, 0x83, 0xFE, 0x1F, 0xF9, 0xFB, 0xCF, 0x5F, 0x7A, 0x03, 0xD0, 0x1E, 0xBE,
    0xFD, 0xE3, 0xFF, 0x1F, 0xF0, 0x3F, 0x00, 0x40, 0x02, 0x00, 0x00, 0x00, 0x1F, 0x80, 0xFF, 0x07,
    0xFE, 0x3E, 0x78, 0xF1, 0xF3, 0xC0, 0x0F, 0x00, 0x7F, 0xC1, 0xFF, 0x03, 0xC0, 0x07, 0x80, 0x1C,
    0x01, 0xFF, 0xF7, 0xFF, 0xDF, 0xFE, 0x7F, 0xF0, 0x40, 0x08, 0xCF, 0xD9, 0xFF, 0xF9, 0xE1, 0xC3,
    0x01, 0xCE, 0x01, 0x98, 0x03, 0x30, 0x06, 0x60, 0x0C, 0xE0, 0x18, 0xC0, 0x71, 0xE1, 0xE7, 0xFF,
    0xEC, 0xFD, 0x80, 0x00, 0x00, 0x00, 0x07, 0xC7, 0xDE, 0x3C, 0xFB, 0xE3, 0xDE, 0x1E, 0xF0, 0x7F,
    0x03, 0xF8, 0x0F, 0x83, 0xFF, 0x1F, 0xF8, 0x1E, 0x07, 0xFE, 0x3F, 0xF0, 0x3C, 0x01, 0xE0, 0x0F,
    0x00, 0x07, 0xBD, 0xEF, 0x7B, 0xDE, 0xF0, 0x00, 0x0F, 0x7B, 0xDE, 0xF7, 0xBD, 0xE0, 0x00, 0x00,
    0x01, 0xF8, 0x3F, 0xC7, 0xFE, 0x79, 0xE7, 0x80, 0x7E, 0x03, 0xFC, 0x1F, 0xE7, 0x3F, 0x70, 0xF7,
    0x8E, 0x7F, 0x83, 0xFE, 0x07, 0xE0, 0x1E, 0x79, 0xE7, 0xFE, 0x3F, 0xC1, 0xF8, 0x00, 0x00, 0x73,
    0x9C, 0xE7, 0xBD, 0xCE, 0x00, 0x00, 0x00, 0xFC, 0x00, 0xFF, 0xC0, 0x7F, 0xF8, 0x3E, 0x1F, 0x0E,
    0x79, 0xC7, 0xBF, 0x79, 0xDC, 0xEE, 0x76, 0x03, 0x9D, 0x80, 0xE7, 0x73, 0xB9, 0xEF, 0xDE, 0x39,
    0xE7, 0x0F, 0x87, 0xC1, 0xFF, 0xE0, 0x3F, 0xF0, 0x03, 0xF0, 0x00, 0x00, 0x00, 0x00, 0x0F, 0xC7,
    0xF9, 0xCE, 0x0F, 0x9F, 0xE7, 0x3B, 0xCE, 0x7F, 0x8E, 0xE0, 0x07, 0xDF, 0x0F, 0xBE, 0x1F, 0x7C,
    0x3E, 0xF8, 0x3C, 0xF0, 0x79, 0xE0, 0x3C, 0xF0, 0x1E, 0x78, 0x1F, 0x7C, 0x0F, 0xFF, 0x00, 0x00,
    0xFF, 0xFF, 0xFF, 0xFF, 0xFF, 0xF0, 0x1E, 0x03, 0xC0, 0x00, 0x00, 0x00, 0xFE, 0x0F, 0xF8, 0xFF,
    0xE7, 0x9F, 0x3C, 0x78, 0x03, 0xC0, 0x7E, 0x07, 0xE0, 0x3C, 0x03, 0xC0, 0x1E, 0x00, 0x00, 0x03,
    0x80, 0x3C, 0x01, 0xE0, 0x0F, 0x00, 0x00, 0x00, 0x00, 0x00, 0x3F, 0x01, 0xFE, 0x0C, 0x0C, 0x37,
    0x99, 0x9B, 0x66, 0x6C, 0x99, 0xE2, 0x66, 0x99, 0x9B, 0x63, 0x03, 0x07, 0xFC, 0x0F, 0xC0, 0x00,
    0x00, 0x01, 0xFF, 0xF8, 0x00, 0x00, 0x1E, 0x1F, 0x9F, 0xEE, 0x77, 0x3B, 0xFC, 0xFC, 0x3C, 0x00,
    0x07, 0x00, 0x38, 0x01, 0xC0, 0xFF, 0xE7, 0xFF, 0x3F, 0xF8, 0x1C, 0x00, 0xE0, 0x00, 0x03, 0xFF,
    0x9F, 0xFC, 0xFF, 0xE7, 0xFF, 0x00, 0x0C, 0x0F, 0xC7, 0xF9, 0xCE, 0x07, 0x83, 0xC3, 0xC1, 0xFE,
    0x7F, 0x9F, 0xE0, 0x0C, 0x0F, 0xC7, 0xF8, 0x0E, 0x0F, 0x03, 0xE0, 0x39, 0xFF, 0x3F, 0x83, 0x80,
    0x3C, 0xE7, 0x1C, 0xF0, 0xF3, 0xC3, 0xCF, 0x0F, 0x3C, 0x3C, 0xF0, 0xF3, 0xC3, 0xCF, 0x0F, 0x3C,
    0x3C, 0xF9, 0xF3, 0xFF, 0xEF, 0xFF, 0xBD, 0x9E, 0xF0, 0x03, 0xC0, 0x0F, 0x00, 0x3C, 0x00, 0x00,
    0x00, 0x00, 0x00, 0xFF, 0x8F, 0xFC, 0xFF, 0xE7, 0xE7, 0x3F, 0x39, 0xF9, 0xCF, 0xCE, 0x7E, 0x71,
    0xF3, 0x87, 0x9C, 0x00, 0xE0, 0x07, 0x00, 0x38, 0x01, 0xC0, 0x0E, 0x00, 0x70, 0x71, 0xE7, 0x9C,
    0x00, 0x03, 0x1C, 0x3F, 0x00, 0x01, 0xEF, 0xBE, 0x38, 0xE3, 0x8E, 0x38, 0xE0, 0x00, 0x07, 0xE1,
    0xFE, 0x39, 0xE7, 0x1C, 0xE3, 0x9C, 0x73, 0xDE, 0x3F, 0x83, 0xE0, 0x00, 0x00, 0x79, 0xE0, 0x3C,
    0xF0, 0x3E, 0xF8, 0x1F, 0x7C, 0x0F, 0xBE, 0x07, 0x9E, 0x0F, 0xBE, 0x1F, 0x7C, 0x3E, 0xF8, 0x7D,
    0xF0, 0x00, 0x00, 0x00, 0x00, 0x07, 0x00, 0xE1, 0xE0, 0x18, 0x2C, 0x07, 0x01, 0x81, 0xC0, 0x30,
    0x30, 0x06, 0x0E, 0x00, 0xC3, 0x80, 0x18, 0x63, 0x83, 0x18, 0xF0, 0x07, 0x1E, 0x01, 0xC6, 0xC0,
    0x31, 0xD8, 0x0E, 0x33, 0x03, 0x87, 0xF0, 0x60, 0xFE, 0x1C, 0x01, 0x80, 0x00, 0x00, 0x03, 0x80,
    0x70, 0x78, 0x06, 0x05, 0x80, 0xE0, 0x18, 0x1C, 0x01, 0x81, 0x80, 0x18, 0x38, 0x01, 0x87, 0x00,
    0x18, 0x63, 0xC1, 0x8C, 0x7E, 0x01, 0xC6, 0x70, 0x38, 0x06, 0x03, 0x00, 0xE0, 0x70, 0x1C, 0x0E,
    0x03, 0x80, 0xC0, 0x7F, 0x1C, 0x07, 0xF0, 0x00, 0x00, 0x01, 0xE0, 0x1C, 0x1F, 0x80, 0xC0, 0xCE,
    0x0E, 0x00, 0xE0, 0xE0, 0x0E, 0x06, 0x00, 0x1C, 0x70, 0x0C, 0xE7, 0x00, 0x7F, 0x30, 0xE1, 0xF3,
    0x0F, 0x00, 0x38, 0x78, 0x03, 0x86, 0xC0, 0x18, 0x76, 0x01, 0xC3, 0x30, 0x1C, 0x1F, 0xC0, 0xC0,
    0xFE, 0x0E, 0x00, 0x60, 0x00, 0x00, 0x3C, 0x01, 0xE0, 0x0F, 0x00, 0x78, 0x00, 0x00, 0x1E, 0x00,
    0xF0, 0x0F, 0x80, 0xF8, 0x0F, 0x80, 0xF8, 0x07, 0x8F, 0x3E, 0x79, 0xFF, 0xC7, 0xFC, 0x1F, 0xC0,
    0x00, 0x00, 0x07, 0x00, 0x01, 0xC0, 0x00, 0xE0, 0x00, 0x38, 0x00, 0x00, 0x00, 0x3F, 0x80, 0x1F,
    0xC0, 0x0F, 0xE0, 0x0F, 0xF8, 0x07, 0xBC, 0x03, 0xDE, 0x03, 0xEF, 0x81, 0xF3, 0xC0, 0xF1, 0xE0,
    0x78, 0xF8, 0x7F, 0xFC, 0x3F, 0xFE, 0x1F, 0xFF, 0x9F, 0x07, 0xCF, 0x81, 0xEF, 0x80, 0xF8, 0x00,
    0x78, 0x00, 0x38, 0x00, 0x38, 0x00, 0x1C, 0x00, 0x00, 0x00, 0x3F, 0x80, 0x1F, 0xC0, 0x0F, 0xE0,
    0x0F, 0xF8, 0x07, 0xBC, 0x03, 0xDE, 0x03, 0xEF, 0x81, 0xF3, 0xC0, 0xF1, 0xE0, 0x78, 0xF8, 0x7F,
    0xFC, 0x3F, 0xFE, 0x1F, 0xFF, 0x9F, 0x07, 0xCF, 0x81, 0xEF, 0x80, 0xF8, 0x03, 0xC0, 0x03, 0xF0,
    0x01, 0xDC, 0x01, 0xC7, 0x01, 0x00, 0x00, 0x3F, 0x80, 0x1F, 0xC0, 0x0F, 0xE0, 0x0F, 0xF8, 0x07,
    0xBC, 0x03, 0xDE, 0x03, 0xEF, 0x81, 0xF3, 0xC0, 0xF1, 0xE0, 0x78, 0xF8, 0x7F, 0xFC, 0x3F, 0xFE,
    0x1F, 0xFF, 0x9F, 0x07, 0xCF, 0x81, 0xEF, 0x80, 0xF8, 0x03, 0x18, 0x03, 0xFC, 0x03, 0xBC, 0x01,
    0x8C, 0x00, 0x00, 0x00, 0x3F, 0x80, 0x1F, 0xC0, 0x0F, 0xE0, 0x0F, 0xF8, 0x07, 0xBC, 0x03, 0xDE,
    0x03, 0xEF, 0x81, 0xF3, 0xC0, 0xF1, 0xE0, 0x78, 0xF8, 0x7F, 0xFC, 0x3F, 0xFE, 0x1F, 0xFF, 0x9F,
    0x07, 0xCF, 0x81, 0xEF, 0x80, 0xF8, 0x07, 0x38, 0x03, 0x9C, 0x01, 0xEF, 0x00, 0xE7, 0x00, 0x00,
    0x00, 0x3F, 0x80, 0x1F, 0xC0, 0x0F, 0xE0, 0x0F, 0xF8, 0x07, 0xBC, 0x03, 0xDE, 0x03, 0xEF, 0x81,
    0xF3, 0xC0, 0xF1, 0xE0, 0x78, 0xF8, 0x7F, 0xFC, 0x3F, 0xFE, 0x1F, 0xFF, 0x9F, 0x07, 0xCF, 0x81,
    0xEF, 0x80, 0xF8, 0x01, 0xC0, 0x01, 0xF0, 0x00, 0xCC, 0x00, 0x6E, 0x00, 0x3E, 0x00, 0x00, 0x00,
    0x1F, 0xC0, 0x0F, 0xE0, 0x07, 0xF0, 0x07, 0xFC, 0x03, 0xDE, 0x01, 0xEF, 0x01, 0xF7, 0xC0, 0xF9,
    0xE0, 0x78, 0xF0, 0x3C, 0x7C, 0x3F, 0xFE, 0x1F, 0xFF, 0x0F, 0xFF, 0xCF, 0x83, 0xE7, 0xC0, 0xF7,
    0xC0, 0x7C, 0x00, 0x00, 0x00, 0x07, 0xFF, 0xF8, 0x0F, 0xFF, 0xF0, 0x1F, 0xFF, 0xE0, 0x7D, 0xFF,
    0xC0, 0xF3, 0xC0, 0x03, 0xE7, 0x80, 0x07, 0xCF, 0xFE, 0x0F, 0x1F, 0xFC, 0x3E, 0x3F, 0xF8, 0x7C,
    0x7F, 0xF0, 0xFF, 0xF0, 0x03, 0xFF, 0xE0, 0x07, 0xFF, 0xFF, 0x9F, 0x07, 0xFF, 0x3E, 0x0F, 0xFE,
    0xF8, 0x1F, 0xFC, 0x00, 0x00, 0x07, 0xF0, 0x1F, 0xFC, 0x3F, 0xFC, 0x3F, 0xFE, 0x7C, 0x1E, 0x7C,
    0x1F, 0x78, 0x00, 0x78, 0x00, 0x78, 0x00, 0x78, 0x00, 0x7C, 0x1F, 0x7C, 0x1E, 0x3F, 0xFE, 0x3F,
    0xFC, 0x1F, 0xF8, 0x07, 0xF0, 0x00, 0x80, 0x00, 0xE0, 0x00, 0x30, 0x01, 0xE0, 0x00, 0x00, 0x1C,
    0x00, 0x70, 0x03, 0x80, 0x0E, 0x00, 0x00, 0x3F, 0xFD, 0xFF, 0xEF, 0xFF, 0x7F, 0xFB, 0xC0, 0x1E,
    0x00, 0xFF, 0xE7, 0xFF, 0x3F, 0xF9, 0xFF, 0xCF, 0x00, 0x78, 0x03, 0xFF, 0xDF, 0xFE, 0xFF, 0xF7,
    0xFF, 0x80, 0x01, 0xE0, 0x0E, 0x00, 0xE0, 0x07, 0x00, 0x00, 0x3F, 0xFD, 0xFF, 0xEF, 0xFF, 0x7F,
    0xFB, 0xC0, 0x1E, 0x00, 0xFF, 0xE7, 0xFF, 0x3F, 0xF9, 0xFF, 0xCF, 0x00, 0x78, 0x03, 0xFF, 0xDF,
    0xFE, 0xFF, 0xF7, 0xFF, 0x80, 0x07, 0x80, 0x7E, 0x03, 0xB8, 0x38, 0xE2, 0x00, 0x3F, 0xFD, 0xFF,
    0xEF, 0xFF, 0x7F, 0xFB, 0xC0, 0x1E, 0x00, 0xFF, 0xE7, 0xFF, 0x3F, 0xF9, 0xFF, 0xCF, 0x00, 0x78,
    0x03, 0xFF, 0xDF, 0xFE, 0xFF, 0xF7, 0xFF, 0x80, 0x1C, 0xE0, 0xE7, 0x07, 0xBC, 0x39, 0xC0, 0x00,
    0x3F, 0xFD, 0xFF, 0xEF, 0xFF, 0x7F, 0xFB, 0xC0, 0x1E, 0x00, 0xFF, 0xE7, 0xFF, 0x3F, 0xF9, 0xFF,
    0xCF, 0x00, 0x78, 0x03, 0xFF, 0xDF, 0xFE, 0xFF, 0xF7, 0xFF, 0x80, 0x70, 0x70, 0xE0, 0xE0, 0x07,
    0x8F, 0x1E, 0x3C, 0x78, 0xF1, 0xE3, 0xC7, 0x8F, 0x1E, 0x3C, 0x78, 0xF1, 0xE3, 0xC0, 0x1E, 0x1C,
    0x38, 0x38, 0x00, 0x78, 0x78, 0x78, 0x78, 0x78, 0x78, 0x78, 0x78, 0x78, 0x78, 0x78, 0x78, 0x78,
    0x78, 0x78, 0x78, 0x1E, 0x07, 0xE0, 0xEE, 0x38, 0xE8, 0x00, 0x3C, 0x07, 0x80, 0xF0, 0x1E, 0x03,
    0xC0, 0x78, 0x0F, 0x01, 0xE0, 0x3C, 0x07, 0x80, 0xF0, 0x1E, 0x03, 0xC0, 0x78, 0x0F, 0x01, 0xE0,
    0x73, 0x9C, 0xE7, 0xBD, 0xCE, 0x00, 0x07, 0x81, 0xE0, 0x78, 0x1E, 0x07, 0x81, 0xE0, 0x78, 0x1E,
    0x07, 0x81, 0xE0, 0x78, 0x1E, 0x07, 0x81, 0xE0, 0x78, 0x1E, 0x00, 0x00, 0x00, 0x1F, 0xF0, 0x0F,
    0xFE, 0x07, 0xFF, 0x83, 0xFF, 0xE1, 0xE0, 0xF8, 0xF0, 0x7C, 0x78, 0x1E, 0x7F, 0xCF, 0x3F, 0xE7,
    0x8F, 0x03, 0xC7, 0x83, 0xE3, 0xC1, 0xF1, 0xFF, 0xF0, 0xFF, 0xF0, 0x7F, 0xF0, 0x3F, 0xE0, 0x00,
    0x03, 0x18, 0x07, 0xF8, 0x0E, 0xF0, 0x0C, 0x60, 0x00, 0x00, 0x7C, 0x1F, 0x7E, 0x1F, 0x7E, 0x1F,
    0x7F, 0x1F, 0x7F, 0x1F, 0x7F, 0x9F, 0x7B, 0xDF, 0x7B, 0xDF, 0x79, 0xFF, 0x79, 0xFF, 0x78, 0xFF,
    0x78, 0xFF, 0x78, 0x7F, 0x78, 0x3F, 0x78, 0x3F, 0x78, 0x1F, 0x07, 0x00, 0x01, 0xC0, 0x00, 0xE0,
    0x00, 0x38, 0x00, 0x00, 0x00, 0x3F, 0x80, 0x7F, 0xF0, 0x7F, 0xFC, 0x3F, 0xFE, 0x3E, 0x0F, 0x9F,
    0x07, 0xCF, 0x01, 0xE7, 0x80, 0xF3, 0xC0, 0x79, 0xE0, 0x3C, 0xF8, 0x3E, 0x7C, 0x1F, 0x1F, 0xFF,
    0x0F, 0xFF, 0x83, 0xFF, 0x80, 0x7F, 0x00, 0x00, 0x00, 0x00, 0xF0, 0x00, 0x70, 0x00, 0x70, 0x00,
    0x38, 0x00, 0x00, 0x00, 0x3F, 0x80, 0x7F, 0xF0, 0x7F, 0xFC, 0x3F, 0xFE, 0x3E, 0x0F, 0x9F, 0x07,
    0xCF, 0x01, 0xE7, 0x80, 0xF3, 0xC0, 0x79, 0xE0, 0x3C, 0xF8, 0x3E, 0x7C, 0x1F, 0x1F, 0xFF, 0x0F,
    0xFF, 0x83, 0xFF, 0x80, 0x7F, 0x00, 0x00, 0x00, 0x03, 0xC0, 0x03, 0xF0, 0x01, 0xDC, 0x01, 0xC7,
    0x01, 0x00, 0x00, 0x3F, 0x80, 0x7F, 0xF0, 0x7F, 0xFC, 0x3F, 0xFE, 0x3E, 0x0F, 0x9F, 0x07, 0xCF,
    0x01, 0xE7, 0x80, 0xF3, 0xC0, 0x79, 0xE0, 0x3C, 0xF8, 0x3E, 0x7C, 0x1F, 0x1F, 0xFF, 0x0F, 0xFF,
    0x83, 0xFF, 0x80, 0x7F, 0x00, 0x00, 0x00, 0x03, 0x18, 0x03, 0xFC, 0x03, 0xBC, 0x01, 0x8C, 0x00,
    0x00, 0x00, 0x3F, 0x80, 0x7F, 0xF0, 0x7F, 0xFC, 0x3F, 0xFE, 0x3E, 0x0F, 0x9F, 0x07, 0xCF, 0x01,
    0xE7, 0x80, 0xF3, 0xC0, 0x79, 0xE0, 0x3C, 0xF8, 0x3E, 0x7C, 0x1F, 0x1F, 0xFF, 0x0F, 0xFF, 0x83,
    0xFF, 0x80, 0x7F, 0x00, 0x00, 0x00, 0x0E, 0x70, 0x07, 0x38, 0x03, 0xDE, 0x01, 0xCE, 0x00, 0x00,
    0x00, 0x3F, 0x80, 0x7F, 0xF0, 0x7F, 0xFC, 0x3F, 0xFE, 0x3E, 0x0F, 0x9F, 0x07, 0xCF, 0x01, 0xE7,
    0x80, 0xF3, 0xC0, 0x79, 0xE0, 0x3C, 0xF8, 0x3E, 0x7C, 0x1F, 0x1F, 0xFF, 0x0F, 0xFF, 0x83, 0xFF,
    0x80, 0x7F, 0x00, 0x00, 0x00, 0x20, 0x41, 0x83, 0x1E, 0x3D, 0xFB, 0xF3, 0xFE, 0x0F, 0xE0, 0x3E,
    0x03, 0xF8, 0x3F, 0xE3, 0xEF, 0xBE, 0x3E, 0x60, 0xC2, 0x04, 0x00, 0x00, 0x04, 0x03, 0xFF, 0x07,
    0xFF, 0x07, 0xFF, 0xC3, 0xFF, 0xE3, 0xE3, 0xF9, 0xF1, 0xFC, 0xF1, 0xDE, 0x79, 0xCF, 0x3D, 0xC7,
    0x9E, 0xC3, 0xCF, 0xE3, 0xE7, 0xE1, 0xF1, 0xFF, 0xF0, 0xFF, 0xF8, 0x7F, 0xF8, 0x77, 0xF0, 0x10,
    0x00, 0x00, 0x0E, 0x00, 0x0E, 0x00, 0x1C, 0x00, 0x1C, 0x00, 0x00, 0x0F, 0x07, 0xDE, 0x0F, 0xBC,
    0x1F, 0x78, 0x3E, 0xF0, 0x7D, 0xE0, 0xFB, 0xC1, 0xF7, 0x83, 0xEF, 0x07, 0xDE, 0x0F, 0xBC, 0x1F,
    0x7C, 0x3E, 0xFF, 0xF8, 0xFF, 0xF0, 0xFF, 0xC0, 0xFE, 0x00, 0x00, 0x00, 0x00, 0xF0, 0x01, 0xC0,
    0x07, 0x00, 0x0E, 0x00, 0x00, 0x0F, 0x07, 0xDE, 0x0F, 0xBC, 0x1F, 0x78, 0x3E, 0xF0, 0x7D, 0xE0,
    0xFB, 0xC1, 0xF7, 0x83, 0xEF, 0x07, 0xDE, 0x0F, 0xBC, 0x1F, 0x7C, 0x3E, 0xFF, 0xF8, 0xFF, 0xF0,
    0xFF, 0xC0, 0xFE, 0x00, 0x00, 0x00, 0x03, 0xC0, 0x0F, 0xC0, 0x1D, 0xC0, 0x71, 0xC1, 0x00, 0x0F,
    0x07, 0xDE, 0x0F, 0xBC, 0x1F, 0x78, 0x3E, 0xF0, 0x7D, 0xE0, 0xFB, 0xC1, 0xF7, 0x83, 0xEF, 0x07,
    0xDE, 0x0F, 0xBC, 0x1F, 0x7C, 0x3E, 0xFF, 0xF8, 0xFF, 0xF0, 0xFF, 0xC0, 0xFE, 0x00, 0x00, 0x00,
    0x0E, 0x70, 0x1C, 0xE0, 0x3D, 0xE0, 0x73, 0x80, 0x00, 0x0F, 0x07, 0xDE, 0x0F, 0xBC, 0x1F, 0x78,
    0x3E, 0xF0, 0x7D, 0xE0, 0xFB, 0xC1, 0xF7, 0x83, 0xEF, 0x07, 0xDE, 0x0F, 0xBC, 0x1F, 0x7C, 0x3E,
    0xFF, 0xF8, 0xFF, 0xF0, 0xFF, 0xC0, 0xFE, 0x00, 0x00, 0x00, 0x00, 0xF0, 0x00, 0x70, 0x00, 0x70,
    0x00, 0x38, 0x00, 0x00, 0x07, 0xE0, 0xF9, 0xF0, 0x7C, 0x7C, 0x7C, 0x3E, 0x3E, 0x0F, 0xBE, 0x03,
    0xDE, 0x01, 0xFF, 0x00, 0x7F, 0x00, 0x3F, 0x80, 0x0F, 0x80, 0x07, 0xC0, 0x03, 0xE0, 0x01, 0xF0,
    0x00, 0xF8, 0x00, 0x7C, 0x00, 0x3E, 0x00, 0x00, 0x07, 0x80, 0x3C, 0x01, 0xE0, 0x0F, 0xFC, 0x7F,
    0xF3, 0xFF, 0xDE, 0x1E, 0xF0, 0xFF, 0x87, 0xFC, 0x7D, 0xFF, 0xEF, 0xFE, 0x7F, 0xC3, 0xC0, 0x1E,
    0x00, 0xF0, 0x00, 0x00, 0x00, 0x3F, 0xC0, 0xFF, 0xC3, 0xFF, 0xC7, 0xCF, 0x8F, 0x0F, 0x9E, 0x1E,
    0x3C, 0xFC, 0x79, 0xE0, 0xF3, 0xF9, 0xE3, 0xF3, 0xC1, 0xF7, 0x83, 0xEF, 0x0F, 0xDE, 0x7F, 0x3C,
    0xFE, 0x79, 0xF0, 0x1C, 0x00, 0xE0, 0x0E, 0x00, 0x70, 0x00, 0x01, 0xF8, 0x3F, 0xE7, 0xFF, 0x78,
    0xF0, 0x1F, 0x1F, 0xF7, 0xFF, 0x78, 0xF7, 0x8F, 0x7F, 0xF7, 0xFF, 0x3E, 0xF0, 0x00, 0x01, 0xE0,
    0x1C, 0x03, 0x80, 0x38, 0x00, 0x01, 0xF8, 0x3F, 0xE7, 0xFF, 0x78, 0xF0, 0x1F, 0x1F, 0xF7, 0xFF,
    0x78, 0xF7, 0x8F, 0x7F, 0xF7, 0xFF, 0x3E, 0xF0, 0x00, 0x0F, 0x01, 0xF8, 0x1D, 0xC3, 0x8E, 0x40,
    0x01, 0xF8, 0x3F, 0xE7, 0xFF, 0x78, 0xF0, 0x1F, 0x1F, 0xF7, 0xFF, 0x78, 0xF7, 0x8F, 0x7F, 0xF7,
    0xFF, 0x3E, 0xF0, 0x00, 0x0C, 0x61, 0xFE, 0x3B, 0xC3, 0x18, 0x00, 0x01, 0xF8, 0x3F, 0xE7, 0xFF,
    0x78, 0xF0, 0x1F, 0x1F, 0xF7, 0xFF, 0x78, 0xF7, 0x8F, 0x7F, 0xF7, 0xFF, 0x3E, 0xF0, 0x00, 0x1C,
    0xE1, 0xCE, 0x1E, 0xF1, 0xCE, 0x00, 0x01, 0xF8, 0x3F, 0xE7, 0xFF, 0x78, 0xF0, 0x1F, 0x1F, 0xF7,
    0xFF, 0x78, 0xF7, 0x8F, 0x7F, 0xF7, 0xFF, 0x3E, 0xF0, 0x00, 0x00, 0x00, 0x78, 0x0D, 0x80, 0x8C,
    0x0D, 0x80, 0x78, 0x00, 0x01, 0xF8, 0x3F, 0xE7, 0xFF, 0x78, 0xF0, 0x1F, 0x1F, 0xF7, 0xFF, 0x78,
    0xF7, 0x8F, 0x7F, 0xF7, 0xFF, 0x3E, 0xF0, 0x00, 0x00, 0x00, 0x01, 0xF9, 0xF0, 0x3F, 0xFF, 0xC7,
    0xFF, 0xFC, 0x78, 0xF1, 0xE0, 0x0F, 0x1E, 0x1F, 0xFF, 0xE7, 0xFF, 0xFE, 0x78, 0xF0, 0x07, 0x8F,
    0x1E, 0x7F, 0xFF, 0xE7, 0xFF, 0xFC, 0x3F, 0x3F, 0x80, 0x00, 0x00, 0x00, 0x00, 0x7E, 0x0F, 0xF8,
    0x7F, 0xE7, 0xCF, 0x3C, 0x7D, 0xE0, 0x0F, 0x00, 0x78, 0xFB, 0xE7, 0x8F, 0xFC, 0x7F, 0xC0, 0xFC,
    0x01, 0x00, 0x0E, 0x00, 0x18, 0x07, 0x80, 0x00, 0x00, 0x1C, 0x00, 0x70, 0x03, 0x80, 0x0E, 0x00,
    0x00, 0x07, 0xC0, 0xFF, 0x87, 0xFE, 0x78, 0xF3, 0xC3, 0x9F, 0xFE, 0xFF, 0xF7, 0x80, 0x3C, 0x39,
    0xFF, 0xE7, 0xFC, 0x0F, 0xC0, 0x00, 0x00, 0x01, 0xE0, 0x0E, 0x00, 0xE0, 0x07, 0x00, 0x00, 0x07,
    0xC0, 0xFF, 0x87, 0xFE, 0x78, 0xF3, 0xC3, 0x9F, 0xFE, 0xFF, 0xF7, 0x80, 0x3C, 0x39, 0xFF, 0xE7,
    0xFC, 0x0F, 0xC0, 0x00, 0x00, 0x0F, 0x00, 0xFC, 0x07, 0x70, 0x71, 0xC4, 0x00, 0x07, 0xC0, 0xFF,
    0x87, 0xFE, 0x78, 0xF3, 0xC3, 0x9F, 0xFE, 0xFF, 0xF7, 0x80, 0x3C, 0x39, 0xFF, 0xE7, 0xFC, 0x0F,
    0xC0, 0x00, 0x00, 0x1C, 0xE0, 0xE7, 0x07, 0xBC, 0x39, 0xC0, 0x00, 0x07, 0xC0, 0xFF, 0x87, 0xFE,
    0x78, 0xF3, 0xC3, 0x9F, 0xFE, 0xFF, 0xF7, 0x80, 0x3C, 0x39, 0xFF, 0xE7, 0xFC, 0x0F, 0xC0, 0x00,
    0x00, 0x70, 0x70, 0xE0, 0xE0, 0x07, 0x8F, 0x1E, 0x3C, 0x78, 0xF1, 0xE3, 0xC7, 0x8F, 0x1E, 0x3C,
    0x3C, 0x71, 0xC3, 0x80, 0x1E, 0x3C, 0x78, 0xF1, 0xE3, 0xC7, 0x8F, 0x1E, 0x3C, 0x78, 0xF0, 0x1E,
    0x07, 0xE0, 0xEE, 0x38, 0xE8, 0x00, 0x3C, 0x07, 0x80, 0xF0, 0x1E, 0x03, 0xC0, 0x78, 0x0F, 0x01,
    0xE0, 0x3C, 0x07, 0x80, 0xF0, 0x1E, 0x00, 0x73, 0x9C, 0xE7, 0xBD, 0xCE, 0x00, 0x07, 0x81, 0xE0,
    0x78, 0x1E, 0x07, 0x81, 0xE0, 0x78, 0x1E, 0x07, 0x81, 0xE0, 0x78, 0x1E, 0x00, 0x30, 0x41, 0xF6,
    0x07, 0xE0, 0x1F, 0x83, 0xBC, 0x10, 0xF0, 0x7F, 0xC7, 0xFE, 0x7D, 0xFB, 0xC7, 0xDE, 0x1E, 0xF0,
    0xF7, 0x87, 0xBC, 0x79, 0xFF, 0xC7, 0xFC, 0x1F, 0xC0, 0x00, 0x00, 0x0C, 0x60, 0xFF, 0x0E, 0xF0,
    0x63, 0x00, 0x00, 0x79, 0xE3, 0xDF, 0x9F, 0xFE, 0xFF, 0xF7, 0xC7, 0xBC, 0x3D, 0xE1, 0xEF, 0x0F,
    0x78, 0x7B, 0xC3, 0xDE, 0x1E, 0xF0, 0xF0, 0x1C, 0x00, 0x38, 0x00, 0xE0, 0x01, 0xC0, 0x00, 0x00,
    0x3F, 0x03, 0xFE, 0x0F, 0xFC, 0x7C, 0xF9, 0xE3, 0xE7, 0x87, 0x9E, 0x1E, 0x78, 0xF9, 0xF3, 0xE3,
    0xFF, 0x0F, 0xF8, 0x0F, 0xC0, 0x00, 0x00, 0x01, 0xE0, 0x07, 0x00, 0x38, 0x00, 0xE0, 0x00, 0x00,
    0x3F, 0x03, 0xFE, 0x0F, 0xFC, 0x7C, 0xF9, 0xE3, 0xE7, 0x87, 0x9E, 0x1E, 0x78, 0xF9, 0xF3, 0xE3,
    0xFF, 0x0F, 0xF8, 0x0F, 0xC0, 0x00, 0x00, 0x07, 0x80, 0x3F, 0x00, 0xEE, 0x07, 0x1C, 0x20, 0x00,
    0x3F, 0x03, 0xFE, 0x0F, 0xFC, 0x7C, 0xF9, 0xE3, 0xE7, 0x87, 0x9E, 0x1E, 0x78, 0xF9, 0xF3, 0xE3,
    0xFF, 0x0F, 0xF8, 0x0F, 0xC0, 0x00, 0x00, 0x0C, 0x60, 0x7F, 0x83, 0xBC, 0x0C, 0x60, 0x00, 0x00,
    0x3F, 0x03, 0xFE, 0x0F, 0xFC, 0x7C, 0xF9, 0xE3, 0xE7, 0x87, 0x9E, 0x1E, 0x78, 0xF9, 0xF3, 0xE3,
    0xFF, 0x0F, 0xF8, 0x0F, 0xC0, 0x00, 0x00, 0x1C, 0xE0, 0x73, 0x81, 0xEF, 0x07, 0x38, 0x00, 0x00,
    0x3F, 0x03, 0xFE, 0x0F, 0xFC, 0x7C, 0xF9, 0xE3, 0xE7, 0x87, 0x9E, 0x1E, 0x78, 0xF9, 0xF3, 0xE3,
    0xFF, 0x0F, 0xF8, 0x0F, 0xC0, 0x00, 0x00, 0x00, 0x00, 0x38, 0x03, 0xE0, 0x1F, 0x00, 0x70, 0x00,
    0x01, 0xFF, 0xCF, 0xFE, 0x7F, 0xF0, 0x00, 0x01, 0xC0, 0x1F, 0x00, 0xF8, 0x03, 0x80, 0x00, 0x00,
    0x00, 0x00, 0x3F, 0x63, 0xFF, 0x0F, 0xFC, 0x7C, 0xF9, 0xE7, 0xE7, 0xB7, 0x9F, 0x9E, 0x7E, 0xF9,
    0xF3, 0xE3, 0xFF, 0x0F, 0xF8, 0x6F, 0xC1, 0x00, 0x00, 0x1C, 0x00, 0x70, 0x03, 0x80, 0x0E, 0x00,
    0x00, 0x78, 0x7B, 0xC3, 0xDE, 0x1E, 0xF0, 0xF7, 0x87, 0xBC, 0x3D, 0xE1, 0xEF, 0x0F, 0x7C, 0xFB,
    0xFF, 0xCF, 0xDE, 0x3C, 0xF0, 0x00, 0x00, 0x03, 0xC0, 0x1C, 0x01, 0xC0, 0x0E, 0x00, 0x00, 0x78,
    0x7B, 0xC3, 0xDE, 0x1E, 0xF0, 0xF7, 0x87, 0xBC, 0x3D, 0xE1, 0xEF, 0x0F, 0x7C, 0xFB, 0xFF, 0xCF,
    0xDE, 0x3C, 0xF0, 0x00, 0x00, 0x0F, 0x00, 0xFC, 0x07, 0x70, 0x71, 0xC4, 0x00, 0x78, 0x7B, 0xC3,
    0xDE, 0x1E, 0xF0, 0xF7, 0x87, 0xBC, 0x3D, 0xE1, 0xEF, 0x0F, 0x7C, 0xFB, 0xFF, 0xCF, 0xDE, 0x3C,
    0xF0, 0x00, 0x00, 0x39, 0xC1, 0xCE, 0x0F, 0x78, 0x73, 0x80, 0x00, 0x78, 0x7B, 0xC3, 0xDE, 0x1E,
    0xF0, 0xF7, 0x87, 0xBC, 0x3D, 0xE1, 0xEF, 0x0F, 0x7C, 0xFB, 0xFF, 0xCF, 0xDE, 0x3C, 0xF0, 0x00,
    0x00, 0x01, 0xE0, 0x07, 0x00, 0x38, 0x00, 0xE0, 0x00, 0x03, 0xE1, 0xF7, 0x87, 0x9E, 0x3E, 0x7C,
    0xF0, 0xF3, 0xC3, 0xCF, 0x0F, 0x78, 0x1F, 0xE0, 0x7F, 0x80, 0xFC, 0x03, 0xF0, 0x0F, 0x80, 0x1E,
    0x03, 0xF8, 0x0F, 0xC0, 0x7E, 0x00, 0x60, 0x00, 0x00, 0x07, 0x80, 0x3C, 0x01, 0xE0, 0x0F, 0x00,
    0x79, 0xE3, 0xDF, 0x9F, 0xFE, 0xF9, 0xF7, 0xC7, 0xBC, 0x3D, 0xE1, 0xEF, 0x0F, 0x7C, 0xFB, 0xFF,
    0xDE, 0xFC, 0xF3, 0xC7, 0x80, 0x3C, 0x01, 0xE0, 0x0F, 0x00, 0x00, 0x00, 0x1C, 0xE0, 0x73, 0x81,
    0xEF, 0x07, 0x38, 0x00, 0x03, 0xE1, 0xF7, 0x87, 0x9E, 0x3E, 0x7C, 0xF0, 0xF3, 0xC3, 0xCF, 0x0F,
    0x78, 0x1F, 0xE0, 0x7F, 0x80, 0xFC, 0x03, 0xF0, 0x0F, 0x80, 0x1E, 0x03, 0xF8, 0x0F, 0xC0, 0x7E,
    0x00, 0x60, 0x00
};

const epaper_font::GlyphRange kInter22Black_ext = {
    0xA0,
    0xFF,
    kInter22Black_ext_glyphs,
    kInter22Black_ext_bitmaps,
};

const epaper_font::GlyphBitmap kInter26SemiBold_ext_glyphs[] = {
    {     0,    0,   0,   0,    0,    0,   7 },
    {     0,   15,   6,  20,    1,   15,   8 },
    {    15,   31,  13,  19,    1,   19,  15 },
    {    46,   38,  15,  20,    1,   20,  17 },
    {    84,   39,  17,  18,    1,   17,  20 },
    {   123,   36,  15,  19,    0,   19,  15 },
    {   159,   12,   4,  23,    2,   19,   9 },
    {   171,   39,  13,  24,    1,   20,  15 },
    {   210,    5,  10,   4,    3,   20,  16 },
    {   215,   53,  20,  21,    2,   20,  24 },
    {   268,   17,  11,  12,    0,   20,  12 },
    {   285,   25,  15,  13,    1,   14,  17 },
    {   310,   11,  12,   7,    2,   10,  18 },
    {   321,   35,  13,  21,    0,   20,  15 },
    {   356,   30,  15,  16,    1,   20,  18 },
    {   386,    3,   8,   3,    2,   19,  12 },
    {   389,   13,  10,  10,    1,   20,  12 },
    {   402,   25,  13,  15,    2,   15,  18 },
    {   427,   14,  10,  11,    1,   22,  12 },
    {   441,   14,  10,  11,    1,   22,  12 },
    {   455,    4,   6,   5,    1,   20,   9 },
    {   459,   40,  15,  21,    1,   15,  16 },
    {   499,   31,  13,  19,    1,   19,  16 },
    {   530,    4,   5,   5,    1,   11,   8 },
    {   534,    6,   6,   7,    2,    1,   9 },
    {   540,    9,   6,  11,    1,   22,   9 },
    {   549,   18,  12,  12,    0,   20,  13 },
    {   567,   26,  16,  13,    0,   14,  17 },
    {   593,   50,  21,  19,    0,   19,  22 },
    {   643,   53,  22,  19,    0,   19,  23 },
    {   696,   55,  22,  20,    1,   20,  24 },
    {   751,   35,  13,  21,    1,   15,  15 },
    {   786,   60,  19,  25,    0,   25,  19 },
    {   846,   60,  19,  25,    0,   25,  19 },
    {   906,   60,  19,  25,    0,   25,  19 },
    {   966,   60,  19,  25,    0,   25,  19 },
    {  1026,   60,  19,  25,    0,   25,  19 },
    {  1086,   62,  19,  26,    0,   26,  19 },
    {  1148,   60,  25,  19,    0,   19,  27 },
    {  1208,   56,  17,  26,    1,   20,  20 },
    {  1264,   44,  14,  25,    1,   25,  16 },
    {  1308,   44,  14,  25,    1,   25,  16 },
    {  1352,   44,  14,  25,    1,   25,  16 },
    {  1396,   44,  14,  25,    1,   25,  16 },
    {  1440,   22,   7,  25,   -1,   25,   8 },
    {  1462,   22,   7,  25,    1,   25,   8 },
    {  1484,   35,  11,  25,   -2,   25,   8 },
    {  1519,   35,  11,  25,   -2,   25,   8 },
    {  1554,   46,  19,  19,    0,   19,  20 },
    {  1600,   54,  17,  25,    1,   25,  20 },
    {  1654,   59,  18,  26,    1,   25,  20 },
    {  1713,   59,  18,  26,    1,   25,  20 },
    {  1772,   59,  18,  26,    1,   25,  20 },
    {  1831,   59,  18,  26,    1,   25,  20 },
    {  1890,   59,  18,  26,    1,   25,  20 },
    {  1949,   23,  14,  13,    2,   14,  18 },
    {  1972,   48,  18,  21,    1,   20,  20 },
    {  2020,   56,  17,  26,    1,   25,  19 },
    {  2076,   56,  17,  26,    1,   25,  19 },
    {  2132,   56,  17,  26,    1,   25,  19 },
    {  2188,   56,  17,  26,    1,   25,  19 },
    {  2244,   57,  18,  25,    0,   25,  19 },
    {  2301,   34,  14,  19,    1,   19,  17 },
    {  2335,   38,  15,  20,    1,   20,  17 },
    {  2373,   37,  14,  21,    0,   20,  15 },
    {  2410,   37,  14,  21,    0,   20,  15 },
    {  2447,   37,  14,  21,    0,   20,  15 },
    {  2484,   37,  14,  21,    0,   20,  15 },
    {  2521,   37,  14,  21,    0,   20,  15 },
    {  2558,   41,  14,  23,    0,   22,  15 },
    {  2599,   46,  23,  16,    0,   15,  24 },
    {  2645,   35,  13,  21,    1,   15,  15 },
    {  2680,   37,  14,  21,    1,   20,  16 },
    {  2717,   37,  14,  21,    1,   20,  16 },
    {  2754,   37,  14,  21,    1,   20,  16 },
    {  2791,   37,  14,  21,    1,   20,  16 },
    {  2828,   15,   6,  20,   -1,   20,   7 },
    {  2843,   18,   7,  20,    1,   20,   7 },
    {  2861,   28,  11,  20,   -2,   20,   7 },
    {  2889,   25,  10,  20,   -2,   20,   7 },
    {  2914,   37,  14,  21,    1,   20,  16 },
    {  2951,   35,  14,  20,    1,   20,  16 },
    {  2986,   37,  14,  21,    1,   20,  16 },
    {  3023,   37,  14,  21,    1,   20,  16 },
    {  3060,   37,  14,  21,    1,   20,  16 },
    {  3097,   37,  14,  21,    1,   20,  16 },
    {  3134,   37,  14,  21,    1,   20,  16 },
    {  3171,   25,  13,  15,    2,   15,  18 },
    {  3196,   30,  15,  16,    0,   15,  16 },
    {  3226,   37,  14,  21,    1,   20,  16 },
    {  3263,   37,  14,  21,    1,   20,  16 },
    {  3300,   37,  14,  21,    1,   20,  16 },
    {  3337,   37,  14,  21,    1,   20,  16 },
    {  3374,   49,  15,  26,    0,   20,  16 },
    {  3423,   44,  14,  25,    1,   19,  17 },
    {  3467,   49,  15,  26,    0,   20,  16 },
};

const uint8_t kInter26SemiBold_ext_bitmaps[] = {
    0x01, 0xE7, 0x9E, 0x30, 0x00, 0x1E, 0x79, 0xE7, 0x9E, 0x79, 0xE7, 0x9E, 0x79, 0xE7, 0x9E, 0x03,
    0x00, 0x18, 0x01, 0xE0, 0x3F, 0xC3, 0xFF, 0x3D, 0xB9, 0xCD, 0xFE, 0x60, 0xE3, 0x07, 0x18, 0x38,
    0xC1, 0xE6, 0x07, 0x33, 0xBD, 0xB8, 0xFF, 0xC3, 0xFC, 0x07, 0x80, 0x18, 0x00, 0xC0, 0x00, 0x00,
    0x0F, 0xC0, 0x3F, 0xC0, 0xFF, 0xC3, 0xC3, 0xC7, 0x03, 0x8E, 0x00, 0x1C, 0x00, 0x38, 0x01, 0xFF,
    0x83, 0xFF, 0x07, 0xFE, 0x03, 0x80, 0x07, 0x00, 0x0E, 0x00, 0x1C, 0x00, 0x38, 0x1D, 0xFF, 0xFB,
    0xFF, 0xF7, 0xFF, 0xC0, 0x00, 0x00, 0x10, 0xE0, 0x9D, 0xFE, 0xEF, 0xFF, 0xE3, 0xC0, 0xE1, 0xC0,
    0x31, 0xC0, 0x1C, 0xC0, 0x06, 0x60, 0x03, 0x30, 0x01, 0x98, 0x00, 0xCE, 0x00, 0x63, 0x00, 0x71,
    0xC0, 0x70, 0xF8, 0x7C, 0xFF, 0xFF, 0x67, 0xF3, 0x00, 0x00, 0x00, 0xF0, 0x3C, 0xE0, 0x79, 0xE0,
    0xE1, 0xC3, 0xC3, 0xC7, 0x03, 0x9E, 0x07, 0xB8, 0x07, 0xF0, 0x0F, 0xC0, 0xFF, 0xF1, 0xFF, 0xE0,
    0x1C, 0x00, 0x38, 0x0F, 0xFF, 0x1F, 0xFE, 0x01, 0xC0, 0x03, 0x80, 0x07, 0x00, 0x0E, 0x00, 0x77,
    0x77, 0x77, 0x77, 0x70, 0x00, 0x00, 0x77, 0x77, 0x77, 0x77, 0x70, 0x00, 0x00, 0xFC, 0x0F, 0xF0,
    0xFB, 0xC7, 0x0E, 0x38, 0x49, 0xE0, 0x07, 0x80, 0x1F, 0x03, 0xFE, 0x38, 0x79, 0xC0, 0xEE, 0x03,
    0x38, 0x19, 0xF9, 0xC3, 0xFC, 0x07, 0xC0, 0x0F, 0x00, 0x38, 0xE1, 0xC7, 0x0E, 0x3F, 0xF0, 0xFF,
    0x01, 0xE0, 0x21, 0x3C, 0xEF, 0x39, 0x8E, 0x00, 0x00, 0x00, 0x3F, 0x80, 0x0F, 0xFE, 0x01, 0xFF,
    0xF8, 0x3C, 0x07, 0x87, 0x8E, 0x1C, 0x71, 0xF8, 0xE7, 0x3F, 0xCE, 0xE7, 0x0E, 0x6E, 0x60, 0x06,
    0xE6, 0x00, 0x7E, 0x60, 0x06, 0xE7, 0x0E, 0x66, 0x3F, 0xCE, 0x73, 0xF8, 0xE7, 0x8F, 0x1C, 0x3C,
    0x07, 0x81, 0xFB, 0xF8, 0x0F, 0xFE, 0x00, 0x3F, 0xC0, 0x00, 0x00, 0x00, 0x00, 0x03, 0xF0, 0xFF,
    0x38, 0x60, 0x0E, 0x1F, 0xCF, 0xFB, 0x87, 0x60, 0xEE, 0x3D, 0xFF, 0x8E, 0x70, 0x07, 0x9E, 0x1E,
    0x78, 0x79, 0xE1, 0xE7, 0x83, 0x8E, 0x0E, 0x38, 0x3C, 0xF0, 0x3C, 0xF0, 0x3C, 0xF0, 0x38, 0xE0,
    0x38, 0xE0, 0x3C, 0xF0, 0x00, 0x00, 0x7F, 0xF7, 0xFF, 0x7F, 0xF0, 0x07, 0x00, 0x70, 0x07, 0x00,
    0x00, 0x00, 0x00, 0x7E, 0x07, 0xFC, 0x7F, 0xE7, 0x87, 0xB8, 0x1C, 0x00, 0xE0, 0x0F, 0x00, 0xF0,
    0x0F, 0x00, 0xF0, 0x0F, 0x00, 0x70, 0x03, 0x80, 0x00, 0x00, 0x00, 0x03, 0x00, 0x38, 0x03, 0xE0,
    0x0E, 0x00, 0x00, 0x00, 0x00, 0x00, 0x0F, 0xC0, 0x7F, 0xC1, 0xC1, 0xC7, 0x00, 0xCC, 0xF9, 0xB1,
    0x91, 0xE3, 0x33, 0xC7, 0xC7, 0x8D, 0x8D, 0x9B, 0x1B, 0x33, 0x63, 0x01, 0xC7, 0x8F, 0x03, 0xF8,
    0x01, 0xC0, 0xFE, 0xFE, 0x00, 0x00, 0x07, 0x83, 0xF1, 0xCE, 0x61, 0xB8, 0x66, 0x19, 0xFE, 0x3F,
    0x07, 0x00, 0x00, 0x00, 0x38, 0x01, 0xC0, 0x0E, 0x0F, 0xFF, 0xFF, 0xFF, 0xFF, 0xE0, 0xE0, 0x07,
    0x00, 0x38, 0x00, 0x01, 0xFF, 0xFF, 0xFF, 0xFF, 0xFC, 0x00, 0x00, 0x1E, 0x1F, 0xCE, 0x3B, 0x8E,
    0x03, 0x81, 0xC1, 0xE0, 0xF0, 0x70, 0x3F, 0xEF, 0xF8, 0x1E, 0x1F, 0xE7, 0x3A, 0x06, 0x07, 0x87,
    0x80, 0x38, 0x07, 0xF3, 0x9F, 0xE1, 0xE0, 0x1C, 0xE3, 0x1C, 0x00, 0x00, 0x00, 0xE0, 0x71, 0xC0,
    0xE3, 0x81, 0xC7, 0x03, 0x8E, 0x07, 0x1C, 0x0E, 0x38, 0x1C, 0x70, 0x38, 0xE0, 0x71, 0xC0, 0xE3,
    0xC3, 0xC7, 0xFF, 0xEF, 0xFF, 0xDD, 0xE7, 0xB8, 0x00, 0x70, 0x00, 0xE0, 0x01, 0xC0, 0x03, 0x80,
    0x00, 0x00, 0x00, 0x0F, 0xF9, 0xFF, 0xDF, 0xFE, 0xFC, 0x7F, 0xE3, 0xFF, 0x1F, 0xF8, 0xFF, 0xC7,
    0x7E, 0x3B, 0xF1, 0xCF, 0x8E, 0x1C, 0x70, 0x03, 0x80, 0x1C, 0x00, 0xE0, 0x07, 0x00, 0x38, 0x01,
    0xC0, 0x0E, 0x33, 0xDE, 0xE0, 0x00, 0x61, 0x87, 0x06, 0x19, 0xE0, 0x00, 0x1D, 0xFF, 0xE7, 0x1C,
    0x71, 0xC7, 0x1C, 0x71, 0xC0, 0x00, 0x01, 0xF8, 0x3F, 0xC7, 0x8E, 0x70, 0x67, 0x07, 0x70, 0x77,
    0x07, 0x70, 0xE3, 0x9E, 0x1F, 0xC0, 0xF0, 0x79, 0xE0, 0x38, 0xE0, 0x1C, 0x70, 0x1E, 0x78, 0x0F,
    0x3C, 0x07, 0x9E, 0x03, 0x8E, 0x07, 0x1C, 0x0F, 0x3C, 0x1E, 0x78, 0x3C, 0xF0, 0x79, 0xE0, 0x00,
    0x00, 0x00, 0x00, 0xC1, 0xE0, 0x0C, 0x1F, 0x00, 0xE0, 0xB8, 0x0E, 0x01, 0xC0, 0x60, 0x0E, 0x07,
    0x00, 0x70, 0x70, 0x03, 0x83, 0x00, 0x1C, 0x38, 0x00, 0xE3, 0x87, 0x07, 0x18, 0x78, 0x01, 0x87,
    0xC0, 0x1C, 0x36, 0x00, 0xC3, 0x30, 0x0C, 0x19, 0x80, 0xE1, 0xFE, 0x06, 0x0F, 0xF0, 0x60, 0x03,
    0x07, 0x00, 0x18, 0x00, 0x00, 0xC0, 0xF0, 0x06, 0x07, 0xC0, 0x38, 0x17, 0x01, 0xC0, 0x1C, 0x06,
    0x00, 0x70, 0x38, 0x01, 0xC1, 0xC0, 0x07, 0x06, 0x00, 0x1C, 0x38, 0x60, 0x71, 0xC7, 0xE1, 0xC6,
    0x3B, 0x80, 0x30, 0xC6, 0x01, 0xC0, 0x18, 0x06, 0x00, 0xE0, 0x30, 0x07, 0x01, 0xC0, 0x38, 0x06,
    0x01, 0xC0, 0x30, 0x0F, 0xF1, 0xC0, 0x3F, 0xC0, 0x00, 0x00, 0x00, 0x60, 0x01, 0x87, 0xE0, 0x0C,
    0x39, 0xC0, 0x70, 0x07, 0x03, 0x80, 0x18, 0x0C, 0x01, 0xC0, 0x70, 0x07, 0xC3, 0x80, 0x03, 0x0C,
    0x03, 0x9C, 0x70, 0x0F, 0xF3, 0x87, 0x1F, 0x8C, 0x3C, 0x00, 0x61, 0xF0, 0x03, 0x86, 0xC0, 0x0C,
    0x33, 0x00, 0x60, 0xCC, 0x03, 0x87, 0xF8, 0x0C, 0x1F, 0xE0, 0x60, 0x03, 0x03, 0x80, 0x0C, 0x00,
    0x00, 0x38, 0x01, 0xE0, 0x0F, 0x00, 0x30, 0x00, 0x00, 0x00, 0x00, 0xE0, 0x07, 0x00, 0x78, 0x07,
    0x80, 0x78, 0x07, 0x80, 0x78, 0x03, 0xC0, 0x1E, 0x0E, 0xF0, 0xF3, 0xFF, 0x0F, 0xF8, 0x3F, 0x00,
    0x00, 0x00, 0x03, 0x80, 0x00, 0x38, 0x00, 0x07, 0x00, 0x00, 0x60, 0x00, 0x02, 0x00, 0x00, 0x00,
    0x00, 0x7C, 0x00, 0x0F, 0x80, 0x03, 0xF0, 0x00, 0x7F, 0x00, 0x0E, 0xE0, 0x03, 0xDC, 0x00, 0x73,
    0xC0, 0x0E, 0x38, 0x03, 0xC7, 0x00, 0x70, 0xF0, 0x0E, 0x0E, 0x03, 0xC1, 0xE0, 0x7F, 0xFC, 0x1F,
    0xFF, 0x83, 0xC0, 0x78, 0x70, 0x0F, 0x1E, 0x00, 0xE3, 0xC0, 0x1E, 0x70, 0x03, 0xC0, 0x00, 0x38,
    0x00, 0x0E, 0x00, 0x01, 0x80, 0x00, 0x70, 0x00, 0x00, 0x00, 0x00, 0x00, 0x00, 0x7C, 0x00, 0x0F,
    0x80, 0x03, 0xF0, 0x00, 0x7F, 0x00, 0x0E, 0xE0, 0x03, 0xDC, 0x00, 0x73, 0xC0, 0x0E, 0x38, 0x03,
    0xC7, 0x00, 0x70, 0xF0, 0x0E, 0x0E, 0x03, 0xC1, 0xE0, 0x7F, 0xFC, 0x1F, 0xFF, 0x83, 0xC0, 0x78,
    0x70, 0x0F, 0x1E, 0x00, 0xE3, 0xC0, 0x1E, 0x70, 0x03, 0xC0, 0x00, 0xE0, 0x00, 0x3E, 0x00, 0x0E,
    0xE0, 0x03, 0x8E, 0x00, 0x00, 0x00, 0x00, 0x00, 0x00, 0x7C, 0x00, 0x0F, 0x80, 0x03, 0xF0, 0x00,
    0x7F, 0x00, 0x0E, 0xE0, 0x03, 0xDC, 0x00, 0x73, 0xC0, 0x0E, 0x38, 0x03, 0xC7, 0x00, 0x70, 0xF0,
    0x0E, 0x0E, 0x03, 0xC1, 0xE0, 0x7F, 0xFC, 0x1F, 0xFF, 0x83, 0xC0, 0x78, 0x70, 0x0F, 0x1E, 0x00,
    0xE3, 0xC0, 0x1E, 0x70, 0x03, 0xC0, 0x00, 0x00, 0x00, 0x79, 0x80, 0x1F, 0xE0, 0x03, 0x18, 0x00,
    0x00, 0x00, 0x00, 0x00, 0x00, 0x7C, 0x00, 0x0F, 0x80, 0x03, 0xF0, 0x00, 0x7F, 0x00, 0x0E, 0xE0,
    0x03, 0xDC, 0x00, 0x73, 0xC0, 0x0E, 0x38, 0x03, 0xC7, 0x00, 0x70, 0xF0, 0x0E, 0x0E, 0x03, 0xC1,
    0xE0, 0x7F, 0xFC, 0x1F, 0xFF, 0x83, 0xC0, 0x78, 0x70, 0x0F, 0x1E, 0x00, 0xE3, 0xC0, 0x1E, 0x70,
    0x03, 0xC0, 0x01, 0x08, 0x00, 0xF3, 0x80, 0x1E, 0x70, 0x01, 0x8E, 0x00, 0x00, 0x00, 0x00, 0x00,
    0x00, 0x7C, 0x00, 0x0F, 0x80, 0x03, 0xF0, 0x00, 0x7F, 0x00, 0x0E, 0xE0, 0x03, 0xDC, 0x00, 0x73,
    0xC0, 0x0E, 0x38, 0x03, 0xC7, 0x00, 0x70, 0xF0, 0x0E, 0x0E, 0x03, 0xC1, 0xE0, 0x7F, 0xFC, 0x1F,
    0xFF, 0x83, 0xC0, 0x78, 0x70, 0x0F, 0x1E, 0x00, 0xE3, 0xC0, 0x1E, 0x70, 0x03, 0xC0, 0x00, 0xE0,
    0x00, 0x3E, 0x00, 0x0C, 0x60, 0x01, 0x8C, 0x00, 0x3B, 0x00, 0x03, 0xE0, 0x00, 0x00, 0x00, 0x0F,
    0x80, 0x01, 0xF0, 0x00, 0x7E, 0x00, 0x0F, 0xE0, 0x01, 0xDC, 0x00, 0x7B, 0x80, 0x0E, 0x78, 0x01,
    0xC7, 0x00, 0x78, 0xE0, 0x0E, 0x1E, 0x01, 0xC1, 0xC0, 0x78, 0x3C, 0x0F, 0xFF, 0x83, 0xFF, 0xF0,
    0x78, 0x0F, 0x0E, 0x01, 0xE3, 0xC0, 0x1C, 0x78, 0x03, 0xCE, 0x00, 0x78, 0x00, 0x7F, 0xFF, 0x80,
    0x7F, 0xFF, 0xC0, 0x39, 0xFF, 0xE0, 0x3C, 0xE0, 0x00, 0x1C, 0x70, 0x00, 0x0E, 0x38, 0x00, 0x0F,
    0x1C, 0x00, 0x07, 0x0E, 0x00, 0x07, 0x87, 0xFF, 0x03, 0x83, 0xFF, 0x83, 0xC1, 0xFF, 0xC1, 0xC0,
    0xE0, 0x01, 0xFF, 0xF0, 0x00, 0xFF, 0xF8, 0x00, 0x70, 0x1C, 0x00, 0x78, 0x0E, 0x00, 0x38, 0x07,
    0xFF, 0xBC, 0x03, 0xFF, 0xDC, 0x01, 0xFF, 0xE0, 0x00, 0x00, 0x03, 0xF8, 0x03, 0xFF, 0x03, 0xFF,
    0xC3, 0xC0, 0xF3, 0xC0, 0x39, 0xE0, 0x1E, 0xE0, 0x00, 0xF0, 0x00, 0x78, 0x00, 0x3C, 0x00, 0x1E,
    0x00, 0x0F, 0x00, 0x03, 0x80, 0x01, 0xE0, 0x1E, 0xF0, 0x0E, 0x3C, 0x0F, 0x0F, 0xFF, 0x03, 0xFF,
    0x00, 0xFF, 0x00, 0x0C, 0x00, 0x07, 0x00, 0x00, 0xC0, 0x00, 0x60, 0x00, 0xF0, 0x00, 0x00, 0x00,
    0x0E, 0x00, 0x1C, 0x00, 0x70, 0x00, 0xC0, 0x00, 0x80, 0x00, 0x07, 0xFF, 0x9F, 0xFE, 0x7F, 0xF9,
    0xC0, 0x07, 0x00, 0x1C, 0x00, 0x70, 0x01, 0xC0, 0x07, 0xFF, 0x9F, 0xFE, 0x7F, 0xF9, 0xC0, 0x07,
    0x00, 0x1C, 0x00, 0x70, 0x01, 0xC0, 0x07, 0xFF, 0x9F, 0xFE, 0x7F, 0xF8, 0x00, 0xE0, 0x07, 0x00,
    0x18, 0x00, 0xE0, 0x00, 0x00, 0x00, 0x07, 0xFF, 0x9F, 0xFE, 0x7F, 0xF9, 0xC0, 0x07, 0x00, 0x1C,
    0x00, 0x70, 0x01, 0xC0, 0x07, 0xFF, 0x9F, 0xFE, 0x7F, 0xF9, 0xC0, 0x07, 0x00, 0x1C, 0x00, 0x70,
    0x01, 0xC0, 0x07, 0xFF, 0x9F, 0xFE, 0x7F, 0xF8, 0x07, 0x00, 0x3E, 0x01, 0xDC, 0x0E, 0x38, 0x00,
    0x00, 0x00, 0x07, 0xFF, 0x9F, 0xFE, 0x7F, 0xF9, 0xC0, 0x07, 0x00, 0x1C, 0x00, 0x70, 0x01, 0xC0,
    0x07, 0xFF, 0x9F, 0xFE, 0x7F, 0xF9, 0xC0, 0x07, 0x00, 0x1C, 0x00, 0x70, 0x01, 0xC0, 0x07, 0xFF,
    0x9F, 0xFE, 0x7F, 0xF8, 0x08, 0x40, 0xF3, 0x83, 0xCE, 0x06, 0x38, 0x00, 0x00, 0x00, 0x07, 0xFF,
    0x9F, 0xFE, 0x7F, 0xF9, 0xC0, 0x07, 0x00, 0x1C, 0x00, 0x70, 0x01, 0xC0, 0x07, 0xFF, 0x9F, 0xFE,
    0x7F, 0xF9, 0xC0, 0x07, 0x00, 0x1C, 0x00, 0x70, 0x01, 0xC0, 0x07, 0xFF, 0x9F, 0xFE, 0x7F, 0xF8,
    0x70, 0x70, 0xE0, 0xC0, 0x40, 0x07, 0x0E, 0x1C, 0x38, 0x70, 0xE1, 0xC3, 0x87, 0x0E, 0x1C, 0x38,
    0x70, 0xE1, 0xC3, 0x87, 0x0E, 0x1C, 0x1C, 0x70, 0xC3, 0x80, 0x00, 0x1C, 0x38, 0x70, 0xE1, 0xC3,
    0x87, 0x0E, 0x1C, 0x38, 0x70, 0xE1, 0xC3, 0x87, 0x0E, 0x1C, 0x38, 0x70, 0x0E, 0x03, 0xE0, 0xEE,
    0x38, 0xE0, 0x00, 0x00, 0x03, 0x80, 0x70, 0x0E, 0x01, 0xC0, 0x38, 0x07, 0x00, 0xE0, 0x1C, 0x03,
    0x80, 0x70, 0x0E, 0x01, 0xC0, 0x38, 0x07, 0x00, 0xE0, 0x1C, 0x03, 0x80, 0x70, 0x0E, 0x00, 0x10,
    0x8F, 0x39, 0xE7, 0x18, 0xE0, 0x00, 0x00, 0x03, 0x80, 0x70, 0x0E, 0x01, 0xC0, 0x38, 0x07, 0x00,
    0xE0, 0x1C, 0x03, 0x80, 0x70, 0x0E, 0x01, 0xC0, 0x38, 0x07, 0x00, 0xE0, 0x1C, 0x03, 0x80, 0x70,
    0x0E, 0x00, 0x1F, 0xF0, 0x03, 0xFF, 0xC0, 0x7F, 0xFC, 0x0E, 0x07, 0xC1, 0xC0, 0x78, 0x38, 0x07,
    0x87, 0x00, 0x70, 0xE0, 0x0E, 0x7F, 0xE1, 0xCF, 0xFC, 0x39, 0xFF, 0x87, 0x0E, 0x00, 0xE1, 0xC0,
    0x1C, 0x38, 0x07, 0x87, 0x01, 0xE0, 0xE0, 0x7C, 0x1F, 0xFF, 0x03, 0xFF, 0xC0, 0x7F, 0xE0, 0x00,
    0x00, 0x00, 0x03, 0xCC, 0x03, 0xFC, 0x01, 0x8C, 0x00, 0x00, 0x00, 0x00, 0x01, 0xE0, 0x1E, 0xF8,
    0x0F, 0x7C, 0x07, 0xBF, 0x03, 0xDF, 0x81, 0xEE, 0xE0, 0xF7, 0x78, 0x7B, 0x9C, 0x3D, 0xCF, 0x1E,
    0xE3, 0xCF, 0x70, 0xE7, 0xB8, 0x7B, 0xDC, 0x1D, 0xEE, 0x0F, 0xF7, 0x03, 0xFB, 0x80, 0xFD, 0xC0,
    0x7E, 0xE0, 0x1F, 0x70, 0x07, 0x80, 0x07, 0x00, 0x00, 0xE0, 0x00, 0x38, 0x00, 0x06, 0x00, 0x00,
    0x40, 0x00, 0x00, 0x00, 0x7F, 0x00, 0x3F, 0xF0, 0x1F, 0xFE, 0x0F, 0x07, 0xC7, 0x80, 0x79, 0xE0,
    0x1E, 0x70, 0x03, 0xBC, 0x00, 0xEF, 0x00, 0x3F, 0xC0, 0x0F, 0xF0, 0x03, 0xFC, 0x00, 0xE7, 0x00,
    0x39, 0xC0, 0x1E, 0x78, 0x07, 0x8F, 0x03, 0xC1, 0xFF, 0xE0, 0x3F, 0xF0, 0x07, 0xF8, 0x00, 0x00,
    0x00, 0x00, 0x38, 0x00, 0x1C, 0x00, 0x06, 0x00, 0x03, 0x80, 0x00, 0x00, 0x00, 0x00, 0x00, 0x7F,
    0x00, 0x3F, 0xF0, 0x1F, 0xFE, 0x0F, 0x07, 0xC7, 0x80, 0x79, 0xE0, 0x1E, 0x70, 0x03, 0xBC, 0x00,
    0xEF, 0x00, 0x3F, 0xC0, 0x0F, 0xF0, 0x03, 0xFC, 0x00, 0xE7, 0x00, 0x39, 0xC0, 0x1E, 0x78, 0x07,
    0x8F, 0x03, 0xC1, 0xFF, 0xE0, 0x3F, 0xF0, 0x07, 0xF8, 0x00, 0x00, 0x00, 0x01, 0xC0, 0x00, 0xF8,
    0x00, 0x77, 0x00, 0x38, 0xE0, 0x00, 0x00, 0x00, 0x00, 0x00, 0x7F, 0x00, 0x3F, 0xF0, 0x1F, 0xFE,
    0x0F, 0x07, 0xC7, 0x80, 0x79, 0xE0, 0x1E, 0x70, 0x03, 0xBC, 0x00, 0xEF, 0x00, 0x3F, 0xC0, 0x0F,
    0xF0, 0x03, 0xFC, 0x00, 0xE7, 0x00, 0x39, 0xC0, 0x1E, 0x78, 0x07, 0x8F, 0x03, 0xC1, 0xFF, 0xE0,
    0x3F, 0xF0, 0x07, 0xF8, 0x00, 0x00, 0x00, 0x00, 0x00, 0x01, 0xE6, 0x00, 0xFF, 0x00, 0x31, 0x80,
    0x00, 0x00, 0x00, 0x00, 0x00, 0x7F, 0x00, 0x3F, 0xF0, 0x1F, 0xFE, 0x0F, 0x07, 0xC7, 0x80, 0x79,
    0xE0, 0x1E, 0x70, 0x03, 0xBC, 0x00, 0xEF, 0x00, 0x3F, 0xC0, 0x0F, 0xF0, 0x03, 0xFC, 0x00, 0xE7,
    0x00, 0x39, 0xC0, 0x1E, 0x78, 0x07, 0x8F, 0x03, 0xC1, 0xFF, 0xE0, 0x3F, 0xF0, 0x07, 0xF8, 0x00,
    0x00, 0x00, 0x02, 0x10, 0x03, 0xCE, 0x00, 0xF3, 0x80, 0x18, 0xE0, 0x00, 0x00, 0x00, 0x00, 0x00,
    0x7F, 0x00, 0x3F, 0xF0, 0x1F, 0xFE, 0x0F, 0x07, 0xC7, 0x80, 0x79, 0xE0, 0x1E, 0x70, 0x03, 0xBC,
    0x00, 0xEF, 0x00, 0x3F, 0xC0, 0x0F, 0xF0, 0x03, 0xFC, 0x00, 0xE7, 0x00, 0x39, 0xC0, 0x1E, 0x78,
    0x07, 0x8F, 0x03, 0xC1, 0xFF, 0xE0, 0x3F, 0xF0, 0x07, 0xF8, 0x00, 0x00, 0x00, 0x20, 0x21, 0xC0,
    0xCF, 0x87, 0x8F, 0x3C, 0x1F, 0xE0, 0x3F, 0x00, 0x78, 0x03, 0xF0, 0x1F, 0xE0, 0xF3, 0xC7, 0x87,
    0xBC, 0x0E, 0x20, 0x10, 0x00, 0x02, 0x01, 0xFC, 0xE0, 0xFF, 0xF0, 0x7F, 0xFC, 0x3C, 0x1F, 0x1E,
    0x07, 0xE7, 0x81, 0xF9, 0xC0, 0xEE, 0xF0, 0x73, 0xBC, 0x38, 0xFF, 0x0C, 0x3F, 0xC7, 0x0F, 0xF3,
    0x83, 0x9D, 0xC0, 0xE7, 0x60, 0x79, 0xF8, 0x1E, 0x3C, 0x0F, 0x0F, 0xFF, 0x83, 0xFF, 0xC1, 0xDF,
    0xE0, 0x20, 0x00, 0x00, 0x07, 0x00, 0x01, 0xC0, 0x00, 0xE0, 0x00, 0x30, 0x00, 0x04, 0x00, 0x00,
    0x01, 0xC0, 0x1C, 0xE0, 0x0E, 0x70, 0x07, 0x38, 0x03, 0x9C, 0x01, 0xCE, 0x00, 0xE7, 0x00, 0x73,
    0x80, 0x39, 0xC0, 0x1C, 0xE0, 0x0E, 0x70, 0x07, 0x38, 0x03, 0x9C, 0x01, 0xCE, 0x00, 0xE7, 0x80,
    0xF1, 0xE0, 0xF0, 0xFF, 0xF8, 0x3F, 0xF8, 0x07, 0xF0, 0x00, 0x00, 0x00, 0x00, 0x70, 0x00, 0x70,
    0x00, 0x30, 0x00, 0x38, 0x00, 0x00, 0x00, 0x00, 0x01, 0xC0, 0x1C, 0xE0, 0x0E, 0x70, 0x07, 0x38,
    0x03, 0x9C, 0x01, 0xCE, 0x00, 0xE7, 0x00, 0x73, 0x80, 0x39, 0xC0, 0x1C, 0xE0, 0x0E, 0x70, 0x07,
    0x38, 0x03, 0x9C, 0x01, 0xCE, 0x00, 0xE7, 0x80, 0xF1, 0xE0, 0xF0, 0xFF, 0xF8, 0x3F, 0xF8, 0x07,
    0xF0, 0x00, 0x00, 0x00, 0x01, 0xC0, 0x01, 0xF0, 0x01, 0xDC, 0x01, 0xC7, 0x00, 0x00, 0x00, 0x00,
    0x01, 0xC0, 0x1C, 0xE0, 0x0E, 0x70, 0x07, 0x38, 0x03, 0x9C, 0x01, 0xCE, 0x00, 0xE7, 0x00, 0x73,
    0x80, 0x39, 0xC0, 0x1C, 0xE0, 0x0E, 0x70, 0x07, 0x38, 0x03, 0x9C, 0x01, 0xCE, 0x00, 0xE7, 0x80,
    0xF1, 0xE0, 0xF0, 0xFF, 0xF8, 0x3F, 0xF8, 0x07, 0xF0, 0x00, 0x00, 0x00, 0x02, 0x10, 0x07, 0x9C,
    0x03, 0xCE, 0x00, 0xC7, 0x00, 0x00, 0x00, 0x00, 0x01, 0xC0, 0x1C, 0xE0, 0x0E, 0x70, 0x07, 0x38,
    0x03, 0x9C, 0x01, 0xCE, 0x00, 0xE7, 0x00, 0x73, 0x80, 0x39, 0xC0, 0x1C, 0xE0, 0x0E, 0x70, 0x07,
    0x38, 0x03, 0x9C, 0x01, 0xCE, 0x00, 0xE7, 0x80, 0xF1, 0xE0, 0xF0, 0xFF, 0xF8, 0x3F, 0xF8, 0x07,
    0xF0, 0x00, 0x00, 0x00, 0x00, 0x38, 0x00, 0x1C, 0x00, 0x06, 0x00, 0x03, 0x80, 0x00, 0x00, 0x00,
    0x00, 0x07, 0x80, 0x3D, 0xE0, 0x1E, 0x3C, 0x07, 0x07, 0x03, 0xC1, 0xE1, 0xE0, 0x3C, 0x78, 0x0F,
    0x3C, 0x01, 0xEE, 0x00, 0x3F, 0x80, 0x0F, 0xC0, 0x01, 0xF0, 0x00, 0x78, 0x00, 0x0E, 0x00, 0x03,
    0x80, 0x00, 0xE0, 0x00, 0x38, 0x00, 0x0E, 0x00, 0x03, 0x80, 0x00, 0xE0, 0x00, 0x70, 0x01, 0xC0,
    0x07, 0x00, 0x1C, 0x00, 0x7F, 0xE1, 0xFF, 0xC7, 0x0F, 0x9C, 0x0F, 0x70, 0x1D, 0xC0, 0x77, 0x01,
    0xDC, 0x0F, 0x7F, 0xF9, 0xFF, 0xC7, 0xFC, 0x1C, 0x00, 0x70, 0x01, 0xC0, 0x07, 0x00, 0x00, 0x00,
    0x00, 0x1F, 0x80, 0xFF, 0xC3, 0xFF, 0xC7, 0x87, 0x8E, 0x07, 0x1C, 0x0E, 0x38, 0x1C, 0x70, 0x70,
    0xE7, 0xC1, 0xCF, 0xC3, 0x9F, 0xC7, 0x03, 0xCE, 0x03, 0x9C, 0x07, 0x38, 0x0E, 0x70, 0x3C, 0xE7,
    0xF9, 0xCF, 0xE3, 0x9F, 0x00, 0x0E, 0x00, 0x1C, 0x00, 0x70, 0x00, 0xC0, 0x00, 0x80, 0x00, 0x00,
    0xFE, 0x07, 0xFC, 0x3C, 0xF9, 0xE0, 0xE0, 0x03, 0x80, 0x1E, 0x1F, 0xF8, 0xFE, 0xE7, 0x83, 0x9C,
    0x0E, 0x70, 0x79, 0xE3, 0xE3, 0xFF, 0x87, 0xCE, 0x00, 0x00, 0x00, 0xE0, 0x07, 0x00, 0x18, 0x00,
    0xE0, 0x00, 0x00, 0x00, 0x00, 0xFE, 0x07, 0xFC, 0x3C, 0xF9, 0xE0, 0xE0, 0x03, 0x80, 0x1E, 0x1F,
    0xF8, 0xFE, 0xE7, 0x83, 0x9C, 0x0E, 0x70, 0x79, 0xE3, 0xE3, 0xFF, 0x87, 0xCE, 0x00, 0x00, 0x03,
    0x80, 0x1F, 0x00, 0xEE, 0x07, 0x1C, 0x00, 0x00, 0x00, 0x00, 0xFE, 0x07, 0xFC, 0x3C, 0xF9, 0xE0,
    0xE0, 0x03, 0x80, 0x1E, 0x1F, 0xF8, 0xFE, 0xE7, 0x83, 0x9C, 0x0E, 0x70, 0x79, 0xE3, 0xE3, 0xFF,
    0x87, 0xCE, 0x00, 0x00, 0x00, 0x00, 0x3C, 0xC1, 0xFE, 0x06, 0x30, 0x00, 0x00, 0x00, 0x00, 0xFE,
    0x07, 0xFC, 0x3C, 0xF9, 0xE0, 0xE0, 0x03, 0x80, 0x1E, 0x1F, 0xF8, 0xFE, 0xE7, 0x83, 0x9C, 0x0E,
    0x70, 0x79, 0xE3, 0xE3, 0xFF, 0x87, 0xCE, 0x00, 0x00, 0x08, 0x40, 0xF3, 0x83, 0xCE, 0x06, 0x38,
    0x00, 0x00, 0x00, 0x00, 0xFE, 0x07, 0xFC, 0x3C, 0xF9, 0xE0, 0xE0, 0x03, 0x80, 0x1E, 0x1F, 0xF8,
    0xFE, 0xE7, 0x83, 0x9C, 0x0E, 0x70, 0x79, 0xE3, 0xE3, 0xFF, 0x87, 0xCE, 0x00, 0x00, 0x00, 0x00,
    0x1F, 0x00, 0xEC, 0x03, 0x18, 0x0C, 0x60, 0x1F, 0x00, 0x38, 0x00, 0x00, 0x0F, 0xE0, 0x7F, 0xC3,
    0xCF, 0x9E, 0x0E, 0x00, 0x38, 0x01, 0xE1, 0xFF, 0x8F, 0xEE, 0x78, 0x39, 0xC0, 0xE7, 0x07, 0x9E,
    0x3E, 0x3F, 0xF8, 0x7C, 0xE0, 0x00, 0x00, 0x00, 0x00, 0x00, 0x1F, 0x8F, 0xC0, 0x7F, 0xBF, 0xE1,
    0xE7, 0xF3, 0xC7, 0x83, 0xC1, 0xC0, 0x07, 0x03, 0x80, 0x0E, 0x07, 0x0F, 0xFF, 0xFF, 0x3F, 0xFF,
    0xFE, 0xF0, 0x70, 0x01, 0xC0, 0xE0, 0x03, 0x83, 0xE0, 0xE7, 0x8F, 0xE3, 0xC7, 0xFD, 0xFF, 0x07,
    0xE1, 0xFC, 0x00, 0x00, 0x00, 0x00, 0x00, 0x7E, 0x0F, 0xF8, 0xFB, 0xE7, 0x07, 0xF8, 0x1B, 0xC0,
    0x1C, 0x00, 0xE0, 0x07, 0x80, 0x3C, 0x0C, 0xE0, 0xF7, 0xCF, 0x1F, 0xF0, 0x7F, 0x00, 0x60, 0x03,
    0x80, 0x06, 0x00, 0x30, 0x07, 0x80, 0x00, 0x00, 0x1C, 0x00, 0x38, 0x00, 0xE0, 0x01, 0x80, 0x01,
    0x00, 0x00, 0x00, 0xFC, 0x0F, 0xF8, 0x7C, 0xF1, 0xC1, 0xEF, 0x03, 0xB8, 0x0E, 0xFF, 0xFB, 0xFF,
    0xEE, 0x00, 0x3C, 0x00, 0x70, 0x39, 0xF3, 0xC3, 0xFF, 0x07, 0xF0, 0x00, 0x00, 0x01, 0xC0, 0x0E,
    0x00, 0x30, 0x01, 0xC0, 0x00, 0x00, 0x00, 0x00, 0xFC, 0x0F, 0xF8, 0x7C, 0xF1, 0xC1, 0xEF, 0x03,
    0xB8, 0x0E, 0xFF, 0xFB, 0xFF, 0xEE, 0x00, 0x3C, 0x00, 0x70, 0x39, 0xF3, 0xC3, 0xFF, 0x07, 0xF0,
    0x00, 0x00, 0x07, 0x00, 0x3E, 0x01, 0xDC, 0x0E, 0x38, 0x00, 0x00, 0x00, 0x00, 0xFC, 0x0F, 0xF8,
    0x7C, 0xF1, 0xC1, 0xEF, 0x03, 0xB8, 0x0E, 0xFF, 0xFB, 0xFF, 0xEE, 0x00, 0x3C, 0x00, 0x70, 0x39,
    0xF3, 0xC3, 0xFF, 0x07, 0xF0, 0x00, 0x00, 0x08, 0x40, 0xF3, 0x83, 0xCE, 0x06, 0x38, 0x00, 0x00,
    0x00, 0x00, 0xFC, 0x0F, 0xF8, 0x7C, 0xF1, 0xC1, 0xEF, 0x03, 0xB8, 0x0E, 0xFF, 0xFB, 0xFF, 0xEE,
    0x00, 0x3C, 0x00, 0x70, 0x39, 0xF3, 0xC3, 0xFF, 0x07, 0xF0, 0x00, 0x00, 0x70, 0xE3, 0x86, 0x04,
    0x01, 0xC7, 0x1C, 0x71, 0xC7, 0x1C, 0x71, 0xC7, 0x1C, 0x71, 0xC7, 0x1C, 0x70, 0xC3, 0x80, 0x00,
    0x1C, 0x38, 0x70, 0xE1, 0xC3, 0x87, 0x0E, 0x1C, 0x38, 0x70, 0xE1, 0xC3, 0x80, 0x0E, 0x03, 0xE0,
    0xEE, 0x38, 0xE0, 0x00, 0x00, 0x03, 0x80, 0x70, 0x0E, 0x01, 0xC0, 0x38, 0x07, 0x00, 0xE0, 0x1C,
    0x03, 0x80, 0x70, 0x0E, 0x01, 0xC0, 0x38, 0x07, 0x00, 0x21, 0x3C, 0xEF, 0x39, 0x8E, 0x00, 0x00,
    0x00, 0xE0, 0x38, 0x0E, 0x03, 0x80, 0xE0, 0x38, 0x0E, 0x03, 0x80, 0xE0, 0x38, 0x0E, 0x03, 0x80,
    0xE0, 0x38, 0x10, 0x20, 0x71, 0x80, 0xFC, 0x01, 0xE0, 0x1D, 0xC0, 0xC3, 0x80, 0x0E, 0x07, 0xDC,
    0x3F, 0xB1, 0xE3, 0xE7, 0x07, 0xBC, 0x0E, 0xE0, 0x3B, 0x80, 0xEE, 0x03, 0xBC, 0x0E, 0x70, 0x79,
    0xF3, 0xC3, 0xFE, 0x07, 0xF0, 0x00, 0x00, 0x00, 0x00, 0x79, 0x83, 0xFC, 0x0C, 0x60, 0x00, 0x00,
    0x00, 0x07, 0x3E, 0x1D, 0xFC, 0x7F, 0xF9, 0xE1, 0xE7, 0x03, 0x9C, 0x0E, 0x70, 0x39, 0xC0, 0xE7,
    0x03, 0x9C, 0x0E, 0x70, 0x39, 0xC0, 0xE7, 0x03, 0x9C, 0x0E, 0x1C, 0x00, 0x38, 0x00, 0xE0, 0x01,
    0x80, 0x01, 0x00, 0x00, 0x00, 0xFC, 0x0F, 0xF8, 0x7D, 0xF1, 0xC1, 0xEF, 0x03, 0xBC, 0x0E, 0xE0,
    0x3F, 0x80, 0xFF, 0x03, 0xBC, 0x0E, 0x70, 0x79, 0xF3, 0xC3, 0xFE, 0x07, 0xF0, 0x00, 0x00, 0x00,
    0xE0, 0x07, 0x00, 0x18, 0x00, 0xE0, 0x00, 0x00, 0x00, 0x00, 0xFC, 0x0F, 0xF8, 0x7D, 0xF1, 0xC1,
    0xEF, 0x03, 0xBC, 0x0E, 0xE0, 0x3F, 0x80, 0xFF, 0x03, 0xBC, 0x0E, 0x70, 0x79, 0xF3, 0xC3, 0xFE,
    0x07, 0xF0, 0x00, 0x00, 0x07, 0x00, 0x3E, 0x01, 0xDC, 0x0E, 0x38, 0x00, 0x00, 0x00, 0x00, 0xFC,
    0x0F, 0xF8, 0x7D, 0xF1, 0xC1, 0xEF, 0x03, 0xBC, 0x0E, 0xE0, 0x3F, 0x80, 0xFF, 0x03, 0xBC, 0x0E,
    0x70, 0x79, 0xF3, 0xC3, 0xFE, 0x07, 0xF0, 0x00, 0x00, 0x00, 0x00, 0x79, 0x83, 0xFC, 0x0C, 0x60,
    0x00, 0x00, 0x00, 0x00, 0xFC, 0x0F, 0xF8, 0x7D, 0xF1, 0xC1, 0xEF, 0x03, 0xBC, 0x0E, 0xE0, 0x3F,
    0x80, 0xFF, 0x03, 0xBC, 0x0E, 0x70, 0x79, 0xF3, 0xC3, 0xFE, 0x07, 0xF0, 0x00, 0x00, 0x08, 0x40,
    0xF3, 0x83, 0xCE, 0x06, 0x38, 0x00, 0x00, 0x00, 0x00, 0xFC, 0x0F, 0xF8, 0x7D, 0xF1, 0xC1, 0xEF,
    0x03, 0xBC, 0x0E, 0xE0, 0x3F, 0x80, 0xFF, 0x03, 0xBC, 0x0E, 0x70, 0x79, 0xF3, 0xC3, 0xFE, 0x07,
    0xF0, 0x00, 0x00, 0x02, 0x00, 0x38, 0x01, 0xE0, 0x0E, 0x00, 0x00, 0x00, 0x03, 0xFF, 0xFF, 0xFF,
    0xFF, 0xF8, 0x00, 0x00, 0x80, 0x0E, 0x00, 0x78, 0x03, 0x80, 0x08, 0x00, 0x00, 0x08, 0x0F, 0xDC,
    0x7F, 0xF1, 0xF7, 0xC3, 0x83, 0xCF, 0x0F, 0x9E, 0x37, 0x38, 0xCF, 0x73, 0x9E, 0xFE, 0x39, 0xF8,
    0x71, 0xE1, 0xE3, 0xE7, 0x87, 0xFE, 0x1B, 0xF8, 0x20, 0x00, 0x1C, 0x00, 0x38, 0x00, 0xE0, 0x01,
    0x80, 0x01, 0x00, 0x00, 0x07, 0x03, 0x9C, 0x0E, 0x70, 0x39, 0xC0, 0xE7, 0x03, 0x9C, 0x0E, 0x70,
    0x39, 0xC0, 0xE7, 0x03, 0x9C, 0x1E, 0x78, 0x79, 0xFF, 0xE3, 0xFB, 0x87, 0xCE, 0x00, 0x00, 0x00,
    0xE0, 0x07, 0x00, 0x18, 0x00, 0xE0, 0x00, 0x00, 0x00, 0x07, 0x03, 0x9C, 0x0E, 0x70, 0x39, 0xC0,
    0xE7, 0x03, 0x9C, 0x0E, 0x70, 0x39, 0xC0, 0xE7, 0x03, 0x9C, 0x1E, 0x78, 0x79, 0xFF, 0xE3, 0xFB,
    0x87, 0xCE, 0x00, 0x00, 0x07, 0x00, 0x3E, 0x01, 0xDC, 0x0E, 0x38, 0x00, 0x00, 0x00, 0x07, 0x03,
    0x9C, 0x0E, 0x70, 0x39, 0xC0, 0xE7, 0x03, 0x9C, 0x0E, 0x70, 0x39, 0xC0, 0xE7, 0x03, 0x9C, 0x1E,
    0x78, 0x79, 0xFF, 0xE3, 0xFB, 0x87, 0xCE, 0x00, 0x00, 0x08, 0x40, 0xF3, 0x83, 0xCE, 0x06, 0x38,
    0x00, 0x00, 0x00, 0x07, 0x03, 0x9C, 0x0E, 0x70, 0x39, 0xC0, 0xE7, 0x03, 0x9C, 0x0E, 0x70, 0x39,
    0xC0, 0xE7, 0x03, 0x9C, 0x1E, 0x78, 0x79, 0xFF, 0xE3, 0xFB, 0x87, 0xCE, 0x00, 0x00, 0x00, 0xE0,
    0x03, 0x80, 0x06, 0x00, 0x1C, 0x00, 0x00, 0x00, 0x00, 0x3C, 0x07, 0xB8, 0x0E, 0x78, 0x3C, 0x70,
    0x70, 0xE0, 0xE0, 0xE3, 0x81, 0xC7, 0x03, 0x8E, 0x03, 0xB8, 0x07, 0x70, 0x0E, 0xE0, 0x0F, 0x80,
    0x1F, 0x00, 0x1C, 0x00, 0x38, 0x00, 0xF0, 0x01, 0xC0, 0x1F, 0x80, 0x3E, 0x00, 0x00, 0x00, 0x70,
    0x01, 0xC0, 0x07, 0x00, 0x1C, 0x00, 0x70, 0x01, 0xCF, 0x87, 0x7F, 0x1F, 0xFE, 0x78, 0x39, 0xC0,
    0xF7, 0x03, 0xDC, 0x07, 0x70, 0x1D, 0xC0, 0xF7, 0x03, 0xDE, 0x0E, 0x7E, 0xF9, 0xDF, 0xC7, 0x3E,
    0x1C, 0x00, 0x70, 0x01, 0xC0, 0x07, 0x00, 0x1C, 0x00, 0x00, 0x00, 0x04, 0x20, 0x3C, 0xE0, 0x79,
    0xC0, 0x63, 0x80, 0x00, 0x00, 0x00, 0x3C, 0x07, 0xB8, 0x0E, 0x78, 0x3C, 0x70, 0x70, 0xE0, 0xE0,
    0xE3, 0x81, 0xC7, 0x03, 0x8E, 0x03, 0xB8, 0x07, 0x70, 0x0E, 0xE0, 0x0F, 0x80, 0x1F, 0x00, 0x1C,
    0x00, 0x38, 0x00, 0xF0, 0x01, 0xC0, 0x1F, 0x80, 0x3E, 0x00, 0x00, 0x00
};

const epaper_font::GlyphRange kInter26SemiBold_ext = {
    0xA0,
    0xFF,
    kInter26SemiBold_ext_glyphs,
    kInter26SemiBold_ext_bitmaps,
};

const epaper_font::GlyphBitmap kInter26Bold_ext_glyphs[] = {
    {     0,    0,   0,   0,    0,    0,   7 },
    {     0,   15,   6,  20,    1,   15,   9 },
    {    15,   36,  15,  19,    0,   19,  16 },
    {    51,   38,  15,  20,    1,   20,  17 },
    {    89,   41,  18,  18,    1,   17,  20 },
    {   130,   36,  15,  19,    0,   19,  15 },
    {   166,   15,   5,  23,    2,   19,   9 },
    {   181,   39,  13,  24,    1,   20,  15 },
    {   220,    7,  10,   5,    3,   20,  16 },
    {   227,   53,  20,  21,    2,   20,  24 },
    {   280,   17,  11,  12,    0,   20,  12 },
    {   297,   26,  16,  13,    1,   14,  17 },
    {   323,   12,  13,   7,    2,   10,  18 },
    {   335,   37,  14,  21,    0,   20,  15 },
    {   372,   30,  15,  16,    1,   20,  18 },
    {   402,    4,   9,   3,    1,   19,  12 },
    {   406,   13,  10,  10,    1,   20,  12 },
    {   419,   27,  14,  15,    2,   15,  18 },
    {   446,   14,  10,  11,    1,   22,  12 },
    {   460,   14,  10,  11,    1,   22,  12 },
    {   474,    5,   7,   5,    1,   20,  10 },
    {   479,   42,  16,  21,    1,   15,  17 },
    {   521,   34,  14,  19,    0,   19,  16 },
    {   555,    5,   6,   6,    1,   12,   9 },
    {   560,    6,   6,   7,    2,    1,  10 },
    {   566,    9,   6,  11,    1,   22,   9 },
    {   575,   18,  12,  12,    0,   20,  13 },
    {   593,   26,  16,  13,    0,   14,  17 },
    {   619,   50,  21,  19,    0,   19,  22 },
    {   669,   53,  22,  19,    0,   19,  23 },
    {   722,   58,  23,  20,    0,   20,  24 },
    {   780,   35,  13,  21,    1,   15,  15 },
    {   815,   60,  19,  25,    0,   25,  20 },
    {   875,   60,  19,  25,    0,   25,  20 },
    {   935,   60,  19,  25,    0,   25,  20 },
    {   995,   60,  19,  25,    0,   25,  20 },
    {  1055,   60,  19,  25,    0,   25,  20 },
    {  1115,   62,  19,  26,    0,   26,  20 },
    {  1177,   62,  26,  19,    0,   19,  27 },
    {  1239,   59,  18,  26,    1,   20,  20 },
    {  1298,   44,  14,  25,    1,   25,  16 },
    {  1342,   44,  14,  25,    1,   25,  16 },
    {  1386,   44,  14,  25,    1,   25,  16 },
    {  1430,   44,  14,  25,    1,   25,  16 },
    {  1474,   22,   7,  25,   -1,   25,   8 },
    {  1496,   22,   7,  25,    1,   25,   8 },
    {  1518,   35,  11,  25,   -2,   25,   8 },
    {  1553,   35,  11,  25,   -2,   25,   8 },
    {  1588,   46,  19,  19,    0,   19,  20 },
    {  1634,   54,  17,  25,    1,   25,  20 },
    {  1688,   59,  18,  26,    1,   25,  20 },
    {  1747,   59,  18,  26,    1,   25,  20 },
    {  1806,   59,  18,  26,    1,   25,  20 },
    {  1865,   59,  18,  26,    1,   25,  20 },
    {  1924,   59,  18,  26,    1,   25,  20 },
    {  1983,   27,  14,  15,    2,   15,  18 },
    {  2010,   48,  18,  21,    1,   20,  20 },
    {  2058,   56,  17,  26,    1,   25,  19 },
    {  2114,   56,  17,  26,    1,   25,  19 },
    {  2170,   56,  17,  26,    1,   25,  19 },
    {  2226,   56,  17,  26,    1,   25,  19 },
    {  2282,   60,  19,  25,    0,   25,  19 },
    {  2342,   36,  15,  19,    1,   19,  18 },
    {  2378,   38,  15,  20,    1,   20,  17 },
    {  2416,   37,  14,  21,    0,   20,  15 },
    {  2453,   37,  14,  21,    0,   20,  15 },
    {  2490,   37,  14,  21,    0,   20,  15 },
    {  2527,   37,  14,  21,    0,   20,  15 },
    {  2564,   37,  14,  21,    0,   20,  15 },
    {  2601,   41,  14,  23,    0,   22,  15 },
    {  2642,   46,  23,  16,    0,   15,  24 },
    {  2688,   40,  15,  21,    0,   15,  16 },
    {  2728,   40,  15,  21,    0,   20,  16 },
    {  2768,   40,  15,  21,    0,   20,  16 },
    {  2808,   40,  15,  21,    0,   20,  16 },
    {  2848,   40,  15,  21,    0,   20,  16 },
    {  2888,   18,   7,  20,   -1,   20,   7 },
    {  2906,   18,   7,  20,    1,   20,   7 },
    {  2924,   28,  11,  20,   -2,   20,   7 },
    {  2952,   28,  11,  20,   -2,   20,   7 },
    {  2980,   40,  15,  21,    0,   20,  16 },
    {  3020,   35,  14,  20,    1,   20,  16 },
    {  3055,   40,  15,  21,    0,   20,  16 },
    {  3095,   40,  15,  21,    0,   20,  16 },
    {  3135,   40,  15,  21,    0,   20,  16 },
    {  3175,   40,  15,  21,    0,   20,  16 },
    {  3215,   40,  15,  21,    0,   20,  16 },
    {  3255,   27,  14,  15,    2,   15,  18 },
    {  3282,   30,  15,  16,    0,   15,  16 },
    {  3312,   37,  14,  21,    1,   20,  16 },
    {  3349,   37,  14,  21,    1,   20,  16 },
    {  3386,   37,  14,  21,    1,   20,  16 },
    {  3423,   37,  14,  21,    1,   20,  16 },
    {  3460,   52,  16,  26,    0,   20,  16 },
    {  3512,   47,  15,  25,    1,   19,  17 },
    {  3559,   52,  16,  26,    0,   20,  16 },
};

const uint8_t kInter26Bold_ext_bitmaps[] = {
    0x01, 0xE7, 0x9E, 0x38, 0x00, 0x1E, 0x79, 0xE7, 0x9E, 0x79, 0xE7, 0x9E, 0x79, 0xE7, 0x9E, 0x01,
    0x80, 0x03, 0x00, 0x0F, 0x00, 0x7F, 0x81, 0xFF, 0x87, 0xFF, 0x9F, 0x6F, 0x3C, 0xC8, 0x79, 0x80,
    0xF3, 0x01, 0xE6, 0x03, 0xCC, 0x87, 0xDB, 0xC7, 0xFF, 0x87, 0xFE, 0x07, 0xF8, 0x03, 0xC0, 0x03,
    0x00, 0x06, 0x00, 0x00, 0x00, 0x0F, 0xC0, 0x3F, 0xE0, 0xFF, 0xC3, 0xE3, 0xC7, 0x87, 0x8F, 0x04,
    0x1E, 0x00, 0x3C, 0x01, 0xFF, 0x83, 0xFF, 0x07, 0xFE, 0x03, 0xC0, 0x07, 0x80, 0x0F, 0x00, 0x1E,
    0x0E, 0x78, 0x1D, 0xFF, 0xFB, 0xFF, 0xF7, 0xFF, 0xC0, 0x00, 0x00, 0x08, 0x70, 0x47, 0x7F, 0xB9,
    0xFF, 0xFC, 0x3C, 0x0E, 0x0E, 0x01, 0xC3, 0x00, 0x31, 0xC0, 0x0C, 0x60, 0x03, 0x98, 0x00, 0xE7,
    0x00, 0x31, 0xC0, 0x0C, 0x30, 0x07, 0x0E, 0x03, 0x83, 0xE1, 0xF1, 0xFF, 0xFE, 0x23, 0xF3, 0x00,
    0x00, 0x00, 0xF0, 0x3C, 0xF0, 0x79, 0xE1, 0xE1, 0xE3, 0xC3, 0xC7, 0x03, 0xDE, 0x07, 0xB8, 0x07,
    0xF0, 0x0F, 0xE0, 0xFF, 0xF1, 0xFF, 0xE3, 0xFF, 0xC0, 0x78, 0x0F, 0xFF, 0x1F, 0xFE, 0x03, 0xC0,
    0x07, 0x80, 0x0F, 0x00, 0x1E, 0x00, 0x73, 0x9C, 0xE7, 0x39, 0xCE, 0x70, 0x00, 0x00, 0x01, 0xCE,
    0x73, 0x9C, 0xE7, 0x39, 0xC0, 0x00, 0x00, 0xFC, 0x0F, 0xF0, 0xFF, 0xC7, 0x8E, 0x38, 0x69, 0xE0,
    0x0F, 0x80, 0x3F, 0x81, 0xFF, 0x18, 0xFD, 0xC1, 0xEE, 0x07, 0x7C, 0x3D, 0xF9, 0xC7, 0xF8, 0x0F,
    0xE0, 0x0F, 0x00, 0x3C, 0xE1, 0xE7, 0x8F, 0x3F, 0xF0, 0xFF, 0x01, 0xE0, 0x61, 0xBC, 0xFF, 0x3D,
    0xCE, 0x00, 0x00, 0x00, 0x00, 0x00, 0x3F, 0x80, 0x0F, 0xFE, 0x01, 0xFF, 0xF8, 0x3E, 0x07, 0x83,
    0x8E, 0x3C, 0x71, 0xF9, 0xE7, 0x3F, 0xCE, 0xE7, 0x0E, 0xEE, 0x60, 0xEE, 0xE6, 0x00, 0x7E, 0x60,
    0x0E, 0xE7, 0x0E, 0xE7, 0x3F, 0xCE, 0x71, 0xF9, 0xE7, 0x8E, 0x3C, 0x3E, 0x07, 0x81, 0xFF, 0xF8,
    0x0F, 0xFE, 0x00, 0x3F, 0xC0, 0x00, 0x00, 0x00, 0x00, 0x03, 0xF0, 0xFF, 0x38, 0xF0, 0x0E, 0x1F,
    0xCF, 0xFB, 0x87, 0x70, 0xEE, 0x7D, 0xFB, 0x8E, 0x70, 0x07, 0x9E, 0x0F, 0x3C, 0x1E, 0x78, 0x3E,
    0xF8, 0x3C, 0xF0, 0x79, 0xE0, 0xF3, 0xC0, 0x79, 0xE0, 0x3C, 0xF0, 0x1E, 0x78, 0x0F, 0x3C, 0x0F,
    0xBE, 0x00, 0x00, 0x7F, 0xF3, 0xFF, 0x9F, 0xFC, 0x00, 0xE0, 0x07, 0x00, 0x38, 0x00, 0x00, 0x00,
    0x00, 0x3F, 0x81, 0xFF, 0x0F, 0xFE, 0x78, 0x79, 0xE1, 0xE0, 0x07, 0x80, 0x1E, 0x00, 0xF8, 0x07,
    0xC0, 0x3E, 0x01, 0xE0, 0x07, 0x80, 0x1C, 0x00, 0x00, 0x00, 0x00, 0x07, 0x00, 0x1E, 0x00, 0x78,
    0x01, 0xC0, 0x00, 0x00, 0x00, 0x00, 0x0F, 0xC0, 0x7F, 0xC1, 0xC1, 0xC7, 0x01, 0xCC, 0xF9, 0xB1,
    0x99, 0xE3, 0x33, 0xC7, 0xC7, 0x8D, 0x8D, 0x9B, 0x3B, 0x33, 0x63, 0x01, 0xC7, 0x8F, 0x03, 0xF8,
    0x01, 0xC0, 0x7F, 0x3F, 0x80, 0x00, 0x00, 0x07, 0x83, 0xF1, 0xFE, 0x61, 0xB8, 0x66, 0x19, 0xFE,
    0x3F, 0x07, 0x80, 0x07, 0x00, 0x1C, 0x00, 0x70, 0x01, 0xC0, 0xFF, 0xFB, 0xFF, 0xEF, 0xFF, 0x81,
    0xC0, 0x07, 0x00, 0x1C, 0x00, 0x00, 0x3F, 0xFE, 0xFF, 0xFB, 0xFF, 0xE0, 0x00, 0x00, 0x3E, 0x1F,
    0xEF, 0x7B, 0x8E, 0x03, 0x81, 0xC1, 0xE0, 0xF0, 0x7F, 0xBF, 0xEF, 0xF8, 0x1E, 0x1F, 0xE7, 0x3A,
    0x06, 0x07, 0x83, 0xC0, 0x3B, 0x87, 0xF3, 0xDF, 0xE1, 0xE0, 0x1C, 0x70, 0xE3, 0x80, 0x00, 0x00,
    0x00, 0x70, 0x38, 0x70, 0x38, 0x70, 0x38, 0x70, 0x38, 0x70, 0x38, 0x70, 0x38, 0x70, 0x38, 0x70,
    0x38, 0x70, 0x38, 0x78, 0x78, 0x78, 0x7C, 0x7F, 0xFE, 0x77, 0xFE, 0x73, 0x1E, 0x70, 0x00, 0x70,
    0x00, 0x70, 0x00, 0x70, 0x00, 0x70, 0x00, 0x00, 0x00, 0x07, 0xFC, 0x7F, 0xF3, 0xFF, 0xDF, 0xC7,
    0x7F, 0x1D, 0xFC, 0x77, 0xF1, 0xDF, 0xC7, 0x7F, 0x1C, 0xFC, 0x71, 0xF1, 0xC3, 0xC7, 0x00, 0x1C,
    0x00, 0x70, 0x01, 0xC0, 0x07, 0x00, 0x1C, 0x00, 0x70, 0x01, 0xC0, 0x00, 0xE7, 0x9E, 0x78, 0x00,
    0x20, 0x83, 0x97, 0x1D, 0xE0, 0x00, 0x3D, 0xFF, 0xF7, 0x1C, 0x71, 0xC7, 0x1C, 0x71, 0xC0, 0x00,
    0x01, 0xF8, 0x3F, 0xE7, 0x8E, 0x70, 0xF7, 0x07, 0x70, 0x77, 0x07, 0x70, 0xE3, 0xFE, 0x1F, 0xC0,
    0xF0, 0x79, 0xE0, 0x3C, 0xF0, 0x1E, 0x78, 0x1F, 0x7C, 0x0F, 0x3C, 0x07, 0x9E, 0x03, 0xCF, 0x07,
    0x9E, 0x0F, 0x3C, 0x1E, 0x78, 0x3C, 0xF0, 0x79, 0xE0, 0x00, 0x00, 0x1C, 0x00, 0xE1, 0xE0, 0x0E,
    0x1F, 0x00, 0xE0, 0xB8, 0x0E, 0x01, 0xC0, 0x60, 0x0E, 0x07, 0x00, 0x70, 0x70, 0x03, 0x83, 0x00,
    0x1C, 0x38, 0xE0, 0xE3, 0x8F, 0x07, 0x18, 0x78, 0x01, 0xC7, 0xC0, 0x1C, 0x36, 0x00, 0xC3, 0xB0,
    0x0E, 0x39, 0x80, 0xE1, 0xFF, 0x06, 0x0F, 0xF8, 0x70, 0x03, 0x07, 0x00, 0x18, 0x1C, 0x00, 0xE0,
    0xF0, 0x07, 0x07, 0xC0, 0x38, 0x17, 0x01, 0xC0, 0x1C, 0x06, 0x00, 0x70, 0x38, 0x01, 0xC1, 0xC0,
    0x07, 0x06, 0x00, 0x1C, 0x38, 0x60, 0x71, 0xC7, 0xE1, 0xC6, 0x3B, 0x80, 0x38, 0xC7, 0x01, 0xC0,
    0x18, 0x06, 0x00, 0xE0, 0x38, 0x07, 0x01, 0xC0, 0x38, 0x06, 0x01, 0xC0, 0x38, 0x0F, 0xF1, 0xC0,
    0x3F, 0xC0, 0x00, 0x00, 0x00, 0x18, 0x00, 0x70, 0xFC, 0x01, 0xC3, 0x9C, 0x07, 0x00, 0x38, 0x1C,
    0x00, 0x60, 0x30, 0x03, 0x80, 0xE0, 0x07, 0xC3, 0x80, 0x03, 0x86, 0x00, 0xE7, 0x1C, 0x71, 0xFE,
    0x71, 0xE1, 0xF8, 0xC3, 0xC0, 0x03, 0x8F, 0x80, 0x0E, 0x1B, 0x00, 0x18, 0x76, 0x00, 0x71, 0xCC,
    0x01, 0xC3, 0xFE, 0x03, 0x07, 0xFC, 0x0E, 0x00, 0x60, 0x38, 0x00, 0xC0, 0x00, 0x00, 0x3C, 0x01,
    0xE0, 0x0F, 0x00, 0x70, 0x00, 0x00, 0x00, 0x00, 0xF0, 0x07, 0x00, 0x78, 0x07, 0xC0, 0x7C, 0x07,
    0x80, 0x7C, 0x03, 0xC0, 0x1E, 0x0F, 0xF8, 0xF3, 0xFF, 0x8F, 0xF8, 0x3F, 0x80, 0x00, 0x00, 0x03,
    0x80, 0x00, 0x38, 0x00, 0x07, 0x00, 0x00, 0x70, 0x00, 0x00, 0x00, 0x00, 0x00, 0x00, 0x7C, 0x00,
    0x0F, 0xC0, 0x03, 0xF8, 0x00, 0x77, 0x00, 0x1E, 0xF0, 0x03, 0xDE, 0x00, 0x7B, 0xC0, 0x1E, 0x3C,
    0x03, 0xC7, 0x80, 0x78, 0xF0, 0x1F, 0x0F, 0x03, 0xC1, 0xE0, 0x7F, 0xFC, 0x1F, 0xFF, 0xC3, 0xFF,
    0xF8, 0x78, 0x0F, 0x1F, 0x00, 0xF3, 0xC0, 0x1E, 0x78, 0x03, 0xE0, 0x00, 0x38, 0x00, 0x0E, 0x00,
    0x01, 0xC0, 0x00, 0x70, 0x00, 0x00, 0x00, 0x00, 0x00, 0x00, 0x7C, 0x00, 0x0F, 0xC0, 0x03, 0xF8,
    0x00, 0x77, 0x00, 0x1E, 0xF0, 0x03, 0xDE, 0x00, 0x7B, 0xC0, 0x1E, 0x3C, 0x03, 0xC7, 0x80, 0x78,
    0xF0, 0x1F, 0x0F, 0x03, 0xC1, 0xE0, 0x7F, 0xFC, 0x1F, 0xFF, 0xC3, 0xFF, 0xF8, 0x78, 0x0F, 0x1F,
    0x00, 0xF3, 0xC0, 0x1E, 0x78, 0x03, 0xE0, 0x00, 0xF0, 0x00, 0x3E, 0x00, 0x0E, 0xE0, 0x03, 0xCE,
    0x00, 0x00, 0x20, 0x00, 0x00, 0x00, 0x7C, 0x00, 0x0F, 0xC0, 0x03, 0xF8, 0x00, 0x77, 0x00, 0x1E,
    0xF0, 0x03, 0xDE, 0x00, 0x7B, 0xC0, 0x1E, 0x3C, 0x03, 0xC7, 0x80, 0x78, 0xF0, 0x1F, 0x0F, 0x03,
    0xC1, 0xE0, 0x7F, 0xFC, 0x1F, 0xFF, 0xC3, 0xFF, 0xF8, 0x78, 0x0F, 0x1F, 0x00, 0xF3, 0xC0, 0x1E,
    0x78, 0x03, 0xE0, 0x01, 0x00, 0x00, 0x79, 0x80, 0x1F, 0xE0, 0x03, 0x1C, 0x00, 0x00, 0x00, 0x00,
    0x00, 0x00, 0x7C, 0x00, 0x0F, 0xC0, 0x03, 0xF8, 0x00, 0x77, 0x00, 0x1E, 0xF0, 0x03, 0xDE, 0x00,
    0x7B, 0xC0, 0x1E, 0x3C, 0x03, 0xC7, 0x80, 0x78, 0xF0, 0x1F, 0x0F, 0x03, 0xC1, 0xE0, 0x7F, 0xFC,
    0x1F, 0xFF, 0xC3, 0xFF, 0xF8, 0x78, 0x0F, 0x1F, 0x00, 0xF3, 0xC0, 0x1E, 0x78, 0x03, 0xE0, 0x03,
    0x0C, 0x00, 0xF3, 0xC0, 0x1E, 0x78, 0x01, 0xCE, 0x00, 0x00, 0x00, 0x00, 0x00, 0x00, 0x7C, 0x00,
    0x0F, 0xC0, 0x03, 0xF8, 0x00, 0x77, 0x00, 0x1E, 0xF0, 0x03, 0xDE, 0x00, 0x7B, 0xC0, 0x1E, 0x3C,
    0x03, 0xC7, 0x80, 0x78, 0xF0, 0x1F, 0x0F, 0x03, 0xC1, 0xE0, 0x7F, 0xFC, 0x1F, 0xFF, 0xC3, 0xFF,
    0xF8, 0x78, 0x0F, 0x1F, 0x00, 0xF3, 0xC0, 0x1E, 0x78, 0x03, 0xE0, 0x00, 0xE0, 0x00, 0x3F, 0x00,
    0x0C, 0x60, 0x01, 0x8C, 0x00, 0x1B, 0x80, 0x03, 0xE0, 0x00, 0x00, 0x00, 0x0F, 0x80, 0x01, 0xF8,
    0x00, 0x7F, 0x00, 0x0E, 0xE0, 0x03, 0xDE, 0x00, 0x7B, 0xC0, 0x0F, 0x78, 0x03, 0xC7, 0x80, 0x78,
    0xF0, 0x0F, 0x1E, 0x03, 0xE1, 0xE0, 0x78, 0x3C, 0x0F, 0xFF, 0x83, 0xFF, 0xF8, 0x7F, 0xFF, 0x0F,
    0x01, 0xE3, 0xE0, 0x1E, 0x78, 0x03, 0xCF, 0x00, 0x7C, 0x00, 0xFF, 0xFF, 0x80, 0x3F, 0xFF, 0xE0,
    0x0F, 0xFF, 0xF8, 0x07, 0x9C, 0x00, 0x01, 0xE7, 0x00, 0x00, 0xF1, 0xC0, 0x00, 0x3C, 0x70, 0x00,
    0x1E, 0x1C, 0x00, 0x07, 0x87, 0xFF, 0x81, 0xE1, 0xFF, 0xE0, 0xF0, 0x7F, 0xF8, 0x3C, 0x1C, 0x00,
    0x1F, 0xFF, 0x00, 0x07, 0xFF, 0xC0, 0x03, 0xFF, 0xF0, 0x00, 0xF0, 0x1C, 0x00, 0x3C, 0x07, 0xFF,
    0x9E, 0x01, 0xFF, 0xE7, 0x80, 0x7F, 0xF8, 0x00, 0x00, 0x01, 0xFE, 0x00, 0xFF, 0xC0, 0x7F, 0xF8,
    0x3E, 0x1F, 0x1F, 0x03, 0xE7, 0x80, 0x7B, 0xE0, 0x1E, 0xF0, 0x00, 0x3C, 0x00, 0x0F, 0x00, 0x03,
    0xC0, 0x00, 0xF0, 0x00, 0x3E, 0x01, 0xE7, 0x80, 0x79, 0xF0, 0x3E, 0x3E, 0x1F, 0x0F, 0xFF, 0x81,
    0xFF, 0xC0, 0x1F, 0xE0, 0x00, 0x80, 0x00, 0x38, 0x00, 0x17, 0x00, 0x01, 0xC0, 0x01, 0xE0, 0x00,
    0x00, 0x00, 0x1C, 0x00, 0x38, 0x00, 0xE0, 0x01, 0xC0, 0x00, 0x00, 0x00, 0x07, 0xFF, 0xDF, 0xFF,
    0x7F, 0xFD, 0xE0, 0x07, 0x80, 0x1E, 0x00, 0x78, 0x01, 0xE0, 0x07, 0xFF, 0x9F, 0xFE, 0x7F, 0xF9,
    0xE0, 0x07, 0x80, 0x1E, 0x00, 0x78, 0x01, 0xE0, 0x07, 0xFF, 0xDF, 0xFF, 0x7F, 0xFC, 0x00, 0xE0,
    0x07, 0x00, 0x1C, 0x00, 0xE0, 0x00, 0x00, 0x00, 0x07, 0xFF, 0xDF, 0xFF, 0x7F, 0xFD, 0xE0, 0x07,
    0x80, 0x1E, 0x00, 0x78, 0x01, 0xE0, 0x07, 0xFF, 0x9F, 0xFE, 0x7F, 0xF9, 0xE0, 0x07, 0x80, 0x1E,
    0x00, 0x78, 0x01, 0xE0, 0x07, 0xFF, 0xDF, 0xFF, 0x7F, 0xFC, 0x07, 0x80, 0x3E, 0x01, 0xDC, 0x0F,
    0x38, 0x00, 0x10, 0x00, 0x07, 0xFF, 0xDF, 0xFF, 0x7F, 0xFD, 0xE0, 0x07, 0x80, 0x1E, 0x00, 0x78,
    0x01, 0xE0, 0x07, 0xFF, 0x9F, 0xFE, 0x7F, 0xF9, 0xE0, 0x07, 0x80, 0x1E, 0x00, 0x78, 0x01, 0xE0,
    0x07, 0xFF, 0xDF, 0xFF, 0x7F, 0xFC, 0x18, 0x60, 0xF3, 0xC3, 0xCF, 0x07, 0x38, 0x00, 0x00, 0x00,
    0x07, 0xFF, 0xDF, 0xFF, 0x7F, 0xFD, 0xE0, 0x07, 0x80, 0x1E, 0x00, 0x78, 0x01, 0xE0, 0x07, 0xFF,
    0x9F, 0xFE, 0x7F, 0xF9, 0xE0, 0x07, 0x80, 0x1E, 0x00, 0x78, 0x01, 0xE0, 0x07, 0xFF, 0xDF, 0xFF,
    0x7F, 0xFC, 0x70, 0x70, 0xE0, 0xE0, 0x00, 0x07, 0x8F, 0x1E, 0x3C, 0x78, 0xF1, 0xE3, 0xC7, 0x8F,
    0x1E, 0x3C, 0x78, 0xF1, 0xE3, 0xC7, 0x8F, 0x1E, 0x1C, 0x70, 0xE3, 0x80, 0x00, 0x1E, 0x3C, 0x78,
    0xF1, 0xE3, 0xC7, 0x8F, 0x1E, 0x3C, 0x78, 0xF1, 0xE3, 0xC7, 0x8F, 0x1E, 0x3C, 0x78, 0x0F, 0x03,
    0xE0, 0xEE, 0x3C, 0xE0, 0x02, 0x00, 0x03, 0xC0, 0x78, 0x0F, 0x01, 0xE0, 0x3C, 0x07, 0x80, 0xF0,
    0x1E, 0x03, 0xC0, 0x78, 0x0F, 0x01, 0xE0, 0x3C, 0x07, 0x80, 0xF0, 0x1E, 0x03, 0xC0, 0x78, 0x0F,
    0x00, 0x30, 0xCF, 0x3D, 0xE7, 0x9C, 0xE0, 0x00, 0x00, 0x03, 0xC0, 0x78, 0x0F, 0x01, 0xE0, 0x3C,
    0x07, 0x80, 0xF0, 0x1E, 0x03, 0xC0, 0x78, 0x0F, 0x01, 0xE0, 0x3C, 0x07, 0x80, 0xF0, 0x1E, 0x03,
    0xC0, 0x78, 0x0F, 0x00, 0x1F, 0xF0, 0x03, 0xFF, 0xC0, 0x7F, 0xFC, 0x0F, 0x1F, 0xC1, 0xE0, 0x78,
    0x3C, 0x07, 0x87, 0x80, 0xF0, 0xF0, 0x1E, 0x7F, 0xE1, 0xEF, 0xFC, 0x3D, 0xFF, 0x87, 0x8F, 0x00,
    0xE1, 0xE0, 0x3C, 0x3C, 0x07, 0x87, 0x81, 0xE0, 0xF0, 0xFC, 0x1F, 0xFF, 0x03, 0xFF, 0xC0, 0x7F,
    0xE0, 0x00, 0x02, 0x00, 0x03, 0xCC, 0x03, 0xFC, 0x01, 0x8E, 0x00, 0x00, 0x00, 0x00, 0x01, 0xE0,
    0x1E, 0xF8, 0x0F, 0x7C, 0x07, 0xBF, 0x03, 0xDF, 0xC1, 0xEE, 0xE0, 0xF7, 0x78, 0x7B, 0xDE, 0x3D,
    0xEF, 0x1E, 0xF3, 0xCF, 0x79, 0xE7, 0xBC, 0x7B, 0xDE, 0x1D, 0xEF, 0x0F, 0xF7, 0x83, 0xFB, 0xC1,
    0xFD, 0xE0, 0x7E, 0xF0, 0x1F, 0x78, 0x0F, 0x80, 0x07, 0x00, 0x00, 0xE0, 0x00, 0x38, 0x00, 0x07,
    0x00, 0x00, 0x00, 0x00, 0x00, 0x00, 0x7F, 0x80, 0x3F, 0xF0, 0x1F, 0xFE, 0x0F, 0x8F, 0xC7, 0xC0,
    0xF9, 0xE0, 0x1E, 0xF8, 0x07, 0xBC, 0x00, 0xFF, 0x00, 0x3F, 0xC0, 0x0F, 0xF0, 0x03, 0xFC, 0x00,
    0xFF, 0x80, 0x79, 0xE0, 0x1E, 0x7C, 0x0F, 0x8F, 0x87, 0xC3, 0xFF, 0xE0, 0x3F, 0xF0, 0x07, 0xF8,
    0x00, 0x00, 0x00, 0x00, 0x38, 0x00, 0x1C, 0x00, 0x07, 0x00, 0x03, 0x80, 0x00, 0x00, 0x00, 0x00,
    0x00, 0x7F, 0x80, 0x3F, 0xF0, 0x1F, 0xFE, 0x0F, 0x8F, 0xC7, 0xC0, 0xF9, 0xE0, 0x1E, 0xF8, 0x07,
    0xBC, 0x00, 0xFF, 0x00, 0x3F, 0xC0, 0x0F, 0xF0, 0x03, 0xFC, 0x00, 0xFF, 0x80, 0x79, 0xE0, 0x1E,
    0x7C, 0x0F, 0x8F, 0x87, 0xC3, 0xFF, 0xE0, 0x3F, 0xF0, 0x07, 0xF8, 0x00, 0x00, 0x00, 0x01, 0xE0,
    0x00, 0xF8, 0x00, 0x77, 0x00, 0x3C, 0xE0, 0x00, 0x04, 0x00, 0x00, 0x00, 0x7F, 0x80, 0x3F, 0xF0,
    0x1F, 0xFE, 0x0F, 0x8F, 0xC7, 0xC0, 0xF9, 0xE0, 0x1E, 0xF8, 0x07, 0xBC, 0x00, 0xFF, 0x00, 0x3F,
    0xC0, 0x0F, 0xF0, 0x03, 0xFC, 0x00, 0xFF, 0x80, 0x79, 0xE0, 0x1E, 0x7C, 0x0F, 0x8F, 0x87, 0xC3,
    0xFF, 0xE0, 0x3F, 0xF0, 0x07, 0xF8, 0x00, 0x00, 0x00, 0x02, 0x00, 0x01, 0xE6, 0x00, 0xFF, 0x00,
    0x31, 0xC0, 0x00, 0x00, 0x00, 0x00, 0x00, 0x7F, 0x80, 0x3F, 0xF0, 0x1F, 0xFE, 0x0F, 0x8F, 0xC7,
    0xC0, 0xF9, 0xE0, 0x1E, 0xF8, 0x07, 0xBC, 0x00, 0xFF, 0x00, 0x3F, 0xC0, 0x0F, 0xF0, 0x03, 0xFC,
    0x00, 0xFF, 0x80, 0x79, 0xE0, 0x1E, 0x7C, 0x0F, 0x8F, 0x87, 0xC3, 0xFF, 0xE0, 0x3F, 0xF0, 0x07,
    0xF8, 0x00, 0x00, 0x00, 0x06, 0x18, 0x03, 0xCF, 0x00, 0xF3, 0xC0, 0x1C, 0xE0, 0x00, 0x00, 0x00,
    0x00, 0x00, 0x7F, 0x80, 0x3F, 0xF0, 0x1F, 0xFE, 0x0F, 0x8F, 0xC7, 0xC0, 0xF9, 0xE0, 0x1E, 0xF8,
    0x07, 0xBC, 0x00, 0xFF, 0x00, 0x3F, 0xC0, 0x0F, 0xF0, 0x03, 0xFC, 0x00, 0xFF, 0x80, 0x79, 0xE0,
    0x1E, 0x7C, 0x0F, 0x8F, 0x87, 0xC3, 0xFF, 0xE0, 0x3F, 0xF0, 0x07, 0xF8, 0x00, 0x00, 0x00, 0x00,
    0x00, 0x80, 0xC7, 0x07, 0xBE, 0x3E, 0x7D, 0xF0, 0xFF, 0x81, 0xFC, 0x03, 0xE0, 0x1F, 0xC0, 0xFF,
    0x87, 0xDF, 0x3E, 0x3E, 0x70, 0x78, 0x80, 0xC0, 0x00, 0x00, 0x00, 0x01, 0x01, 0xFE, 0xE0, 0xFF,
    0xF8, 0x7F, 0xFC, 0x3E, 0x3F, 0x1F, 0x07, 0xE7, 0x81, 0xFB, 0xE0, 0xFE, 0xF0, 0x73, 0xFC, 0x38,
    0xFF, 0x0E, 0x3F, 0xC7, 0x0F, 0xF3, 0x83, 0xFF, 0xC1, 0xE7, 0xF0, 0x79, 0xF8, 0x3E, 0x3E, 0x1F,
    0x0F, 0xFF, 0x83, 0xFF, 0xC1, 0xDF, 0xE0, 0x20, 0x00, 0x00, 0x07, 0x00, 0x01, 0xC0, 0x00, 0xE0,
    0x00, 0x38, 0x00, 0x00, 0x00, 0x00, 0x01, 0xE0, 0x3C, 0xF0, 0x1E, 0x78, 0x0F, 0x3C, 0x07, 0x9E,
    0x03, 0xCF, 0x01, 0xE7, 0x80, 0xF3, 0xC0, 0x79, 0xE0, 0x3C, 0xF0, 0x1E, 0x78, 0x0F, 0x3C, 0x07,
    0x9E, 0x03, 0xCF, 0x01, 0xE7, 0x80, 0xF3, 0xF1, 0xF8, 0xFF, 0xF8, 0x3F, 0xF8, 0x07, 0xF0, 0x00,
    0x00, 0x00, 0x00, 0x70, 0x00, 0x70, 0x00, 0x38, 0x00, 0x38, 0x00, 0x00, 0x00, 0x00, 0x01, 0xE0,
    0x3C, 0xF0, 0x1E, 0x78, 0x0F, 0x3C, 0x07, 0x9E, 0x03, 0xCF, 0x01, 0xE7, 0x80, 0xF3, 0xC0, 0x79,
    0xE0, 0x3C, 0xF0, 0x1E, 0x78, 0x0F, 0x3C, 0x07, 0x9E, 0x03, 0xCF, 0x01, 0xE7, 0x80, 0xF3, 0xF1,
    0xF8, 0xFF, 0xF8, 0x3F, 0xF8, 0x07, 0xF0, 0x00, 0x00, 0x00, 0x01, 0xE0, 0x01, 0xF0, 0x01, 0xDC,
    0x01, 0xE7, 0x00, 0x00, 0x40, 0x00, 0x01, 0xE0, 0x3C, 0xF0, 0x1E, 0x78, 0x0F, 0x3C, 0x07, 0x9E,
    0x03, 0xCF, 0x01, 0xE7, 0x80, 0xF3, 0xC0, 0x79, 0xE0, 0x3C, 0xF0, 0x1E, 0x78, 0x0F, 0x3C, 0x07,
    0x9E, 0x03, 0xCF, 0x01, 0xE7, 0x80, 0xF3, 0xF1, 0xF8, 0xFF, 0xF8, 0x3F, 0xF8, 0x07, 0xF0, 0x00,
    0x00, 0x00, 0x0C, 0x30, 0x0F, 0x3C, 0x07, 0x9E, 0x01, 0xCE, 0x00, 0x00, 0x00, 0x00, 0x01, 0xE0,
    0x3C, 0xF0, 0x1E, 0x78, 0x0F, 0x3C, 0x07, 0x9E, 0x03, 0xCF, 0x01, 0xE7, 0x80, 0xF3, 0xC0, 0x79,
    0xE0, 0x3C, 0xF0, 0x1E, 0x78, 0x0F, 0x3C, 0x07, 0x9E, 0x03, 0xCF, 0x01, 0xE7, 0x80, 0xF3, 0xF1,
    0xF8, 0xFF, 0xF8, 0x3F, 0xF8, 0x07, 0xF0, 0x00, 0x00, 0x00, 0x00, 0x38, 0x00, 0x0E, 0x00, 0x01,
    0xC0, 0x00, 0x70, 0x00, 0x00, 0x00, 0x00, 0x00, 0x1E, 0x00, 0xF3, 0xE0, 0x3C, 0x3C, 0x0F, 0x83,
    0xC1, 0xE0, 0x78, 0x7C, 0x07, 0x8F, 0x00, 0xFB, 0xE0, 0x0F, 0x78, 0x00, 0xFE, 0x00, 0x1F, 0xC0,
    0x01, 0xF0, 0x00, 0x3E, 0x00, 0x03, 0x80, 0x00, 0x70, 0x00, 0x0E, 0x00, 0x01, 0xC0, 0x00, 0x38,
    0x00, 0x07, 0x00, 0x00, 0xE0, 0x00, 0x70, 0x00, 0xE0, 0x01, 0xC0, 0x03, 0x80, 0x07, 0xFE, 0x0F,
    0xFF, 0x1F, 0xFF, 0x38, 0x1E, 0x70, 0x3C, 0xE0, 0x39, 0xC0, 0xF3, 0x81, 0xE7, 0xFF, 0x8F, 0xFE,
    0x1F, 0xF8, 0x38, 0x00, 0x70, 0x00, 0xE0, 0x01, 0xC0, 0x00, 0x00, 0x00, 0x1F, 0xC0, 0xFF, 0xC3,
    0xFF, 0xC7, 0xC7, 0xCF, 0x07, 0x9C, 0x0F, 0x38, 0x1C, 0x70, 0x78, 0xE3, 0xE1, 0xC7, 0xE3, 0x8F,
    0xE7, 0x03, 0xEE, 0x03, 0xDC, 0x07, 0xB8, 0x0F, 0x70, 0x3E, 0xE7, 0xF9, 0xCF, 0xE3, 0x9F, 0x80,
    0x0E, 0x00, 0x1C, 0x00, 0x70, 0x00, 0xE0, 0x00, 0x00, 0x00, 0x00, 0xFE, 0x07, 0xFC, 0x3F, 0xF9,
    0xE1, 0xE0, 0x03, 0x80, 0x3E, 0x1F, 0xF8, 0xFF, 0xE7, 0x83, 0x9E, 0x0E, 0x78, 0x79, 0xF7, 0xE3,
    0xFB, 0x87, 0xCE, 0x00, 0x00, 0x00, 0xE0, 0x07, 0x00, 0x1C, 0x00, 0xE0, 0x00, 0x00, 0x00, 0x00,
    0xFE, 0x07, 0xFC, 0x3F, 0xF9, 0xE1, 0xE0, 0x03, 0x80, 0x3E, 0x1F, 0xF8, 0xFF, 0xE7, 0x83, 0x9E,
    0x0E, 0x78, 0x79, 0xF7, 0xE3, 0xFB, 0x87, 0xCE, 0x00, 0x00, 0x03, 0xC0, 0x1F, 0x00, 0xEE, 0x07,
    0x9C, 0x00, 0x08, 0x00, 0x00, 0xFE, 0x07, 0xFC, 0x3F, 0xF9, 0xE1, 0xE0, 0x03, 0x80, 0x3E, 0x1F,
    0xF8, 0xFF, 0xE7, 0x83, 0x9E, 0x0E, 0x78, 0x79, 0xF7, 0xE3, 0xFB, 0x87, 0xCE, 0x00, 0x00, 0x04,
    0x00, 0x3C, 0xC1, 0xFE, 0x06, 0x38, 0x00, 0x00, 0x00, 0x00, 0xFE, 0x07, 0xFC, 0x3F, 0xF9, 0xE1,
    0xE0, 0x03, 0x80, 0x3E, 0x1F, 0xF8, 0xFF, 0xE7, 0x83, 0x9E, 0x0E, 0x78, 0x79, 0xF7, 0xE3, 0xFB,
    0x87, 0xCE, 0x00, 0x00, 0x18, 0x60, 0xF3, 0xC3, 0xCF, 0x07, 0x38, 0x00, 0x00, 0x00, 0x00, 0xFE,
    0x07, 0xFC, 0x3F, 0xF9, 0xE1, 0xE0, 0x03, 0x80, 0x3E, 0x1F, 0xF8, 0xFF, 0xE7, 0x83, 0x9E, 0x0E,
    0x78, 0x79, 0xF7, 0xE3, 0xFB, 0x87, 0xCE, 0x00, 0x00, 0x00, 0x00, 0x1F, 0x00, 0x6E, 0x03, 0x18,
    0x0C, 0x60, 0x1F, 0x80, 0x3C, 0x00, 0x00, 0x0F, 0xE0, 0x7F, 0xC3, 0xFF, 0x9E, 0x1E, 0x00, 0x38,
    0x03, 0xE1, 0xFF, 0x8F, 0xFE, 0x78, 0x39, 0xE0, 0xE7, 0x87, 0x9F, 0x7E, 0x3F, 0xB8, 0x7C, 0xE0,
    0x00, 0x00, 0x00, 0x00, 0x00, 0x1F, 0x8F, 0xC0, 0x7F, 0xFF, 0xE1, 0xFF, 0xFF, 0xC7, 0x87, 0xC3,
    0xC0, 0x07, 0x03, 0x80, 0x0E, 0x07, 0x8F, 0xFF, 0xFF, 0x3F, 0xFF, 0xFE, 0xF0, 0x70, 0x01, 0xE0,
    0xE0, 0x03, 0xC3, 0xE0, 0xE7, 0xDF, 0xFF, 0xC7, 0xFF, 0xFF, 0x07, 0xE1, 0xFC, 0x00, 0x00, 0x00,
    0x00, 0x00, 0x0F, 0xC0, 0x7F, 0xE1, 0xFF, 0xC3, 0xC3, 0xCF, 0x07, 0x9E, 0x00, 0x3C, 0x00, 0x78,
    0x00, 0xF0, 0x01, 0xE0, 0xF1, 0xE1, 0xE3, 0xFF, 0x83, 0xFF, 0x03, 0xF8, 0x00, 0x80, 0x01, 0xC0,
    0x05, 0xC0, 0x03, 0x80, 0x1E, 0x00, 0x00, 0x00, 0x0E, 0x00, 0x0E, 0x00, 0x1C, 0x00, 0x1C, 0x00,
    0x00, 0x00, 0x00, 0x01, 0xF8, 0x0F, 0xF8, 0x3F, 0xF8, 0x78, 0x79, 0xE0, 0xF3, 0xC0, 0xE7, 0xFF,
    0xCF, 0xFF, 0x9E, 0x00, 0x3C, 0x00, 0x3C, 0x3C, 0x7F, 0xF8, 0x7F, 0xE0, 0x7F, 0x00, 0x00, 0x00,
    0x00, 0xE0, 0x03, 0x80, 0x07, 0x00, 0x1C, 0x00, 0x00, 0x00, 0x00, 0x01, 0xF8, 0x0F, 0xF8, 0x3F,
    0xF8, 0x78, 0x79, 0xE0, 0xF3, 0xC0, 0xE7, 0xFF, 0xCF, 0xFF, 0x9E, 0x00, 0x3C, 0x00, 0x3C, 0x3C,
    0x7F, 0xF8, 0x7F, 0xE0, 0x7F, 0x00, 0x00, 0x00, 0x03, 0xC0, 0x0F, 0x80, 0x3B, 0x80, 0xF3, 0x80,
    0x00, 0x80, 0x00, 0x01, 0xF8, 0x0F, 0xF8, 0x3F, 0xF8, 0x78, 0x79, 0xE0, 0xF3, 0xC0, 0xE7, 0xFF,
    0xCF, 0xFF, 0x9E, 0x00, 0x3C, 0x00, 0x3C, 0x3C, 0x7F, 0xF8, 0x7F, 0xE0, 0x7F, 0x00, 0x00, 0x00,
    0x0C, 0x30, 0x3C, 0xF0, 0x79, 0xE0, 0x73, 0x80, 0x00, 0x00, 0x00, 0x01, 0xF8, 0x0F, 0xF8, 0x3F,
    0xF8, 0x78, 0x79, 0xE0, 0xF3, 0xC0, 0xE7, 0xFF, 0xCF, 0xFF, 0x9E, 0x00, 0x3C, 0x00, 0x3C, 0x3C,
    0x7F, 0xF8, 0x7F, 0xE0, 0x7F, 0x00, 0x00, 0x00, 0x70, 0x70, 0xE0, 0xE0, 0x00, 0x07, 0x0E, 0x1C,
    0x38, 0x70, 0xE1, 0xC3, 0x87, 0x0E, 0x1C, 0x38, 0x70, 0xE0, 0x1C, 0x70, 0xE3, 0x80, 0x00, 0x1C,
    0x38, 0x70, 0xE1, 0xC3, 0x87, 0x0E, 0x1C, 0x38, 0x70, 0xE1, 0xC3, 0x80, 0x0F, 0x03, 0xE0, 0xEE,
    0x3C, 0xE0, 0x02, 0x00, 0x03, 0x80, 0x70, 0x0E, 0x01, 0xC0, 0x38, 0x07, 0x00, 0xE0, 0x1C, 0x03,
    0x80, 0x70, 0x0E, 0x01, 0xC0, 0x38, 0x07, 0x00, 0x61, 0x9E, 0x7B, 0xCF, 0x39, 0xC0, 0x00, 0x00,
    0x03, 0x80, 0x70, 0x0E, 0x01, 0xC0, 0x38, 0x07, 0x00, 0xE0, 0x1C, 0x03, 0x80, 0x70, 0x0E, 0x01,
    0xC0, 0x38, 0x07, 0x00, 0x08, 0x10, 0x3C, 0x60, 0x3F, 0x80, 0x1E, 0x00, 0xFE, 0x03, 0x9E, 0x04,
    0x1E, 0x07, 0xDC, 0x1F, 0xDC, 0x7C, 0xF8, 0xE0, 0xF3, 0xC0, 0xE7, 0x81, 0xCF, 0x03, 0x9E, 0x07,
    0x3C, 0x0E, 0x3C, 0x3C, 0x7F, 0xF0, 0x7F, 0xC0, 0x7F, 0x00, 0x00, 0x00, 0x08, 0x00, 0x79, 0x83,
    0xFC, 0x0C, 0x70, 0x00, 0x00, 0x00, 0x07, 0x3E, 0x1D, 0xFC, 0x7F, 0xF9, 0xE1, 0xE7, 0x87, 0x9C,
    0x0E, 0x70, 0x39, 0xC0, 0xE7, 0x03, 0x9C, 0x0E, 0x70, 0x39, 0xC0, 0xE7, 0x03, 0x9C, 0x0E, 0x0E,
    0x00, 0x0E, 0x00, 0x1C, 0x00, 0x1C, 0x00, 0x00, 0x00, 0x00, 0x01, 0xF8, 0x0F, 0xFC, 0x3F, 0xFC,
    0x78, 0x79, 0xE0, 0xF3, 0xC0, 0xF7, 0x81, 0xEF, 0x03, 0xDE, 0x07, 0xBC, 0x1E, 0x3C, 0x3C, 0x7F,
    0xF8, 0x7F, 0xE0, 0x7F, 0x00, 0x00, 0x00, 0x00, 0x70, 0x01, 0xC0, 0x03, 0x80, 0x0E, 0x00, 0x00,
    0x00, 0x00, 0x01, 0xF8, 0x0F, 0xFC, 0x3F, 0xFC, 0x78, 0x79, 0xE0, 0xF3, 0xC0, 0xF7, 0x81, 0xEF,
    0x03, 0xDE, 0x07, 0xBC, 0x1E, 0x3C, 0x3C, 0x7F, 0xF8, 0x7F, 0xE0, 0x7F, 0x00, 0x00, 0x00, 0x03,
    0xC0, 0x0F, 0x80, 0x3B, 0x80, 0xF3, 0x80, 0x00, 0x80, 0x00, 0x01, 0xF8, 0x0F, 0xFC, 0x3F, 0xFC,
    0x78, 0x79, 0xE0, 0xF3, 0xC0, 0xF7, 0x81, 0xEF, 0x03, 0xDE, 0x07, 0xBC, 0x1E, 0x3C, 0x3C, 0x7F,
    0xF8, 0x7F, 0xE0, 0x7F, 0x00, 0x00, 0x00, 0x04, 0x00, 0x1E, 0x60, 0x7F, 0x80, 0xC7, 0x00, 0x00,
    0x00, 0x00, 0x01, 0xF8, 0x0F, 0xFC, 0x3F, 0xFC, 0x78, 0x79, 0xE0, 0xF3, 0xC0, 0xF7, 0x81, 0xEF,
    0x03, 0xDE, 0x07, 0xBC, 0x1E, 0x3C, 0x3C, 0x7F, 0xF8, 0x7F, 0xE0, 0x7F, 0x00, 0x00, 0x00, 0x0C,
    0x30, 0x3C, 0xF0, 0x79, 0xE0, 0x73, 0x80, 0x00, 0x00, 0x00, 0x01, 0xF8, 0x0F, 0xFC, 0x3F, 0xFC,
    0x78, 0x79, 0xE0, 0xF3, 0xC0, 0xF7, 0x81, 0xEF, 0x03, 0xDE, 0x07, 0xBC, 0x1E, 0x3C, 0x3C, 0x7F,
    0xF8, 0x7F, 0xE0, 0x7F, 0x00, 0x00, 0x00, 0x03, 0x00, 0x1E, 0x00, 0x78, 0x01, 0xE0, 0x02, 0x00,
    0x00, 0x0F, 0xFF, 0xBF, 0xFE, 0xFF, 0xF8, 0x00, 0x00, 0x20, 0x01, 0xE0, 0x07, 0x80, 0x1E, 0x00,
    0x30, 0x00, 0x00, 0x04, 0x0F, 0xDC, 0x7F, 0xF1, 0xFF, 0xE3, 0xC3, 0xCF, 0x0F, 0x9E, 0x37, 0xBC,
    0xEF, 0x7B, 0x9E, 0xFE, 0x3D, 0xF8, 0xF1, 0xE1, 0xE3, 0xFF, 0xC7, 0xFF, 0x1B, 0xF8, 0x20, 0x00,
    0x1C, 0x00, 0x38, 0x00, 0xE0, 0x01, 0xC0, 0x00, 0x00, 0x00, 0x07, 0x03, 0x9C, 0x0E, 0x70, 0x39,
    0xC0, 0xE7, 0x03, 0x9C, 0x0E, 0x70, 0x39, 0xC0, 0xE7, 0x03, 0x9E, 0x1E, 0x78, 0x79, 0xFF, 0xE3,
    0xFB, 0x87, 0xCE, 0x00, 0x00, 0x00, 0xE0, 0x07, 0x00, 0x1C, 0x00, 0xE0, 0x00, 0x00, 0x00, 0x07,
    0x03, 0x9C, 0x0E, 0x70, 0x39, 0xC0, 0xE7, 0x03, 0x9C, 0x0E, 0x70, 0x39, 0xC0, 0xE7, 0x03, 0x9E,
    0x1E, 0x78, 0x79, 0xFF, 0xE3, 0xFB, 0x87, 0xCE, 0x00, 0x00, 0x07, 0x80, 0x3E, 0x01, 0xDC, 0x0F,
    0x38, 0x00, 0x10, 0x00, 0x07, 0x03, 0x9C, 0x0E, 0x70, 0x39, 0xC0, 0xE7, 0x03, 0x9C, 0x0E, 0x70,
    0x39, 0xC0, 0xE7, 0x03, 0x9E, 0x1E, 0x78, 0x79, 0xFF, 0xE3, 0xFB, 0x87, 0xCE, 0x00, 0x00, 0x18,
    0x60, 0xF3, 0xC3, 0xCF, 0x07, 0x38, 0x00, 0x00, 0x00, 0x07, 0x03, 0x9C, 0x0E, 0x70, 0x39, 0xC0,
    0xE7, 0x03, 0x9C, 0x0E, 0x70, 0x39, 0xC0, 0xE7, 0x03, 0x9E, 0x1E, 0x78, 0x79, 0xFF, 0xE3, 0xFB,
    0x87, 0xCE, 0x00, 0x00, 0x00, 0xE0, 0x01, 0xC0, 0x01, 0xC0, 0x03, 0x80, 0x00, 0x00, 0x00, 0x00,
    0xF8, 0x1E, 0x78, 0x1C, 0x78, 0x3C, 0x3C, 0x3C, 0x3C, 0x38, 0x3C, 0x78, 0x1C, 0x78, 0x1E, 0x70,
    0x0E, 0xF0, 0x0E, 0xE0, 0x0F, 0xE0, 0x07, 0xE0, 0x07, 0xC0, 0x07, 0xC0, 0x03, 0xC0, 0x07, 0x80,
    0x3F, 0x80, 0x3F, 0x00, 0x3E, 0x00, 0x00, 0x00, 0x70, 0x00, 0xE0, 0x01, 0xC0, 0x03, 0x80, 0x07,
    0x00, 0x0E, 0x7C, 0x1D, 0xFC, 0x3F, 0xFC, 0x7C, 0x7C, 0xF0, 0x79, 0xC0, 0xF3, 0x81, 0xE7, 0x03,
    0xCE, 0x07, 0x9E, 0x0F, 0x3E, 0x3E, 0x7F, 0xF8, 0xEF, 0xE1, 0xCF, 0x83, 0x80, 0x07, 0x00, 0x0E,
    0x00, 0x1C, 0x00, 0x38, 0x00, 0x00, 0x00, 0x0C, 0x30, 0x1E, 0x78, 0x1E, 0x78, 0x0E, 0x70, 0x00,
    0x00, 0x00, 0x00, 0xF8, 0x1E, 0x78, 0x1C, 0x78, 0x3C, 0x3C, 0x3C, 0x3C, 0x38, 0x3C, 0x78, 0x1C,
    0x78, 0x1E, 0x70, 0x0E, 0xF0, 0x0E, 0xE0, 0x0F, 0xE0, 0x07, 0xE0, 0x07, 0xC0, 0x07, 0xC0, 0x03,
    0xC0, 0x07, 0x80, 0x3F, 0x80, 0x3F, 0x00, 0x3E, 0x00, 0x00, 0x00
};

const epaper_font::GlyphRange kInter26Bold_ext = {
    0xA0,
    0xFF,
    kInter26Bold_ext_glyphs,
    kInter26Bold_ext_bitmaps,
};

const epaper_font::GlyphBitmap kInter26Black_ext_glyphs[] = {
    {     0,    0,   0,   0,    0,    0,   6 },
    {     0,   18,   7,  20,    1,   15,  10 },
    {    18,   36,  15,  19,    0,   19,  16 },
    {    54,   43,  17,  20,    0,   20,  18 },
    {    97,   41,  18,  18,    1,   17,  21 },
    {   138,   36,  15,  19,    0,   19,  16 },
    {   174,   18,   6,  23,    2,   19,  11 },
    {   192,   42,  14,  24,    0,   20,  15 },
    {   234,    7,  11,   5,    3,   20,  17 },
    {   241,   53,  20,  21,    2,   20,  24 },
    {   294,   18,  12,  12,    0,   20,  13 },
    {   312,   30,  18,  13,    0,   14,  19 },
    {   342,   13,  13,   8,    2,   11,  18 },
    {   355,   40,  15,  21,    0,   20,  16 },
    {   395,   30,  15,  16,    1,   20,  18 },
    {   425,    5,   9,   4,    1,   20,  11 },
    {   430,   14,  10,  11,    1,   20,  12 },
    {   444,   27,  14,  15,    2,   15,  18 },
    {   471,   16,  11,  11,    0,   22,  12 },
    {   487,   16,  11,  11,    1,   22,  13 },
    {   503,    5,   8,   5,    1,   20,  11 },
    {   508,   42,  16,  21,    1,   15,  18 },
    {   550,   36,  15,  19,    0,   19,  16 },
    {   586,    6,   7,   6,    1,   12,  10 },
    {   592,    6,   6,   7,    3,    1,  12 },
    {   598,   10,   7,  11,    1,   22,   9 },
    {   608,   20,  13,  12,    0,   20,  13 },
    {   628,   30,  18,  13,    0,   14,  19 },
    {   658,   55,  23,  19,    0,   19,  23 },
    {   713,   55,  23,  19,    0,   19,  24 },
    {   768,   63,  25,  20,    0,   20,  25 },
    {   831,   37,  14,  21,    1,   15,  16 },
    {   868,   66,  21,  25,    0,   25,  21 },
    {   934,   66,  21,  25,    0,   25,  21 },
    {  1000,   66,  21,  25,    0,   25,  21 },
    {  1066,   66,  21,  25,    0,   25,  21 },
    {  1132,   66,  21,  25,    0,   25,  21 },
    {  1198,   69,  21,  26,    0,   26,  21 },
    {  1267,   65,  27,  19,    0,   19,  28 },
    {  1332,   62,  19,  26,    0,   20,  20 },
    {  1394,   47,  15,  25,    1,   25,  17 },
    {  1441,   47,  15,  25,    1,   25,  17 },
    {  1488,   47,  15,  25,    1,   25,  17 },
    {  1535,   47,  15,  25,    1,   25,  17 },
    {  1582,   25,   8,  25,   -1,   25,   8 },
    {  1607,   25,   8,  25,    1,   25,   8 },
    {  1632,   41,  13,  25,   -3,   25,   8 },
    {  1673,   38,  12,  25,   -2,   25,   8 },
    {  1711,   48,  20,  19,    0,   19,  21 },
    {  1759,   57,  18,  25,    1,   25,  20 },
    {  1816,   65,  20,  26,    0,   25,  20 },
    {  1881,   65,  20,  26,    0,   25,  20 },
    {  1946,   65,  20,  26,    0,   25,  20 },
    {  2011,   65,  20,  26,    0,   25,  20 },
    {  2076,   65,  20,  26,    0,   25,  20 },
    {  2141,   30,  16,  15,    1,   15,  18 },
    {  2171,   55,  20,  22,    0,   20,  20 },
    {  2226,   56,  17,  26,    1,   25,  19 },
    {  2282,   56,  17,  26,    1,   25,  19 },
    {  2338,   56,  17,  26,    1,   25,  19 },
    {  2394,   56,  17,  26,    1,   25,  19 },
    {  2450,   63,  20,  25,    0,   25,  20 },
    {  2513,   38,  16,  19,    1,   19,  19 },
    {  2551,   43,  17,  20,    1,   20,  18 },
    {  2594,   40,  15,  21,    0,   20,  16 },
    {  2634,   40,  15,  21,    0,   20,  16 },
    {  2674,   40,  15,  21,    0,   20,  16 },
    {  2714,   40,  15,  21,    0,   20,  16 },
    {  2754,   40,  15,  21,    0,   20,  16 },
    {  2794,   44,  15,  23,    0,   22,  16 },
    {  2838,   46,  23,  16,    0,   15,  24 },
    {  2884,   40,  15,  21,    0,   15,  16 },
    {  2924,   40,  15,  21,    0,   20,  16 },
    {  2964,   40,  15,  21,    0,   20,  16 },
    {  3004,   40,  15,  21,    0,   20,  16 },
    {  3044,   40,  15,  21,    0,   20,  16 },
    {  3084,   20,   8,  20,   -1,   20,   8 },
    {  3104,   20,   8,  20,    1,   20,   8 },
    {  3124,   33,  13,  20,   -3,   20,   8 },
    {  3157,   30,  12,  20,   -2,   20,   8 },
    {  3187,   42,  16,  21,    0,   20,  16 },
    {  3229,   38,  15,  20,    1,   20,  17 },
    {  3267,   42,  16,  21,    0,   20,  17 },
    {  3309,   42,  16,  21,    0,   20,  17 },
    {  3351,   42,  16,  21,    0,   20,  17 },
    {  3393,   42,  16,  21,    0,   20,  17 },
    {  3435,   42,  16,  21,    0,   20,  17 },
    {  3477,   30,  14,  17,    2,   16,  18 },
    {  3507,   32,  16,  16,    0,   15,  17 },
    {  3539,   40,  15,  21,    1,   20,  17 },
    {  3579,   40,  15,  21,    1,   20,  17 },
    {  3619,   40,  15,  21,    1,   20,  17 },
    {  3659,   40,  15,  21,    1,   20,  17 },
    {  3699,   56,  17,  26,    0,   20,  17 },
    {  3755,   47,  15,  25,    1,   19,  17 },
    {  3802,   56,  17,  26,    0,   20,  17 },
};

const uint8_t kInter26Black_ext_bitmaps[] = {
    0x00, 0x79, 0xF3, 0xE7, 0xC7, 0x00, 0x3E, 0x7C, 0xF9, 0xF3, 0xE7, 0xCF, 0x9F, 0x3E, 0x7C, 0xF9,
    0xF3, 0xE0, 0x01, 0x80, 0x03, 0x00, 0x0F, 0x00, 0x7F, 0x83, 0xFF, 0xC7, 0xFF, 0x9F, 0xFF, 0xBE,
    0xDF, 0x7D, 0x80, 0xFB, 0x01, 0xF6, 0x03, 0xED, 0xF7, 0xFF, 0xE7, 0xFF, 0x8F, 0xFF, 0x07, 0xF8,
    0x03, 0xC0, 0x03, 0x00, 0x06, 0x00, 0x00, 0x00, 0x01, 0xFC, 0x03, 0xFF, 0x01, 0xFF, 0xC1, 0xFF,
    0xF0, 0xF8, 0xF8, 0x7C, 0x7C, 0x3E, 0x00, 0x1F, 0x00, 0x3F, 0xF0, 0x1F, 0xF8, 0x0F, 0xFC, 0x01,
    0xF0, 0x00, 0xF8, 0x00, 0x78, 0x00, 0x7C, 0x1E, 0x7F, 0xFF, 0x3F, 0xFF, 0x9F, 0xFF, 0x8F, 0xFF,
    0x80, 0x00, 0x00, 0x08, 0x38, 0x47, 0x7F, 0xB9, 0xFF, 0xFF, 0x1E, 0x0F, 0x0E, 0x01, 0xC3, 0x80,
    0x38, 0xC0, 0x0E, 0x70, 0x01, 0x9C, 0x00, 0x67, 0x00, 0x38, 0xC0, 0x0E, 0x38, 0x03, 0x87, 0x03,
    0xC3, 0xF3, 0xF9, 0xFF, 0xFF, 0x33, 0xF9, 0x80, 0x00, 0x00, 0xFC, 0x3E, 0xF8, 0xF9, 0xF1, 0xF1,
    0xF7, 0xC3, 0xEF, 0x83, 0xDF, 0x07, 0xFC, 0x07, 0xF8, 0x0F, 0xE0, 0xFF, 0xF9, 0xFF, 0xF3, 0xFF,
    0xE0, 0x7C, 0x0F, 0xFF, 0x9F, 0xFF, 0x03, 0xE0, 0x07, 0xC0, 0x0F, 0x80, 0x1F, 0x00, 0x79, 0xE7,
    0x9E, 0x79, 0xE7, 0x9E, 0x78, 0x00, 0x00, 0x00, 0x07, 0x9E, 0x79, 0xE7, 0x9E, 0x79, 0xE7, 0x80,
    0x00, 0x00, 0x3F, 0x03, 0xFF, 0x0F, 0xFC, 0x7F, 0xF9, 0xF1, 0xE7, 0xC0, 0x0F, 0xC0, 0x3F, 0xF0,
    0x7F, 0xE3, 0xFF, 0xDE, 0x1F, 0x78, 0x3D, 0xF0, 0xE7, 0xFF, 0x0F, 0xFC, 0x0F, 0xF8, 0x03, 0xE0,
    0x07, 0x9F, 0x1E, 0x3F, 0xF8, 0xFF, 0xE1, 0xFF, 0x01, 0xE0, 0x71, 0xDF, 0x7B, 0xEF, 0xB9, 0xE4,
    0x10, 0x00, 0x00, 0x00, 0x3F, 0x80, 0x0F, 0xFE, 0x01, 0xFF, 0xF8, 0x3F, 0xBF, 0x83, 0xC0, 0x7C,
    0x79, 0xFB, 0xE7, 0xBF, 0xDE, 0xF7, 0xFC, 0xEF, 0x70, 0xEE, 0xF7, 0x00, 0xFF, 0x70, 0xEE, 0xF7,
    0x9C, 0xE7, 0xBF, 0xDE, 0x79, 0xFB, 0xE7, 0xC4, 0x7C, 0x3F, 0x9F, 0xC1, 0xFF, 0xF8, 0x0F, 0xFE,
    0x00, 0x3F, 0xC0, 0x00, 0x00, 0x00, 0x00, 0x01, 0xF8, 0x3F, 0xE7, 0x9E, 0x01, 0xE1, 0xFE, 0x7F,
    0xE7, 0x9E, 0x71, 0xE7, 0xFE, 0x7E, 0xE1, 0xCE, 0x03, 0xE7, 0xC1, 0xF3, 0xE0, 0xFD, 0xF8, 0x7E,
    0xFC, 0x3F, 0x7E, 0x0F, 0x9F, 0x07, 0xEF, 0xC0, 0xF9, 0xF0, 0x1F, 0x3E, 0x03, 0xE7, 0xC0, 0x7C,
    0xF8, 0x1F, 0xBF, 0x00, 0x00, 0x00, 0x00, 0x03, 0xFF, 0xDF, 0xFE, 0xFF, 0xF7, 0xFF, 0x80, 0x3C,
    0x01, 0xE0, 0x0F, 0x00, 0x00, 0x1F, 0xC0, 0x7F, 0xE1, 0xFF, 0xE7, 0xFF, 0xCF, 0x8F, 0x9F, 0x1F,
    0x80, 0x3E, 0x00, 0xFC, 0x07, 0xF0, 0x0F, 0xC0, 0x3E, 0x00, 0x7C, 0x00, 0xF0, 0x00, 0x00, 0x01,
    0xC0, 0x07, 0xC0, 0x0F, 0x80, 0x1F, 0x00, 0x3C, 0x00, 0x00, 0x00, 0x00, 0x00, 0x1F, 0xC0, 0x7F,
    0xC1, 0xC1, 0xC7, 0x01, 0xCC, 0xF9, 0xB9, 0xB9, 0xE3, 0x33, 0xC7, 0xC7, 0x8D, 0x8D, 0x9B, 0x3B,
    0x33, 0x63, 0x01, 0xC7, 0xDF, 0x03, 0xF8, 0x01, 0xC0, 0x00, 0x7F, 0xBF, 0xDF, 0xE0, 0x00, 0x07,
    0x83, 0xF1, 0xFE, 0xF3, 0xF8, 0x7F, 0x3D, 0xFE, 0x7F, 0x8F, 0xC0, 0x00, 0x07, 0x80, 0x1E, 0x00,
    0x78, 0x3F, 0xFF, 0xFF, 0xFF, 0xFF, 0xFF, 0xFF, 0xC1, 0xE0, 0x07, 0x80, 0x00, 0x00, 0x00, 0x3F,
    0xFF, 0xFF, 0xFF, 0xFF, 0xF0, 0x00, 0x00, 0x1F, 0x87, 0xF9, 0xFF, 0xB8, 0xF0, 0x1E, 0x0F, 0x83,
    0xE1, 0xF0, 0x7F, 0xEF, 0xFD, 0xFF, 0x80, 0x1F, 0x0F, 0xF3, 0xFF, 0x01, 0xE0, 0xF8, 0x1E, 0x00,
    0xF7, 0x9E, 0xFF, 0xCF, 0xF8, 0x7C, 0x00, 0x1E, 0x3C, 0x38, 0x78, 0x00, 0x00, 0x00, 0xF8, 0x7C,
    0xF8, 0x7C, 0xF8, 0x7C, 0xF8, 0x7C, 0xF8, 0x7C, 0xF8, 0x7C, 0xF8, 0x7C, 0xF8, 0x7C, 0xF8, 0x7C,
    0xFC, 0x7C, 0xFF, 0xFF, 0xFF, 0xFF, 0xFB, 0xFF, 0xF9, 0x1F, 0xF8, 0x00, 0xF8, 0x00, 0xF8, 0x00,
    0xF8, 0x00, 0xF8, 0x00, 0x00, 0x00, 0x0F, 0xFC, 0x3F, 0xF8, 0xFF, 0xF3, 0xFF, 0xE7, 0xF1, 0xCF,
    0xE3, 0x9F, 0xC7, 0x3F, 0x8E, 0x7F, 0x1C, 0x7E, 0x38, 0x7C, 0x70, 0x78, 0xE0, 0x01, 0xC0, 0x03,
    0x80, 0x07, 0x00, 0x0E, 0x00, 0x1C, 0x00, 0x38, 0x00, 0x70, 0x38, 0xF9, 0xF3, 0xE3, 0x80, 0x00,
    0x30, 0x87, 0x87, 0x1D, 0xF0, 0x00, 0x3E, 0xFF, 0xFE, 0xF9, 0xE3, 0xC7, 0x8F, 0x1E, 0x3C, 0x78,
    0x00, 0x00, 0xFE, 0x0F, 0xF8, 0xFF, 0xE7, 0x8F, 0x38, 0x79, 0xC3, 0xCF, 0x1E, 0x78, 0xF1, 0xFF,
    0x07, 0xF0, 0x0E, 0x00, 0x7C, 0xF8, 0x0F, 0x9F, 0x01, 0xF3, 0xE0, 0x7E, 0xFC, 0x0F, 0xDF, 0x81,
    0xF3, 0xE0, 0x3E, 0x7C, 0x1F, 0x3E, 0x0F, 0x9F, 0x07, 0xCF, 0x83, 0xF7, 0xE1, 0xFB, 0xF0, 0x00,
    0x00, 0x00, 0x1C, 0x00, 0xE0, 0x78, 0x03, 0x81, 0xF0, 0x0E, 0x02, 0xE0, 0x1C, 0x01, 0xC0, 0x70,
    0x03, 0x81, 0xC0, 0x07, 0x03, 0x80, 0x0E, 0x0E, 0x00, 0x1C, 0x38, 0x78, 0x38, 0xF1, 0xF0, 0x71,
    0xC3, 0xE0, 0x07, 0x0F, 0xC0, 0x1C, 0x3B, 0x80, 0x38, 0x77, 0x00, 0xE1, 0xCE, 0x03, 0x83, 0xFE,
    0x07, 0x07, 0xFC, 0x1C, 0x0F, 0xF8, 0x70, 0x00, 0xE0, 0x1C, 0x00, 0xE0, 0x78, 0x03, 0x81, 0xF0,
    0x0E, 0x02, 0xE0, 0x1C, 0x01, 0xC0, 0x70, 0x03, 0x81, 0xC0, 0x07, 0x03, 0x80, 0x0E, 0x0E, 0x00,
    0x1C, 0x38, 0x78, 0x38, 0xF3, 0xF8, 0x71, 0xC7, 0xF8, 0x07, 0x0E, 0x70, 0x1C, 0x00, 0xE0, 0x38,
    0x03, 0x80, 0xE0, 0x0E, 0x03, 0x80, 0x78, 0x07, 0x01, 0xE0, 0x1C, 0x03, 0xFC, 0x70, 0x07, 0xF8,
    0x00, 0x00, 0x00, 0x0F, 0x00, 0x1C, 0x0F, 0xC0, 0x1C, 0x0F, 0xF0, 0x1C, 0x07, 0x38, 0x0E, 0x00,
    0x3C, 0x0E, 0x00, 0x38, 0x0E, 0x00, 0x1F, 0x07, 0x00, 0x03, 0x87, 0x00, 0x39, 0xC7, 0x0F, 0x1F,
    0xE7, 0x8F, 0x87, 0xE3, 0x87, 0xC0, 0x03, 0x87, 0xE0, 0x03, 0x87, 0x70, 0x01, 0xC3, 0xB8, 0x01,
    0xC3, 0x9C, 0x01, 0xC1, 0xFF, 0x00, 0xE0, 0xFF, 0x80, 0xE0, 0x7F, 0xC0, 0xE0, 0x01, 0xC0, 0x00,
    0x00, 0x1E, 0x00, 0x7C, 0x01, 0xF0, 0x07, 0xC0, 0x0E, 0x00, 0x00, 0x01, 0xF0, 0x07, 0x80, 0x3E,
    0x01, 0xF8, 0x0F, 0xC0, 0x7E, 0x03, 0xF0, 0x0F, 0x87, 0xFF, 0x1F, 0xFF, 0xF9, 0xFF, 0xE3, 0xFF,
    0x07, 0xF0, 0x00, 0x00, 0x03, 0xC0, 0x00, 0x0F, 0x00, 0x00, 0x38, 0x00, 0x01, 0xE0, 0x00, 0x00,
    0x00, 0x00, 0x00, 0x00, 0x07, 0xF0, 0x00, 0x7F, 0x80, 0x03, 0xFC, 0x00, 0x1F, 0xF0, 0x01, 0xFF,
    0x80, 0x0F, 0xFC, 0x00, 0x7D, 0xF0, 0x07, 0xCF, 0x80, 0x3E, 0x7C, 0x01, 0xF3, 0xF0, 0x1F, 0x8F,
    0x80, 0xF8, 0x7E, 0x07, 0xFF, 0xF0, 0x7F, 0xFF, 0x83, 0xFF, 0xFE, 0x1F, 0x03, 0xF1, 0xF8, 0x1F,
    0x8F, 0xC0, 0x7E, 0xFC, 0x03, 0xF0, 0x00, 0x1E, 0x00, 0x01, 0xE0, 0x00, 0x0E, 0x00, 0x00, 0xF0,
    0x00, 0x00, 0x00, 0x00, 0x00, 0x00, 0x07, 0xF0, 0x00, 0x7F, 0x80, 0x03, 0xFC, 0x00, 0x1F, 0xF0,
    0x01, 0xFF, 0x80, 0x0F, 0xFC, 0x00, 0x7D, 0xF0, 0x07, 0xCF, 0x80, 0x3E, 0x7C, 0x01, 0xF3, 0xF0,
    0x1F, 0x8F, 0x80, 0xF8, 0x7E, 0x07, 0xFF, 0xF0, 0x7F, 0xFF, 0x83, 0xFF, 0xFE, 0x1F, 0x03, 0xF1,
    0xF8, 0x1F, 0x8F, 0xC0, 0x7E, 0xFC, 0x03, 0xF0, 0x00, 0xF0, 0x00, 0x0F, 0xC0, 0x00, 0xF7, 0x00,
    0x0F, 0x3C, 0x00, 0x80, 0x10, 0x00, 0x00, 0x00, 0x07, 0xF0, 0x00, 0x7F, 0x80, 0x03, 0xFC, 0x00,
    0x1F, 0xF0, 0x01, 0xFF, 0x80, 0x0F, 0xFC, 0x00, 0x7D, 0xF0, 0x07, 0xCF, 0x80, 0x3E, 0x7C, 0x01,
    0xF3, 0xF0, 0x1F, 0x8F, 0x80, 0xF8, 0x7E, 0x07, 0xFF, 0xF0, 0x7F, 0xFF, 0x83, 0xFF, 0xFE, 0x1F,
    0x03, 0xF1, 0xF8, 0x1F, 0x8F, 0xC0, 0x7E, 0xFC, 0x03, 0xF0, 0x01, 0xC7, 0x00, 0x1F, 0x30, 0x00,
    0xFF, 0x80, 0x06, 0x78, 0x00, 0x40, 0x00, 0x00, 0x00, 0x00, 0x07, 0xF0, 0x00, 0x7F, 0x80, 0x03,
    0xFC, 0x00, 0x1F, 0xF0, 0x01, 0xFF, 0x80, 0x0F, 0xFC, 0x00, 0x7D, 0xF0, 0x07, 0xCF, 0x80, 0x3E,
    0x7C, 0x01, 0xF3, 0xF0, 0x1F, 0x8F, 0x80, 0xF8, 0x7E, 0x07, 0xFF, 0xF0, 0x7F, 0xFF, 0x83, 0xFF,
    0xFE, 0x1F, 0x03, 0xF1, 0xF8, 0x1F, 0x8F, 0xC0, 0x7E, 0xFC, 0x03, 0xF0, 0x03, 0x8E, 0x00, 0x3E,
    0xF0, 0x01, 0xF7, 0xC0, 0x07, 0x3C, 0x00, 0x20, 0x80, 0x00, 0x00, 0x00, 0x07, 0xF0, 0x00, 0x7F,
    0x80, 0x03, 0xFC, 0x00, 0x1F, 0xF0, 0x01, 0xFF, 0x80, 0x0F, 0xFC, 0x00, 0x7D, 0xF0, 0x07, 0xCF,
    0x80, 0x3E, 0x7C, 0x01, 0xF3, 0xF0, 0x1F, 0x8F, 0x80, 0xF8, 0x7E, 0x07, 0xFF, 0xF0, 0x7F, 0xFF,
    0x83, 0xFF, 0xFE, 0x1F, 0x03, 0xF1, 0xF8, 0x1F, 0x8F, 0xC0, 0x7E, 0xFC, 0x03, 0xF0, 0x00, 0x70,
    0x00, 0x07, 0xC0, 0x00, 0x63, 0x00, 0x03, 0x18, 0x00, 0x1D, 0xC0, 0x00, 0x7C, 0x00, 0x00, 0x00,
    0x00, 0x3F, 0x80, 0x03, 0xFC, 0x00, 0x1F, 0xE0, 0x00, 0xFF, 0x80, 0x0F, 0xFC, 0x00, 0x7F, 0xE0,
    0x03, 0xEF, 0x80, 0x3E, 0x7C, 0x01, 0xF3, 0xE0, 0x0F, 0x9F, 0x80, 0xFC, 0x7C, 0x07, 0xC3, 0xF0,
    0x3F, 0xFF, 0x83, 0xFF, 0xFC, 0x1F, 0xFF, 0xF0, 0xF8, 0x1F, 0x8F, 0xC0, 0xFC, 0x7E, 0x03, 0xF7,
    0xE0, 0x1F, 0x80, 0x00, 0xFF, 0xFF, 0xC0, 0x3F, 0xFF, 0xF8, 0x07, 0xFF, 0xFF, 0x01, 0xFF, 0xFF,
    0xE0, 0x3E, 0x7C, 0x00, 0x07, 0xCF, 0x80, 0x01, 0xF9, 0xF0, 0x00, 0x3E, 0x3F, 0xFE, 0x07, 0xC7,
    0xFF, 0xC1, 0xF8, 0xFF, 0xF8, 0x3E, 0x1F, 0xFF, 0x0F, 0xC3, 0xFF, 0xE1, 0xFF, 0xFC, 0x00, 0x3F,
    0xFF, 0x80, 0x0F, 0xFF, 0xF0, 0x01, 0xF0, 0x3F, 0xFE, 0x7E, 0x07, 0xFF, 0xCF, 0xC0, 0xFF, 0xFB,
    0xF0, 0x1F, 0xFF, 0x00, 0x00, 0x00, 0x00, 0x7F, 0x80, 0x3F, 0xFC, 0x0F, 0xFF, 0xC3, 0xFF, 0xF8,
    0x7F, 0x3F, 0x9F, 0x81, 0xF3, 0xF0, 0x3E, 0x7C, 0x00, 0x2F, 0x80, 0x01, 0xF0, 0x00, 0x3E, 0x00,
    0x07, 0xC0, 0x00, 0xFC, 0x0F, 0xDF, 0x81, 0xF1, 0xFC, 0x7E, 0x3F, 0xFF, 0x83, 0xFF, 0xF0, 0x3F,
    0xF8, 0x01, 0xFE, 0x00, 0x04, 0x00, 0x01, 0xE0, 0x00, 0x0E, 0x00, 0x01, 0xC0, 0x00, 0xF8, 0x00,
    0x00, 0x00, 0x1E, 0x00, 0x1E, 0x00, 0x1C, 0x00, 0x3C, 0x00, 0x00, 0x00, 0x00, 0x3F, 0xFF, 0x7F,
    0xFE, 0xFF, 0xFD, 0xFF, 0xFB, 0xE0, 0x07, 0xC0, 0x0F, 0x80, 0x1F, 0xFF, 0x3F, 0xFE, 0x7F, 0xFC,
    0xFF, 0xF9, 0xFF, 0xF3, 0xE0, 0x07, 0xC0, 0x0F, 0x80, 0x1F, 0xFF, 0xBF, 0xFF, 0x7F, 0xFE, 0xFF,
    0xFC, 0x01, 0xE0, 0x07, 0x80, 0x0E, 0x00, 0x3C, 0x00, 0x00, 0x00, 0x00, 0x3F, 0xFF, 0x7F, 0xFE,
    0xFF, 0xFD, 0xFF, 0xFB, 0xE0, 0x07, 0xC0, 0x0F, 0x80, 0x1F, 0xFF, 0x3F, 0xFE, 0x7F, 0xFC, 0xFF,
    0xF9, 0xFF, 0xF3, 0xE0, 0x07, 0xC0, 0x0F, 0x80, 0x1F, 0xFF, 0xBF, 0xFF, 0x7F, 0xFE, 0xFF, 0xFC,
    0x07, 0x80, 0x1F, 0x80, 0x7B, 0x81, 0xE7, 0x84, 0x00, 0x80, 0x00, 0x3F, 0xFF, 0x7F, 0xFE, 0xFF,
    0xFD, 0xFF, 0xFB, 0xE0, 0x07, 0xC0, 0x0F, 0x80, 0x1F, 0xFF, 0x3F, 0xFE, 0x7F, 0xFC, 0xFF, 0xF9,
    0xFF, 0xF3, 0xE0, 0x07, 0xC0, 0x0F, 0x80, 0x1F, 0xFF, 0xBF, 0xFF, 0x7F, 0xFE, 0xFF, 0xFC, 0x1C,
    0x70, 0x7D, 0xE0, 0xFB, 0xE0, 0xE7, 0x81, 0x04, 0x00, 0x00, 0x3F, 0xFF, 0x7F, 0xFE, 0xFF, 0xFD,
    0xFF, 0xFB, 0xE0, 0x07, 0xC0, 0x0F, 0x80, 0x1F, 0xFF, 0x3F, 0xFE, 0x7F, 0xFC, 0xFF, 0xF9, 0xFF,
    0xF3, 0xE0, 0x07, 0xC0, 0x0F, 0x80, 0x1F, 0xFF, 0xBF, 0xFF, 0x7F, 0xFE, 0xFF, 0xFC, 0xF0, 0x78,
    0x38, 0x3C, 0x00, 0x00, 0x3E, 0x3E, 0x3E, 0x3E, 0x3E, 0x3E, 0x3E, 0x3E, 0x3E, 0x3E, 0x3E, 0x3E,
    0x3E, 0x3E, 0x3E, 0x3E, 0x3E, 0x3E, 0x3E, 0x1E, 0x3C, 0x38, 0x78, 0x00, 0x00, 0xF8, 0xF8, 0xF8,
    0xF8, 0xF8, 0xF8, 0xF8, 0xF8, 0xF8, 0xF8, 0xF8, 0xF8, 0xF8, 0xF8, 0xF8, 0xF8, 0xF8, 0xF8, 0xF8,
    0x07, 0x80, 0x7E, 0x07, 0xB8, 0x79, 0xE4, 0x00, 0x80, 0x00, 0x3E, 0x01, 0xF0, 0x0F, 0x80, 0x7C,
    0x03, 0xE0, 0x1F, 0x00, 0xF8, 0x07, 0xC0, 0x3E, 0x01, 0xF0, 0x0F, 0x80, 0x7C, 0x03, 0xE0, 0x1F,
    0x00, 0xF8, 0x07, 0xC0, 0x3E, 0x01, 0xF0, 0x0F, 0x80, 0x71, 0xCF, 0xBC, 0xFB, 0xE7, 0x3C, 0x41,
    0x00, 0x00, 0x1F, 0x01, 0xF0, 0x1F, 0x01, 0xF0, 0x1F, 0x01, 0xF0, 0x1F, 0x01, 0xF0, 0x1F, 0x01,
    0xF0, 0x1F, 0x01, 0xF0, 0x1F, 0x01, 0xF0, 0x1F, 0x01, 0xF0, 0x1F, 0x01, 0xF0, 0x1F, 0x00, 0x1F,
    0xFC, 0x01, 0xFF, 0xF0, 0x1F, 0xFF, 0x81, 0xFF, 0xFC, 0x1F, 0x1F, 0xE1, 0xF0, 0x7E, 0x1F, 0x03,
    0xF1, 0xF0, 0x1F, 0x7F, 0xE1, 0xF7, 0xFE, 0x1F, 0x7F, 0xE1, 0xF1, 0xF0, 0x1F, 0x1F, 0x03, 0xF1,
    0xF0, 0x3E, 0x1F, 0x0F, 0xE1, 0xFF, 0xFC, 0x1F, 0xFF, 0x81, 0xFF, 0xF0, 0x1F, 0xFC, 0x00, 0x07,
    0x1C, 0x03, 0xE6, 0x00, 0xFF, 0x80, 0x33, 0xC0, 0x10, 0x00, 0x00, 0x00, 0x0F, 0xC0, 0xFF, 0xF8,
    0x3F, 0xFE, 0x0F, 0xFF, 0xC3, 0xFF, 0xF0, 0xFF, 0xFE, 0x3F, 0xFF, 0xCF, 0xFF, 0xF3, 0xFF, 0xBE,
    0xFF, 0xEF, 0xBF, 0xF9, 0xF7, 0xFE, 0x3D, 0xFF, 0x8F, 0xFF, 0xE1, 0xFF, 0xF8, 0x7F, 0xFE, 0x0F,
    0xFF, 0x81, 0xFF, 0xE0, 0x7F, 0xF8, 0x0F, 0xC0, 0x03, 0xC0, 0x00, 0x1E, 0x00, 0x00, 0xE0, 0x00,
    0x0F, 0x00, 0x00, 0x00, 0x00, 0x00, 0x00, 0x03, 0xFC, 0x00, 0xFF, 0xF0, 0x1F, 0xFF, 0x83, 0xFF,
    0xF8, 0x3F, 0x9F, 0xC7, 0xE0, 0x7E, 0x7E, 0x07, 0xE7, 0xC0, 0x3E, 0x7C, 0x03, 0xE7, 0xC0, 0x3E,
    0x7C, 0x03, 0xE7, 0xC0, 0x3E, 0x7E, 0x07, 0xE7, 0xE0, 0x7E, 0x3F, 0x9F, 0xC3, 0xFF, 0xFC, 0x1F,
    0xFF, 0x80, 0xFF, 0xF0, 0x03, 0xFC, 0x00, 0x00, 0x00, 0x00, 0x3C, 0x00, 0x07, 0x80, 0x00, 0x70,
    0x00, 0x0F, 0x00, 0x00, 0x00, 0x00, 0x00, 0x00, 0x03, 0xFC, 0x00, 0xFF, 0xF0, 0x1F, 0xFF, 0x83,
    0xFF, 0xF8, 0x3F, 0x9F, 0xC7, 0xE0, 0x7E, 0x7E, 0x07, 0xE7, 0xC0, 0x3E, 0x7C, 0x03, 0xE7, 0xC0,
    0x3E, 0x7C, 0x03, 0xE7, 0xC0, 0x3E, 0x7E, 0x07, 0xE7, 0xE0, 0x7E, 0x3F, 0x9F, 0xC3, 0xFF, 0xFC,
    0x1F, 0xFF, 0x80, 0xFF, 0xF0, 0x03, 0xFC, 0x00, 0x00, 0x00, 0x00, 0xF0, 0x00, 0x1F, 0x80, 0x03,
    0xDC, 0x00, 0x79, 0xE0, 0x08, 0x01, 0x00, 0x00, 0x00, 0x03, 0xFC, 0x00, 0xFF, 0xF0, 0x1F, 0xFF,
    0x83, 0xFF, 0xF8, 0x3F, 0x9F, 0xC7, 0xE0, 0x7E, 0x7E, 0x07, 0xE7, 0xC0, 0x3E, 0x7C, 0x03, 0xE7,
    0xC0, 0x3E, 0x7C, 0x03, 0xE7, 0xC0, 0x3E, 0x7E, 0x07, 0xE7, 0xE0, 0x7E, 0x3F, 0x9F, 0xC3, 0xFF,
    0xFC, 0x1F, 0xFF, 0x80, 0xFF, 0xF0, 0x03, 0xFC, 0x00, 0x00, 0x00, 0x03, 0x8E, 0x00, 0x7C, 0xC0,
    0x07, 0xFC, 0x00, 0x67, 0x80, 0x08, 0x00, 0x00, 0x00, 0x00, 0x03, 0xFC, 0x00, 0xFF, 0xF0, 0x1F,
    0xFF, 0x83, 0xFF, 0xF8, 0x3F, 0x9F, 0xC7, 0xE0, 0x7E, 0x7E, 0x07, 0xE7, 0xC0, 0x3E, 0x7C, 0x03,
    0xE7, 0xC0, 0x3E, 0x7C, 0x03, 0xE7, 0xC0, 0x3E, 0x7E, 0x07, 0xE7, 0xE0, 0x7E, 0x3F, 0x9F, 0xC3,
    0xFF, 0xFC, 0x1F, 0xFF, 0x80, 0xFF, 0xF0, 0x03, 0xFC, 0x00, 0x00, 0x00, 0x03, 0x8E, 0x00, 0x7D,
    0xE0, 0x07, 0xDF, 0x00, 0x39, 0xE0, 0x02, 0x08, 0x00, 0x00, 0x00, 0x03, 0xFC, 0x00, 0xFF, 0xF0,
    0x1F, 0xFF, 0x83, 0xFF, 0xF8, 0x3F, 0x9F, 0xC7, 0xE0, 0x7E, 0x7E, 0x07, 0xE7, 0xC0, 0x3E, 0x7C,
    0x03, 0xE7, 0xC0, 0x3E, 0x7C, 0x03, 0xE7, 0xC0, 0x3E, 0x7E, 0x07, 0xE7, 0xE0, 0x7E, 0x3F, 0x9F,
    0xC3, 0xFF, 0xFC, 0x1F, 0xFF, 0x80, 0xFF, 0xF0, 0x03, 0xFC, 0x00, 0x00, 0x00, 0x10, 0x08, 0x38,
    0x1C, 0x7C, 0x3E, 0x7E, 0x7E, 0x3F, 0xFC, 0x1F, 0xF8, 0x0F, 0xF0, 0x07, 0xE0, 0x0F, 0xF0, 0x1F,
    0xF8, 0x3F, 0xFC, 0x7E, 0x7E, 0x3C, 0x3C, 0x18, 0x18, 0x10, 0x10, 0x00, 0x00, 0x80, 0x3F, 0xDC,
    0x0F, 0xFF, 0xE1, 0xFF, 0xF8, 0x3F, 0xFF, 0x83, 0xF9, 0xFC, 0x7E, 0x0F, 0xE7, 0xE1, 0xFE, 0x7C,
    0x3F, 0xE7, 0xC3, 0xBE, 0x7C, 0x73, 0xE7, 0xCE, 0x3E, 0x7D, 0xE3, 0xE7, 0xFC, 0x7E, 0x7F, 0x87,
    0xE3, 0xF9, 0xFC, 0x3F, 0xFF, 0xC1, 0xFF, 0xF8, 0x1F, 0xFF, 0x03, 0xBF, 0xC0, 0x08, 0x00, 0x00,
    0x00, 0x00, 0x0F, 0x00, 0x03, 0xC0, 0x00, 0xE0, 0x00, 0x78, 0x00, 0x00, 0x00, 0x00, 0x03, 0xE0,
    0x7F, 0xF0, 0x3F, 0xF8, 0x1F, 0xFC, 0x0F, 0xFE, 0x07, 0xFF, 0x03, 0xFF, 0x81, 0xFF, 0xC0, 0xFF,
    0xE0, 0x7F, 0xF0, 0x3F, 0xF8, 0x1F, 0xFC, 0x0F, 0xFE, 0x07, 0xDF, 0x83, 0xE7, 0xE3, 0xF3, 0xFF,
    0xF8, 0xFF, 0xF8, 0x3F, 0xF8, 0x0F, 0xF0, 0x00, 0x00, 0x00, 0x00, 0x78, 0x00, 0x78, 0x00, 0x38,
    0x00, 0x3C, 0x00, 0x00, 0x00, 0x00, 0x03, 0xE0, 0x7F, 0xF0, 0x3F, 0xF8, 0x1F, 0xFC, 0x0F, 0xFE,
    0x07, 0xFF, 0x03, 0xFF, 0x81, 0xFF, 0xC0, 0xFF, 0xE0, 0x7F, 0xF0, 0x3F, 0xF8, 0x1F, 0xFC, 0x0F,
    0xFE, 0x07, 0xDF, 0x83, 0xE7, 0xE3, 0xF3, 0xFF, 0xF8, 0xFF, 0xF8, 0x3F, 0xF8, 0x0F, 0xF0, 0x00,
    0x00, 0x00, 0x03, 0xC0, 0x03, 0xF0, 0x03, 0xDC, 0x03, 0xCF, 0x02, 0x00, 0x40, 0x00, 0x03, 0xE0,
    0x7F, 0xF0, 0x3F, 0xF8, 0x1F, 0xFC, 0x0F, 0xFE, 0x07, 0xFF, 0x03, 0xFF, 0x81, 0xFF, 0xC0, 0xFF,
    0xE0, 0x7F, 0xF0, 0x3F, 0xF8, 0x1F, 0xFC, 0x0F, 0xFE, 0x07, 0xDF, 0x83, 0xE7, 0xE3, 0xF3, 0xFF,
    0xF8, 0xFF, 0xF8, 0x3F, 0xF8, 0x0F, 0xF0, 0x00, 0x00, 0x00, 0x0E, 0x38, 0x0F, 0xBC, 0x07, 0xDF,
    0x01, 0xCF, 0x00, 0x82, 0x00, 0x00, 0x03, 0xE0, 0x7F, 0xF0, 0x3F, 0xF8, 0x1F, 0xFC, 0x0F, 0xFE,
    0x07, 0xFF, 0x03, 0xFF, 0x81, 0xFF, 0xC0, 0xFF, 0xE0, 0x7F, 0xF0, 0x3F, 0xF8, 0x1F, 0xFC, 0x0F,
    0xFE, 0x07, 0xDF, 0x83, 0xE7, 0xE3, 0xF3, 0xFF, 0xF8, 0xFF, 0xF8, 0x3F, 0xF8, 0x0F, 0xF0, 0x00,
    0x00, 0x00, 0x00, 0x3C, 0x00, 0x07, 0x80, 0x00, 0x70, 0x00, 0x0F, 0x00, 0x00, 0x00, 0x00, 0x00,
    0x00, 0xFE, 0x07, 0xE7, 0xE0, 0x7E, 0x3F, 0x0F, 0xC3, 0xF0, 0xFC, 0x1F, 0x9F, 0x80, 0xF9, 0xF0,
    0x0F, 0xDF, 0x00, 0x7F, 0xE0, 0x07, 0xFE, 0x00, 0x3F, 0xC0, 0x03, 0xFC, 0x00, 0x1F, 0x80, 0x01,
    0xF8, 0x00, 0x1F, 0x80, 0x01, 0xF8, 0x00, 0x1F, 0x80, 0x01, 0xF8, 0x00, 0x1F, 0x80, 0x01, 0xF8,
    0x00, 0xF8, 0x00, 0xF8, 0x00, 0xF8, 0x00, 0xFF, 0xC0, 0xFF, 0xF8, 0xFF, 0xFC, 0xFF, 0xFC, 0xF8,
    0x7E, 0xF8, 0x3E, 0xF8, 0x3E, 0xF8, 0x3E, 0xF8, 0xFE, 0xFF, 0xFC, 0xFF, 0xF8, 0xFF, 0xF0, 0xF8,
    0x00, 0xF8, 0x00, 0xF8, 0x00, 0xF8, 0x00, 0x00, 0x00, 0x0F, 0xF0, 0x0F, 0xFE, 0x0F, 0xFF, 0x8F,
    0xFF, 0xE7, 0xE3, 0xF3, 0xE0, 0xF9, 0xF0, 0x7C, 0xF8, 0x7C, 0x7C, 0xFC, 0x3E, 0x7F, 0x1F, 0x3F,
    0xCF, 0x83, 0xF7, 0xC0, 0xFB, 0xE0, 0x7D, 0xF0, 0x3E, 0xF9, 0xFF, 0x7C, 0xFF, 0xBE, 0x7F, 0x9F,
    0x3F, 0x00, 0x1E, 0x00, 0x1E, 0x00, 0x1C, 0x00, 0x3C, 0x00, 0x00, 0x00, 0x00, 0x03, 0xF8, 0x1F,
    0xFC, 0x3F, 0xFC, 0xF8, 0xF8, 0x11, 0xF0, 0x0F, 0xE1, 0xFF, 0xCF, 0xFF, 0x9F, 0x9F, 0x3C, 0x3E,
    0x7C, 0xFC, 0xFF, 0xF9, 0xFF, 0xF1, 0xFB, 0xE0, 0x00, 0x00, 0x00, 0xF0, 0x03, 0xC0, 0x07, 0x00,
    0x1E, 0x00, 0x00, 0x00, 0x00, 0x03, 0xF8, 0x1F, 0xFC, 0x3F, 0xFC, 0xF8, 0xF8, 0x11, 0xF0, 0x0F,
    0xE1, 0xFF, 0xCF, 0xFF, 0x9F, 0x9F, 0x3C, 0x3E, 0x7C, 0xFC, 0xFF, 0xF9, 0xFF, 0xF1, 0xFB, 0xE0,
    0x00, 0x00, 0x07, 0x80, 0x1F, 0x80, 0x7B, 0x81, 0xE7, 0x84, 0x00, 0x80, 0x00, 0x03, 0xF8, 0x1F,
    0xFC, 0x3F, 0xFC, 0xF8, 0xF8, 0x11, 0xF0, 0x0F, 0xE1, 0xFF, 0xCF, 0xFF, 0x9F, 0x9F, 0x3C, 0x3E,
    0x7C, 0xFC, 0xFF, 0xF9, 0xFF, 0xF1, 0xFB, 0xE0, 0x00, 0x00, 0x0E, 0x38, 0x3E, 0x60, 0x7F, 0xC0,
    0xCF, 0x02, 0x00, 0x00, 0x00, 0x03, 0xF8, 0x1F, 0xFC, 0x3F, 0xFC, 0xF8, 0xF8, 0x11, 0xF0, 0x0F,
    0xE1, 0xFF, 0xCF, 0xFF, 0x9F, 0x9F, 0x3C, 0x3E, 0x7C, 0xFC, 0xFF, 0xF9, 0xFF, 0xF1, 0xFB, 0xE0,
    0x00, 0x00, 0x1C, 0x70, 0x7D, 0xE0, 0xFB, 0xE0, 0xE7, 0x81, 0x04, 0x00, 0x00, 0x03, 0xF8, 0x1F,
    0xFC, 0x3F, 0xFC, 0xF8, 0xF8, 0x11, 0xF0, 0x0F, 0xE1, 0xFF, 0xCF, 0xFF, 0x9F, 0x9F, 0x3C, 0x3E,
    0x7C, 0xFC, 0xFF, 0xF9, 0xFF, 0xF1, 0xFB, 0xE0, 0x00, 0x00, 0x01, 0x00, 0x0F, 0x80, 0x3B, 0x80,
    0x63, 0x00, 0xC6, 0x00, 0xF8, 0x00, 0xE0, 0x00, 0x00, 0x0F, 0xE0, 0x7F, 0xF0, 0xFF, 0xF3, 0xE3,
    0xE0, 0x47, 0xC0, 0x3F, 0x87, 0xFF, 0x3F, 0xFE, 0x7E, 0x7C, 0xF0, 0xF9, 0xF3, 0xF3, 0xFF, 0xE7,
    0xFF, 0xC7, 0xEF, 0x80, 0x00, 0x00, 0x00, 0x00, 0x00, 0x1F, 0xDF, 0xC0, 0x7F, 0xFF, 0xE1, 0xFF,
    0xFF, 0xC7, 0xC7, 0xE7, 0xC0, 0x8F, 0x87, 0x80, 0xFF, 0xFF, 0x8F, 0xFF, 0xFF, 0x3F, 0xFF, 0xFE,
    0xF8, 0xF8, 0x01, 0xE1, 0xF0, 0xFB, 0xE7, 0xF3, 0xE7, 0xFF, 0xFF, 0xCF, 0xFF, 0xFF, 0x0F, 0xE3,
    0xFC, 0x00, 0x00, 0x00, 0x00, 0x00, 0x0F, 0xE0, 0x7F, 0xE1, 0xFF, 0xE7, 0xFF, 0xCF, 0xC7, 0xDF,
    0x0E, 0x3E, 0x00, 0x7C, 0x00, 0xF8, 0x71, 0xF8, 0xFB, 0xFF, 0xE3, 0xFF, 0xC3, 0xFF, 0x03, 0xFC,
    0x00, 0x80, 0x03, 0xC0, 0x01, 0xC0, 0x03, 0x80, 0x1F, 0x00, 0x00, 0x00, 0x1E, 0x00, 0x1E, 0x00,
    0x1C, 0x00, 0x3C, 0x00, 0x00, 0x00, 0x00, 0x01, 0xF8, 0x0F, 0xFC, 0x3F, 0xFC, 0xFC, 0xF9, 0xF0,
    0xFB, 0xFF, 0xF7, 0xFF, 0xEF, 0xFF, 0xDF, 0x00, 0x3E, 0x20, 0x7E, 0x7E, 0x7F, 0xF8, 0x7F, 0xE0,
    0x7F, 0x80, 0x00, 0x00, 0x00, 0xF0, 0x03, 0xC0, 0x07, 0x00, 0x1E, 0x00, 0x00, 0x00, 0x00, 0x01,
    0xF8, 0x0F, 0xFC, 0x3F, 0xFC, 0xFC, 0xF9, 0xF0, 0xFB, 0xFF, 0xF7, 0xFF, 0xEF, 0xFF, 0xDF, 0x00,
    0x3E, 0x20, 0x7E, 0x7E, 0x7F, 0xF8, 0x7F, 0xE0, 0x7F, 0x80, 0x00, 0x00, 0x03, 0xC0, 0x0F, 0xC0,
    0x3D, 0xC0, 0xF3, 0xC2, 0x00, 0x40, 0x00, 0x01, 0xF8, 0x0F, 0xFC, 0x3F, 0xFC, 0xFC, 0xF9, 0xF0,
    0xFB, 0xFF, 0xF7, 0xFF, 0xEF, 0xFF, 0xDF, 0x00, 0x3E, 0x20, 0x7E, 0x7E, 0x7F, 0xF8, 0x7F, 0xE0,
    0x7F, 0x80, 0x00, 0x00, 0x1C, 0x70, 0x7D, 0xE0, 0xFB, 0xE0, 0xE7, 0x81, 0x04, 0x00, 0x00, 0x01,
    0xF8, 0x0F, 0xFC, 0x3F, 0xFC, 0xFC, 0xF9, 0xF0, 0xFB, 0xFF, 0xF7, 0xFF, 0xEF, 0xFF, 0xDF, 0x00,
    0x3E, 0x20, 0x7E, 0x7E, 0x7F, 0xF8, 0x7F, 0xE0, 0x7F, 0x80, 0x00, 0x00, 0xF0, 0x78, 0x38, 0x3C,
    0x00, 0x00, 0x3E, 0x3E, 0x3E, 0x3E, 0x3E, 0x3E, 0x3E, 0x3E, 0x3E, 0x3E, 0x3E, 0x3E, 0x3E, 0x3E,
    0x1E, 0x3C, 0x38, 0x78, 0x00, 0x00, 0xF8, 0xF8, 0xF8, 0xF8, 0xF8, 0xF8, 0xF8, 0xF8, 0xF8, 0xF8,
    0xF8, 0xF8, 0xF8, 0xF8, 0x07, 0x80, 0x7E, 0x07, 0xB8, 0x79, 0xE4, 0x00, 0x80, 0x00, 0x3E, 0x01,
    0xF0, 0x0F, 0x80, 0x7C, 0x03, 0xE0, 0x1F, 0x00, 0xF8, 0x07, 0xC0, 0x3E, 0x01, 0xF0, 0x0F, 0x80,
    0x7C, 0x03, 0xE0, 0x1F, 0x00, 0x71, 0xCF, 0xBC, 0xFB, 0xE7, 0x3C, 0x41, 0x00, 0x00, 0x1F, 0x01,
    0xF0, 0x1F, 0x01, 0xF0, 0x1F, 0x01, 0xF0, 0x1F, 0x01, 0xF0, 0x1F, 0x01, 0xF0, 0x1F, 0x01, 0xF0,
    0x1F, 0x01, 0xF0, 0x10, 0x10, 0x1E, 0x30, 0x1F, 0xF0, 0x07, 0xE0, 0x0F, 0xF0, 0x1C, 0xF8, 0x10,
    0x78, 0x0F, 0xBC, 0x1F, 0xFC, 0x3F, 0xFE, 0x7C, 0x3E, 0x7C, 0x3E, 0x7C, 0x3E, 0x7C, 0x3E, 0x7C,
    0x3E, 0x7C, 0x3E, 0x7E, 0xFC, 0x3F, 0xFC, 0x1F, 0xF8, 0x0F, 0xE0, 0x00, 0x00, 0x0E, 0x38, 0x3E,
    0x60, 0x7F, 0xC0, 0xCF, 0x02, 0x00, 0x00, 0x00, 0x3E, 0x7C, 0x7D, 0xFC, 0xFF, 0xFD, 0xFF, 0xFB,
    0xF1, 0xF7, 0xC3, 0xEF, 0x87, 0xDF, 0x0F, 0xBE, 0x1F, 0x7C, 0x3E, 0xF8, 0x7D, 0xF0, 0xFB, 0xE1,
    0xF7, 0xC3, 0xE0, 0x0F, 0x00, 0x07, 0x80, 0x03, 0x80, 0x03, 0xC0, 0x00, 0x00, 0x00, 0x00, 0x07,
    0xF0, 0x1F, 0xF8, 0x3F, 0xFC, 0x7F, 0xFE, 0x7E, 0x3E, 0x7C, 0x3E, 0x7C, 0x3E, 0x7C, 0x3E, 0x7C,
    0x3E, 0x7E, 0x3E, 0x7F, 0xFE, 0x3F, 0xFC, 0x1F, 0xF8, 0x0F, 0xF0, 0x00, 0x00, 0x00, 0xF0, 0x01,
    0xE0, 0x01, 0xC0, 0x03, 0xC0, 0x00, 0x00, 0x00, 0x00, 0x07, 0xF0, 0x1F, 0xF8, 0x3F, 0xFC, 0x7F,
    0xFE, 0x7E, 0x3E, 0x7C, 0x3E, 0x7C, 0x3E, 0x7C, 0x3E, 0x7C, 0x3E, 0x7E, 0x3E, 0x7F, 0xFE, 0x3F,
    0xFC, 0x1F, 0xF8, 0x0F, 0xF0, 0x00, 0x00, 0x03, 0xC0, 0x07, 0xE0, 0x0F, 0x70, 0x1E, 0x78, 0x20,
    0x04, 0x00, 0x00, 0x07, 0xF0, 0x1F, 0xF8, 0x3F, 0xFC, 0x7F, 0xFE, 0x7E, 0x3E, 0x7C, 0x3E, 0x7C,
    0x3E, 0x7C, 0x3E, 0x7C, 0x3E, 0x7E, 0x3E, 0x7F, 0xFE, 0x3F, 0xFC, 0x1F, 0xF8, 0x0F, 0xF0, 0x00,
    0x00, 0x07, 0x1C, 0x0F, 0x98, 0x0F, 0xF8, 0x0C, 0xF0, 0x10, 0x00, 0x00, 0x00, 0x07, 0xF0, 0x1F,
    0xF8, 0x3F, 0xFC, 0x7F, 0xFE, 0x7E, 0x3E, 0x7C, 0x3E, 0x7C, 0x3E, 0x7C, 0x3E, 0x7C, 0x3E, 0x7E,
    0x3E, 0x7F, 0xFE, 0x3F, 0xFC, 0x1F, 0xF8, 0x0F, 0xF0, 0x00, 0x00, 0x0E, 0x38, 0x1F, 0x78, 0x1F,
    0x7C, 0x0E, 0x78, 0x08, 0x20, 0x00, 0x00, 0x07, 0xF0, 0x1F, 0xF8, 0x3F, 0xFC, 0x7F, 0xFE, 0x7E,
    0x3E, 0x7C, 0x3E, 0x7C, 0x3E, 0x7C, 0x3E, 0x7C, 0x3E, 0x7E, 0x3E, 0x7F, 0xFE, 0x3F, 0xFC, 0x1F,
    0xF8, 0x0F, 0xF0, 0x00, 0x00, 0x03, 0x00, 0x1E, 0x00, 0xF8, 0x03, 0xF0, 0x07, 0x80, 0x08, 0x0F,
    0xFF, 0xFF, 0xFF, 0xFF, 0xFF, 0xFF, 0xF0, 0x00, 0x00, 0xC0, 0x07, 0x80, 0x3F, 0x00, 0xF8, 0x01,
    0xE0, 0x00, 0x00, 0x00, 0x04, 0x07, 0xF6, 0x1F, 0xFC, 0x3F, 0xFC, 0x7F, 0xFE, 0x7E, 0x7E, 0x7C,
    0xFE, 0x7D, 0xFE, 0x7F, 0xBE, 0x7F, 0x3E, 0x7E, 0x3E, 0x7F, 0xFE, 0x3F, 0xFC, 0x3F, 0xF8, 0x6F,
    0xF0, 0x40, 0x00, 0x1E, 0x00, 0x1E, 0x00, 0x1C, 0x00, 0x3C, 0x00, 0x00, 0x00, 0x00, 0x3E, 0x1F,
    0x7C, 0x3E, 0xF8, 0x7D, 0xF0, 0xFB, 0xE1, 0xF7, 0xC3, 0xEF, 0x87, 0xDF, 0x0F, 0xBE, 0x1F, 0x7E,
    0x3E, 0xFF, 0xFC, 0xFF, 0x79, 0xFE, 0xF1, 0xF9, 0xE0, 0x00, 0x00, 0x00, 0xF0, 0x03, 0xC0, 0x07,
    0x00, 0x1E, 0x00, 0x00, 0x00, 0x00, 0x3E, 0x1F, 0x7C, 0x3E, 0xF8, 0x7D, 0xF0, 0xFB, 0xE1, 0xF7,
    0xC3, 0xEF, 0x87, 0xDF, 0x0F, 0xBE, 0x1F, 0x7E, 0x3E, 0xFF, 0xFC, 0xFF, 0x79, 0xFE, 0xF1, 0xF9,
    0xE0, 0x00, 0x00, 0x07, 0x80, 0x1F, 0x80, 0x7B, 0x81, 0xE7, 0x84, 0x00, 0x80, 0x00, 0x3E, 0x1F,
    0x7C, 0x3E, 0xF8, 0x7D, 0xF0, 0xFB, 0xE1, 0xF7, 0xC3, 0xEF, 0x87, 0xDF, 0x0F, 0xBE, 0x1F, 0x7E,
    0x3E, 0xFF, 0xFC, 0xFF, 0x79, 0xFE, 0xF1, 0xF9, 0xE0, 0x00, 0x00, 0x1C, 0x70, 0x7D, 0xE0, 0xFB,
    0xE0, 0xE7, 0x81, 0x04, 0x00, 0x00, 0x3E, 0x1F, 0x7C, 0x3E, 0xF8, 0x7D, 0xF0, 0xFB, 0xE1, 0xF7,
    0xC3, 0xEF, 0x87, 0xDF, 0x0F, 0xBE, 0x1F, 0x7E, 0x3E, 0xFF, 0xFC, 0xFF, 0x79, 0xFE, 0xF1, 0xF9,
    0xE0, 0x00, 0x00, 0x00, 0xF0, 0x00, 0xF0, 0x00, 0x70, 0x00, 0x78, 0x00, 0x00, 0x00, 0x00, 0x03,
    0xF0, 0x7C, 0xF8, 0x7E, 0x7C, 0x3E, 0x3E, 0x1F, 0x0F, 0x9F, 0x07, 0xCF, 0x81, 0xE7, 0xC0, 0xFB,
    0xC0, 0x7F, 0xE0, 0x1F, 0xF0, 0x0F, 0xF0, 0x07, 0xF8, 0x01, 0xF8, 0x00, 0xFC, 0x00, 0x7E, 0x01,
    0x3E, 0x00, 0xFF, 0x00, 0x7F, 0x00, 0x7F, 0x00, 0x00, 0x00, 0x00, 0xF8, 0x01, 0xF0, 0x03, 0xE0,
    0x07, 0xC0, 0x0F, 0x80, 0x1F, 0x3E, 0x3E, 0xFE, 0x7F, 0xFE, 0xFF, 0xFD, 0xF8, 0xFF, 0xE0, 0xFF,
    0xC1, 0xFF, 0x83, 0xFF, 0x07, 0xFF, 0x1F, 0xFF, 0xFE, 0xFF, 0xFD, 0xF7, 0xF3, 0xE7, 0xC7, 0xC0,
    0x0F, 0x80, 0x1F, 0x00, 0x3E, 0x00, 0x7C, 0x00, 0x00, 0x00, 0x0E, 0x38, 0x0F, 0xBC, 0x07, 0xDF,
    0x01, 0xCF, 0x00, 0x82, 0x00, 0x00, 0x03, 0xF0, 0x7C, 0xF8, 0x7E, 0x7C, 0x3E, 0x3E, 0x1F, 0x0F,
    0x9F, 0x07, 0xCF, 0x81, 0xE7, 0xC0, 0xFB, 0xC0, 0x7F, 0xE0, 0x1F, 0xF0, 0x0F, 0xF0, 0x07, 0xF8,
    0x01, 0xF8, 0x00, 0xFC, 0x00, 0x7E, 0x01, 0x3E, 0x00, 0xFF, 0x00, 0x7F, 0x00, 0x7F, 0x00, 0x00,
    0x00, 0x00
};

const epaper_font::GlyphRange kInter26Black_ext = {
    0xA0,
    0xFF,
    kInter26Black_ext_glyphs,
    kInter26Black_ext_bitmaps,
};

const epaper_font::GlyphBitmap kInter32SemiBold_ext_glyphs[] = {
    {     0,    0,   0,   0,    0,    0,   8 },
    {     0,   19,   6,  25,    1,   18,   9 },
    {    19,   48,  16,  24,    1,   24,  18 },
    {    67,   54,  18,  24,    1,   24,  20 },
    {   121,   56,  21,  21,    1,   20,  24 },
    {   177,   54,  18,  24,    0,   24,  18 },
    {   231,   19,   5,  29,    2,   24,  10 },
    {   250,   58,  16,  29,    1,   24,  18 },
    {   308,    9,  13,   5,    3,   24,  19 },
    {   317,   79,  25,  25,    2,   24,  29 },
    {   396,   23,  13,  14,    0,   24,  15 },
    {   419,   34,  18,  15,    1,   17,  20 },
    {   453,   17,  15,   9,    3,   13,  22 },
    {   470,   50,  16,  25,    1,   24,  18 },
    {   520,   46,  19,  19,    1,   24,  21 },
    {   566,    4,  10,   3,    2,   23,  14 },
    {   570,   18,  12,  12,    1,   24,  15 },
    {   588,   39,  17,  18,    2,   18,  22 },
    {   627,   21,  12,  14,    1,   27,  14 },
    {   648,   21,  12,  14,    1,   27,  14 },
    {   669,    5,   8,   5,    1,   24,  10 },
    {   674,   57,  19,  24,    1,   17,  20 },
    {   731,   48,  16,  24,    1,   24,  19 },
    {   779,    5,   6,   6,    1,   14,   9 },
    {   784,    6,   6,   8,    3,    1,  11 },
    {   790,   13,   7,  14,    1,   27,  10 },
    {   803,   27,  15,  14,    0,   24,  16 },
    {   830,   36,  19,  15,    0,   17,  20 },
    {   866,   75,  25,  24,    0,   24,  26 },
    {   941,   78,  26,  24,    0,   24,  27 },
    {  1019,   81,  27,  24,    1,   24,  29 },
    {  1100,   50,  16,  25,    1,   18,  18 },
    {  1150,   90,  23,  31,    0,   31,  23 },
    {  1240,   90,  23,  31,    0,   31,  23 },
    {  1330,   90,  23,  31,    0,   31,  23 },
    {  1420,   87,  23,  30,    0,   30,  23 },
    {  1507,   90,  23,  31,    0,   31,  23 },
    {  1597,   92,  23,  32,    0,   32,  23 },
    {  1689,   93,  31,  24,    0,   24,  33 },
    {  1782,   86,  22,  31,    1,   24,  24 },
    {  1868,   62,  16,  31,    2,   31,  20 },
    {  1930,   62,  16,  31,    2,   31,  20 },
    {  1992,   62,  16,  31,    2,   31,  20 },
    {  2054,   62,  16,  31,    2,   31,  20 },
    {  2116,   31,   8,  31,   -1,   31,   9 },
    {  2147,   28,   7,  31,    2,   31,   9 },
    {  2175,   47,  12,  31,   -2,   31,   9 },
    {  2222,   47,  12,  31,   -2,   31,   9 },
    {  2269,   69,  23,  24,    0,   24,  24 },
    {  2338,   75,  20,  30,    2,   30,  24 },
    {  2413,   88,  22,  32,    1,   31,  25 },
    {  2501,   88,  22,  32,    1,   31,  25 },
    {  2589,   88,  22,  32,    1,   31,  25 },
    {  2677,   86,  22,  31,    1,   30,  25 },
    {  2763,   88,  22,  32,    1,   31,  25 },
    {  2851,   37,  17,  17,    2,   18,  22 },
    {  2888,   72,  22,  26,    1,   25,  25 },
    {  2960,   76,  19,  32,    2,   31,  23 },
    {  3036,   76,  19,  32,    2,   31,  23 },
    {  3112,   76,  19,  32,    2,   31,  23 },
    {  3188,   76,  19,  32,    2,   31,  23 },
    {  3264,   86,  22,  31,    0,   31,  23 },
    {  3350,   51,  17,  24,    2,   24,  21 },
    {  3401,   51,  17,  24,    2,   24,  21 },
    {  3452,   47,  15,  25,    1,   24,  18 },
    {  3499,   47,  15,  25,    1,   24,  18 },
    {  3546,   47,  15,  25,    1,   24,  18 },
    {  3593,   47,  15,  25,    1,   24,  18 },
    {  3640,   47,  15,  25,    1,   24,  18 },
    {  3687,   51,  15,  27,    1,   26,  18 },
    {  3738,   65,  27,  19,    1,   18,  29 },
    {  3803,   50,  16,  25,    1,   18,  18 },
    {  3853,   54,  17,  25,    1,   24,  19 },
    {  3907,   54,  17,  25,    1,   24,  19 },
    {  3961,   54,  17,  25,    1,   24,  19 },
    {  4015,   54,  17,  25,    1,   24,  19 },
    {  4069,   21,   7,  24,   -1,   24,   8 },
    {  4090,   24,   8,  24,    1,   24,   8 },
    {  4114,   36,  12,  24,   -2,   24,   8 },
    {  4150,   36,  12,  24,   -2,   24,   8 },
    {  4186,   56,  17,  26,    1,   25,  19 },
    {  4242,   48,  16,  24,    1,   24,  19 },
    {  4290,   54,  17,  25,    1,   24,  19 },
    {  4344,   54,  17,  25,    1,   24,  19 },
    {  4398,   54,  17,  25,    1,   24,  19 },
    {  4452,   54,  17,  25,    1,   24,  19 },
    {  4506,   54,  17,  25,    1,   24,  19 },
    {  4560,   39,  17,  18,    2,   18,  22 },
    {  4599,   41,  17,  19,    1,   18,  19 },
    {  4640,   50,  16,  25,    1,   24,  19 },
    {  4690,   50,  16,  25,    1,   24,  19 },
    {  4740,   50,  16,  25,    1,   24,  19 },
    {  4790,   50,  16,  25,    1,   24,  19 },
    {  4840,   70,  18,  31,    0,   24,  18 },
    {  4910,   70,  18,  31,    1,   24,  20 },
    {  4980,   70,  18,  31,    0,   24,  18 },
};

const uint8_t kInter32SemiBold_ext_bitmaps[] = {
    0x00, 0xE7, 0xDF, 0x7C, 0x40, 0x00, 0x38, 0xE3, 0x9E, 0x79, 0xE7, 0x9E, 0x79, 0xE7, 0xDF, 0x7D,
    0xF7, 0xDF, 0x00, 0x00, 0x00, 0x01, 0x80, 0x01, 0x80, 0x01, 0x80, 0x0F, 0xF0, 0x1F, 0xFC, 0x3F,
    0xFE, 0x7D, 0x9E, 0x79, 0x8F, 0x79, 0x8F, 0xF1, 0x80, 0xF1, 0x80, 0xF1, 0x80, 0xF1, 0x80, 0xF9,
    0x80, 0x79, 0x8F, 0x79, 0x9F, 0x3F, 0xBE, 0x3F, 0xFC, 0x1F, 0xF8, 0x07, 0xF0, 0x01, 0x80, 0x01,
    0x80, 0x01, 0x80, 0x00, 0x60, 0x00, 0xFF, 0x00, 0xFF, 0xE0, 0x3F, 0xFC, 0x1F, 0x0F, 0x87, 0x81,
    0xE3, 0xC0, 0x78, 0xF0, 0x10, 0x3C, 0x00, 0x0F, 0x00, 0x01, 0xC0, 0x03, 0xFF, 0xE0, 0xFF, 0xF8,
    0x3F, 0xFE, 0x01, 0xE0, 0x00, 0x78, 0x00, 0x1E, 0x00, 0x07, 0x80, 0x01, 0xE0, 0x00, 0x70, 0x0E,
    0x78, 0x07, 0xBF, 0xFF, 0xEF, 0xFF, 0xF3, 0xFF, 0xF8, 0x20, 0x00, 0x21, 0x8F, 0xE3, 0x9F, 0xFF,
    0xFE, 0x7F, 0xBF, 0xE1, 0xE0, 0x3E, 0x0E, 0x00, 0xF0, 0xE0, 0x03, 0x87, 0x00, 0x0E, 0x70, 0x00,
    0x73, 0x80, 0x03, 0x9C, 0x00, 0x1C, 0xE0, 0x00, 0xE7, 0x00, 0x07, 0x1C, 0x00, 0x38, 0xE0, 0x03,
    0x83, 0x80, 0x3C, 0x1E, 0x03, 0xE1, 0xFE, 0xFF, 0x9F, 0xFF, 0xDE, 0x63, 0xFC, 0x40, 0x00, 0x00,
    0x00, 0x00, 0x00, 0x3E, 0x01, 0xE7, 0x80, 0xF0, 0xF0, 0x3C, 0x3C, 0x1F, 0x0F, 0x87, 0x81, 0xE1,
    0xE0, 0x78, 0xF0, 0x0F, 0x3C, 0x03, 0xDE, 0x00, 0x7F, 0x80, 0x1F, 0xC0, 0x3F, 0xFF, 0x0F, 0xFF,
    0xC3, 0xFF, 0xF0, 0x07, 0x80, 0x01, 0xE0, 0x0F, 0xFF, 0xC3, 0xFF, 0xF0, 0x07, 0x80, 0x01, 0xE0,
    0x00, 0x78, 0x00, 0x1E, 0x00, 0x07, 0x80, 0x03, 0xDE, 0xF7, 0xBD, 0xEF, 0x7B, 0xDE, 0x00, 0x00,
    0x00, 0x00, 0x1E, 0xF7, 0xBD, 0xEF, 0x7B, 0xDE, 0xF0, 0x00, 0x03, 0x80, 0x0F, 0xF0, 0x1F, 0xF8,
    0x3F, 0xFC, 0x3C, 0x3C, 0x38, 0x3C, 0x78, 0x00, 0x3C, 0x00, 0x3F, 0x00, 0x1F, 0xC0, 0x3F, 0xF0,
    0x71, 0xF8, 0x70, 0x7C, 0xF0, 0x1E, 0xF0, 0x0E, 0x78, 0x0E, 0x7E, 0x0E, 0x3F, 0x9E, 0x0F, 0xFC,
    0x03, 0xF0, 0x00, 0xF8, 0x00, 0x3C, 0x00, 0x3C, 0x78, 0x3C, 0x78, 0x3C, 0x3F, 0xFC, 0x3F, 0xF8,
    0x1F, 0xF0, 0x03, 0xC0, 0x30, 0x63, 0xC7, 0x9E, 0x3C, 0xF1, 0xE2, 0x04, 0x00, 0x00, 0x1C, 0x00,
    0x00, 0xFF, 0xC0, 0x00, 0xFF, 0xF8, 0x01, 0xFF, 0xFE, 0x01, 0xF8, 0x0F, 0x80, 0xF0, 0x01, 0xE0,
    0xF0, 0xF8, 0x78, 0xF1, 0xFF, 0x1C, 0x79, 0xFF, 0xCF, 0x38, 0xE0, 0xE3, 0x9C, 0xE0, 0x79, 0xDE,
    0x70, 0x00, 0xEF, 0x38, 0x00, 0x77, 0x9C, 0x00, 0x39, 0xCF, 0x07, 0x9C, 0xE3, 0xC7, 0x9E, 0x79,
    0xFF, 0x8F, 0x1C, 0x3F, 0x8F, 0x0F, 0x0F, 0x87, 0x83, 0xE0, 0x0F, 0x80, 0xFC, 0x1F, 0x80, 0x3F,
    0xFF, 0x80, 0x0F, 0xFF, 0x80, 0x01, 0xFF, 0x00, 0x00, 0x00, 0x00, 0x00, 0x07, 0x80, 0xFF, 0x0F,
    0xFC, 0x70, 0xF5, 0x07, 0x80, 0x3C, 0x3F, 0xE7, 0xFF, 0x78, 0x7B, 0x83, 0xDC, 0x1E, 0xFB, 0xF3,
    0xFB, 0x8F, 0x9C, 0x00, 0x00, 0x01, 0xFB, 0xF0, 0x78, 0xF0, 0x3C, 0x78, 0x1E, 0x3C, 0x0F, 0x1E,
    0x07, 0xCF, 0x83, 0xE7, 0xC0, 0x78, 0xF0, 0x0F, 0x1E, 0x01, 0xE3, 0xC0, 0x7C, 0xF8, 0x0F, 0x9F,
    0x01, 0xF3, 0xE0, 0x3E, 0x7C, 0x00, 0x01, 0xFF, 0xFB, 0xFF, 0xF7, 0xFF, 0xE0, 0x01, 0xC0, 0x03,
    0x80, 0x07, 0x00, 0x0E, 0x00, 0x00, 0x03, 0x80, 0x1F, 0xF0, 0x3F, 0xF8, 0x7F, 0xFC, 0x78, 0x3E,
    0xF8, 0x1E, 0xF0, 0x1E, 0x00, 0x1E, 0x00, 0x1E, 0x00, 0x3C, 0x00, 0x7C, 0x01, 0xF8, 0x03, 0xE0,
    0x03, 0xC0, 0x07, 0x80, 0x07, 0x80, 0x07, 0x80, 0x00, 0x00, 0x00, 0x00, 0x01, 0x00, 0x07, 0x80,
    0x07, 0xC0, 0x07, 0xC0, 0x07, 0x80, 0x00, 0x00, 0x00, 0xC0, 0x00, 0xFF, 0x80, 0x3F, 0xF8, 0x0E,
    0x07, 0x83, 0x80, 0x38, 0xE7, 0xC3, 0x18, 0xFE, 0x73, 0x18, 0xC6, 0xE3, 0x18, 0xDC, 0x7F, 0x1B,
    0x8F, 0xC3, 0x31, 0x98, 0x66, 0x33, 0x9C, 0xE6, 0x33, 0x0E, 0x00, 0xE0, 0xE0, 0x78, 0x0F, 0xFE,
    0x00, 0xFF, 0x80, 0x03, 0x00, 0x00, 0xFF, 0xBF, 0xEF, 0xF8, 0x00, 0x01, 0xF8, 0x3F, 0xC7, 0xDE,
    0x70, 0xE7, 0x06, 0x70, 0x77, 0x0E, 0x79, 0xE3, 0xFC, 0x1F, 0x80, 0x00, 0x01, 0xC0, 0x00, 0xE0,
    0x00, 0x70, 0x00, 0x38, 0x07, 0xFF, 0xF3, 0xFF, 0xF9, 0xFF, 0xFC, 0xFF, 0xFE, 0x01, 0xC0, 0x00,
    0xE0, 0x00, 0x70, 0x00, 0x38, 0x00, 0x00, 0x00, 0x00, 0x01, 0xFF, 0xFC, 0xFF, 0xFE, 0x7F, 0xFF,
    0x00, 0x00, 0x00, 0x0F, 0x03, 0xFC, 0x7F, 0xEF, 0x1E, 0xE0, 0xE0, 0x1E, 0x03, 0xC0, 0x78, 0x0F,
    0x03, 0xE0, 0x78, 0x0F, 0xFE, 0xFF, 0xE0, 0x00, 0x0F, 0x03, 0xFC, 0x7F, 0xE7, 0x0E, 0x00, 0xE0,
    0x1C, 0x0F, 0x80, 0xFE, 0x00, 0xEF, 0x0F, 0x71, 0xE7, 0xFE, 0x3F, 0xC0, 0x00, 0x1E, 0x1C, 0x3C,
    0x38, 0x70, 0x78, 0x0F, 0x0F, 0x01, 0xE1, 0xE0, 0x3C, 0x3C, 0x07, 0x87, 0x80, 0xF0, 0xF0, 0x1E,
    0x1E, 0x03, 0xC3, 0xC0, 0x78, 0x78, 0x0F, 0x0F, 0x01, 0xE1, 0xE0, 0x3C, 0x3C, 0x07, 0x87, 0xC1,
    0xF0, 0xFC, 0x7E, 0x1F, 0xFF, 0xF3, 0xFF, 0xBE, 0x79, 0xC3, 0xCF, 0x00, 0x01, 0xE0, 0x00, 0x3C,
    0x00, 0x07, 0x80, 0x00, 0xF0, 0x00, 0x1E, 0x00, 0x03, 0xC0, 0x00, 0x00, 0x00, 0x0F, 0xFF, 0x3F,
    0xFF, 0x7F, 0xFF, 0x7F, 0x8F, 0xFF, 0x8F, 0xFF, 0x8F, 0xFF, 0x8F, 0xFF, 0x8F, 0xFF, 0x8F, 0xFF,
    0x8F, 0x7F, 0x8F, 0x7F, 0x8F, 0x3F, 0x8F, 0x0F, 0x8F, 0x00, 0x0F, 0x00, 0x0F, 0x00, 0x0F, 0x00,
    0x0F, 0x00, 0x0F, 0x00, 0x0F, 0x00, 0x0F, 0x00, 0x0F, 0x00, 0x0F, 0x11, 0xE7, 0xDF, 0x38, 0x00,
    0x61, 0x87, 0x1F, 0x1C, 0x7F, 0xB8, 0x1E, 0x7F, 0xFF, 0x78, 0xE1, 0xC3, 0x87, 0x0E, 0x1C, 0x38,
    0x70, 0xE0, 0x00, 0x03, 0x80, 0x1F, 0xC0, 0xFF, 0xE1, 0xE3, 0xC7, 0x83, 0xCF, 0x03, 0x9C, 0x07,
    0x38, 0x0E, 0x70, 0x1C, 0xF0, 0x78, 0xF0, 0xE1, 0xFF, 0xC1, 0xFF, 0x00, 0xF8, 0x00, 0x00, 0x00,
    0x0F, 0x9F, 0x00, 0xF9, 0xF0, 0x0F, 0x9F, 0x00, 0xF9, 0xF0, 0x0F, 0x1E, 0x00, 0xF1, 0xE0, 0x0F,
    0x1E, 0x03, 0xE7, 0xC0, 0xF9, 0xF0, 0x3E, 0x7C, 0x07, 0x8F, 0x01, 0xE3, 0xC0, 0x78, 0xF0, 0x1E,
    0x3C, 0x00, 0x00, 0x00, 0x00, 0x0F, 0x00, 0x1C, 0x0F, 0x80, 0x1C, 0x0F, 0xC0, 0x1E, 0x06, 0xE0,
    0x0E, 0x02, 0x70, 0x0E, 0x00, 0x38, 0x0F, 0x00, 0x1C, 0x07, 0x00, 0x0E, 0x07, 0x00, 0x07, 0x07,
    0x00, 0x03, 0x83, 0x80, 0x01, 0xC3, 0x83, 0xC0, 0xE3, 0x81, 0xE0, 0x71, 0xC1, 0xF0, 0x01, 0xC1,
    0xF8, 0x01, 0xC0, 0xDC, 0x00, 0xE0, 0xEE, 0x00, 0xE0, 0xE7, 0x00, 0xE0, 0x63, 0x80, 0xF0, 0x7F,
    0xF0, 0x70, 0x3F, 0xF8, 0x70, 0x1F, 0xFC, 0x78, 0x00, 0x38, 0x78, 0x00, 0x1C, 0x00, 0x00, 0x00,
    0x07, 0x80, 0x0E, 0x03, 0xE0, 0x07, 0x01, 0xF8, 0x03, 0xC0, 0x6E, 0x00, 0xE0, 0x13, 0x80, 0x70,
    0x00, 0xE0, 0x3C, 0x00, 0x38, 0x0E, 0x00, 0x0E, 0x07, 0x00, 0x03, 0x83, 0x80, 0x00, 0xE0, 0xE0,
    0x00, 0x38, 0x70, 0xF8, 0x0E, 0x38, 0x7F, 0x83, 0x8E, 0x3C, 0xE0, 0x07, 0x0E, 0x18, 0x03, 0x80,
    0x06, 0x00, 0xE0, 0x03, 0x80, 0x70, 0x01, 0xC0, 0x38, 0x00, 0xF0, 0x1E, 0x00, 0x70, 0x07, 0x00,
    0x38, 0x03, 0x80, 0x1C, 0x01, 0xE0, 0x0F, 0xFC, 0xF0, 0x03, 0xFF, 0x00, 0x00, 0x00, 0x03, 0xE0,
    0x01, 0xC1, 0xFE, 0x00, 0x70, 0x39, 0xC0, 0x1E, 0x0E, 0x1C, 0x03, 0x80, 0x03, 0x00, 0xE0, 0x03,
    0xE0, 0x3C, 0x00, 0x78, 0x07, 0x00, 0x0F, 0x81, 0xC0, 0x00, 0x38, 0x70, 0x03, 0x87, 0x0E, 0x00,
    0x79, 0xE3, 0x87, 0x87, 0xF8, 0xE0, 0xF0, 0x7E, 0x1C, 0x3E, 0x00, 0x07, 0x0F, 0xC0, 0x01, 0xC1,
    0xB8, 0x00, 0x38, 0x77, 0x00, 0x0E, 0x1C, 0xE0, 0x03, 0x83, 0x1C, 0x00, 0xF0, 0xFF, 0xE0, 0x1C,
    0x1F, 0xFC, 0x07, 0x03, 0xFF, 0x81, 0xE0, 0x01, 0xC0, 0x78, 0x00, 0x38, 0x00, 0x00, 0x01, 0xC0,
    0x03, 0xE0, 0x03, 0xE0, 0x03, 0xC0, 0x01, 0x80, 0x00, 0x00, 0x00, 0x00, 0x01, 0xC0, 0x03, 0xC0,
    0x03, 0xC0, 0x07, 0xC0, 0x0F, 0x80, 0x1F, 0x80, 0x3E, 0x00, 0x7C, 0x00, 0x78, 0x00, 0x78, 0x00,
    0xF0, 0x1E, 0x78, 0x1E, 0x78, 0x3E, 0x7F, 0xFC, 0x3F, 0xFC, 0x1F, 0xF0, 0x03, 0xC0, 0x00, 0x00,
    0x00, 0x03, 0xC0, 0x00, 0x03, 0x80, 0x00, 0x07, 0x80, 0x00, 0x07, 0x00, 0x00, 0x07, 0x00, 0x00,
    0x00, 0x00, 0x00, 0x00, 0x00, 0x00, 0xFC, 0x00, 0x01, 0xFC, 0x00, 0x03, 0xF8, 0x00, 0x0F, 0xF0,
    0x00, 0x1E, 0xF0, 0x00, 0x3D, 0xE0, 0x00, 0xF3, 0xC0, 0x01, 0xE3, 0xC0, 0x03, 0xC7, 0x80, 0x0F,
    0x0F, 0x00, 0x1E, 0x1F, 0x00, 0x3C, 0x1E, 0x00, 0xF0, 0x3C, 0x01, 0xE0, 0x7C, 0x07, 0xFF, 0xF8,
    0x0F, 0xFF, 0xF8, 0x1F, 0xFF, 0xF0, 0x7C, 0x01, 0xE0, 0xF0, 0x03, 0xE1, 0xE0, 0x07, 0xC7, 0xC0,
    0x07, 0x8F, 0x00, 0x0F, 0xBE, 0x00, 0x1F, 0x00, 0x00, 0x00, 0x00, 0x00, 0x1E, 0x00, 0x00, 0x38,
    0x00, 0x00, 0xF0, 0x00, 0x01, 0xC0, 0x00, 0x07, 0x00, 0x00, 0x00, 0x00, 0x00, 0x00, 0x00, 0x00,
    0xFC, 0x00, 0x01, 0xFC, 0x00, 0x03, 0xF8, 0x00, 0x0F, 0xF0, 0x00, 0x1E, 0xF0, 0x00, 0x3D, 0xE0,
    0x00, 0xF3, 0xC0, 0x01, 0xE3, 0xC0, 0x03, 0xC7, 0x80, 0x0F, 0x0F, 0x00, 0x1E, 0x1F, 0x00, 0x3C,
    0x1E, 0x00, 0xF0, 0x3C, 0x01, 0xE0, 0x7C, 0x07, 0xFF, 0xF8, 0x0F, 0xFF, 0xF8, 0x1F, 0xFF, 0xF0,
    0x7C, 0x01, 0xE0, 0xF0, 0x03, 0xE1, 0xE0, 0x07, 0xC7, 0xC0, 0x07, 0x8F, 0x00, 0x0F, 0xBE, 0x00,
    0x1F, 0x00, 0x00, 0x00, 0x00, 0x00, 0x78, 0x00, 0x01, 0xF8, 0x00, 0x07, 0x70, 0x00, 0x1E, 0x70,
    0x00, 0x78, 0x70, 0x00, 0x00, 0x00, 0x00, 0x00, 0x00, 0x00, 0xFC, 0x00, 0x01, 0xFC, 0x00, 0x03,
    0xF8, 0x00, 0x0F, 0xF0, 0x00, 0x1E, 0xF0, 0x00, 0x3D, 0xE0, 0x00, 0xF3, 0xC0, 0x01, 0xE3, 0xC0,
    0x03, 0xC7, 0x80, 0x0F, 0x0F, 0x00, 0x1E, 0x1F, 0x00, 0x3C, 0x1E, 0x00, 0xF0, 0x3C, 0x01, 0xE0,
    0x7C, 0x07, 0xFF, 0xF8, 0x0F, 0xFF, 0xF8, 0x1F, 0xFF, 0xF0, 0x7C, 0x01, 0xE0, 0xF0, 0x03, 0xE1,
    0xE0, 0x07, 0xC7, 0xC0, 0x07, 0x8F, 0x00, 0x0F, 0xBE, 0x00, 0x1F, 0x00, 0x00, 0x40, 0x00, 0x01,
    0xE7, 0x00, 0x07, 0xFE, 0x00, 0x0C, 0x78, 0x00, 0x00, 0x00, 0x00, 0x00, 0x00, 0x00, 0x00, 0x00,
    0x00, 0x7E, 0x00, 0x00, 0xFE, 0x00, 0x01, 0xFC, 0x00, 0x07, 0xF8, 0x00, 0x0F, 0x78, 0x00, 0x1E,
    0xF0, 0x00, 0x79, 0xE0, 0x00, 0xF1, 0xE0, 0x01, 0xE3, 0xC0, 0x07, 0x87, 0x80, 0x0F, 0x0F, 0x80,
    0x1E, 0x0F, 0x00, 0x78, 0x1E, 0x00, 0xF0, 0x3E, 0x03, 0xFF, 0xFC, 0x07, 0xFF, 0xFC, 0x0F, 0xFF,
    0xF8, 0x3E, 0x00, 0xF0, 0x78, 0x01, 0xF0, 0xF0, 0x03, 0xE3, 0xE0, 0x03, 0xC7, 0x80, 0x07, 0xDF,
    0x00, 0x0F, 0x80, 0x00, 0x00, 0x00, 0x03, 0x06, 0x00, 0x0F, 0x1E, 0x00, 0x1E, 0x3C, 0x00, 0x3C,
    0x78, 0x00, 0x20, 0x40, 0x00, 0x00, 0x00, 0x00, 0x00, 0x00, 0x00, 0xFC, 0x00, 0x01, 0xFC, 0x00,
    0x03, 0xF8, 0x00, 0x0F, 0xF0, 0x00, 0x1E, 0xF0, 0x00, 0x3D, 0xE0, 0x00, 0xF3, 0xC0, 0x01, 0xE3,
    0xC0, 0x03, 0xC7, 0x80, 0x0F, 0x0F, 0x00, 0x1E, 0x1F, 0x00, 0x3C, 0x1E, 0x00, 0xF0, 0x3C, 0x01,
    0xE0, 0x7C, 0x07, 0xFF, 0xF8, 0x0F, 0xFF, 0xF8, 0x1F, 0xFF, 0xF0, 0x7C, 0x01, 0xE0, 0xF0, 0x03,
    0xE1, 0xE0, 0x07, 0xC7, 0xC0, 0x07, 0x8F, 0x00, 0x0F, 0xBE, 0x00, 0x1F, 0x00, 0x00, 0x38, 0x00,
    0x01, 0xFC, 0x00, 0x03, 0x38, 0x00, 0x0E, 0x30, 0x00, 0x1C, 0x60, 0x00, 0x1D, 0xC0, 0x00, 0x3F,
    0x00, 0x00, 0x08, 0x00, 0x00, 0x00, 0x00, 0x01, 0xF8, 0x00, 0x03, 0xF8, 0x00, 0x07, 0xF0, 0x00,
    0x1F, 0xE0, 0x00, 0x3D, 0xE0, 0x00, 0x7B, 0xC0, 0x01, 0xE7, 0x80, 0x03, 0xC7, 0x80, 0x07, 0x8F,
    0x00, 0x1E, 0x1E, 0x00, 0x3C, 0x3E, 0x00, 0x78, 0x3C, 0x01, 0xE0, 0x78, 0x03, 0xC0, 0xF8, 0x0F,
    0xFF, 0xF0, 0x1F, 0xFF, 0xF0, 0x3F, 0xFF, 0xE0, 0xF8, 0x03, 0xC1, 0xE0, 0x07, 0xC3, 0xC0, 0x0F,
    0x8F, 0x80, 0x0F, 0x1E, 0x00, 0x1F, 0x7C, 0x00, 0x3E, 0x00, 0x00, 0x00, 0x00, 0x00, 0x7F, 0xFF,
    0xFC, 0x00, 0xFF, 0xFF, 0xF8, 0x03, 0xFF, 0xFF, 0xF0, 0x07, 0x9E, 0x00, 0x00, 0x0F, 0x3C, 0x00,
    0x00, 0x3C, 0x78, 0x00, 0x00, 0x78, 0xF0, 0x00, 0x01, 0xE1, 0xE0, 0x00, 0x03, 0xC3, 0xC0, 0x00,
    0x0F, 0x87, 0x80, 0x00, 0x1E, 0x0F, 0xFF, 0xE0, 0x7C, 0x1F, 0xFF, 0xC0, 0xF0, 0x3F, 0xFF, 0x81,
    0xE0, 0x78, 0x00, 0x07, 0xFF, 0xF0, 0x00, 0x0F, 0xFF, 0xE0, 0x00, 0x3F, 0xFF, 0xC0, 0x00, 0x78,
    0x07, 0x80, 0x01, 0xF0, 0x0F, 0x00, 0x03, 0xC0, 0x1F, 0xFF, 0xE7, 0x80, 0x3F, 0xFF, 0xDF, 0x00,
    0x7F, 0xFF, 0xFC, 0x00, 0xFF, 0xFF, 0x00, 0x78, 0x00, 0x0F, 0xFC, 0x00, 0x7F, 0xFC, 0x03, 0xFF,
    0xF8, 0x1F, 0x83, 0xF0, 0xF8, 0x07, 0xC3, 0xC0, 0x0F, 0x9F, 0x00, 0x1E, 0x78, 0x00, 0x79, 0xE0,
    0x00, 0x0F, 0x80, 0x00, 0x3E, 0x00, 0x00, 0xF8, 0x00, 0x03, 0xE0, 0x00, 0x0F, 0x80, 0x00, 0x1E,
    0x00, 0x00, 0x78, 0x00, 0x79, 0xF0, 0x03, 0xE3, 0xC0, 0x0F, 0x0F, 0xC0, 0x7C, 0x1F, 0xCF, 0xE0,
    0x3F, 0xFF, 0x00, 0x7F, 0xF8, 0x00, 0x7F, 0x80, 0x00, 0x30, 0x00, 0x00, 0xE0, 0x00, 0x03, 0xE0,
    0x00, 0x03, 0x80, 0x00, 0x0E, 0x00, 0x01, 0xF0, 0x00, 0x07, 0x00, 0x00, 0x00, 0x00, 0x0F, 0x00,
    0x07, 0x00, 0x07, 0x80, 0x03, 0x80, 0x01, 0xC0, 0x00, 0x00, 0x00, 0x00, 0xFF, 0xFF, 0xFF, 0xFF,
    0xFF, 0xFF, 0xF0, 0x00, 0xF0, 0x00, 0xF0, 0x00, 0xF0, 0x00, 0xF0, 0x00, 0xF0, 0x00, 0xFF, 0xFE,
    0xFF, 0xFE, 0xFF, 0xFE, 0xFF, 0xFE, 0xF0, 0x00, 0xF0, 0x00, 0xF0, 0x00, 0xF0, 0x00, 0xF0, 0x00,
    0xF0, 0x00, 0xFF, 0xFF, 0xFF, 0xFF, 0xFF, 0xFF, 0xFF, 0xFF, 0x00, 0x00, 0x00, 0x78, 0x00, 0x70,
    0x00, 0xF0, 0x00, 0xE0, 0x01, 0xC0, 0x00, 0x00, 0x00, 0x00, 0xFF, 0xFF, 0xFF, 0xFF, 0xFF, 0xFF,
    0xF0, 0x00, 0xF0, 0x00, 0xF0, 0x00, 0xF0, 0x00, 0xF0, 0x00, 0xF0, 0x00, 0xFF, 0xFE, 0xFF, 0xFE,
    0xFF, 0xFE, 0xFF, 0xFE, 0xF0, 0x00, 0xF0, 0x00, 0xF0, 0x00, 0xF0, 0x00, 0xF0, 0x00, 0xF0, 0x00,
    0xFF, 0xFF, 0xFF, 0xFF, 0xFF, 0xFF, 0xFF, 0xFF, 0x00, 0x00, 0x03, 0xC0, 0x07, 0xE0, 0x0E, 0xE0,
    0x1E, 0x70, 0x3C, 0x38, 0x00, 0x00, 0x00, 0x00, 0xFF, 0xFF, 0xFF, 0xFF, 0xFF, 0xFF, 0xF0, 0x00,
    0xF0, 0x00, 0xF0, 0x00, 0xF0, 0x00, 0xF0, 0x00, 0xF0, 0x00, 0xFF, 0xFE, 0xFF, 0xFE, 0xFF, 0xFE,
    0xFF, 0xFE, 0xF0, 0x00, 0xF0, 0x00, 0xF0, 0x00, 0xF0, 0x00, 0xF0, 0x00, 0xF0, 0x00, 0xFF, 0xFF,
    0xFF, 0xFF, 0xFF, 0xFF, 0xFF, 0xFF, 0x00, 0x00, 0x0C, 0x18, 0x1E, 0x3C, 0x1E, 0x3C, 0x1E, 0x3C,
    0x08, 0x10, 0x00, 0x00, 0x00, 0x00, 0xFF, 0xFF, 0xFF, 0xFF, 0xFF, 0xFF, 0xF0, 0x00, 0xF0, 0x00,
    0xF0, 0x00, 0xF0, 0x00, 0xF0, 0x00, 0xF0, 0x00, 0xFF, 0xFE, 0xFF, 0xFE, 0xFF, 0xFE, 0xFF, 0xFE,
    0xF0, 0x00, 0xF0, 0x00, 0xF0, 0x00, 0xF0, 0x00, 0xF0, 0x00, 0xF0, 0x00, 0xFF, 0xFF, 0xFF, 0xFF,
    0xFF, 0xFF, 0xFF, 0xFF, 0x00, 0x78, 0x38, 0x3C, 0x1C, 0x0E, 0x00, 0x00, 0x1E, 0x1E, 0x1E, 0x1E,
    0x1E, 0x1E, 0x1E, 0x1E, 0x1E, 0x1E, 0x1E, 0x1E, 0x1E, 0x1E, 0x1E, 0x1E, 0x1E, 0x1E, 0x1E, 0x1E,
    0x1E, 0x1E, 0x1E, 0x00, 0x3C, 0x71, 0xE3, 0x8E, 0x00, 0x00, 0xF1, 0xE3, 0xC7, 0x8F, 0x1E, 0x3C,
    0x78, 0xF1, 0xE3, 0xC7, 0x8F, 0x1E, 0x3C, 0x78, 0xF1, 0xE3, 0xC7, 0x8F, 0x1E, 0x3C, 0x00, 0x00,
    0x00, 0xF0, 0x1F, 0x83, 0xB8, 0x79, 0xCF, 0x0E, 0x00, 0x00, 0x00, 0x0F, 0x00, 0xF0, 0x0F, 0x00,
    0xF0, 0x0F, 0x00, 0xF0, 0x0F, 0x00, 0xF0, 0x0F, 0x00, 0xF0, 0x0F, 0x00, 0xF0, 0x0F, 0x00, 0xF0,
    0x0F, 0x00, 0xF0, 0x0F, 0x00, 0xF0, 0x0F, 0x00, 0xF0, 0x0F, 0x00, 0xF0, 0x0F, 0x00, 0x00, 0x03,
    0x06, 0x78, 0xF7, 0x8F, 0x78, 0xF2, 0x04, 0x00, 0x00, 0x00, 0x0F, 0x00, 0xF0, 0x0F, 0x00, 0xF0,
    0x0F, 0x00, 0xF0, 0x0F, 0x00, 0xF0, 0x0F, 0x00, 0xF0, 0x0F, 0x00, 0xF0, 0x0F, 0x00, 0xF0, 0x0F,
    0x00, 0xF0, 0x0F, 0x00, 0xF0, 0x0F, 0x00, 0xF0, 0x0F, 0x00, 0xF0, 0x0F, 0x00, 0x00, 0x00, 0x00,
    0x3F, 0xFE, 0x00, 0x7F, 0xFF, 0x00, 0xFF, 0xFF, 0x01, 0xE0, 0x7F, 0x03, 0xC0, 0x3F, 0x07, 0x80,
    0x3E, 0x0F, 0x00, 0x3E, 0x1E, 0x00, 0x3C, 0x3C, 0x00, 0x78, 0x78, 0x00, 0xF3, 0xFF, 0xC1, 0xE7,
    0xFF, 0x83, 0xCF, 0xFF, 0x07, 0x87, 0x80, 0x0F, 0x0F, 0x00, 0x1E, 0x1E, 0x00, 0x7C, 0x3C, 0x00,
    0xF0, 0x78, 0x03, 0xE0, 0xF0, 0x0F, 0x81, 0xFF, 0xFF, 0x03, 0xFF, 0xFC, 0x07, 0xFF, 0xE0, 0x0F,
    0xFF, 0x00, 0x01, 0x00, 0x00, 0x3C, 0xE0, 0x07, 0xFE, 0x00, 0x63, 0xC0, 0x00, 0x00, 0x00, 0x00,
    0x00, 0x00, 0x00, 0x0F, 0x80, 0x1E, 0xFC, 0x01, 0xEF, 0xC0, 0x1E, 0xFE, 0x01, 0xEF, 0xF0, 0x1E,
    0xFF, 0x01, 0xEF, 0x78, 0x1E, 0xF7, 0xC1, 0xEF, 0x3C, 0x1E, 0xF3, 0xE1, 0xEF, 0x1E, 0x1E, 0xF0,
    0xF1, 0xEF, 0x0F, 0x9E, 0xF0, 0x79, 0xEF, 0x03, 0xDE, 0xF0, 0x3D, 0xEF, 0x01, 0xFE, 0xF0, 0x1F,
    0xEF, 0x00, 0xFE, 0xF0, 0x07, 0xEF, 0x00, 0x7E, 0xF0, 0x03, 0xEF, 0x00, 0x1E, 0x00, 0x00, 0x00,
    0x07, 0x80, 0x00, 0x0E, 0x00, 0x00, 0x3C, 0x00, 0x00, 0x70, 0x00, 0x00, 0xE0, 0x00, 0x00, 0x00,
    0x00, 0x1E, 0x00, 0x03, 0xFF, 0x00, 0x1F, 0xFF, 0x00, 0xFF, 0xFE, 0x07, 0xE1, 0xFC, 0x3E, 0x01,
    0xF0, 0xF0, 0x03, 0xE7, 0xC0, 0x07, 0x9E, 0x00, 0x1E, 0x78, 0x00, 0x7F, 0xE0, 0x00, 0xFF, 0x80,
    0x03, 0xFE, 0x00, 0x0F, 0xF8, 0x00, 0x3F, 0xE0, 0x00, 0xF7, 0x80, 0x07, 0xDE, 0x00, 0x1E, 0x7C,
    0x00, 0x78, 0xF0, 0x03, 0xE3, 0xF0, 0x1F, 0x07, 0xF3, 0xF8, 0x0F, 0xFF, 0xC0, 0x1F, 0xFE, 0x00,
    0x1F, 0xE0, 0x00, 0x00, 0x00, 0x00, 0x00, 0x00, 0x00, 0x3C, 0x00, 0x00, 0xE0, 0x00, 0x07, 0x80,
    0x00, 0x1C, 0x00, 0x00, 0xE0, 0x00, 0x00, 0x00, 0x00, 0x1E, 0x00, 0x03, 0xFF, 0x00, 0x1F, 0xFF,
    0x00, 0xFF, 0xFE, 0x07, 0xE1, 0xFC, 0x3E, 0x01, 0xF0, 0xF0, 0x03, 0xE7, 0xC0, 0x07, 0x9E, 0x00,
    0x1E, 0x78, 0x00, 0x7F, 0xE0, 0x00, 0xFF, 0x80, 0x03, 0xFE, 0x00, 0x0F, 0xF8, 0x00, 0x3F, 0xE0,
    0x00, 0xF7, 0x80, 0x07, 0xDE, 0x00, 0x1E, 0x7C, 0x00, 0x78, 0xF0, 0x03, 0xE3, 0xF0, 0x1F, 0x07,
    0xF3, 0xF8, 0x0F, 0xFF, 0xC0, 0x1F, 0xFE, 0x00, 0x1F, 0xE0, 0x00, 0x00, 0x00, 0x00, 0x00, 0x00,
    0x01, 0xE0, 0x00, 0x0F, 0xC0, 0x00, 0x77, 0x00, 0x03, 0xCE, 0x00, 0x1E, 0x1C, 0x00, 0x00, 0x00,
    0x00, 0x1E, 0x00, 0x03, 0xFF, 0x00, 0x1F, 0xFF, 0x00, 0xFF, 0xFE, 0x07, 0xE1, 0xFC, 0x3E, 0x01,
    0xF0, 0xF0, 0x03, 0xE7, 0xC0, 0x07, 0x9E, 0x00, 0x1E, 0x78, 0x00, 0x7F, 0xE0, 0x00, 0xFF, 0x80,
    0x03, 0xFE, 0x00, 0x0F, 0xF8, 0x00, 0x3F, 0xE0, 0x00, 0xF7, 0x80, 0x07, 0xDE, 0x00, 0x1E, 0x7C,
    0x00, 0x78, 0xF0, 0x03, 0xE3, 0xF0, 0x1F, 0x07, 0xF3, 0xF8, 0x0F, 0xFF, 0xC0, 0x1F, 0xFE, 0x00,
    0x1F, 0xE0, 0x00, 0x00, 0x00, 0x00, 0x80, 0x00, 0x07, 0x9C, 0x00, 0x3F, 0xF0, 0x00, 0xC7, 0x80,
    0x00, 0x00, 0x00, 0x00, 0x00, 0x00, 0x07, 0x80, 0x00, 0xFF, 0xC0, 0x07, 0xFF, 0xC0, 0x3F, 0xFF,
    0x81, 0xF8, 0x7F, 0x0F, 0x80, 0x7C, 0x3C, 0x00, 0xF9, 0xF0, 0x01, 0xE7, 0x80, 0x07, 0x9E, 0x00,
    0x1F, 0xF8, 0x00, 0x3F, 0xE0, 0x00, 0xFF, 0x80, 0x03, 0xFE, 0x00, 0x0F, 0xF8, 0x00, 0x3D, 0xE0,
    0x01, 0xF7, 0x80, 0x07, 0x9F, 0x00, 0x1E, 0x3C, 0x00, 0xF8, 0xFC, 0x07, 0xC1, 0xFC, 0xFE, 0x03,
    0xFF, 0xF0, 0x07, 0xFF, 0x80, 0x07, 0xF8, 0x00, 0x00, 0x00, 0x00, 0x00, 0x00, 0x00, 0x06, 0x0C,
    0x00, 0x3C, 0x78, 0x00, 0xF1, 0xE0, 0x03, 0xC7, 0x80, 0x04, 0x08, 0x00, 0x00, 0x00, 0x00, 0x1E,
    0x00, 0x03, 0xFF, 0x00, 0x1F, 0xFF, 0x00, 0xFF, 0xFE, 0x07, 0xE1, 0xFC, 0x3E, 0x01, 0xF0, 0xF0,
    0x03, 0xE7, 0xC0, 0x07, 0x9E, 0x00, 0x1E, 0x78, 0x00, 0x7F, 0xE0, 0x00, 0xFF, 0x80, 0x03, 0xFE,
    0x00, 0x0F, 0xF8, 0x00, 0x3F, 0xE0, 0x00, 0xF7, 0x80, 0x07, 0xDE, 0x00, 0x1E, 0x7C, 0x00, 0x78,
    0xF0, 0x03, 0xE3, 0xF0, 0x1F, 0x07, 0xF3, 0xF8, 0x0F, 0xFF, 0xC0, 0x1F, 0xFE, 0x00, 0x1F, 0xE0,
    0x00, 0x00, 0x00, 0x00, 0x00, 0x08, 0x03, 0x0E, 0x03, 0xCF, 0x83, 0xE3, 0xE3, 0xE0, 0xFB, 0xE0,
    0x3F, 0xE0, 0x0F, 0xE0, 0x03, 0xE0, 0x03, 0xF8, 0x03, 0xFE, 0x03, 0xEF, 0x83, 0xE3, 0xE3, 0xE0,
    0xF9, 0xE0, 0x3C, 0x60, 0x0C, 0x20, 0x04, 0x00, 0x00, 0x00, 0x00, 0x01, 0xE0, 0x40, 0x3F, 0xF3,
    0x81, 0xFF, 0xFE, 0x0F, 0xFF, 0xF0, 0x7E, 0x1F, 0xC3, 0xE0, 0x1F, 0x0F, 0x00, 0xFE, 0x7C, 0x07,
    0xF9, 0xE0, 0x3D, 0xE7, 0x81, 0xE7, 0xFE, 0x07, 0x0F, 0xF8, 0x3C, 0x3F, 0xE1, 0xE0, 0xFF, 0x8F,
    0x03, 0xFE, 0x38, 0x0F, 0x79, 0xE0, 0x7D, 0xEF, 0x01, 0xE7, 0xF8, 0x07, 0x8F, 0xC0, 0x3E, 0x3F,
    0x01, 0xF0, 0x7F, 0x3F, 0x83, 0xFF, 0xFC, 0x1F, 0xFF, 0xE0, 0x71, 0xFE, 0x00, 0x80, 0x00, 0x00,
    0x00, 0x00, 0x00, 0xF0, 0x00, 0x0E, 0x00, 0x01, 0xE0, 0x00, 0x1C, 0x00, 0x01, 0xC0, 0x00, 0x00,
    0x00, 0x00, 0x00, 0xF0, 0x01, 0xFE, 0x00, 0x3F, 0xC0, 0x07, 0xF8, 0x00, 0xFF, 0x00, 0x1F, 0xE0,
    0x03, 0xFC, 0x00, 0x7F, 0x80, 0x0F, 0xF0, 0x01, 0xFE, 0x00, 0x3F, 0xC0, 0x07, 0xF8, 0x00, 0xFF,
    0x00, 0x1F, 0xE0, 0x03, 0xFC, 0x00, 0x7F, 0x80, 0x0F, 0xF8, 0x03, 0xFF, 0x00, 0x7D, 0xF0, 0x1F,
    0x3F, 0x8F, 0xE3, 0xFF, 0xF8, 0x3F, 0xFE, 0x01, 0xFF, 0x00, 0x00, 0x00, 0x00, 0x00, 0x00, 0x07,
    0x80, 0x00, 0xE0, 0x00, 0x3C, 0x00, 0x07, 0x00, 0x01, 0xC0, 0x00, 0x00, 0x00, 0x00, 0x00, 0xF0,
    0x01, 0xFE, 0x00, 0x3F, 0xC0, 0x07, 0xF8, 0x00, 0xFF, 0x00, 0x1F, 0xE0, 0x03, 0xFC, 0x00, 0x7F,
    0x80, 0x0F, 0xF0, 0x01, 0xFE, 0x00, 0x3F, 0xC0, 0x07, 0xF8, 0x00, 0xFF, 0x00, 0x1F, 0xE0, 0x03,
    0xFC, 0x00, 0x7F, 0x80, 0x0F, 0xF8, 0x03, 0xFF, 0x00, 0x7D, 0xF0, 0x1F, 0x3F, 0x8F, 0xE3, 0xFF,
    0xF8, 0x3F, 0xFE, 0x01, 0xFF, 0x00, 0x00, 0x00, 0x00, 0x00, 0x00, 0x1E, 0x00, 0x07, 0xE0, 0x01,
    0xDC, 0x00, 0x79, 0xC0, 0x1E, 0x1C, 0x00, 0x00, 0x00, 0x00, 0x00, 0xF0, 0x01, 0xFE, 0x00, 0x3F,
    0xC0, 0x07, 0xF8, 0x00, 0xFF, 0x00, 0x1F, 0xE0, 0x03, 0xFC, 0x00, 0x7F, 0x80, 0x0F, 0xF0, 0x01,
    0xFE, 0x00, 0x3F, 0xC0, 0x07, 0xF8, 0x00, 0xFF, 0x00, 0x1F, 0xE0, 0x03, 0xFC, 0x00, 0x7F, 0x80,
    0x0F, 0xF8, 0x03, 0xFF, 0x00, 0x7D, 0xF0, 0x1F, 0x3F, 0x8F, 0xE3, 0xFF, 0xF8, 0x3F, 0xFE, 0x01,
    0xFF, 0x00, 0x00, 0x00, 0x00, 0x00, 0x00, 0xC1, 0x80, 0x3C, 0x78, 0x07, 0x8F, 0x00, 0xF1, 0xE0,
    0x08, 0x10, 0x00, 0x00, 0x00, 0x00, 0x00, 0xF0, 0x01, 0xFE, 0x00, 0x3F, 0xC0, 0x07, 0xF8, 0x00,
    0xFF, 0x00, 0x1F, 0xE0, 0x03, 0xFC, 0x00, 0x7F, 0x80, 0x0F, 0xF0, 0x01, 0xFE, 0x00, 0x3F, 0xC0,
    0x07, 0xF8, 0x00, 0xFF, 0x00, 0x1F, 0xE0, 0x03, 0xFC, 0x00, 0x7F, 0x80, 0x0F, 0xF8, 0x03, 0xFF,
    0x00, 0x7D, 0xF0, 0x1F, 0x3F, 0x8F, 0xE3, 0xFF, 0xF8, 0x3F, 0xFE, 0x01, 0xFF, 0x00, 0x00, 0x00,
    0x00, 0x00, 0x00, 0x00, 0x3C, 0x00, 0x00, 0xE0, 0x00, 0x07, 0x80, 0x00, 0x1C, 0x00, 0x00, 0xE0,
    0x00, 0x00, 0x00, 0x00, 0x00, 0x00, 0xFC, 0x00, 0xFC, 0xF0, 0x03, 0xE3, 0xE0, 0x1F, 0x07, 0x80,
    0x78, 0x1F, 0x03, 0xE0, 0x3E, 0x0F, 0x00, 0x78, 0x7C, 0x01, 0xF1, 0xE0, 0x03, 0xCF, 0x00, 0x0F,
    0xFC, 0x00, 0x1F, 0xE0, 0x00, 0x3F, 0x80, 0x00, 0xFC, 0x00, 0x01, 0xE0, 0x00, 0x07, 0x80, 0x00,
    0x1E, 0x00, 0x00, 0x78, 0x00, 0x01, 0xE0, 0x00, 0x07, 0x80, 0x00, 0x1E, 0x00, 0x00, 0x78, 0x00,
    0x01, 0xE0, 0x00, 0x07, 0x80, 0x00, 0x00, 0x00, 0x78, 0x00, 0x3C, 0x00, 0x1E, 0x00, 0x0F, 0x00,
    0x07, 0xFF, 0x03, 0xFF, 0xE1, 0xFF, 0xF8, 0xFF, 0xFE, 0x78, 0x0F, 0xBC, 0x03, 0xDE, 0x01, 0xEF,
    0x00, 0xF7, 0x80, 0x7B, 0xC0, 0x3D, 0xE0, 0x7C, 0xFF, 0xFE, 0x7F, 0xFE, 0x3F, 0xFC, 0x1E, 0x00,
    0x0F, 0x00, 0x07, 0x80, 0x03, 0xC0, 0x01, 0xE0, 0x00, 0x03, 0x80, 0x0F, 0xF8, 0x0F, 0xFF, 0x0F,
    0xFF, 0xC7, 0xC3, 0xE7, 0xC0, 0xF3, 0xC0, 0x79, 0xE0, 0x3C, 0xF0, 0x1E, 0x78, 0x1F, 0x3C, 0x1F,
    0x1E, 0x3E, 0x0F, 0x1F, 0xC7, 0x8F, 0xF3, 0xC0, 0x7D, 0xE0, 0x1F, 0xF0, 0x07, 0xF8, 0x03, 0xFC,
    0x01, 0xFE, 0x01, 0xFF, 0x03, 0xF7, 0x8F, 0xFB, 0xC7, 0xF9, 0xE3, 0xF0, 0x1E, 0x00, 0x1C, 0x00,
    0x3C, 0x00, 0x38, 0x00, 0x38, 0x00, 0x00, 0x00, 0x00, 0x07, 0xF8, 0x1F, 0xF8, 0x7F, 0xF9, 0xF0,
    0xFB, 0xC0, 0xF0, 0x01, 0xE0, 0x07, 0xC3, 0xFF, 0x9F, 0xFF, 0x7F, 0x9F, 0xF0, 0x3F, 0xC0, 0x7F,
    0x81, 0xFF, 0x83, 0xEF, 0xFF, 0xDF, 0xF7, 0x8F, 0xCF, 0x00, 0x00, 0x00, 0xF0, 0x01, 0xC0, 0x07,
    0x80, 0x0E, 0x00, 0x38, 0x00, 0x00, 0x00, 0x00, 0x07, 0xF8, 0x1F, 0xF8, 0x7F, 0xF9, 0xF0, 0xFB,
    0xC0, 0xF0, 0x01, 0xE0, 0x07, 0xC3, 0xFF, 0x9F, 0xFF, 0x7F, 0x9F, 0xF0, 0x3F, 0xC0, 0x7F, 0x81,
    0xFF, 0x83, 0xEF, 0xFF, 0xDF, 0xF7, 0x8F, 0xCF, 0x00, 0x00, 0x03, 0xC0, 0x0F, 0xC0, 0x3B, 0x80,
    0xF3, 0x83, 0xC3, 0x80, 0x00, 0x00, 0x00, 0x07, 0xF8, 0x1F, 0xF8, 0x7F, 0xF9, 0xF0, 0xFB, 0xC0,
    0xF0, 0x01, 0xE0, 0x07, 0xC3, 0xFF, 0x9F, 0xFF, 0x7F, 0x9F, 0xF0, 0x3F, 0xC0, 0x7F, 0x81, 0xFF,
    0x83, 0xEF, 0xFF, 0xDF, 0xF7, 0x8F, 0xCF, 0x00, 0x00, 0x04, 0x00, 0x1E, 0x70, 0x7F, 0xE0, 0xC7,
    0x80, 0x00, 0x00, 0x00, 0x00, 0x00, 0x07, 0xF8, 0x1F, 0xF8, 0x7F, 0xF9, 0xF0, 0xFB, 0xC0, 0xF0,
    0x01, 0xE0, 0x07, 0xC3, 0xFF, 0x9F, 0xFF, 0x7F, 0x9F, 0xF0, 0x3F, 0xC0, 0x7F, 0x81, 0xFF, 0x83,
    0xEF, 0xFF, 0xDF, 0xF7, 0x8F, 0xCF, 0x00, 0x00, 0x18, 0x30, 0x78, 0xF0, 0xF1, 0xE1, 0xE3, 0xC1,
    0x02, 0x00, 0x00, 0x00, 0x00, 0x07, 0xF8, 0x1F, 0xF8, 0x7F, 0xF9, 0xF0, 0xFB, 0xC0, 0xF0, 0x01,
    0xE0, 0x07, 0xC3, 0xFF, 0x9F, 0xFF, 0x7F, 0x9F, 0xF0, 0x3F, 0xC0, 0x7F, 0x81, 0xFF, 0x83, 0xEF,
    0xFF, 0xDF, 0xF7, 0x8F, 0xCF, 0x00, 0x00, 0x03, 0x80, 0x1F, 0x80, 0x33, 0x80, 0xE3, 0x01, 0xC6,
    0x01, 0xDC, 0x03, 0xF0, 0x01, 0xC0, 0x00, 0x00, 0x1F, 0xE0, 0x7F, 0xE1, 0xFF, 0xE7, 0xC3, 0xEF,
    0x03, 0xC0, 0x07, 0x80, 0x1F, 0x0F, 0xFE, 0x7F, 0xFD, 0xFE, 0x7F, 0xC0, 0xFF, 0x01, 0xFE, 0x07,
    0xFE, 0x0F, 0xBF, 0xFF, 0x7F, 0xDE, 0x3F, 0x3C, 0x00, 0x00, 0x00, 0x00, 0x00, 0x01, 0xFC, 0x3F,
    0x80, 0x7F, 0xCF, 0xFC, 0x1F, 0xFF, 0xFF, 0xC7, 0xC3, 0xF0, 0x78, 0xF0, 0x3C, 0x07, 0x80, 0x07,
    0x80, 0xF0, 0x00, 0xF0, 0x0E, 0x0F, 0xFF, 0xFF, 0xC7, 0xFF, 0xFF, 0xFD, 0xFF, 0xFF, 0xFF, 0xFC,
    0x0F, 0x00, 0x0F, 0x01, 0xE0, 0x01, 0xE0, 0x7C, 0x07, 0xBE, 0x0F, 0xC1, 0xF3, 0xFF, 0xBF, 0xFC,
    0x7F, 0xF3, 0xFF, 0x03, 0xF8, 0x3F, 0xC0, 0x00, 0x00, 0x00, 0x00, 0x00, 0x00, 0x07, 0xF0, 0x1F,
    0xFC, 0x3F, 0xFC, 0x7E, 0x3E, 0x78, 0x1F, 0x78, 0x0F, 0xF0, 0x00, 0xF0, 0x00, 0xF0, 0x00, 0xF0,
    0x00, 0xF0, 0x00, 0x78, 0x0F, 0x78, 0x1F, 0x7C, 0x3E, 0x3F, 0xFE, 0x1F, 0xFC, 0x07, 0xF0, 0x01,
    0x80, 0x01, 0xC0, 0x01, 0xF0, 0x00, 0x70, 0x00, 0x70, 0x03, 0xE0, 0x03, 0x80, 0x0F, 0x00, 0x03,
    0x80, 0x01, 0xE0, 0x00, 0x70, 0x00, 0x1C, 0x00, 0x00, 0x00, 0x00, 0x00, 0x0F, 0xE0, 0x1F, 0xF8,
    0x1F, 0xFE, 0x1F, 0x0F, 0x8F, 0x03, 0xC7, 0x00, 0xF7, 0x80, 0x7B, 0xFF, 0xFD, 0xFF, 0xFE, 0xFF,
    0xFF, 0x78, 0x00, 0x1C, 0x00, 0x0F, 0x01, 0xE7, 0xC1, 0xE1, 0xFF, 0xF0, 0x7F, 0xF0, 0x0F, 0xE0,
    0x00, 0x00, 0x00, 0x00, 0x78, 0x00, 0x38, 0x00, 0x3C, 0x00, 0x1C, 0x00, 0x1C, 0x00, 0x00, 0x00,
    0x00, 0x00, 0x0F, 0xE0, 0x1F, 0xF8, 0x1F, 0xFE, 0x1F, 0x0F, 0x8F, 0x03, 0xC7, 0x00, 0xF7, 0x80,
    0x7B, 0xFF, 0xFD, 0xFF, 0xFE, 0xFF, 0xFF, 0x78, 0x00, 0x1C, 0x00, 0x0F, 0x01, 0xE7, 0xC1, 0xE1,
    0xFF, 0xF0, 0x7F, 0xF0, 0x0F, 0xE0, 0x00, 0x00, 0x00, 0x03, 0xC0, 0x03, 0xF0, 0x03, 0xB8, 0x03,
    0xCE, 0x03, 0xC3, 0x80, 0x00, 0x00, 0x00, 0x00, 0x0F, 0xE0, 0x1F, 0xF8, 0x1F, 0xFE, 0x1F, 0x0F,
    0x8F, 0x03, 0xC7, 0x00, 0xF7, 0x80, 0x7B, 0xFF, 0xFD, 0xFF, 0xFE, 0xFF, 0xFF, 0x78, 0x00, 0x1C,
    0x00, 0x0F, 0x01, 0xE7, 0xC1, 0xE1, 0xFF, 0xF0, 0x7F, 0xF0, 0x0F, 0xE0, 0x00, 0x00, 0x00, 0x0C,
    0x18, 0x0F, 0x1E, 0x07, 0x8F, 0x03, 0xC7, 0x80, 0x81, 0x00, 0x00, 0x00, 0x00, 0x00, 0x0F, 0xE0,
    0x1F, 0xF8, 0x1F, 0xFE, 0x1F, 0x0F, 0x8F, 0x03, 0xC7, 0x00, 0xF7, 0x80, 0x7B, 0xFF, 0xFD, 0xFF,
    0xFE, 0xFF, 0xFF, 0x78, 0x00, 0x1C, 0x00, 0x0F, 0x01, 0xE7, 0xC1, 0xE1, 0xFF, 0xF0, 0x7F, 0xF0,
    0x0F, 0xE0, 0x00, 0x00, 0x00, 0xF0, 0xE1, 0xE1, 0xC1, 0xC0, 0x00, 0x0F, 0x1E, 0x3C, 0x78, 0xF1,
    0xE3, 0xC7, 0x8F, 0x1E, 0x3C, 0x78, 0xF1, 0xE3, 0xC7, 0x8F, 0x1E, 0x1C, 0x3C, 0x38, 0x70, 0x00,
    0x00, 0x78, 0x78, 0x78, 0x78, 0x78, 0x78, 0x78, 0x78, 0x78, 0x78, 0x78, 0x78, 0x78, 0x78, 0x78,
    0x78, 0x78, 0x0F, 0x01, 0xF8, 0x3B, 0x87, 0x9C, 0xF0, 0xE0, 0x00, 0x00, 0x00, 0xF0, 0x0F, 0x00,
    0xF0, 0x0F, 0x00, 0xF0, 0x0F, 0x00, 0xF0, 0x0F, 0x00, 0xF0, 0x0F, 0x00, 0xF0, 0x0F, 0x00, 0xF0,
    0x0F, 0x00, 0xF0, 0x0F, 0x00, 0xF0, 0x60, 0xCF, 0x1E, 0xF1, 0xEF, 0x1E, 0x40, 0x80, 0x00, 0x00,
    0x00, 0xF0, 0x0F, 0x00, 0xF0, 0x0F, 0x00, 0xF0, 0x0F, 0x00, 0xF0, 0x0F, 0x00, 0xF0, 0x0F, 0x00,
    0xF0, 0x0F, 0x00, 0xF0, 0x0F, 0x00, 0xF0, 0x0F, 0x00, 0xF0, 0x10, 0x00, 0x07, 0x04, 0x07, 0xCF,
    0x00, 0xFF, 0x00, 0x3E, 0x00, 0x7F, 0x80, 0x79, 0xE0, 0x30, 0x78, 0x00, 0x1C, 0x07, 0xEF, 0x07,
    0xFB, 0x87, 0xFF, 0xE7, 0xC1, 0xF3, 0xC0, 0x7B, 0xC0, 0x3D, 0xE0, 0x1E, 0xF0, 0x07, 0x78, 0x03,
    0xBC, 0x03, 0xDF, 0x01, 0xE7, 0x80, 0xF3, 0xE0, 0xF0, 0xFF, 0xF0, 0x3F, 0xF8, 0x0F, 0xF0, 0x00,
    0x00, 0x00, 0x02, 0x00, 0x07, 0x9C, 0x0F, 0xFC, 0x0C, 0x78, 0x00, 0x00, 0x00, 0x00, 0x00, 0x00,
    0x79, 0xF8, 0x7B, 0xFC, 0x7F, 0xFE, 0x7E, 0x3F, 0x7C, 0x1F, 0x78, 0x0F, 0x78, 0x0F, 0x78, 0x0F,
    0x78, 0x0F, 0x78, 0x0F, 0x78, 0x0F, 0x78, 0x0F, 0x78, 0x0F, 0x78, 0x0F, 0x78, 0x0F, 0x78, 0x0F,
    0x78, 0x0F, 0x0F, 0x00, 0x03, 0x80, 0x01, 0xE0, 0x00, 0x70, 0x00, 0x1C, 0x00, 0x00, 0x00, 0x00,
    0x00, 0x0F, 0xE0, 0x1F, 0xFC, 0x1F, 0xFF, 0x1F, 0x8F, 0x8F, 0x03, 0xE7, 0x80, 0xF7, 0x80, 0x7B,
    0xC0, 0x3F, 0xE0, 0x0F, 0xF0, 0x07, 0xF8, 0x07, 0x9E, 0x03, 0xCF, 0x01, 0xE7, 0xC3, 0xE1, 0xFF,
    0xF0, 0x7F, 0xF0, 0x0F, 0xE0, 0x00, 0x00, 0x00, 0x00, 0x78, 0x00, 0x38, 0x00, 0x3C, 0x00, 0x1C,
    0x00, 0x1C, 0x00, 0x00, 0x00, 0x00, 0x00, 0x0F, 0xE0, 0x1F, 0xFC, 0x1F, 0xFF, 0x1F, 0x8F, 0x8F,
    0x03, 0xE7, 0x80, 0xF7, 0x80, 0x7B, 0xC0, 0x3F, 0xE0, 0x0F, 0xF0, 0x07, 0xF8, 0x07, 0x9E, 0x03,
    0xCF, 0x01, 0xE7, 0xC3, 0xE1, 0xFF, 0xF0, 0x7F, 0xF0, 0x0F, 0xE0, 0x00, 0x00, 0x00, 0x01, 0xE0,
    0x01, 0xF8, 0x01, 0xDC, 0x01, 0xE7, 0x01, 0xE1, 0xC0, 0x00, 0x00, 0x00, 0x00, 0x0F, 0xE0, 0x1F,
    0xFC, 0x1F, 0xFF, 0x1F, 0x8F, 0x8F, 0x03, 0xE7, 0x80, 0xF7, 0x80, 0x7B, 0xC0, 0x3F, 0xE0, 0x0F,
    0xF0, 0x07, 0xF8, 0x07, 0x9E, 0x03, 0xCF, 0x01, 0xE7, 0xC3, 0xE1, 0xFF, 0xF0, 0x7F, 0xF0, 0x0F,
    0xE0, 0x00, 0x00, 0x00, 0x02, 0x00, 0x03, 0xCE, 0x03, 0xFF, 0x01, 0x8F, 0x00, 0x00, 0x00, 0x00,
    0x00, 0x00, 0x00, 0x0F, 0xE0, 0x1F, 0xFC, 0x1F, 0xFF, 0x1F, 0x8F, 0x8F, 0x03, 0xE7, 0x80, 0xF7,
    0x80, 0x7B, 0xC0, 0x3F, 0xE0, 0x0F, 0xF0, 0x07, 0xF8, 0x07, 0x9E, 0x03, 0xCF, 0x01, 0xE7, 0xC3,
    0xE1, 0xFF, 0xF0, 0x7F, 0xF0, 0x0F, 0xE0, 0x00, 0x00, 0x00, 0x0C, 0x18, 0x0F, 0x1E, 0x07, 0x8F,
    0x03, 0xC7, 0x80, 0x81, 0x00, 0x00, 0x00, 0x00, 0x00, 0x0F, 0xE0, 0x1F, 0xFC, 0x1F, 0xFF, 0x1F,
    0x8F, 0x8F, 0x03, 0xE7, 0x80, 0xF7, 0x80, 0x7B, 0xC0, 0x3F, 0xE0, 0x0F, 0xF0, 0x07, 0xF8, 0x07,
    0x9E, 0x03, 0xCF, 0x01, 0xE7, 0xC3, 0xE1, 0xFF, 0xF0, 0x7F, 0xF0, 0x0F, 0xE0, 0x00, 0x00, 0x00,
    0x01, 0xC0, 0x01, 0xF0, 0x00, 0xF8, 0x00, 0x7C, 0x00, 0x1C, 0x00, 0x00, 0x00, 0x00, 0x00, 0xFF,
    0xFE, 0x7F, 0xFF, 0x3F, 0xFF, 0x80, 0x00, 0x00, 0x00, 0x00, 0x08, 0x00, 0x0E, 0x00, 0x0F, 0x80,
    0x07, 0xC0, 0x01, 0xC0, 0x00, 0x00, 0x00, 0x00, 0x02, 0x03, 0xF9, 0x87, 0xFF, 0xE7, 0xFF, 0xC7,
    0xE3, 0xE3, 0xC0, 0xF9, 0xE0, 0xFD, 0xE0, 0xFE, 0xF0, 0xEF, 0xF8, 0xE3, 0xFC, 0xE1, 0xFE, 0xE1,
    0xE7, 0xE0, 0xF3, 0xE0, 0x79, 0xF0, 0xF8, 0x7F, 0xFC, 0x7F, 0xFC, 0x73, 0xF8, 0x10, 0x00, 0x00,
    0x0F, 0x00, 0x07, 0x00, 0x07, 0x80, 0x03, 0x80, 0x01, 0xC0, 0x00, 0x00, 0x00, 0x00, 0x78, 0x0F,
    0x78, 0x0F, 0x78, 0x0F, 0x78, 0x0F, 0x78, 0x0F, 0x78, 0x0F, 0x78, 0x0F, 0x78, 0x0F, 0x78, 0x0F,
    0x78, 0x0F, 0x78, 0x0F, 0x78, 0x0F, 0x7C, 0x1F, 0x7E, 0x3F, 0x3F, 0xFF, 0x1F, 0xEF, 0x0F, 0xCF,
    0x00, 0x00, 0x00, 0x78, 0x00, 0x70, 0x00, 0xF0, 0x00, 0xE0, 0x01, 0xC0, 0x00, 0x00, 0x00, 0x00,
    0x78, 0x0F, 0x78, 0x0F, 0x78, 0x0F, 0x78, 0x0F, 0x78, 0x0F, 0x78, 0x0F, 0x78, 0x0F, 0x78, 0x0F,
    0x78, 0x0F, 0x78, 0x0F, 0x78, 0x0F, 0x78, 0x0F, 0x7C, 0x1F, 0x7E, 0x3F, 0x3F, 0xFF, 0x1F, 0xEF,
    0x0F, 0xCF, 0x00, 0x00, 0x01, 0xE0, 0x03, 0xF0, 0x07, 0x70, 0x0F, 0x38, 0x1E, 0x1C, 0x00, 0x00,
    0x00, 0x00, 0x78, 0x0F, 0x78, 0x0F, 0x78, 0x0F, 0x78, 0x0F, 0x78, 0x0F, 0x78, 0x0F, 0x78, 0x0F,
    0x78, 0x0F, 0x78, 0x0F, 0x78, 0x0F, 0x78, 0x0F, 0x78, 0x0F, 0x7C, 0x1F, 0x7E, 0x3F, 0x3F, 0xFF,
    0x1F, 0xEF, 0x0F, 0xCF, 0x00, 0x00, 0x0C, 0x18, 0x1E, 0x3C, 0x1E, 0x3C, 0x1E, 0x3C, 0x08, 0x10,
    0x00, 0x00, 0x00, 0x00, 0x78, 0x0F, 0x78, 0x0F, 0x78, 0x0F, 0x78, 0x0F, 0x78, 0x0F, 0x78, 0x0F,
    0x78, 0x0F, 0x78, 0x0F, 0x78, 0x0F, 0x78, 0x0F, 0x78, 0x0F, 0x78, 0x0F, 0x7C, 0x1F, 0x7E, 0x3F,
    0x3F, 0xFF, 0x1F, 0xEF, 0x0F, 0xCF, 0x00, 0x00, 0x00, 0x78, 0x00, 0x1C, 0x00, 0x0F, 0x00, 0x03,
    0x80, 0x01, 0xC0, 0x00, 0x00, 0x00, 0x00, 0x03, 0xE0, 0x1F, 0x78, 0x07, 0x9F, 0x03, 0xE3, 0xC0,
    0xF0, 0xF0, 0x3C, 0x1E, 0x1E, 0x07, 0x87, 0x81, 0xE1, 0xE0, 0x3C, 0xF0, 0x0F, 0x3C, 0x03, 0xCF,
    0x00, 0x7F, 0x80, 0x1F, 0xE0, 0x03, 0xF0, 0x00, 0xFC, 0x00, 0x3F, 0x00, 0x07, 0x80, 0x01, 0xE0,
    0x00, 0xF0, 0x00, 0x3C, 0x00, 0xFF, 0x00, 0x3F, 0x80, 0x0F, 0xC0, 0x01, 0xC0, 0x00, 0x00, 0x00,
    0x1E, 0x00, 0x07, 0x80, 0x01, 0xE0, 0x00, 0x78, 0x00, 0x1E, 0x00, 0x07, 0x80, 0x01, 0xE7, 0xE0,
    0x7B, 0xFE, 0x1F, 0xFF, 0x87, 0xE1, 0xF1, 0xF0, 0x3C, 0x78, 0x07, 0x9E, 0x01, 0xE7, 0x80, 0x79,
    0xE0, 0x1E, 0x78, 0x07, 0x9E, 0x01, 0xE7, 0x80, 0x79, 0xF0, 0x3E, 0x7E, 0x1F, 0x1F, 0xFF, 0x87,
    0xBF, 0xE1, 0xE7, 0xE0, 0x78, 0x00, 0x1E, 0x00, 0x07, 0x80, 0x01, 0xE0, 0x00, 0x78, 0x00, 0x1E,
    0x00, 0x07, 0x80, 0x00, 0x0C, 0x18, 0x07, 0x8F, 0x01, 0xE3, 0xC0, 0x78, 0xF0, 0x08, 0x10, 0x00,
    0x00, 0x00, 0x00, 0x03, 0xE0, 0x1F, 0x78, 0x07, 0x9F, 0x03, 0xE3, 0xC0, 0xF0, 0xF0, 0x3C, 0x1E,
    0x1E, 0x07, 0x87, 0x81, 0xE1, 0xE0, 0x3C, 0xF0, 0x0F, 0x3C, 0x03, 0xCF, 0x00, 0x7F, 0x80, 0x1F,
    0xE0, 0x03, 0xF0, 0x00, 0xFC, 0x00, 0x3F, 0x00, 0x07, 0x80, 0x01, 0xE0, 0x00, 0xF0, 0x00, 0x3C,
    0x00, 0xFF, 0x00, 0x3F, 0x80, 0x0F, 0xC0, 0x01, 0xC0, 0x00
};

const epaper_font::GlyphRange kInter32SemiBold_ext = {
    0xA0,
    0xFF,
    kInter32SemiBold_ext_glyphs,
    kInter32SemiBold_ext_bitmaps,
};

const epaper_font::GlyphBitmap kInter32Bold_ext_glyphs[] = {
    {     0,    0,   0,   0,    0,    0,   8 },
    {     0,   22,   7,  25,    1,   18,  10 },
    {    22,   51,  17,  24,    1,   24,  19 },
    {    73,   54,  18,  24,    1,   24,  20 },
    {   127,   58,  22,  21,    1,   20,  24 },
    {   185,   54,  18,  24,    0,   24,  18 },
    {   239,   19,   5,  29,    3,   24,  11 },
    {   258,   58,  16,  29,    1,   24,  18 },
    {   316,    9,  13,   5,    3,   24,  20 },
    {   325,   79,  25,  25,    2,   24,  29 },
    {   404,   25,  14,  14,    0,   24,  15 },
    {   429,   36,  19,  15,    1,   17,  21 },
    {   465,   17,  15,   9,    3,   13,  22 },
    {   482,   50,  16,  25,    1,   24,  19 },
    {   532,   46,  19,  19,    1,   24,  21 },
    {   578,    5,  10,   4,    2,   23,  14 },
    {   583,   18,  12,  12,    1,   24,  15 },
    {   601,   39,  17,  18,    2,   18,  22 },
    {   640,   21,  12,  14,    1,   27,  14 },
    {   661,   21,  12,  14,    1,   27,  14 },
    {   682,    5,   8,   5,    1,   24,  11 },
    {   687,   57,  19,  24,    1,   17,  20 },
    {   744,   51,  17,  24,    0,   24,  19 },
    {   795,    6,   7,   6,    1,   14,  10 },
    {   801,    7,   7,   8,    3,    1,  12 },
    {   808,   14,   8,  14,    1,   27,  10 },
    {   822,   27,  15,  14,    0,   24,  16 },
    {   849,   38,  20,  15,    0,   17,  21 },
    {   887,   78,  26,  24,    0,   24,  27 },
    {   965,   81,  27,  24,    0,   24,  28 },
    {  1046,   81,  27,  24,    1,   24,  29 },
    {  1127,   50,  16,  25,    1,   18,  19 },
    {  1177,   90,  23,  31,    0,   31,  24 },
    {  1267,   90,  23,  31,    0,   31,  24 },
    {  1357,   90,  23,  31,    0,   31,  24 },
    {  1447,   90,  23,  31,    0,   31,  24 },
    {  1537,   90,  23,  31,    0,   31,  24 },
    {  1627,   92,  23,  32,    0,   32,  24 },
    {  1719,   96,  32,  24,    0,   24,  33 },
    {  1815,   86,  22,  31,    1,   24,  24 },
    {  1901,   70,  18,  31,    1,   31,  20 },
    {  1971,   70,  18,  31,    1,   31,  20 },
    {  2041,   70,  18,  31,    1,   31,  20 },
    {  2111,   70,  18,  31,    1,   31,  20 },
    {  2181,   31,   8,  31,   -1,   31,   9 },
    {  2212,   35,   9,  31,    1,   31,   9 },
    {  2247,   51,  13,  31,   -2,   31,   9 },
    {  2298,   51,  13,  31,   -2,   31,   9 },
    {  2349,   69,  23,  24,    0,   24,  25 },
    {  2418,   82,  21,  31,    1,   31,  24 },
    {  2500,   92,  23,  32,    1,   31,  25 },
    {  2592,   92,  23,  32,    1,   31,  25 },
    {  2684,   92,  23,  32,    1,   31,  25 },
    {  2776,   92,  23,  32,    1,   31,  25 },
    {  2868,   92,  23,  32,    1,   31,  25 },
    {  2960,   37,  17,  17,    2,   18,  22 },
    {  2997,   78,  23,  27,    1,   25,  25 },
    {  3075,   84,  21,  32,    1,   31,  23 },
    {  3159,   84,  21,  32,    1,   31,  23 },
    {  3243,   84,  21,  32,    1,   31,  23 },
    {  3327,   84,  21,  32,    1,   31,  23 },
    {  3411,   90,  23,  31,    0,   31,  23 },
    {  3501,   54,  18,  24,    1,   24,  21 },
    {  3555,   57,  19,  24,    1,   24,  21 },
    {  3612,   50,  16,  25,    1,   24,  19 },
    {  3662,   50,  16,  25,    1,   24,  19 },
    {  3712,   50,  16,  25,    1,   24,  19 },
    {  3762,   50,  16,  25,    1,   24,  19 },
    {  3812,   50,  16,  25,    1,   24,  19 },
    {  3862,   54,  16,  27,    1,   26,  19 },
    {  3916,   65,  27,  19,    1,   18,  29 },
    {  3981,   54,  17,  25,    1,   18,  19 },
    {  4035,   54,  17,  25,    1,   24,  19 },
    {  4089,   54,  17,  25,    1,   24,  19 },
    {  4143,   54,  17,  25,    1,   24,  19 },
    {  4197,   54,  17,  25,    1,   24,  19 },
    {  4251,   27,   9,  24,   -2,   24,   9 },
    {  4278,   27,   9,  24,    1,   24,   9 },
    {  4305,   39,  13,  24,   -2,   24,   9 },
    {  4344,   39,  13,  24,   -2,   24,   9 },
    {  4383,   56,  17,  26,    1,   25,  19 },
    {  4439,   51,  17,  24,    1,   24,  20 },
    {  4490,   54,  17,  25,    1,   24,  20 },
    {  4544,   54,  17,  25,    1,   24,  20 },
    {  4598,   54,  17,  25,    1,   24,  20 },
    {  4652,   54,  17,  25,    1,   24,  20 },
    {  4706,   54,  17,  25,    1,   24,  20 },
    {  4760,   41,  17,  19,    2,   19,  22 },
    {  4801,   43,  18,  19,    1,   18,  20 },
    {  4844,   54,  17,  25,    1,   24,  20 },
    {  4898,   54,  17,  25,    1,   24,  20 },
    {  4952,   54,  17,  25,    1,   24,  20 },
    {  5006,   54,  17,  25,    1,   24,  20 },
    {  5060,   74,  19,  31,    0,   24,  19 },
    {  5134,   70,  18,  31,    1,   24,  20 },
    {  5204,   74,  19,  31,    0,   24,  19 },
};

const uint8_t kInter32Bold_ext_bitmaps[] = {
    0x00, 0x79, 0xF3, 0xE7, 0xC7, 0x00, 0x00, 0x7C, 0xF9, 0xF3, 0xE7, 0xCF, 0x9F, 0x3E, 0x7C, 0xF9,
    0xF3, 0xE7, 0xCF, 0x9F, 0x3E, 0x00, 0x00, 0x00, 0x00, 0xC0, 0x00, 0x60, 0x00, 0x30, 0x00, 0xFF,
    0x80, 0xFF, 0xE0, 0xFF, 0xF8, 0xFF, 0x7E, 0x7D, 0x9F, 0x7C, 0xC7, 0xBE, 0x60, 0x1F, 0x30, 0x0F,
    0x98, 0x07, 0xCC, 0x03, 0xE6, 0x00, 0xF3, 0x1E, 0x7D, 0x9F, 0x3F, 0xFF, 0x0F, 0xFF, 0x83, 0xFF,
    0x80, 0x7F, 0x00, 0x0C, 0x00, 0x06, 0x00, 0x03, 0x00, 0x00, 0x70, 0x00, 0xFF, 0x00, 0xFF, 0xF0,
    0x3F, 0xFC, 0x1F, 0x9F, 0x87, 0xC1, 0xE3, 0xE0, 0x7C, 0xF8, 0x1E, 0x3E, 0x00, 0x0F, 0x80, 0x03,
    0xE0, 0x03, 0xFF, 0xE0, 0xFF, 0xF8, 0x3F, 0xFE, 0x01, 0xE0, 0x00, 0x78, 0x00, 0x1E, 0x00, 0x07,
    0x80, 0x01, 0xE0, 0x7C, 0xF0, 0x1F, 0xFF, 0xFF, 0xFF, 0xFF, 0xEF, 0xFF, 0xFB, 0xFF, 0xF8, 0x20,
    0x00, 0x20, 0xC7, 0xF8, 0xC7, 0xFF, 0xF7, 0x8F, 0xFF, 0xFC, 0x1F, 0x03, 0xE0, 0x70, 0x03, 0x83,
    0xC0, 0x0F, 0x0E, 0x00, 0x1C, 0x38, 0x00, 0x70, 0xC0, 0x00, 0xC7, 0x00, 0x03, 0x8C, 0x00, 0x0C,
    0x38, 0x00, 0x70, 0xE0, 0x01, 0xC3, 0xC0, 0x0F, 0x07, 0x00, 0x38, 0x1F, 0x03, 0xE0, 0xFF, 0xFF,
    0xC7, 0xFF, 0xF7, 0x8C, 0x7F, 0x8C, 0x00, 0x00, 0x00, 0x00, 0x00, 0x3E, 0x03, 0xF7, 0xC0, 0xF8,
    0xF0, 0x3C, 0x3E, 0x1F, 0x0F, 0x87, 0x81, 0xF3, 0xE0, 0x7C, 0xF0, 0x0F, 0x7C, 0x03, 0xFF, 0x00,
    0x7F, 0x80, 0x1F, 0xE0, 0x3F, 0xFF, 0x0F, 0xFF, 0xC3, 0xFF, 0xF0, 0x07, 0x80, 0x01, 0xE0, 0x0F,
    0xFF, 0xC3, 0xFF, 0xF0, 0x07, 0x80, 0x01, 0xE0, 0x00, 0x78, 0x00, 0x1E, 0x00, 0x07, 0x80, 0x07,
    0xBD, 0xEF, 0x7B, 0xDE, 0xF7, 0xBD, 0xE0, 0x00, 0x00, 0x00, 0x3D, 0xEF, 0x7B, 0xDE, 0xF7, 0xBD,
    0xE0, 0x00, 0x03, 0x80, 0x1F, 0xF0, 0x3F, 0xF8, 0x3F, 0xFC, 0x7C, 0x7C, 0x78, 0x3C, 0x78, 0x00,
    0x7C, 0x00, 0x3F, 0x00, 0x1F, 0xC0, 0x0F, 0xF0, 0x7F, 0xFC, 0x70, 0xFE, 0xF0, 0x3E, 0xF0, 0x1E,
    0xF8, 0x0E, 0x7E, 0x0E, 0x3F, 0xBC, 0x1F, 0xF8, 0x07, 0xF8, 0x00, 0xFC, 0x00, 0x3C, 0x00, 0x3C,
    0x78, 0x3C, 0x7C, 0x3C, 0x3F, 0xFC, 0x3F, 0xF8, 0x1F, 0xF0, 0x03, 0xC0, 0x30, 0x63, 0xC7, 0x9F,
    0x3E, 0xF1, 0xE3, 0x06, 0x00, 0x00, 0x1C, 0x00, 0x00, 0xFF, 0xC0, 0x00, 0xFF, 0xF8, 0x01, 0xFF,
    0xFE, 0x01, 0xFC, 0x1F, 0x80, 0xF8, 0x03, 0xE0, 0xF8, 0xF8, 0xF8, 0xF9, 0xFF, 0x3C, 0x79, 0xFF,
    0xCF, 0x3C, 0xF1, 0xE7, 0x9C, 0xF0, 0x71, 0xDE, 0x70, 0x04, 0xEF, 0x38, 0x00, 0x77, 0x9C, 0x00,
    0x39, 0xCF, 0x07, 0xBC, 0xF3, 0xEF, 0x9E, 0x78, 0xFF, 0x8F, 0x1E, 0x3F, 0x8F, 0x0F, 0x87, 0x0F,
    0x83, 0xE0, 0x0F, 0x80, 0xFE, 0x3F, 0x80, 0x3F, 0xFF, 0x80, 0x0F, 0xFF, 0x80, 0x01, 0xFF, 0x00,
    0x00, 0x00, 0x00, 0x00, 0x07, 0x80, 0x7F, 0x83, 0xFF, 0x0F, 0x1E, 0x78, 0x78, 0x01, 0xE1, 0xFF,
    0x8F, 0xFE, 0x7C, 0x79, 0xC1, 0xE7, 0x87, 0x9F, 0xFE, 0x3F, 0xF8, 0x7D, 0xE0, 0x00, 0x00, 0x00,
    0xFD, 0xF8, 0x3F, 0x7E, 0x07, 0xCF, 0x81, 0xF3, 0xE0, 0x7C, 0xF8, 0x1F, 0x3E, 0x07, 0xCF, 0x80,
    0x7C, 0xF8, 0x07, 0xCF, 0x80, 0x7C, 0xF8, 0x0F, 0x9F, 0x00, 0xF9, 0xF0, 0x0F, 0x9F, 0x00, 0xF9,
    0xF0, 0x00, 0x01, 0xFF, 0xFB, 0xFF, 0xF7, 0xFF, 0xEF, 0xFF, 0xC0, 0x07, 0x80, 0x0F, 0x00, 0x1E,
    0x00, 0x00, 0x03, 0x80, 0x1F, 0xF8, 0x3F, 0xFC, 0x7F, 0xFE, 0x7C, 0x3E, 0xF8, 0x1F, 0xF8, 0x1F,
    0xF8, 0x1F, 0x00, 0x1E, 0x00, 0x3E, 0x00, 0xFC, 0x01, 0xF8, 0x03, 0xF0, 0x03, 0xE0, 0x07, 0xC0,
    0x07, 0xC0, 0x07, 0xC0, 0x00, 0x00, 0x00, 0x00, 0x03, 0x80, 0x07, 0xC0, 0x07, 0xC0, 0x07, 0xC0,
    0x03, 0x80, 0x00, 0x00, 0x00, 0xC0, 0x00, 0xFF, 0x80, 0x3F, 0xF8, 0x0E, 0x07, 0x83, 0x80, 0x38,
    0xE7, 0xC3, 0x98, 0xFE, 0x73, 0x18, 0xC6, 0xE3, 0x18, 0xDC, 0x7F, 0x1B, 0x8F, 0xC3, 0x31, 0x98,
    0x66, 0x33, 0x9C, 0xE6, 0x33, 0x8E, 0x00, 0xE0, 0xE0, 0x78, 0x0F, 0xFE, 0x00, 0xFF, 0x80, 0x03,
    0x00, 0x00, 0xFF, 0xBF, 0xEF, 0xF8, 0x00, 0x00, 0x01, 0xF8, 0x3F, 0xC7, 0xFE, 0x70, 0xE7, 0x0F,
    0x70, 0x77, 0x0F, 0x7F, 0xE3, 0xFC, 0x1F, 0x80, 0x70, 0x01, 0xE0, 0x00, 0xF0, 0x00, 0x78, 0x00,
    0x3C, 0x07, 0xFF, 0xFB, 0xFF, 0xFD, 0xFF, 0xFE, 0xFF, 0xFF, 0x01, 0xE0, 0x00, 0xF0, 0x00, 0x78,
    0x00, 0x3C, 0x00, 0x00, 0x03, 0xFF, 0xFD, 0xFF, 0xFE, 0xFF, 0xFF, 0x7F, 0xFF, 0x80, 0x00, 0x00,
    0x1F, 0x03, 0xFC, 0x7F, 0xEF, 0x1E, 0xF0, 0xE0, 0x1E, 0x03, 0xC0, 0x7C, 0x1F, 0x03, 0xE0, 0x7F,
    0xEF, 0xFE, 0xFF, 0xE0, 0x00, 0x0F, 0x03, 0xFC, 0x7F, 0xE7, 0x0E, 0x00, 0xE0, 0x1E, 0x0F, 0x80,
    0xFE, 0x00, 0xFF, 0x0F, 0x79, 0xF7, 0xFE, 0x3F, 0xC0, 0x40, 0x1F, 0x1E, 0x3C, 0x38, 0x70, 0x78,
    0x0F, 0x0F, 0x01, 0xE1, 0xE0, 0x3C, 0x3C, 0x07, 0x87, 0x80, 0xF0, 0xF0, 0x1E, 0x1E, 0x03, 0xC3,
    0xC0, 0x78, 0x78, 0x0F, 0x0F, 0x01, 0xE1, 0xE0, 0x3C, 0x3E, 0x07, 0x87, 0xC1, 0xF8, 0xFF, 0xFF,
    0x9F, 0xFF, 0xF3, 0xDF, 0xBE, 0x79, 0xC3, 0xCF, 0x00, 0x01, 0xE0, 0x00, 0x3C, 0x00, 0x07, 0x80,
    0x00, 0xF0, 0x00, 0x1E, 0x00, 0x03, 0xC0, 0x00, 0x00, 0x00, 0x03, 0xFF, 0xC7, 0xFF, 0xE7, 0xFF,
    0xF3, 0xFC, 0x7B, 0xFE, 0x3D, 0xFF, 0x1E, 0xFF, 0x8F, 0x7F, 0xC7, 0xBF, 0xE3, 0xDF, 0xF1, 0xE7,
    0xF8, 0xF3, 0xFC, 0x78, 0xFE, 0x3C, 0x1F, 0x1E, 0x00, 0x0F, 0x00, 0x07, 0x80, 0x03, 0xC0, 0x01,
    0xE0, 0x00, 0xF0, 0x00, 0x78, 0x00, 0x3C, 0x00, 0x1E, 0x00, 0x0F, 0x38, 0xF9, 0xF3, 0xE3, 0x80,
    0x00, 0x30, 0xC1, 0xE3, 0xE0, 0xC3, 0x9F, 0x30, 0x1E, 0x3E, 0xFE, 0xFE, 0xDE, 0x1E, 0x1E, 0x1E,
    0x1E, 0x1E, 0x1E, 0x1E, 0x1E, 0x00, 0x03, 0x80, 0x1F, 0xE0, 0xFF, 0xE1, 0xF3, 0xE7, 0x83, 0xCF,
    0x07, 0x9E, 0x07, 0x3C, 0x0E, 0x78, 0x3C, 0xF0, 0x78, 0xF1, 0xF1, 0xFF, 0xC1, 0xFF, 0x00, 0xF8,
    0x00, 0x00, 0x00, 0x07, 0xEF, 0xC0, 0x3F, 0x7E, 0x01, 0xF3, 0xE0, 0x0F, 0x9F, 0x00, 0x7C, 0xF8,
    0x03, 0xE7, 0xC0, 0x1F, 0x3E, 0x03, 0xE7, 0xC0, 0x7C, 0xF8, 0x0F, 0xDF, 0x80, 0xF9, 0xF0, 0x1F,
    0x3E, 0x03, 0xE7, 0xC0, 0x7C, 0xF8, 0x00, 0x00, 0x00, 0x00, 0x07, 0x80, 0x0F, 0x03, 0xE0, 0x07,
    0x81, 0xF8, 0x01, 0xC0, 0x6E, 0x00, 0xE0, 0x13, 0x80, 0x78, 0x00, 0xE0, 0x3C, 0x00, 0x38, 0x0E,
    0x00, 0x0E, 0x07, 0x00, 0x03, 0x83, 0xC0, 0x00, 0xE0, 0xE0, 0x00, 0x38, 0x70, 0x78, 0x0E, 0x3C,
    0x3E, 0x03, 0x8E, 0x0F, 0x80, 0x07, 0x07, 0xE0, 0x03, 0xC3, 0xB8, 0x00, 0xE0, 0xEE, 0x00, 0x70,
    0x73, 0x80, 0x3C, 0x1C, 0xE0, 0x0E, 0x0F, 0xFE, 0x07, 0x03, 0xFF, 0x83, 0xC0, 0xFF, 0xE1, 0xE0,
    0x00, 0xE0, 0xF0, 0x00, 0x38, 0x00, 0x00, 0x00, 0x03, 0xC0, 0x07, 0x80, 0xF8, 0x01, 0xE0, 0x3F,
    0x00, 0x38, 0x06, 0xE0, 0x0E, 0x00, 0x9C, 0x03, 0xC0, 0x03, 0x80, 0xF0, 0x00, 0x70, 0x1C, 0x00,
    0x0E, 0x07, 0x00, 0x01, 0xC1, 0xE0, 0x00, 0x38, 0x38, 0x00, 0x07, 0x0E, 0x1F, 0x80, 0xE3, 0xC7,
    0xF8, 0x1C, 0x71, 0xE7, 0x00, 0x1C, 0x38, 0xF0, 0x07, 0x80, 0x1C, 0x00, 0xE0, 0x03, 0x80, 0x38,
    0x00, 0xF0, 0x0F, 0x00, 0x3C, 0x01, 0xC0, 0x0F, 0x00, 0x70, 0x03, 0xC0, 0x1E, 0x01, 0xFF, 0x87,
    0x80, 0x3F, 0xF1, 0xE0, 0x07, 0xFE, 0x00, 0x00, 0x00, 0x07, 0xE0, 0x01, 0xE1, 0xFE, 0x00, 0x78,
    0x39, 0xE0, 0x0E, 0x0E, 0x1C, 0x03, 0x80, 0x03, 0x80, 0xF0, 0x03, 0xE0, 0x3C, 0x00, 0x78, 0x07,
    0x00, 0x0F, 0xC1, 0xC0, 0x00, 0x38, 0x78, 0x03, 0x87, 0x0E, 0x00, 0x79, 0xE3, 0x83, 0xC7, 0xF8,
    0xF0, 0xF8, 0x7E, 0x1C, 0x1F, 0x00, 0x07, 0x07, 0xE0, 0x01, 0xE1, 0xDC, 0x00, 0x38, 0x3B, 0x80,
    0x0E, 0x0E, 0x70, 0x03, 0xC1, 0xCE, 0x00, 0x70, 0x7F, 0xF0, 0x1C, 0x0F, 0xFE, 0x07, 0x81, 0xFF,
    0xC1, 0xE0, 0x00, 0xE0, 0x78, 0x00, 0x1C, 0x00, 0x00, 0x01, 0xC0, 0x03, 0xE0, 0x03, 0xE0, 0x03,
    0xE0, 0x01, 0xC0, 0x00, 0x00, 0x00, 0x00, 0x01, 0xE0, 0x03, 0xE0, 0x03, 0xE0, 0x07, 0xC0, 0x0F,
    0xC0, 0x1F, 0x80, 0x3F, 0x00, 0x7C, 0x00, 0x7C, 0x00, 0xF8, 0x00, 0xF8, 0x1F, 0x78, 0x1F, 0x7C,
    0x3E, 0x7F, 0xFE, 0x3F, 0xFC, 0x1F, 0xF8, 0x03, 0xC0, 0x00, 0x00, 0x00, 0x03, 0xC0, 0x00, 0x03,
    0xC0, 0x00, 0x03, 0x80, 0x00, 0x07, 0x80, 0x00, 0x07, 0x00, 0x00, 0x01, 0x00, 0x00, 0x00, 0x00,
    0x00, 0xFE, 0x00, 0x01, 0xFC, 0x00, 0x03, 0xFC, 0x00, 0x0F, 0xF8, 0x00, 0x1E, 0xF0, 0x00, 0x7D,
    0xF0, 0x00, 0xFB, 0xE0, 0x01, 0xF3, 0xC0, 0x07, 0xC7, 0xC0, 0x0F, 0x8F, 0x80, 0x1F, 0x0F, 0x00,
    0x7C, 0x1F, 0x00, 0xF8, 0x3E, 0x01, 0xF0, 0x7E, 0x07, 0xFF, 0xFC, 0x0F, 0xFF, 0xF8, 0x1F, 0xFF,
    0xF8, 0x7F, 0xFF, 0xF0, 0xF8, 0x03, 0xE1, 0xF0, 0x07, 0xE7, 0xC0, 0x07, 0xCF, 0x80, 0x0F, 0xBF,
    0x00, 0x1F, 0x80, 0x00, 0x00, 0x00, 0x00, 0x1F, 0x00, 0x00, 0x3C, 0x00, 0x00, 0xF0, 0x00, 0x01,
    0xC0, 0x00, 0x07, 0x00, 0x00, 0x00, 0x00, 0x00, 0x00, 0x00, 0x00, 0xFE, 0x00, 0x01, 0xFC, 0x00,
    0x03, 0xFC, 0x00, 0x0F, 0xF8, 0x00, 0x1E, 0xF0, 0x00, 0x7D, 0xF0, 0x00, 0xFB, 0xE0, 0x01, 0xF3,
    0xC0, 0x07, 0xC7, 0xC0, 0x0F, 0x8F, 0x80, 0x1F, 0x0F, 0x00, 0x7C, 0x1F, 0x00, 0xF8, 0x3E, 0x01,
    0xF0, 0x7E, 0x07, 0xFF, 0xFC, 0x0F, 0xFF, 0xF8, 0x1F, 0xFF, 0xF8, 0x7F, 0xFF, 0xF0, 0xF8, 0x03,
    0xE1, 0xF0, 0x07, 0xE7, 0xC0, 0x07, 0xCF, 0x80, 0x0F, 0xBF, 0x00, 0x1F, 0x80, 0x00, 0x00, 0x00,
    0x00, 0x78, 0x00, 0x01, 0xF8, 0x00, 0x07, 0xF8, 0x00, 0x1E, 0x78, 0x00, 0x78, 0x78, 0x00, 0x00,
    0x00, 0x00, 0x00, 0x00, 0x00, 0xFE, 0x00, 0x01, 0xFC, 0x00, 0x03, 0xFC, 0x00, 0x0F, 0xF8, 0x00,
    0x1E, 0xF0, 0x00, 0x7D, 0xF0, 0x00, 0xFB, 0xE0, 0x01, 0xF3, 0xC0, 0x07, 0xC7, 0xC0, 0x0F, 0x8F,
    0x80, 0x1F, 0x0F, 0x00, 0x7C, 0x1F, 0x00, 0xF8, 0x3E, 0x01, 0xF0, 0x7E, 0x07, 0xFF, 0xFC, 0x0F,
    0xFF, 0xF8, 0x1F, 0xFF, 0xF8, 0x7F, 0xFF, 0xF0, 0xF8, 0x03, 0xE1, 0xF0, 0x07, 0xE7, 0xC0, 0x07,
    0xCF, 0x80, 0x0F, 0xBF, 0x00, 0x1F, 0x80, 0x00, 0x00, 0x00, 0x00, 0xC3, 0x00, 0x07, 0xE6, 0x00,
    0x0F, 0xFC, 0x00, 0x19, 0xF0, 0x00, 0x40, 0x80, 0x00, 0x00, 0x00, 0x00, 0x00, 0x00, 0x00, 0xFE,
    0x00, 0x01, 0xFC, 0x00, 0x03, 0xFC, 0x00, 0x0F, 0xF8, 0x00, 0x1E, 0xF0, 0x00, 0x7D, 0xF0, 0x00,
    0xFB, 0xE0, 0x01, 0xF3, 0xC0, 0x07, 0xC7, 0xC0, 0x0F, 0x8F, 0x80, 0x1F, 0x0F, 0x00, 0x7C, 0x1F,
    0x00, 0xF8, 0x3E, 0x01, 0xF0, 0x7E, 0x07, 0xFF, 0xFC, 0x0F, 0xFF, 0xF8, 0x1F, 0xFF, 0xF8, 0x7F,
    0xFF, 0xF0, 0xF8, 0x03, 0xE1, 0xF0, 0x07, 0xE7, 0xC0, 0x07, 0xCF, 0x80, 0x0F, 0xBF, 0x00, 0x1F,
    0x80, 0x00, 0x00, 0x00, 0x03, 0x06, 0x00, 0x0F, 0x1E, 0x00, 0x1F, 0x3E, 0x00, 0x3C, 0x78, 0x00,
    0x30, 0x60, 0x00, 0x00, 0x00, 0x00, 0x00, 0x00, 0x00, 0xFE, 0x00, 0x01, 0xFC, 0x00, 0x03, 0xFC,
    0x00, 0x0F, 0xF8, 0x00, 0x1E, 0xF0, 0x00, 0x7D, 0xF0, 0x00, 0xFB, 0xE0, 0x01, 0xF3, 0xC0, 0x07,
    0xC7, 0xC0, 0x0F, 0x8F, 0x80, 0x1F, 0x0F, 0x00, 0x7C, 0x1F, 0x00, 0xF8, 0x3E, 0x01, 0xF0, 0x7E,
    0x07, 0xFF, 0xFC, 0x0F, 0xFF, 0xF8, 0x1F, 0xFF, 0xF8, 0x7F, 0xFF, 0xF0, 0xF8, 0x03, 0xE1, 0xF0,
    0x07, 0xE7, 0xC0, 0x07, 0xCF, 0x80, 0x0F, 0xBF, 0x00, 0x1F, 0x80, 0x00, 0x3C, 0x00, 0x00, 0xFC,
    0x00, 0x03, 0x9C, 0x00, 0x06, 0x38, 0x00, 0x0C, 0x70, 0x00, 0x1F, 0xC0, 0x00, 0x1F, 0x80, 0x00,
    0x0C, 0x00, 0x00, 0x00, 0x00, 0x01, 0xFC, 0x00, 0x03, 0xF8, 0x00, 0x07, 0xF8, 0x00, 0x1F, 0xF0,
    0x00, 0x3D, 0xE0, 0x00, 0xFB, 0xE0, 0x01, 0xF7, 0xC0, 0x03, 0xE7, 0x80, 0x0F, 0x8F, 0x80, 0x1F,
    0x1F, 0x00, 0x3E, 0x1E, 0x00, 0xF8, 0x3E, 0x01, 0xF0, 0x7C, 0x03, 0xE0, 0xFC, 0x0F, 0xFF, 0xF8,
    0x1F, 0xFF, 0xF0, 0x3F, 0xFF, 0xF0, 0xFF, 0xFF, 0xE1, 0xF0, 0x07, 0xC3, 0xE0, 0x0F, 0xCF, 0x80,
    0x0F, 0x9F, 0x00, 0x1F, 0x7E, 0x00, 0x3F, 0x00, 0x00, 0x00, 0x00, 0x00, 0x3F, 0xFF, 0xFE, 0x00,
    0x3F, 0xFF, 0xFE, 0x00, 0x7F, 0xFF, 0xFE, 0x00, 0x7D, 0xFF, 0xFE, 0x00, 0xF9, 0xF0, 0x00, 0x00,
    0xF9, 0xF0, 0x00, 0x01, 0xF1, 0xF0, 0x00, 0x01, 0xF1, 0xF0, 0x00, 0x01, 0xE1, 0xF0, 0x00, 0x03,
    0xE1, 0xFF, 0xFC, 0x03, 0xE1, 0xFF, 0xFC, 0x07, 0xC1, 0xFF, 0xFC, 0x07, 0xC1, 0xFF, 0xFC, 0x0F,
    0x81, 0xF0, 0x00, 0x0F, 0xFF, 0xF0, 0x00, 0x0F, 0xFF, 0xF0, 0x00, 0x1F, 0xFF, 0xF0, 0x00, 0x1F,
    0x01, 0xF0, 0x00, 0x3E, 0x01, 0xF0, 0x00, 0x3E, 0x01, 0xFF, 0xFE, 0x7E, 0x01, 0xFF, 0xFE, 0x7C,
    0x01, 0xFF, 0xFE, 0xFC, 0x01, 0xFF, 0xFE, 0x00, 0x78, 0x00, 0x0F, 0xFC, 0x00, 0xFF, 0xFC, 0x07,
    0xFF, 0xF8, 0x1F, 0xFF, 0xF0, 0xFC, 0x0F, 0xC7, 0xE0, 0x1F, 0x9F, 0x00, 0x3E, 0x7C, 0x00, 0xFB,
    0xE0, 0x00, 0x0F, 0x80, 0x00, 0x3E, 0x00, 0x00, 0xF8, 0x00, 0x03, 0xE0, 0x00, 0x0F, 0x80, 0x00,
    0x1E, 0x00, 0x00, 0x7C, 0x00, 0xF9, 0xF0, 0x03, 0xE7, 0xE0, 0x1F, 0x8F, 0xE0, 0xFC, 0x1F, 0xFF,
    0xE0, 0x3F, 0xFF, 0x80, 0x7F, 0xF8, 0x00, 0x7F, 0x80, 0x00, 0x60, 0x00, 0x01, 0xE0, 0x00, 0x07,
    0xC0, 0x00, 0x03, 0x00, 0x00, 0x1C, 0x00, 0x01, 0xF0, 0x00, 0x06, 0x00, 0x00, 0x00, 0x00, 0x03,
    0xC0, 0x00, 0x78, 0x00, 0x0E, 0x00, 0x03, 0xC0, 0x00, 0x70, 0x00, 0x02, 0x00, 0x00, 0x00, 0x7F,
    0xFF, 0x9F, 0xFF, 0xE7, 0xFF, 0xF9, 0xFF, 0xFE, 0x7C, 0x00, 0x1F, 0x00, 0x07, 0xC0, 0x01, 0xF0,
    0x00, 0x7C, 0x00, 0x1F, 0xFF, 0xC7, 0xFF, 0xF1, 0xFF, 0xFC, 0x7F, 0xFF, 0x1F, 0x00, 0x07, 0xC0,
    0x01, 0xF0, 0x00, 0x7C, 0x00, 0x1F, 0x00, 0x07, 0xC0, 0x01, 0xFF, 0xFE, 0x7F, 0xFF, 0x9F, 0xFF,
    0xE7, 0xFF, 0xF8, 0x00, 0x00, 0x00, 0x1F, 0x00, 0x07, 0x80, 0x03, 0xC0, 0x00, 0xE0, 0x00, 0x70,
    0x00, 0x00, 0x00, 0x00, 0x00, 0x7F, 0xFF, 0x9F, 0xFF, 0xE7, 0xFF, 0xF9, 0xFF, 0xFE, 0x7C, 0x00,
    0x1F, 0x00, 0x07, 0xC0, 0x01, 0xF0, 0x00, 0x7C, 0x00, 0x1F, 0xFF, 0xC7, 0xFF, 0xF1, 0xFF, 0xFC,
    0x7F, 0xFF, 0x1F, 0x00, 0x07, 0xC0, 0x01, 0xF0, 0x00, 0x7C, 0x00, 0x1F, 0x00, 0x07, 0xC0, 0x01,
    0xFF, 0xFE, 0x7F, 0xFF, 0x9F, 0xFF, 0xE7, 0xFF, 0xF8, 0x00, 0x00, 0x00, 0x78, 0x00, 0x3F, 0x00,
    0x1F, 0xE0, 0x0F, 0x3C, 0x07, 0x87, 0x80, 0x00, 0x00, 0x00, 0x00, 0x7F, 0xFF, 0x9F, 0xFF, 0xE7,
    0xFF, 0xF9, 0xFF, 0xFE, 0x7C, 0x00, 0x1F, 0x00, 0x07, 0xC0, 0x01, 0xF0, 0x00, 0x7C, 0x00, 0x1F,
    0xFF, 0xC7, 0xFF, 0xF1, 0xFF, 0xFC, 0x7F, 0xFF, 0x1F, 0x00, 0x07, 0xC0, 0x01, 0xF0, 0x00, 0x7C,
    0x00, 0x1F, 0x00, 0x07, 0xC0, 0x01, 0xFF, 0xFE, 0x7F, 0xFF, 0x9F, 0xFF, 0xE7, 0xFF, 0xF8, 0x00,
    0x00, 0x03, 0x06, 0x01, 0xE3, 0xC0, 0x7C, 0xF8, 0x1E, 0x3C, 0x03, 0x06, 0x00, 0x00, 0x00, 0x00,
    0x00, 0x7F, 0xFF, 0x9F, 0xFF, 0xE7, 0xFF, 0xF9, 0xFF, 0xFE, 0x7C, 0x00, 0x1F, 0x00, 0x07, 0xC0,
    0x01, 0xF0, 0x00, 0x7C, 0x00, 0x1F, 0xFF, 0xC7, 0xFF, 0xF1, 0xFF, 0xFC, 0x7F, 0xFF, 0x1F, 0x00,
    0x07, 0xC0, 0x01, 0xF0, 0x00, 0x7C, 0x00, 0x1F, 0x00, 0x07, 0xC0, 0x01, 0xFF, 0xFE, 0x7F, 0xFF,
    0x9F, 0xFF, 0xE7, 0xFF, 0xF8, 0x00, 0xF0, 0x78, 0x38, 0x3C, 0x1C, 0x02, 0x00, 0x1F, 0x1F, 0x1F,
    0x1F, 0x1F, 0x1F, 0x1F, 0x1F, 0x1F, 0x1F, 0x1F, 0x1F, 0x1F, 0x1F, 0x1F, 0x1F, 0x1F, 0x1F, 0x1F,
    0x1F, 0x1F, 0x1F, 0x1F, 0x00, 0x07, 0xC3, 0xC3, 0xC1, 0xC1, 0xC0, 0x00, 0x00, 0x7C, 0x3E, 0x1F,
    0x0F, 0x87, 0xC3, 0xE1, 0xF0, 0xF8, 0x7C, 0x3E, 0x1F, 0x0F, 0x87, 0xC3, 0xE1, 0xF0, 0xF8, 0x7C,
    0x3E, 0x1F, 0x0F, 0x87, 0xC3, 0xE1, 0xF0, 0x00, 0x00, 0x78, 0x07, 0xE0, 0x7F, 0x87, 0x9E, 0x78,
    0x78, 0x00, 0x00, 0x00, 0x0F, 0x80, 0x7C, 0x03, 0xE0, 0x1F, 0x00, 0xF8, 0x07, 0xC0, 0x3E, 0x01,
    0xF0, 0x0F, 0x80, 0x7C, 0x03, 0xE0, 0x1F, 0x00, 0xF8, 0x07, 0xC0, 0x3E, 0x01, 0xF0, 0x0F, 0x80,
    0x7C, 0x03, 0xE0, 0x1F, 0x00, 0xF8, 0x07, 0xC0, 0x3E, 0x00, 0x00, 0x01, 0x83, 0x1E, 0x3C, 0xF9,
    0xF7, 0x8F, 0x18, 0x30, 0x00, 0x00, 0x00, 0x0F, 0x80, 0x7C, 0x03, 0xE0, 0x1F, 0x00, 0xF8, 0x07,
    0xC0, 0x3E, 0x01, 0xF0, 0x0F, 0x80, 0x7C, 0x03, 0xE0, 0x1F, 0x00, 0xF8, 0x07, 0xC0, 0x3E, 0x01,
    0xF0, 0x0F, 0x80, 0x7C, 0x03, 0xE0, 0x1F, 0x00, 0xF8, 0x07, 0xC0, 0x3E, 0x00, 0x00, 0x00, 0x00,
    0x3F, 0xFE, 0x00, 0x7F, 0xFF, 0x00, 0xFF, 0xFF, 0x01, 0xFF, 0xFF, 0x03, 0xE0, 0x7F, 0x07, 0xC0,
    0x3E, 0x0F, 0x80, 0x3E, 0x1F, 0x00, 0x7C, 0x3E, 0x00, 0xF8, 0x7C, 0x00, 0xF3, 0xFF, 0xC1, 0xE7,
    0xFF, 0x83, 0xEF, 0xFF, 0x07, 0x87, 0xC0, 0x0F, 0x0F, 0x80, 0x3E, 0x1F, 0x00, 0x7C, 0x3E, 0x01,
    0xF8, 0x7C, 0x03, 0xE0, 0xF8, 0x1F, 0xC1, 0xFF, 0xFF, 0x03, 0xFF, 0xFC, 0x07, 0xFF, 0xE0, 0x0F,
    0xFF, 0x00, 0x00, 0x00, 0x00, 0x06, 0x18, 0x00, 0xFC, 0xC0, 0x07, 0xFE, 0x00, 0x33, 0xE0, 0x02,
    0x04, 0x00, 0x00, 0x00, 0x00, 0x00, 0x00, 0x7E, 0x00, 0xFB, 0xF0, 0x07, 0xDF, 0xC0, 0x3E, 0xFE,
    0x01, 0xF7, 0xF8, 0x0F, 0xBF, 0xE0, 0x7D, 0xFF, 0x03, 0xEF, 0xFC, 0x1F, 0x7D, 0xF0, 0xFB, 0xEF,
    0x87, 0xDF, 0x3E, 0x3E, 0xF9, 0xF1, 0xF7, 0xC7, 0xCF, 0xBE, 0x1F, 0x7D, 0xF0, 0xFB, 0xEF, 0x83,
    0xFF, 0x7C, 0x0F, 0xFB, 0xE0, 0x7F, 0xDF, 0x01, 0xFE, 0xF8, 0x0F, 0xF7, 0xC0, 0x3F, 0xBE, 0x00,
    0xFD, 0xF0, 0x07, 0xE0, 0x00, 0x00, 0x00, 0x07, 0x80, 0x00, 0x07, 0x80, 0x00, 0x07, 0x00, 0x00,
    0x0F, 0x00, 0x00, 0x0E, 0x00, 0x00, 0x02, 0x00, 0x00, 0x3C, 0x00, 0x03, 0xFF, 0x00, 0x0F, 0xFF,
    0x80, 0x7F, 0xFF, 0x80, 0xFF, 0xFF, 0x83, 0xF0, 0x3F, 0x0F, 0xC0, 0x3F, 0x1F, 0x00, 0x3E, 0x3E,
    0x00, 0x3E, 0xF8, 0x00, 0x7D, 0xF0, 0x00, 0xFB, 0xE0, 0x01, 0xF7, 0xC0, 0x03, 0xEF, 0x80, 0x07,
    0xDF, 0x00, 0x0F, 0x9E, 0x00, 0x1F, 0x3E, 0x00, 0x7C, 0x7C, 0x00, 0xF8, 0x7C, 0x03, 0xF0, 0xFC,
    0x0F, 0xC0, 0xFF, 0xFF, 0x00, 0xFF, 0xFE, 0x00, 0xFF, 0xF0, 0x00, 0x7F, 0x80, 0x00, 0x00, 0x00,
    0x00, 0x00, 0x00, 0x00, 0x1F, 0x00, 0x00, 0x3C, 0x00, 0x00, 0xF0, 0x00, 0x01, 0xC0, 0x00, 0x07,
    0x00, 0x00, 0x00, 0x00, 0x00, 0x3C, 0x00, 0x03, 0xFF, 0x00, 0x0F, 0xFF, 0x80, 0x7F, 0xFF, 0x80,
    0xFF, 0xFF, 0x83, 0xF0, 0x3F, 0x0F, 0xC0, 0x3F, 0x1F, 0x00, 0x3E, 0x3E, 0x00, 0x3E, 0xF8, 0x00,
    0x7D, 0xF0, 0x00, 0xFB, 0xE0, 0x01, 0xF7, 0xC0, 0x03, 0xEF, 0x80, 0x07, 0xDF, 0x00, 0x0F, 0x9E,
    0x00, 0x1F, 0x3E, 0x00, 0x7C, 0x7C, 0x00, 0xF8, 0x7C, 0x03, 0xF0, 0xFC, 0x0F, 0xC0, 0xFF, 0xFF,
    0x00, 0xFF, 0xFE, 0x00, 0xFF, 0xF0, 0x00, 0x7F, 0x80, 0x00, 0x00, 0x00, 0x00, 0x00, 0x00, 0x00,
    0xF0, 0x00, 0x03, 0xF0, 0x00, 0x0F, 0xF0, 0x00, 0x3C, 0xF0, 0x00, 0xF0, 0xF0, 0x00, 0x00, 0x00,
    0x00, 0x3C, 0x00, 0x03, 0xFF, 0x00, 0x0F, 0xFF, 0x80, 0x7F, 0xFF, 0x80, 0xFF, 0xFF, 0x83, 0xF0,
    0x3F, 0x0F, 0xC0, 0x3F, 0x1F, 0x00, 0x3E, 0x3E, 0x00, 0x3E, 0xF8, 0x00, 0x7D, 0xF0, 0x00, 0xFB,
    0xE0, 0x01, 0xF7, 0xC0, 0x03, 0xEF, 0x80, 0x07, 0xDF, 0x00, 0x0F, 0x9E, 0x00, 0x1F, 0x3E, 0x00,
    0x7C, 0x7C, 0x00, 0xF8, 0x7C, 0x03, 0xF0, 0xFC, 0x0F, 0xC0, 0xFF, 0xFF, 0x00, 0xFF, 0xFE, 0x00,
    0xFF, 0xF0, 0x00, 0x7F, 0x80, 0x00, 0x00, 0x00, 0x00, 0x00, 0x00, 0x01, 0x86, 0x00, 0x0F, 0xCC,
    0x00, 0x1F, 0xF8, 0x00, 0x33, 0xE0, 0x00, 0x81, 0x00, 0x00, 0x00, 0x00, 0x00, 0x3C, 0x00, 0x03,
    0xFF, 0x00, 0x0F, 0xFF, 0x80, 0x7F, 0xFF, 0x80, 0xFF, 0xFF, 0x83, 0xF0, 0x3F, 0x0F, 0xC0, 0x3F,
    0x1F, 0x00, 0x3E, 0x3E, 0x00, 0x3E, 0xF8, 0x00, 0x7D, 0xF0, 0x00, 0xFB, 0xE0, 0x01, 0xF7, 0xC0,
    0x03, 0xEF, 0x80, 0x07, 0xDF, 0x00, 0x0F, 0x9E, 0x00, 0x1F, 0x3E, 0x00, 0x7C, 0x7C, 0x00, 0xF8,
    0x7C, 0x03, 0xF0, 0xFC, 0x0F, 0xC0, 0xFF, 0xFF, 0x00, 0xFF, 0xFE, 0x00, 0xFF, 0xF0, 0x00, 0x7F,
    0x80, 0x00, 0x00, 0x00, 0x00, 0x00, 0x00, 0x03, 0x06, 0x00, 0x0F, 0x1E, 0x00, 0x1F, 0x3E, 0x00,
    0x3C, 0x78, 0x00, 0x30, 0x60, 0x00, 0x00, 0x00, 0x00, 0x3C, 0x00, 0x03, 0xFF, 0x00, 0x0F, 0xFF,
    0x80, 0x7F, 0xFF, 0x80, 0xFF, 0xFF, 0x83, 0xF0, 0x3F, 0x0F, 0xC0, 0x3F, 0x1F, 0x00, 0x3E, 0x3E,
    0x00, 0x3E, 0xF8, 0x00, 0x7D, 0xF0, 0x00, 0xFB, 0xE0, 0x01, 0xF7, 0xC0, 0x03, 0xEF, 0x80, 0x07,
    0xDF, 0x00, 0x0F, 0x9E, 0x00, 0x1F, 0x3E, 0x00, 0x7C, 0x7C, 0x00, 0xF8, 0x7C, 0x03, 0xF0, 0xFC,
    0x0F, 0xC0, 0xFF, 0xFF, 0x00, 0xFF, 0xFE, 0x00, 0xFF, 0xF0, 0x00, 0x7F, 0x80, 0x00, 0x00, 0x00,
    0x00, 0x00, 0x18, 0x03, 0x1E, 0x03, 0xDF, 0x83, 0xF3, 0xE3, 0xF0, 0xFB, 0xF0, 0x3F, 0xF0, 0x0F,
    0xF0, 0x03, 0xF0, 0x03, 0xF8, 0x03, 0xFE, 0x03, 0xFF, 0x83, 0xF3, 0xE3, 0xF0, 0xFB, 0xF0, 0x3E,
    0x70, 0x0C, 0x10, 0x04, 0x00, 0x00, 0x00, 0x00, 0x00, 0xF0, 0x60, 0x0F, 0xFC, 0xE0, 0x3F, 0xFF,
    0xE1, 0xFF, 0xFF, 0x03, 0xFF, 0xFE, 0x0F, 0xC0, 0xFC, 0x3F, 0x01, 0xFC, 0x7C, 0x07, 0xF8, 0xF8,
    0x1E, 0xFB, 0xE0, 0x79, 0xF7, 0xC0, 0xF3, 0xEF, 0x83, 0xC7, 0xDF, 0x0F, 0x0F, 0xBE, 0x3C, 0x1F,
    0x7C, 0xF0, 0x3E, 0x79, 0xE0, 0x7C, 0xFF, 0x81, 0xF1, 0xFE, 0x03, 0xE1, 0xF8, 0x0F, 0xC3, 0xF0,
    0x3F, 0x03, 0xFF, 0xFC, 0x0F, 0xFF, 0xF8, 0x3F, 0xFF, 0xC0, 0x71, 0xFE, 0x00, 0x60, 0x00, 0x00,
    0x00, 0x00, 0x00, 0x00, 0x00, 0x00, 0x1E, 0x00, 0x00, 0x78, 0x00, 0x01, 0xC0, 0x00, 0x0F, 0x00,
    0x00, 0x38, 0x00, 0x00, 0x20, 0x00, 0x00, 0x00, 0x7C, 0x01, 0xF3, 0xE0, 0x0F, 0x9F, 0x00, 0x7C,
    0xF8, 0x03, 0xE7, 0xC0, 0x1F, 0x3E, 0x00, 0xF9, 0xF0, 0x07, 0xCF, 0x80, 0x3E, 0x7C, 0x01, 0xF3,
    0xE0, 0x0F, 0x9F, 0x00, 0x7C, 0xF8, 0x03, 0xE7, 0xC0, 0x1F, 0x3E, 0x00, 0xF9, 0xF0, 0x07, 0xCF,
    0x80, 0x3E, 0x7C, 0x01, 0xF3, 0xF0, 0x1F, 0x8F, 0xC1, 0xF8, 0x7F, 0xFF, 0xC1, 0xFF, 0xFC, 0x07,
    0xFF, 0xC0, 0x0F, 0xF8, 0x00, 0x00, 0x00, 0x00, 0x00, 0x00, 0x00, 0xF8, 0x00, 0x07, 0x80, 0x00,
    0x78, 0x00, 0x03, 0x80, 0x00, 0x38, 0x00, 0x00, 0x00, 0x00, 0x00, 0x00, 0x7C, 0x01, 0xF3, 0xE0,
    0x0F, 0x9F, 0x00, 0x7C, 0xF8, 0x03, 0xE7, 0xC0, 0x1F, 0x3E, 0x00, 0xF9, 0xF0, 0x07, 0xCF, 0x80,
    0x3E, 0x7C, 0x01, 0xF3, 0xE0, 0x0F, 0x9F, 0x00, 0x7C, 0xF8, 0x03, 0xE7, 0xC0, 0x1F, 0x3E, 0x00,
    0xF9, 0xF0, 0x07, 0xCF, 0x80, 0x3E, 0x7C, 0x01, 0xF3, 0xF0, 0x1F, 0x8F, 0xC1, 0xF8, 0x7F, 0xFF,
    0xC1, 0xFF, 0xFC, 0x07, 0xFF, 0xC0, 0x0F, 0xF8, 0x00, 0x00, 0x00, 0x00, 0x00, 0x00, 0x03, 0xC0,
    0x00, 0x3F, 0x00, 0x03, 0xFC, 0x00, 0x3C, 0xF0, 0x03, 0xC3, 0xC0, 0x00, 0x00, 0x00, 0x00, 0x00,
    0x7C, 0x01, 0xF3, 0xE0, 0x0F, 0x9F, 0x00, 0x7C, 0xF8, 0x03, 0xE7, 0xC0, 0x1F, 0x3E, 0x00, 0xF9,
    0xF0, 0x07, 0xCF, 0x80, 0x3E, 0x7C, 0x01, 0xF3, 0xE0, 0x0F, 0x9F, 0x00, 0x7C, 0xF8, 0x03, 0xE7,
    0xC0, 0x1F, 0x3E, 0x00, 0xF9, 0xF0, 0x07, 0xCF, 0x80, 0x3E, 0x7C, 0x01, 0xF3, 0xF0, 0x1F, 0x8F,
    0xC1, 0xF8, 0x7F, 0xFF, 0xC1, 0xFF, 0xFC, 0x07, 0xFF, 0xC0, 0x0F, 0xF8, 0x00, 0x00, 0x00, 0x00,
    0x00, 0x00, 0x18, 0x30, 0x01, 0xE3, 0xC0, 0x0F, 0x9F, 0x00, 0x78, 0xF0, 0x01, 0x83, 0x00, 0x00,
    0x00, 0x00, 0x00, 0x00, 0x7C, 0x01, 0xF3, 0xE0, 0x0F, 0x9F, 0x00, 0x7C, 0xF8, 0x03, 0xE7, 0xC0,
    0x1F, 0x3E, 0x00, 0xF9, 0xF0, 0x07, 0xCF, 0x80, 0x3E, 0x7C, 0x01, 0xF3, 0xE0, 0x0F, 0x9F, 0x00,
    0x7C, 0xF8, 0x03, 0xE7, 0xC0, 0x1F, 0x3E, 0x00, 0xF9, 0xF0, 0x07, 0xCF, 0x80, 0x3E, 0x7C, 0x01,
    0xF3, 0xF0, 0x1F, 0x8F, 0xC1, 0xF8, 0x7F, 0xFF, 0xC1, 0xFF, 0xFC, 0x07, 0xFF, 0xC0, 0x0F, 0xF8,
    0x00, 0x00, 0x00, 0x00, 0x00, 0x00, 0x00, 0x1F, 0x00, 0x00, 0x3C, 0x00, 0x00, 0xF0, 0x00, 0x01,
    0xC0, 0x00, 0x07, 0x00, 0x00, 0x00, 0x00, 0x00, 0x00, 0x00, 0xFC, 0x00, 0xFC, 0xFC, 0x01, 0xF0,
    0xFC, 0x07, 0xE0, 0xF8, 0x0F, 0x81, 0xF8, 0x3E, 0x01, 0xF0, 0x7C, 0x03, 0xF1, 0xF0, 0x03, 0xE3,
    0xE0, 0x03, 0xEF, 0x80, 0x07, 0xDF, 0x00, 0x07, 0xFC, 0x00, 0x0F, 0xF0, 0x00, 0x0F, 0xE0, 0x00,
    0x0F, 0x80, 0x00, 0x1F, 0x00, 0x00, 0x3E, 0x00, 0x00, 0x7C, 0x00, 0x00, 0xF8, 0x00, 0x01, 0xF0,
    0x00, 0x03, 0xE0, 0x00, 0x07, 0xC0, 0x00, 0x0F, 0x80, 0x00, 0x1F, 0x00, 0x00, 0x00, 0x00, 0x1F,
    0x00, 0x07, 0xC0, 0x01, 0xF0, 0x00, 0x7C, 0x00, 0x1F, 0xFE, 0x07, 0xFF, 0xE1, 0xFF, 0xFC, 0x7F,
    0xFF, 0x9F, 0x03, 0xE7, 0xC0, 0x79, 0xF0, 0x1F, 0x7C, 0x07, 0xDF, 0x01, 0xF7, 0xC0, 0xF9, 0xF1,
    0xFE, 0x7F, 0xFF, 0x1F, 0xFF, 0x87, 0xFF, 0x81, 0xF0, 0x00, 0x7C, 0x00, 0x1F, 0x00, 0x07, 0xC0,
    0x01, 0xF0, 0x00, 0x01, 0xC0, 0x01, 0xFF, 0x80, 0x7F, 0xF8, 0x1F, 0xFF, 0x87, 0xF3, 0xF8, 0xF8,
    0x1F, 0x1F, 0x03, 0xE3, 0xE0, 0x7C, 0x7C, 0x0F, 0x8F, 0x83, 0xE1, 0xF3, 0xF8, 0x3E, 0x7E, 0x07,
    0xCF, 0xF0, 0xF9, 0xFF, 0x1F, 0x03, 0xF3, 0xE0, 0x3E, 0x7C, 0x03, 0xCF, 0x80, 0x7D, 0xF0, 0x0F,
    0x3E, 0x03, 0xE7, 0xCF, 0xFC, 0xF9, 0xFF, 0x1F, 0x3F, 0xC3, 0xE7, 0xE0, 0x1E, 0x00, 0x0F, 0x00,
    0x07, 0x00, 0x07, 0x80, 0x03, 0x80, 0x00, 0x40, 0x00, 0x00, 0x0F, 0xF0, 0x1F, 0xFC, 0x3F, 0xFC,
    0x7C, 0x7E, 0x78, 0x3E, 0x00, 0x1E, 0x00, 0x3E, 0x0F, 0xFE, 0x3F, 0xFE, 0x7F, 0xDE, 0xF8, 0x1E,
    0xF8, 0x1E, 0xF8, 0x3E, 0xF8, 0x7E, 0xFF, 0xFE, 0x7F, 0xDE, 0x3F, 0x9E, 0x00, 0x00, 0x00, 0xF8,
    0x00, 0xF0, 0x01, 0xE0, 0x01, 0xC0, 0x03, 0x80, 0x00, 0x00, 0x00, 0x00, 0x0F, 0xF0, 0x1F, 0xFC,
    0x3F, 0xFC, 0x7C, 0x7E, 0x78, 0x3E, 0x00, 0x1E, 0x00, 0x3E, 0x0F, 0xFE, 0x3F, 0xFE, 0x7F, 0xDE,
    0xF8, 0x1E, 0xF8, 0x1E, 0xF8, 0x3E, 0xF8, 0x7E, 0xFF, 0xFE, 0x7F, 0xDE, 0x3F, 0x9E, 0x00, 0x00,
    0x03, 0xC0, 0x07, 0xE0, 0x0F, 0xF0, 0x1E, 0x78, 0x3C, 0x3C, 0x00, 0x00, 0x00, 0x00, 0x0F, 0xF0,
    0x1F, 0xFC, 0x3F, 0xFC, 0x7C, 0x7E, 0x78, 0x3E, 0x00, 0x1E, 0x00, 0x3E, 0x0F, 0xFE, 0x3F, 0xFE,
    0x7F, 0xDE, 0xF8, 0x1E, 0xF8, 0x1E, 0xF8, 0x3E, 0xF8, 0x7E, 0xFF, 0xFE, 0x7F, 0xDE, 0x3F, 0x9E,
    0x00, 0x00, 0x06, 0x18, 0x1F, 0x98, 0x1F, 0xF8, 0x19, 0xF0, 0x20, 0x40, 0x00, 0x00, 0x00, 0x00,
    0x0F, 0xF0, 0x1F, 0xFC, 0x3F, 0xFC, 0x7C, 0x7E, 0x78, 0x3E, 0x00, 0x1E, 0x00, 0x3E, 0x0F, 0xFE,
    0x3F, 0xFE, 0x7F, 0xDE, 0xF8, 0x1E, 0xF8, 0x1E, 0xF8, 0x3E, 0xF8, 0x7E, 0xFF, 0xFE, 0x7F, 0xDE,
    0x3F, 0x9E, 0x00, 0x00, 0x18, 0x30, 0x3C, 0x78, 0x3E, 0x7C, 0x3C, 0x78, 0x18, 0x30, 0x00, 0x00,
    0x00, 0x00, 0x0F, 0xF0, 0x1F, 0xFC, 0x3F, 0xFC, 0x7C, 0x7E, 0x78, 0x3E, 0x00, 0x1E, 0x00, 0x3E,
    0x0F, 0xFE, 0x3F, 0xFE, 0x7F, 0xDE, 0xF8, 0x1E, 0xF8, 0x1E, 0xF8, 0x3E, 0xF8, 0x7E, 0xFF, 0xFE,
    0x7F, 0xDE, 0x3F, 0x9E, 0x00, 0x00, 0x03, 0xC0, 0x07, 0xE0, 0x0E, 0x70, 0x0C, 0x70, 0x0C, 0x70,
    0x0E, 0x70, 0x07, 0xE0, 0x03, 0x80, 0x00, 0x00, 0x0F, 0xF0, 0x1F, 0xFC, 0x3F, 0xFC, 0x7C, 0x7E,
    0x78, 0x3E, 0x00, 0x1E, 0x00, 0x3E, 0x0F, 0xFE, 0x3F, 0xFE, 0x7F, 0xDE, 0xF8, 0x1E, 0xF8, 0x1E,
    0xF8, 0x3E, 0xF8, 0x7E, 0xFF, 0xFE, 0x7F, 0xDE, 0x3F, 0x9E, 0x00, 0x00, 0x00, 0x00, 0x00, 0x01,
    0xFC, 0x3F, 0x80, 0x7F, 0xEF, 0xFC, 0x1F, 0xFF, 0xFF, 0xC7, 0xC7, 0xF8, 0xF8, 0xF0, 0x7E, 0x0F,
    0x80, 0x07, 0x80, 0xF0, 0x00, 0xF0, 0x1F, 0x0F, 0xFF, 0xFF, 0xE7, 0xFF, 0xFF, 0xFD, 0xFF, 0xFF,
    0xFF, 0xFC, 0x0F, 0x00, 0x0F, 0x81, 0xE0, 0x01, 0xF0, 0x7E, 0x07, 0xFE, 0x1F, 0xE1, 0xF3, 0xFF,
    0xFF, 0xFC, 0x7F, 0xF7, 0xFF, 0x03, 0xF8, 0x3F, 0xC0, 0x00, 0x00, 0x00, 0x00, 0x00, 0x00, 0x03,
    0xF8, 0x07, 0xFF, 0x07, 0xFF, 0xC7, 0xF7, 0xE3, 0xE0, 0xF9, 0xE0, 0x3D, 0xF0, 0x00, 0xF8, 0x00,
    0x7C, 0x00, 0x3E, 0x00, 0x1F, 0x00, 0x0F, 0x80, 0xF3, 0xE0, 0xF9, 0xF8, 0xFC, 0x7F, 0xFC, 0x1F,
    0xFC, 0x03, 0xF8, 0x00, 0x60, 0x00, 0x3C, 0x00, 0x1F, 0x00, 0x01, 0x80, 0x01, 0xC0, 0x03, 0xE0,
    0x01, 0x80, 0x00, 0x1E, 0x00, 0x07, 0x80, 0x01, 0xC0, 0x00, 0xF0, 0x00, 0x38, 0x00, 0x02, 0x00,
    0x00, 0x00, 0x0F, 0xE0, 0x1F, 0xF8, 0x1F, 0xFE, 0x1F, 0x8F, 0x8F, 0x83, 0xE7, 0x80, 0xF7, 0xC0,
    0x7B, 0xFF, 0xFD, 0xFF, 0xFE, 0xFF, 0xFF, 0x7C, 0x00, 0x3E, 0x00, 0x0F, 0x81, 0xE7, 0xE3, 0xF1,
    0xFF, 0xF0, 0x7F, 0xF0, 0x0F, 0xF0, 0x00, 0x00, 0x00, 0x00, 0x7C, 0x00, 0x3C, 0x00, 0x3C, 0x00,
    0x1C, 0x00, 0x1C, 0x00, 0x00, 0x00, 0x00, 0x00, 0x0F, 0xE0, 0x1F, 0xF8, 0x1F, 0xFE, 0x1F, 0x8F,
    0x8F, 0x83, 0xE7, 0x80, 0xF7, 0xC0, 0x7B, 0xFF, 0xFD, 0xFF, 0xFE, 0xFF, 0xFF, 0x7C, 0x00, 0x3E,
    0x00, 0x0F, 0x81, 0xE7, 0xE3, 0xF1, 0xFF, 0xF0, 0x7F, 0xF0, 0x0F, 0xF0, 0x00, 0x00, 0x00, 0x03,
    0xC0, 0x03, 0xF0, 0x03, 0xFC, 0x03, 0xCF, 0x03, 0xC3, 0xC0, 0x00, 0x00, 0x00, 0x00, 0x0F, 0xE0,
    0x1F, 0xF8, 0x1F, 0xFE, 0x1F, 0x8F, 0x8F, 0x83, 0xE7, 0x80, 0xF7, 0xC0, 0x7B, 0xFF, 0xFD, 0xFF,
    0xFE, 0xFF, 0xFF, 0x7C, 0x00, 0x3E, 0x00, 0x0F, 0x81, 0xE7, 0xE3, 0xF1, 0xFF, 0xF0, 0x7F, 0xF0,
    0x0F, 0xF0, 0x00, 0x00, 0x00, 0x0C, 0x18, 0x0F, 0x1E, 0x07, 0xCF, 0x83, 0xC7, 0x80, 0xC1, 0x80,
    0x00, 0x00, 0x00, 0x00, 0x0F, 0xE0, 0x1F, 0xF8, 0x1F, 0xFE, 0x1F, 0x8F, 0x8F, 0x83, 0xE7, 0x80,
    0xF7, 0xC0, 0x7B, 0xFF, 0xFD, 0xFF, 0xFE, 0xFF, 0xFF, 0x7C, 0x00, 0x3E, 0x00, 0x0F, 0x81, 0xE7,
    0xE3, 0xF1, 0xFF, 0xF0, 0x7F, 0xF0, 0x0F, 0xF0, 0x00, 0x00, 0x00, 0x78, 0x1E, 0x07, 0x03, 0xC0,
    0xE0, 0x08, 0x00, 0x1E, 0x0F, 0x07, 0x83, 0xC1, 0xE0, 0xF0, 0x78, 0x3C, 0x1E, 0x0F, 0x07, 0x83,
    0xC1, 0xE0, 0xF0, 0x78, 0x3C, 0x1E, 0x0F, 0x87, 0x87, 0x83, 0x83, 0x80, 0x00, 0x00, 0xF0, 0x78,
    0x3C, 0x1E, 0x0F, 0x07, 0x83, 0xC1, 0xE0, 0xF0, 0x78, 0x3C, 0x1E, 0x0F, 0x07, 0x83, 0xC1, 0xE0,
    0xF0, 0x0F, 0x00, 0xFC, 0x0F, 0xF0, 0xF3, 0xCF, 0x0F, 0x00, 0x00, 0x00, 0x01, 0xE0, 0x0F, 0x00,
    0x78, 0x03, 0xC0, 0x1E, 0x00, 0xF0, 0x07, 0x80, 0x3C, 0x01, 0xE0, 0x0F, 0x00, 0x78, 0x03, 0xC0,
    0x1E, 0x00, 0xF0, 0x07, 0x80, 0x3C, 0x01, 0xE0, 0x60, 0xC7, 0x8F, 0x3E, 0x7D, 0xE3, 0xC6, 0x0C,
    0x00, 0x00, 0x00, 0x01, 0xE0, 0x0F, 0x00, 0x78, 0x03, 0xC0, 0x1E, 0x00, 0xF0, 0x07, 0x80, 0x3C,
    0x01, 0xE0, 0x0F, 0x00, 0x78, 0x03, 0xC0, 0x1E, 0x00, 0xF0, 0x07, 0x80, 0x3C, 0x01, 0xE0, 0x10,
    0x00, 0x0E, 0x04, 0x07, 0xCF, 0x01, 0xFF, 0x00, 0x3E, 0x00, 0x7F, 0x80, 0x79, 0xE0, 0x30, 0x78,
    0x00, 0x3E, 0x07, 0xEF, 0x07, 0xFB, 0xC7, 0xFF, 0xE7, 0xC1, 0xF3, 0xC0, 0x7B, 0xE0, 0x3F, 0xF0,
    0x1F, 0xF8, 0x0F, 0xFC, 0x07, 0xFE, 0x03, 0xDF, 0x01, 0xE7, 0xC1, 0xF3, 0xF1, 0xF0, 0xFF, 0xF8,
    0x3F, 0xF8, 0x0F, 0xF0, 0x00, 0x00, 0x00, 0x03, 0x0C, 0x07, 0xE6, 0x03, 0xFF, 0x01, 0x9F, 0x01,
    0x02, 0x00, 0x00, 0x00, 0x00, 0x00, 0xF1, 0xF8, 0x7B, 0xFE, 0x3D, 0xFF, 0x9F, 0xFF, 0xCF, 0xC3,
    0xE7, 0xC0, 0xF3, 0xE0, 0x79, 0xE0, 0x3C, 0xF0, 0x1E, 0x78, 0x0F, 0x3C, 0x07, 0x9E, 0x03, 0xCF,
    0x01, 0xE7, 0x80, 0xF3, 0xC0, 0x79, 0xE0, 0x3C, 0xF0, 0x1E, 0x0F, 0x00, 0x03, 0xC0, 0x00, 0xE0,
    0x00, 0x78, 0x00, 0x1C, 0x00, 0x01, 0x00, 0x00, 0x00, 0x0F, 0xE0, 0x1F, 0xFC, 0x1F, 0xFF, 0x1F,
    0xDF, 0xCF, 0x83, 0xE7, 0x80, 0xFF, 0xC0, 0x7F, 0xE0, 0x3F, 0xF0, 0x1F, 0xF8, 0x0F, 0xFC, 0x07,
    0xFE, 0x03, 0xEF, 0x83, 0xE7, 0xF3, 0xF1, 0xFF, 0xF0, 0x7F, 0xF0, 0x0F, 0xE0, 0x00, 0x00, 0x00,
    0x00, 0x7C, 0x00, 0x3C, 0x00, 0x3C, 0x00, 0x1C, 0x00, 0x1C, 0x00, 0x00, 0x00, 0x00, 0x00, 0x0F,
    0xE0, 0x1F, 0xFC, 0x1F, 0xFF, 0x1F, 0xDF, 0xCF, 0x83, 0xE7, 0x80, 0xFF, 0xC0, 0x7F, 0xE0, 0x3F,
    0xF0, 0x1F, 0xF8, 0x0F, 0xFC, 0x07, 0xFE, 0x03, 0xEF, 0x83, 0xE7, 0xF3, 0xF1, 0xFF, 0xF0, 0x7F,
    0xF0, 0x0F, 0xE0, 0x00, 0x00, 0x00, 0x01, 0xE0, 0x01, 0xF8, 0x01, 0xFE, 0x01, 0xE7, 0x81, 0xE1,
    0xE0, 0x00, 0x00, 0x00, 0x00, 0x0F, 0xE0, 0x1F, 0xFC, 0x1F, 0xFF, 0x1F, 0xDF, 0xCF, 0x83, 0xE7,
    0x80, 0xFF, 0xC0, 0x7F, 0xE0, 0x3F, 0xF0, 0x1F, 0xF8, 0x0F, 0xFC, 0x07, 0xFE, 0x03, 0xEF, 0x83,
    0xE7, 0xF3, 0xF1, 0xFF, 0xF0, 0x7F, 0xF0, 0x0F, 0xE0, 0x00, 0x00, 0x00, 0x03, 0x0C, 0x07, 0xE6,
    0x03, 0xFF, 0x01, 0x9F, 0x01, 0x02, 0x00, 0x00, 0x00, 0x00, 0x00, 0x0F, 0xE0, 0x1F, 0xFC, 0x1F,
    0xFF, 0x1F, 0xDF, 0xCF, 0x83, 0xE7, 0x80, 0xFF, 0xC0, 0x7F, 0xE0, 0x3F, 0xF0, 0x1F, 0xF8, 0x0F,
    0xFC, 0x07, 0xFE, 0x03, 0xEF, 0x83, 0xE7, 0xF3, 0xF1, 0xFF, 0xF0, 0x7F, 0xF0, 0x0F, 0xE0, 0x00,
    0x00, 0x00, 0x0C, 0x18, 0x0F, 0x1E, 0x07, 0xCF, 0x83, 0xC7, 0x80, 0xC1, 0x80, 0x00, 0x00, 0x00,
    0x00, 0x0F, 0xE0, 0x1F, 0xFC, 0x1F, 0xFF, 0x1F, 0xDF, 0xCF, 0x83, 0xE7, 0x80, 0xFF, 0xC0, 0x7F,
    0xE0, 0x3F, 0xF0, 0x1F, 0xF8, 0x0F, 0xFC, 0x07, 0xFE, 0x03, 0xEF, 0x83, 0xE7, 0xF3, 0xF1, 0xFF,
    0xF0, 0x7F, 0xF0, 0x0F, 0xE0, 0x00, 0x00, 0x00, 0x00, 0x00, 0x00, 0xF0, 0x00, 0xF8, 0x00, 0x7C,
    0x00, 0x3E, 0x00, 0x0E, 0x00, 0x00, 0x00, 0x00, 0x00, 0x7F, 0xFF, 0xBF, 0xFF, 0xDF, 0xFF, 0xEF,
    0xFF, 0xF0, 0x00, 0x00, 0x04, 0x00, 0x0F, 0x80, 0x07, 0xC0, 0x03, 0xE0, 0x01, 0xF0, 0x00, 0x30,
    0x00, 0x00, 0x01, 0x01, 0xFC, 0xE1, 0xFF, 0xF0, 0xFF, 0xF8, 0x7F, 0x7F, 0x1F, 0x07, 0xC7, 0x83,
    0xFB, 0xE1, 0xFE, 0xF8, 0xEF, 0xBE, 0x73, 0xEF, 0xB8, 0xFB, 0xFC, 0x3E, 0xFE, 0x0F, 0x9F, 0x07,
    0xC7, 0xF3, 0xF0, 0xFF, 0xF8, 0x7F, 0xFC, 0x39, 0xFC, 0x04, 0x00, 0x00, 0x0F, 0x00, 0x03, 0xC0,
    0x00, 0xE0, 0x00, 0x78, 0x00, 0x1C, 0x00, 0x01, 0x00, 0x00, 0x00, 0xF0, 0x1E, 0x78, 0x0F, 0x3C,
    0x07, 0x9E, 0x03, 0xCF, 0x01, 0xE7, 0x80, 0xF3, 0xC0, 0x79, 0xE0, 0x3C, 0xF0, 0x1E, 0x78, 0x0F,
    0x3C, 0x07, 0x9F, 0x07, 0xCF, 0x83, 0xE7, 0xFF, 0xF1, 0xFF, 0xF8, 0xFF, 0xBC, 0x1F, 0x9E, 0x00,
    0x00, 0x00, 0x00, 0x7C, 0x00, 0x3C, 0x00, 0x3C, 0x00, 0x1C, 0x00, 0x1C, 0x00, 0x00, 0x00, 0x00,
    0x00, 0xF0, 0x1E, 0x78, 0x0F, 0x3C, 0x07, 0x9E, 0x03, 0xCF, 0x01, 0xE7, 0x80, 0xF3, 0xC0, 0x79,
    0xE0, 0x3C, 0xF0, 0x1E, 0x78, 0x0F, 0x3C, 0x07, 0x9F, 0x07, 0xCF, 0x83, 0xE7, 0xFF, 0xF1, 0xFF,
    0xF8, 0xFF, 0xBC, 0x1F, 0x9E, 0x00, 0x00, 0x00, 0x01, 0xE0, 0x01, 0xF8, 0x01, 0xFE, 0x01, 0xE7,
    0x81, 0xE1, 0xE0, 0x00, 0x00, 0x00, 0x00, 0xF0, 0x1E, 0x78, 0x0F, 0x3C, 0x07, 0x9E, 0x03, 0xCF,
    0x01, 0xE7, 0x80, 0xF3, 0xC0, 0x79, 0xE0, 0x3C, 0xF0, 0x1E, 0x78, 0x0F, 0x3C, 0x07, 0x9F, 0x07,
    0xCF, 0x83, 0xE7, 0xFF, 0xF1, 0xFF, 0xF8, 0xFF, 0xBC, 0x1F, 0x9E, 0x00, 0x00, 0x00, 0x0C, 0x18,
    0x0F, 0x1E, 0x07, 0xCF, 0x83, 0xC7, 0x80, 0xC1, 0x80, 0x00, 0x00, 0x00, 0x00, 0xF0, 0x1E, 0x78,
    0x0F, 0x3C, 0x07, 0x9E, 0x03, 0xCF, 0x01, 0xE7, 0x80, 0xF3, 0xC0, 0x79, 0xE0, 0x3C, 0xF0, 0x1E,
    0x78, 0x0F, 0x3C, 0x07, 0x9F, 0x07, 0xCF, 0x83, 0xE7, 0xFF, 0xF1, 0xFF, 0xF8, 0xFF, 0xBC, 0x1F,
    0x9E, 0x00, 0x00, 0x00, 0x00, 0x7C, 0x00, 0x0F, 0x00, 0x03, 0xC0, 0x00, 0x70, 0x00, 0x1C, 0x00,
    0x00, 0x00, 0x00, 0x00, 0x07, 0xC0, 0x3E, 0x7C, 0x07, 0xCF, 0x81, 0xF0, 0xF0, 0x3E, 0x1F, 0x07,
    0x83, 0xE1, 0xF0, 0x3C, 0x3E, 0x07, 0xC7, 0x80, 0x79, 0xF0, 0x0F, 0x3C, 0x01, 0xF7, 0x80, 0x1F,
    0xF0, 0x03, 0xFC, 0x00, 0x7F, 0x80, 0x07, 0xF0, 0x00, 0xFC, 0x00, 0x0F, 0x80, 0x01, 0xE0, 0x00,
    0x7C, 0x00, 0x0F, 0x80, 0x1F, 0xE0, 0x03, 0xFC, 0x00, 0x7F, 0x00, 0x07, 0x00, 0x00, 0x00, 0x00,
    0x1E, 0x00, 0x07, 0x80, 0x01, 0xE0, 0x00, 0x78, 0x00, 0x1E, 0x00, 0x07, 0x80, 0x01, 0xE3, 0xE0,
    0x7B, 0xFE, 0x1E, 0xFF, 0xC7, 0xFF, 0xF1, 0xF8, 0x7E, 0x7C, 0x0F, 0x9F, 0x01, 0xE7, 0x80, 0x79,
    0xE0, 0x1F, 0x78, 0x07, 0x9F, 0x01, 0xE7, 0xC0, 0xF9, 0xF8, 0x3E, 0x7F, 0xBF, 0x1E, 0xFF, 0xC7,
    0xBF, 0xE1, 0xE7, 0xF0, 0x78, 0x00, 0x1E, 0x00, 0x07, 0x80, 0x01, 0xE0, 0x00, 0x78, 0x00, 0x1E,
    0x00, 0x07, 0x80, 0x00, 0x0C, 0x18, 0x03, 0xC7, 0x80, 0x7C, 0xF8, 0x0F, 0x1E, 0x00, 0xC1, 0x80,
    0x00, 0x00, 0x00, 0x00, 0x07, 0xC0, 0x3E, 0x7C, 0x07, 0xCF, 0x81, 0xF0, 0xF0, 0x3E, 0x1F, 0x07,
    0x83, 0xE1, 0xF0, 0x3C, 0x3E, 0x07, 0xC7, 0x80, 0x79, 0xF0, 0x0F, 0x3C, 0x01, 0xF7, 0x80, 0x1F,
    0xF0, 0x03, 0xFC, 0x00, 0x7F, 0x80, 0x07, 0xF0, 0x00, 0xFC, 0x00, 0x0F, 0x80, 0x01, 0xE0, 0x00,
    0x7C, 0x00, 0x0F, 0x80, 0x1F, 0xE0, 0x03, 0xFC, 0x00, 0x7F, 0x00, 0x07, 0x00, 0x00
};

const epaper_font::GlyphRange kInter32Bold_ext = {
    0xA0,
    0xFF,
    kInter32Bold_ext_glyphs,
    kInter32Bold_ext_bitmaps,
};

const epaper_font::GlyphBitmap kInter32Black_ext_glyphs[] = {
    {     0,    0,   0,   0,    0,    0,   7 },
    {     0,   25,   8,  25,    1,   18,  11 },
    {    25,   57,  19,  24,    0,   24,  19 },
    {    82,   60,  20,  24,    0,   24,  21 },
    {   142,   58,  22,  21,    2,   20,  26 },
    {   200,   57,  19,  24,    0,   24,  19 },
    {   257,   22,   6,  29,    3,   24,  13 },
    {   279,   62,  17,  29,    0,   24,  18 },
    {   341,   13,  14,   7,    3,   25,  21 },
    {   354,   79,  25,  25,    2,   24,  29 },
    {   433,   25,  14,  14,    0,   24,  15 },
    {   458,   40,  21,  15,    1,   17,  23 },
    {   498,   18,  16,   9,    3,   13,  22 },
    {   516,   54,  17,  25,    1,   24,  20 },
    {   570,   46,  19,  19,    1,   24,  21 },
    {   616,    7,  10,   5,    1,   24,  13 },
    {   623,   22,  13,  13,    1,   24,  15 },
    {   645,   43,  18,  19,    2,   19,  22 },
    {   688,   21,  12,  14,    1,   27,  14 },
    {   709,   23,  13,  14,    1,   27,  15 },
    {   732,    9,  10,   7,    1,   25,  12 },
    {   741,   60,  20,  24,    1,   17,  21 },
    {   801,   54,  18,  24,    0,   24,  19 },
    {   855,    8,   8,   8,    1,   15,  11 },
    {   863,    8,   8,   8,    4,    1,  14 },
    {   871,   14,   8,  14,    1,   27,  10 },
    {   885,   27,  15,  14,    0,   24,  16 },
    {   912,   42,  22,  15,    0,   17,  23 },
    {   954,   81,  27,  24,    0,   24,  28 },
    {  1035,   84,  28,  24,    0,   24,  29 },
    {  1119,   90,  30,  24,    0,   24,  31 },
    {  1209,   57,  18,  25,    1,   18,  20 },
    {  1266,   97,  25,  31,    0,   31,  25 },
    {  1363,   97,  25,  31,    0,   31,  25 },
    {  1460,   97,  25,  31,    0,   31,  25 },
    {  1557,   97,  25,  31,    0,   31,  25 },
    {  1654,   97,  25,  31,    0,   31,  25 },
    {  1751,  100,  25,  32,    0,   32,  25 },
    {  1851,   99,  33,  24,    0,   24,  34 },
    {  1950,   90,  23,  31,    0,   24,  24 },
    {  2040,   70,  18,  31,    1,   31,  20 },
    {  2110,   70,  18,  31,    1,   31,  20 },
    {  2180,   70,  18,  31,    1,   31,  20 },
    {  2250,   70,  18,  31,    1,   31,  20 },
    {  2320,   39,  10,  31,   -2,   31,  10 },
    {  2359,   39,  10,  31,    1,   31,  10 },
    {  2398,   59,  15,  31,   -3,   31,  10 },
    {  2457,   59,  15,  31,   -3,   31,  10 },
    {  2516,   72,  24,  24,    0,   24,  25 },
    {  2588,   86,  22,  31,    1,   31,  25 },
    {  2674,   96,  24,  32,    0,   31,  25 },
    {  2770,   96,  24,  32,    0,   31,  25 },
    {  2866,   96,  24,  32,    0,   31,  25 },
    {  2962,   96,  24,  32,    0,   31,  25 },
    {  3058,   96,  24,  32,    0,   31,  25 },
    {  3154,   43,  18,  19,    2,   19,  22 },
    {  3197,   81,  24,  27,    0,   25,  25 },
    {  3278,   84,  21,  32,    1,   31,  23 },
    {  3362,   84,  21,  32,    1,   31,  23 },
    {  3446,   84,  21,  32,    1,   31,  23 },
    {  3530,   84,  21,  32,    1,   31,  23 },
    {  3614,   93,  24,  31,    0,   31,  25 },
    {  3707,   57,  19,  24,    1,   24,  23 },
    {  3764,   63,  21,  24,    1,   24,  22 },
    {  3827,   59,  18,  26,    0,   25,  19 },
    {  3886,   59,  18,  26,    0,   25,  19 },
    {  3945,   59,  18,  26,    0,   25,  19 },
    {  4004,   57,  18,  25,    0,   24,  19 },
    {  4061,   59,  18,  26,    0,   25,  19 },
    {  4120,   63,  18,  28,    0,   27,  19 },
    {  4183,   69,  29,  19,    0,   18,  29 },
    {  4252,   60,  19,  25,    0,   18,  19 },
    {  4312,   62,  19,  26,    0,   25,  19 },
    {  4374,   62,  19,  26,    0,   25,  19 },
    {  4436,   62,  19,  26,    0,   25,  19 },
    {  4498,   62,  19,  26,    0,   25,  19 },
    {  4560,   32,  10,  25,   -2,   25,  10 },
    {  4592,   32,  10,  25,    1,   25,  10 },
    {  4624,   47,  15,  25,   -3,   25,  10 },
    {  4671,   47,  15,  25,   -3,   25,  10 },
    {  4718,   62,  19,  26,    0,   25,  20 },
    {  4780,   54,  18,  24,    1,   24,  21 },
    {  4834,   62,  19,  26,    0,   25,  20 },
    {  4896,   62,  19,  26,    0,   25,  20 },
    {  4958,   62,  19,  26,    0,   25,  20 },
    {  5020,   60,  19,  25,    0,   24,  20 },
    {  5080,   62,  19,  26,    0,   25,  20 },
    {  5142,   48,  18,  21,    2,   20,  22 },
    {  5190,   46,  19,  19,    0,   18,  20 },
    {  5236,   59,  18,  26,    1,   25,  21 },
    {  5295,   59,  18,  26,    1,   25,  21 },
    {  5354,   59,  18,  26,    1,   25,  21 },
    {  5413,   59,  18,  26,    1,   25,  21 },
    {  5472,   80,  20,  32,    0,   25,  20 },
    {  5552,   74,  19,  31,    1,   24,  21 },
    {  5626,   80,  20,  32,    0,   25,  20 },
};

const uint8_t kInter32Black_ext_bitmaps[] = {
    0x00, 0x3C, 0x7E, 0x7E, 0x7E, 0x7E, 0x3C, 0x00, 0x7E, 0x7E, 0x7E, 0x7E, 0x7E, 0x7E, 0x7E, 0x7E,
    0x7E, 0x7E, 0x7E, 0x7E, 0x7E, 0x7E, 0x7E, 0x7E, 0x00, 0x00, 0x00, 0x00, 0x0C, 0x00, 0x01, 0x80,
    0x00, 0x30, 0x00, 0x7F, 0xC0, 0x1F, 0xFE, 0x07, 0xFF, 0xE1, 0xFF, 0xFC, 0x3F, 0xFF, 0xCF, 0xED,
    0xF9, 0xF9, 0xBF, 0x3F, 0x30, 0x07, 0xE6, 0x00, 0xFC, 0xC0, 0x1F, 0xDB, 0xF3, 0xFB, 0x7E, 0x3F,
    0xFF, 0xC7, 0xFF, 0xF0, 0x7F, 0xFC, 0x07, 0xFF, 0x00, 0x3F, 0x80, 0x00, 0xC0, 0x00, 0x18, 0x00,
    0x03, 0x00, 0x00, 0x38, 0x00, 0x1F, 0xF0, 0x07, 0xFF, 0x80, 0xFF, 0xFC, 0x0F, 0xFF, 0xE1, 0xFE,
    0xFE, 0x1F, 0x87, 0xF1, 0xF8, 0x3F, 0x1F, 0x80, 0x01, 0xF8, 0x00, 0x7F, 0xFC, 0x07, 0xFF, 0xC0,
    0x7F, 0xFC, 0x07, 0xFF, 0xC0, 0x7F, 0xFC, 0x01, 0xF8, 0x00, 0x1F, 0x80, 0x01, 0xF8, 0x00, 0x1F,
    0x03, 0xF7, 0xFF, 0xFF, 0x7F, 0xFF, 0xF7, 0xFF, 0xFE, 0x7F, 0xFF, 0xC7, 0xFF, 0xF8, 0x20, 0x00,
    0x21, 0xC7, 0xF1, 0xCF, 0xFF, 0xFF, 0x9F, 0xFF, 0xFC, 0x3F, 0x07, 0xE0, 0xF0, 0x07, 0x83, 0x80,
    0x0E, 0x1E, 0x00, 0x3C, 0x70, 0x00, 0x71, 0xC0, 0x01, 0xC7, 0x00, 0x07, 0x1C, 0x00, 0x1C, 0x70,
    0x00, 0x71, 0xE0, 0x03, 0xC3, 0x80, 0x0E, 0x0F, 0x00, 0x78, 0x3F, 0x07, 0xE1, 0xFF, 0xFF, 0xCF,
    0xFF, 0xF7, 0x8C, 0x7F, 0x0C, 0x20, 0x00, 0x20, 0x00, 0x00, 0x1F, 0xC1, 0xF9, 0xF8, 0x7E, 0x1F,
    0x8F, 0xC3, 0xF1, 0xF8, 0x7E, 0x7E, 0x07, 0xEF, 0xC0, 0xFF, 0xF0, 0x0F, 0xFE, 0x01, 0xFF, 0x80,
    0x1F, 0xF0, 0x03, 0xFE, 0x07, 0xFF, 0xF8, 0xFF, 0xFF, 0x1F, 0xFF, 0xE0, 0x1F, 0x80, 0x7F, 0xFF,
    0x8F, 0xFF, 0xF1, 0xFF, 0xFE, 0x3F, 0xFF, 0xC0, 0x3F, 0x00, 0x07, 0xE0, 0x00, 0xFC, 0x00, 0x1F,
    0x80, 0x03, 0xFF, 0xFF, 0xFF, 0xFF, 0xFF, 0xFF, 0xFF, 0xFF, 0x00, 0x00, 0x00, 0x03, 0xFF, 0xFF,
    0xFF, 0xFF, 0xFF, 0xFF, 0xFF, 0xFF, 0x00, 0x01, 0xC0, 0x07, 0xFC, 0x07, 0xFF, 0x07, 0xFF, 0xC3,
    0xFF, 0xE3, 0xF1, 0xF9, 0xF8, 0xE0, 0xFC, 0x00, 0x3F, 0x80, 0x1F, 0xFC, 0x07, 0xFF, 0x81, 0xFF,
    0xE3, 0xFF, 0xFB, 0xE0, 0xFD, 0xE0, 0x3E, 0xF8, 0x1E, 0x7F, 0xDF, 0x1F, 0xFE, 0x0F, 0xFF, 0x81,
    0xFF, 0xC0, 0x0F, 0xF0, 0x01, 0xF8, 0xF8, 0x7C, 0xFC, 0x7E, 0x3F, 0xFF, 0x1F, 0xFF, 0x07, 0xFF,
    0x81, 0xFF, 0x80, 0x1E, 0x00, 0x00, 0x00, 0xE1, 0xE7, 0xCF, 0x9F, 0x3F, 0x7C, 0xFD, 0xF3, 0xE1,
    0x02, 0x00, 0x00, 0x1C, 0x00, 0x00, 0xFF, 0xE0, 0x00, 0xFF, 0xF8, 0x01, 0xFF, 0xFF, 0x01, 0xFF,
    0xFF, 0x80, 0xFE, 0x0F, 0xE0, 0xFC, 0x71, 0xF8, 0x7C, 0xFE, 0x7C, 0x7C, 0xFF, 0x9F, 0x3E, 0xFF,
    0xEF, 0x9E, 0x78, 0xF3, 0xCF, 0x78, 0x01, 0xEF, 0xBC, 0x00, 0xF3, 0xCE, 0x0E, 0x79, 0xE7, 0x8F,
    0x3C, 0xFB, 0xFF, 0xBE, 0x7C, 0xFF, 0x9F, 0x1F, 0x3F, 0x9F, 0x0F, 0xC2, 0x1F, 0x83, 0xF8, 0x3F,
    0x80, 0xFF, 0xFF, 0x80, 0x3F, 0xFF, 0x80, 0x0F, 0xFF, 0x80, 0x01, 0xFF, 0x00, 0x00, 0x00, 0x00,
    0x00, 0x07, 0x80, 0x7F, 0xC3, 0xFF, 0x9F, 0xFE, 0x7C, 0x7C, 0x03, 0xF1, 0xFF, 0xCF, 0xFF, 0x7E,
    0x7D, 0xE1, 0xF7, 0x8F, 0xDF, 0xFF, 0x3F, 0xFC, 0x79, 0xF0, 0x00, 0x00, 0x00, 0x3F, 0xFF, 0xC3,
    0xFB, 0xF8, 0x1F, 0x9F, 0x81, 0xF9, 0xF8, 0x1F, 0xDF, 0xC1, 0xFD, 0xFC, 0x1F, 0xDF, 0xC0, 0x7F,
    0x7F, 0x01, 0xF9, 0xF8, 0x0F, 0xEF, 0xE0, 0x3F, 0xBF, 0x80, 0xFE, 0xFE, 0x03, 0xFB, 0xF8, 0x0F,
    0xEF, 0xE0, 0xFF, 0xFE, 0xFF, 0xFE, 0xFF, 0xFE, 0xFF, 0xFE, 0xFF, 0xFE, 0x00, 0x3E, 0x00, 0x3E,
    0x00, 0x3E, 0x00, 0x00, 0x01, 0xC0, 0x07, 0xFE, 0x0F, 0xFF, 0x8F, 0xFF, 0xE7, 0xFF, 0xF7, 0xF1,
    0xFF, 0xF0, 0x7F, 0xF8, 0x3F, 0x00, 0x3F, 0x80, 0x1F, 0x80, 0x3F, 0xC0, 0x3F, 0xC0, 0x3F, 0xC0,
    0x1F, 0x80, 0x1F, 0x80, 0x0F, 0xC0, 0x07, 0xE0, 0x00, 0x00, 0x00, 0xF0, 0x00, 0xFC, 0x00, 0x7E,
    0x00, 0x3F, 0x00, 0x1F, 0x80, 0x07, 0x80, 0x00, 0x00, 0x00, 0x00, 0xC0, 0x00, 0xFF, 0x80, 0x3F,
    0xF8, 0x0F, 0x07, 0x83, 0x80, 0x38, 0xE7, 0xC3, 0x9C, 0xFE, 0x73, 0x1D, 0xC6, 0xE3, 0x98, 0xDC,
    0x7F, 0x1B, 0x8F, 0xC3, 0x31, 0xD8, 0x67, 0x3B, 0x9C, 0xE7, 0x33, 0x8E, 0x00, 0xE0, 0xF0, 0x78,
    0x0F, 0xFE, 0x00, 0xFF, 0x80, 0x03, 0x00, 0x00, 0x00, 0x1F, 0xF7, 0xFD, 0xFF, 0x7F, 0xC0, 0x00,
    0x00, 0xFC, 0x0F, 0xF8, 0xFF, 0xC7, 0xDF, 0x3C, 0x7B, 0xC3, 0xCF, 0x1E, 0x7F, 0xF3, 0xFF, 0x0F,
    0xF0, 0x3F, 0x00, 0x00, 0x00, 0x00, 0x00, 0x00, 0xF8, 0x00, 0x3E, 0x00, 0x0F, 0x80, 0xFF, 0xFF,
    0xBF, 0xFF, 0xEF, 0xFF, 0xFB, 0xFF, 0xFE, 0xFF, 0xFF, 0x80, 0xF8, 0x00, 0x3E, 0x00, 0x0F, 0x80,
    0x00, 0x00, 0x00, 0x00, 0x0F, 0xFF, 0xFB, 0xFF, 0xFE, 0xFF, 0xFF, 0xBF, 0xFF, 0xE0, 0x00, 0x00,
    0x1F, 0x87, 0xFC, 0x7F, 0xEF, 0x9F, 0xF1, 0xF0, 0x1F, 0x03, 0xE0, 0xFC, 0x1F, 0x83, 0xE0, 0xFF,
    0xFF, 0xFF, 0xFF, 0xF0, 0x00, 0x0F, 0x81, 0xFF, 0x1F, 0xF8, 0xF3, 0xE8, 0x0F, 0x07, 0xF0, 0x3E,
    0x01, 0xFC, 0x01, 0xF7, 0xC7, 0xBF, 0xFC, 0xFF, 0xE3, 0xFE, 0x03, 0x80, 0x00, 0x07, 0xE1, 0xF0,
    0xF8, 0x3C, 0x1E, 0x00, 0x00, 0xFE, 0x0F, 0xCF, 0xE0, 0xFC, 0xFE, 0x0F, 0xCF, 0xE0, 0xFC, 0xFE,
    0x0F, 0xCF, 0xE0, 0xFC, 0xFE, 0x0F, 0xCF, 0xE0, 0xFC, 0xFE, 0x0F, 0xCF, 0xE0, 0xFC, 0xFE, 0x1F,
    0xCF, 0xE1, 0xFC, 0xFF, 0xFF, 0xFF, 0xFF, 0xFF, 0xFF, 0xFF, 0xFF, 0xFE, 0x7F, 0xFE, 0x83, 0xFF,
    0xE0, 0x00, 0xFE, 0x00, 0x0F, 0xE0, 0x00, 0xFE, 0x00, 0x0F, 0xE0, 0x00, 0xFE, 0x00, 0x0F, 0xE0,
    0x00, 0x00, 0x00, 0x01, 0xFF, 0xE1, 0xFF, 0xF8, 0xFF, 0xFE, 0x7F, 0xFF, 0x9F, 0xF1, 0xE7, 0xFC,
    0x79, 0xFF, 0x1E, 0x7F, 0xC7, 0x9F, 0xF1, 0xE7, 0xFC, 0x79, 0xFF, 0x1E, 0x3F, 0xC7, 0x87, 0xF1,
    0xE0, 0xFC, 0x78, 0x00, 0x1E, 0x00, 0x07, 0x80, 0x01, 0xE0, 0x00, 0x78, 0x00, 0x1E, 0x00, 0x07,
    0x80, 0x01, 0xE0, 0x00, 0x78, 0x00, 0x1E, 0x00, 0x3C, 0x7E, 0x7E, 0x7E, 0x7E, 0x3C, 0x00, 0x30,
    0x30, 0x7C, 0x7E, 0x0E, 0x7E, 0x7C, 0x70, 0x1F, 0x7F, 0xFF, 0xFF, 0xDF, 0x9F, 0x1F, 0x1F, 0x1F,
    0x1F, 0x1F, 0x1F, 0x1F, 0x00, 0x03, 0xC0, 0x1F, 0xE0, 0xFF, 0xE1, 0xFF, 0xE7, 0xC7, 0xCF, 0x87,
    0xDF, 0x0F, 0xBC, 0x1F, 0x7C, 0x3E, 0xF8, 0x7D, 0xFF, 0xF1, 0xFF, 0xE1, 0xFF, 0x80, 0xFC, 0x00,
    0x00, 0x00, 0x01, 0xFD, 0xFC, 0x03, 0xFB, 0xF8, 0x07, 0xF7, 0xF0, 0x0F, 0xEF, 0xE0, 0x1F, 0xDF,
    0xC0, 0x3F, 0xBF, 0x80, 0x7E, 0x7E, 0x03, 0xFF, 0xFC, 0x1F, 0xDF, 0xC0, 0xFE, 0xFE, 0x03, 0xF3,
    0xF0, 0x1F, 0x9F, 0x80, 0xFE, 0xFE, 0x07, 0xF7, 0xF0, 0x00, 0x00, 0x00, 0x00, 0x03, 0xC0, 0x07,
    0xC1, 0xF8, 0x00, 0xE0, 0x3F, 0x00, 0x3C, 0x06, 0xE0, 0x0F, 0x00, 0x9C, 0x03, 0xC0, 0x03, 0x80,
    0x78, 0x00, 0x70, 0x1E, 0x00, 0x0E, 0x07, 0x80, 0x01, 0xC0, 0xF0, 0x00, 0x38, 0x3C, 0x00, 0x07,
    0x0F, 0x03, 0xE0, 0xE1, 0xE0, 0xFC, 0x1C, 0x78, 0x3F, 0x80, 0x1E, 0x07, 0xF0, 0x03, 0x81, 0xFE,
    0x00, 0xF0, 0x7B, 0xC0, 0x3C, 0x0E, 0x78, 0x07, 0x03, 0xCF, 0x01, 0xE0, 0x7F, 0xF0, 0x78, 0x0F,
    0xFE, 0x1E, 0x01, 0xFF, 0xC3, 0xC0, 0x00, 0xF0, 0xF0, 0x00, 0x1E, 0x00, 0x00, 0x00, 0x01, 0xE0,
    0x03, 0xE0, 0x7E, 0x00, 0x38, 0x07, 0xE0, 0x07, 0x80, 0x6E, 0x00, 0xF0, 0x04, 0xE0, 0x1E, 0x00,
    0x0E, 0x01, 0xE0, 0x00, 0xE0, 0x3C, 0x00, 0x0E, 0x07, 0x80, 0x00, 0xE0, 0x78, 0x00, 0x0E, 0x0F,
    0x00, 0x00, 0xE1, 0xE0, 0xFC, 0x0E, 0x1E, 0x1F, 0xE0, 0xE3, 0xC3, 0xFF, 0x00, 0x78, 0x38, 0xF0,
    0x07, 0x00, 0x0F, 0x00, 0xF0, 0x00, 0xF0, 0x1E, 0x00, 0x1E, 0x01, 0xC0, 0x07, 0xC0, 0x3C, 0x00,
    0xF8, 0x07, 0x80, 0x1F, 0x00, 0xF0, 0x03, 0xFF, 0x0F, 0x00, 0x3F, 0xF1, 0xE0, 0x03, 0xFF, 0x00,
    0x00, 0x00, 0x00, 0x7E, 0x00, 0x1F, 0x03, 0xFC, 0x00, 0x70, 0x1F, 0xF8, 0x03, 0xC0, 0x79, 0xE0,
    0x1E, 0x00, 0x07, 0x80, 0xF0, 0x00, 0x7C, 0x03, 0xC0, 0x01, 0xF0, 0x1E, 0x00, 0x07, 0xE0, 0xF0,
    0x00, 0x03, 0x83, 0xC0, 0x07, 0x9F, 0x1E, 0x00, 0x1F, 0xF8, 0xF0, 0x7C, 0x3F, 0xE3, 0xC3, 0xF0,
    0x7E, 0x1E, 0x1F, 0xC0, 0x00, 0xF0, 0x7F, 0x00, 0x03, 0x83, 0xFC, 0x00, 0x1E, 0x1E, 0xF0, 0x00,
    0xF0, 0x73, 0xC0, 0x03, 0x83, 0xCF, 0x00, 0x1E, 0x0F, 0xFE, 0x00, 0xF0, 0x3F, 0xF8, 0x07, 0x80,
    0xFF, 0xE0, 0x1E, 0x00, 0x0F, 0x00, 0xF0, 0x00, 0x3C, 0x00, 0x00, 0x00, 0x78, 0x00, 0x3F, 0x00,
    0x0F, 0xC0, 0x03, 0xF8, 0x00, 0xFC, 0x00, 0x1E, 0x00, 0x00, 0x00, 0x01, 0xF0, 0x00, 0x7C, 0x00,
    0x3F, 0x00, 0x1F, 0xC0, 0x0F, 0xE0, 0x0F, 0xF8, 0x03, 0xF8, 0x01, 0xFC, 0x00, 0x7E, 0x00, 0x3F,
    0x87, 0xEF, 0xE1, 0xFB, 0xFC, 0xFE, 0x7F, 0xFF, 0x9F, 0xFF, 0xC3, 0xFF, 0xE0, 0x3F, 0xF0, 0x01,
    0xE0, 0x00, 0x00, 0x00, 0x00, 0x00, 0xFC, 0x00, 0x00, 0x3E, 0x00, 0x00, 0x0F, 0x80, 0x00, 0x03,
    0xC0, 0x00, 0x01, 0xF0, 0x00, 0x00, 0x00, 0x00, 0x00, 0x00, 0x00, 0x00, 0xFF, 0x80, 0x00, 0xFF,
    0xC0, 0x00, 0x7F, 0xF0, 0x00, 0x3F, 0xF8, 0x00, 0x3F, 0xFC, 0x00, 0x1F, 0xFF, 0x00, 0x0F, 0xDF,
    0x80, 0x0F, 0xEF, 0xC0, 0x07, 0xF7, 0xF0, 0x03, 0xF3, 0xF8, 0x03, 0xF8, 0xFC, 0x01, 0xFC, 0x7F,
    0x00, 0xFC, 0x3F, 0x80, 0xFE, 0x0F, 0xC0, 0x7F, 0xFF, 0xF0, 0x3F, 0xFF, 0xF8, 0x3F, 0xFF, 0xFC,
    0x1F, 0xFF, 0xFF, 0x0F, 0xFF, 0xFF, 0x8F, 0xE0, 0x1F, 0xC7, 0xF0, 0x07, 0xF3, 0xF8, 0x03, 0xFB,
    0xFC, 0x01, 0xFE, 0x00, 0x00, 0x00, 0x00, 0x07, 0xE0, 0x00, 0x03, 0xE0, 0x00, 0x03, 0xE0, 0x00,
    0x01, 0xE0, 0x00, 0x01, 0xE0, 0x00, 0x00, 0x00, 0x00, 0x00, 0x00, 0x00, 0x00, 0xFF, 0x80, 0x00,
    0xFF, 0xC0, 0x00, 0x7F, 0xF0, 0x00, 0x3F, 0xF8, 0x00, 0x3F, 0xFC, 0x00, 0x1F, 0xFF, 0x00, 0x0F,
    0xDF, 0x80, 0x0F, 0xEF, 0xC0, 0x07, 0xF7, 0xF0, 0x03, 0xF3, 0xF8, 0x03, 0xF8, 0xFC, 0x01, 0xFC,
    0x7F, 0x00, 0xFC, 0x3F, 0x80, 0xFE, 0x0F, 0xC0, 0x7F, 0xFF, 0xF0, 0x3F, 0xFF, 0xF8, 0x3F, 0xFF,
    0xFC, 0x1F, 0xFF, 0xFF, 0x0F, 0xFF, 0xFF, 0x8F, 0xE0, 0x1F, 0xC7, 0xF0, 0x07, 0xF3, 0xF8, 0x03,
    0xFB, 0xFC, 0x01, 0xFE, 0x00, 0x00, 0x00, 0x00, 0x1F, 0x00, 0x00, 0x1F, 0xC0, 0x00, 0x1F, 0xF0,
    0x00, 0x1E, 0x7C, 0x00, 0x1F, 0x1F, 0x00, 0x10, 0x00, 0x00, 0x00, 0x00, 0x00, 0x00, 0xFF, 0x80,
    0x00, 0xFF, 0xC0, 0x00, 0x7F, 0xF0, 0x00, 0x3F, 0xF8, 0x00, 0x3F, 0xFC, 0x00, 0x1F, 0xFF, 0x00,
    0x0F, 0xDF, 0x80, 0x0F, 0xEF, 0xC0, 0x07, 0xF7, 0xF0, 0x03, 0xF3, 0xF8, 0x03, 0xF8, 0xFC, 0x01,
    0xFC, 0x7F, 0x00, 0xFC, 0x3F, 0x80, 0xFE, 0x0F, 0xC0, 0x7F, 0xFF, 0xF0, 0x3F, 0xFF, 0xF8, 0x3F,
    0xFF, 0xFC, 0x1F, 0xFF, 0xFF, 0x0F, 0xFF, 0xFF, 0x8F, 0xE0, 0x1F, 0xC7, 0xF0, 0x07, 0xF3, 0xF8,
    0x03, 0xFB, 0xFC, 0x01, 0xFE, 0x00, 0x00, 0x00, 0x00, 0x78, 0xE0, 0x00, 0x7E, 0x70, 0x00, 0x7F,
    0xF8, 0x00, 0x39, 0xF8, 0x00, 0x1C, 0x78, 0x00, 0x00, 0x00, 0x00, 0x00, 0x00, 0x00, 0x00, 0xFF,
    0x80, 0x00, 0xFF, 0xC0, 0x00, 0x7F, 0xF0, 0x00, 0x3F, 0xF8, 0x00, 0x3F, 0xFC, 0x00, 0x1F, 0xFF,
    0x00, 0x0F, 0xDF, 0x80, 0x0F, 0xEF, 0xC0, 0x07, 0xF7, 0xF0, 0x03, 0xF3, 0xF8, 0x03, 0xF8, 0xFC,
    0x01, 0xFC, 0x7F, 0x00, 0xFC, 0x3F, 0x80, 0xFE, 0x0F, 0xC0, 0x7F, 0xFF, 0xF0, 0x3F, 0xFF, 0xF8,
    0x3F, 0xFF, 0xFC, 0x1F, 0xFF, 0xFF, 0x0F, 0xFF, 0xFF, 0x8F, 0xE0, 0x1F, 0xC7, 0xF0, 0x07, 0xF3,
    0xF8, 0x03, 0xFB, 0xFC, 0x01, 0xFE, 0x00, 0x00, 0x00, 0x00, 0xE1, 0xE0, 0x00, 0xF9, 0xF0, 0x00,
    0x7C, 0xFC, 0x00, 0x3E, 0x7E, 0x00, 0x1F, 0x3E, 0x00, 0x02, 0x04, 0x00, 0x00, 0x00, 0x00, 0x00,
    0xFF, 0x80, 0x00, 0xFF, 0xC0, 0x00, 0x7F, 0xF0, 0x00, 0x3F, 0xF8, 0x00, 0x3F, 0xFC, 0x00, 0x1F,
    0xFF, 0x00, 0x0F, 0xDF, 0x80, 0x0F, 0xEF, 0xC0, 0x07, 0xF7, 0xF0, 0x03, 0xF3, 0xF8, 0x03, 0xF8,
    0xFC, 0x01, 0xFC, 0x7F, 0x00, 0xFC, 0x3F, 0x80, 0xFE, 0x0F, 0xC0, 0x7F, 0xFF, 0xF0, 0x3F, 0xFF,
    0xF8, 0x3F, 0xFF, 0xFC, 0x1F, 0xFF, 0xFF, 0x0F, 0xFF, 0xFF, 0x8F, 0xE0, 0x1F, 0xC7, 0xF0, 0x07,
    0xF3, 0xF8, 0x03, 0xFB, 0xFC, 0x01, 0xFE, 0x00, 0x1E, 0x00, 0x00, 0x3F, 0x80, 0x00, 0x1C, 0xE0,
    0x00, 0x0C, 0x70, 0x00, 0x0E, 0x38, 0x00, 0x03, 0xFC, 0x00, 0x00, 0xFC, 0x00, 0x00, 0x18, 0x00,
    0x00, 0x00, 0x00, 0x00, 0x7F, 0xC0, 0x00, 0x7F, 0xE0, 0x00, 0x3F, 0xF8, 0x00, 0x1F, 0xFC, 0x00,
    0x1F, 0xFE, 0x00, 0x0F, 0xFF, 0x80, 0x07, 0xEF, 0xC0, 0x07, 0xF7, 0xE0, 0x03, 0xFB, 0xF8, 0x01,
    0xF9, 0xFC, 0x01, 0xFC, 0x7E, 0x00, 0xFE, 0x3F, 0x80, 0x7E, 0x1F, 0xC0, 0x7F, 0x07, 0xE0, 0x3F,
    0xFF, 0xF8, 0x1F, 0xFF, 0xFC, 0x1F, 0xFF, 0xFE, 0x0F, 0xFF, 0xFF, 0x87, 0xFF, 0xFF, 0xC7, 0xF0,
    0x0F, 0xE3, 0xF8, 0x03, 0xF9, 0xFC, 0x01, 0xFD, 0xFE, 0x00, 0xFF, 0x00, 0x00, 0x00, 0x00, 0x00,
    0x3F, 0xFF, 0xFF, 0xC0, 0x1F, 0xFF, 0xFF, 0xE0, 0x1F, 0xFF, 0xFF, 0xF0, 0x0F, 0xFF, 0xFF, 0xF8,
    0x07, 0xFF, 0xFF, 0xFC, 0x07, 0xF7, 0xF0, 0x00, 0x03, 0xF3, 0xF8, 0x00, 0x03, 0xF9, 0xFC, 0x00,
    0x01, 0xF8, 0xFE, 0x00, 0x00, 0xFC, 0x7F, 0xFF, 0xC0, 0xFE, 0x3F, 0xFF, 0xE0, 0x7E, 0x1F, 0xFF,
    0xF0, 0x7F, 0x0F, 0xFF, 0xF8, 0x3F, 0x87, 0xFF, 0xFC, 0x1F, 0xFF, 0xF8, 0x00, 0x1F, 0xFF, 0xFC,
    0x00, 0x0F, 0xFF, 0xFE, 0x00, 0x0F, 0xFF, 0xFF, 0x00, 0x07, 0xF0, 0x3F, 0xFF, 0xF3, 0xF0, 0x1F,
    0xFF, 0xFB, 0xF8, 0x0F, 0xFF, 0xFD, 0xFC, 0x07, 0xFF, 0xFF, 0xFC, 0x03, 0xFF, 0xFF, 0x00, 0x3C,
    0x00, 0x03, 0xFF, 0x00, 0x1F, 0xFF, 0x80, 0x7F, 0xFF, 0x81, 0xFF, 0xFF, 0x83, 0xFF, 0xFF, 0x8F,
    0xF0, 0x7F, 0x1F, 0xC0, 0x7E, 0x7F, 0x00, 0xFE, 0xFE, 0x00, 0x01, 0xFC, 0x00, 0x03, 0xF0, 0x00,
    0x07, 0xE0, 0x00, 0x0F, 0xC0, 0x00, 0x1F, 0xC0, 0x00, 0x3F, 0x80, 0x7F, 0x7F, 0x00, 0xFE, 0x7F,
    0x03, 0xF8, 0xFF, 0x8F, 0xF0, 0xFF, 0xFF, 0xC1, 0xFF, 0xFF, 0x81, 0xFF, 0xFE, 0x00, 0xFF, 0xF8,
    0x00, 0x7F, 0xC0, 0x00, 0x18, 0x00, 0x00, 0x7C, 0x00, 0x00, 0xFC, 0x00, 0x00, 0x38, 0x00, 0x03,
    0xF0, 0x00, 0x07, 0xC0, 0x00, 0x0E, 0x00, 0x00, 0x00, 0x00, 0x07, 0xE0, 0x00, 0xF8, 0x00, 0x1F,
    0x00, 0x03, 0xC0, 0x00, 0xF8, 0x00, 0x00, 0x00, 0x00, 0x00, 0xFF, 0xFF, 0xFF, 0xFF, 0xFF, 0xFF,
    0xFF, 0xFF, 0xFF, 0xFF, 0xFF, 0xFF, 0x80, 0x0F, 0xE0, 0x03, 0xF8, 0x00, 0xFE, 0x00, 0x3F, 0xFF,
    0xEF, 0xFF, 0xFB, 0xFF, 0xFE, 0xFF, 0xFF, 0xBF, 0xFF, 0xEF, 0xE0, 0x03, 0xF8, 0x00, 0xFE, 0x00,
    0x3F, 0x80, 0x0F, 0xFF, 0xFF, 0xFF, 0xFF, 0xFF, 0xFF, 0xFF, 0xFF, 0xFF, 0xFF, 0xFC, 0x00, 0x00,
    0x00, 0x1F, 0x80, 0x07, 0xC0, 0x03, 0xE0, 0x00, 0xF0, 0x00, 0x78, 0x00, 0x00, 0x00, 0x00, 0x00,
    0xFF, 0xFF, 0xFF, 0xFF, 0xFF, 0xFF, 0xFF, 0xFF, 0xFF, 0xFF, 0xFF, 0xFF, 0x80, 0x0F, 0xE0, 0x03,
    0xF8, 0x00, 0xFE, 0x00, 0x3F, 0xFF, 0xEF, 0xFF, 0xFB, 0xFF, 0xFE, 0xFF, 0xFF, 0xBF, 0xFF, 0xEF,
    0xE0, 0x03, 0xF8, 0x00, 0xFE, 0x00, 0x3F, 0x80, 0x0F, 0xFF, 0xFF, 0xFF, 0xFF, 0xFF, 0xFF, 0xFF,
    0xFF, 0xFF, 0xFF, 0xFC, 0x00, 0x00, 0x00, 0x7C, 0x00, 0x3F, 0x80, 0x1F, 0xF0, 0x0F, 0x3E, 0x07,
    0xC7, 0xC2, 0x00, 0x00, 0x00, 0x00, 0xFF, 0xFF, 0xFF, 0xFF, 0xFF, 0xFF, 0xFF, 0xFF, 0xFF, 0xFF,
    0xFF, 0xFF, 0x80, 0x0F, 0xE0, 0x03, 0xF8, 0x00, 0xFE, 0x00, 0x3F, 0xFF, 0xEF, 0xFF, 0xFB, 0xFF,
    0xFE, 0xFF, 0xFF, 0xBF, 0xFF, 0xEF, 0xE0, 0x03, 0xF8, 0x00, 0xFE, 0x00, 0x3F, 0x80, 0x0F, 0xFF,
    0xFF, 0xFF, 0xFF, 0xFF, 0xFF, 0xFF, 0xFF, 0xFF, 0xFF, 0xFC, 0x00, 0x00, 0x03, 0x87, 0x81, 0xF3,
    0xE0, 0x7C, 0xFC, 0x1F, 0x3F, 0x07, 0xCF, 0x80, 0x40, 0x80, 0x00, 0x00, 0xFF, 0xFF, 0xFF, 0xFF,
    0xFF, 0xFF, 0xFF, 0xFF, 0xFF, 0xFF, 0xFF, 0xFF, 0x80, 0x0F, 0xE0, 0x03, 0xF8, 0x00, 0xFE, 0x00,
    0x3F, 0xFF, 0xEF, 0xFF, 0xFB, 0xFF, 0xFE, 0xFF, 0xFF, 0xBF, 0xFF, 0xEF, 0xE0, 0x03, 0xF8, 0x00,
    0xFE, 0x00, 0x3F, 0x80, 0x0F, 0xFF, 0xFF, 0xFF, 0xFF, 0xFF, 0xFF, 0xFF, 0xFF, 0xFF, 0xFF, 0xFC,
    0x00, 0x1F, 0x83, 0xE0, 0x7C, 0x0F, 0x03, 0xE0, 0x00, 0x00, 0x1F, 0xC7, 0xF1, 0xFC, 0x7F, 0x1F,
    0xC7, 0xF1, 0xFC, 0x7F, 0x1F, 0xC7, 0xF1, 0xFC, 0x7F, 0x1F, 0xC7, 0xF1, 0xFC, 0x7F, 0x1F, 0xC7,
    0xF1, 0xFC, 0x7F, 0x1F, 0xC7, 0xF1, 0xFC, 0x00, 0x03, 0xF0, 0xF8, 0x7C, 0x1E, 0x0F, 0x00, 0x00,
    0x00, 0xFE, 0x3F, 0x8F, 0xE3, 0xF8, 0xFE, 0x3F, 0x8F, 0xE3, 0xF8, 0xFE, 0x3F, 0x8F, 0xE3, 0xF8,
    0xFE, 0x3F, 0x8F, 0xE3, 0xF8, 0xFE, 0x3F, 0x8F, 0xE3, 0xF8, 0xFE, 0x3F, 0x8F, 0xE0, 0x00, 0x00,
    0x0F, 0x80, 0x3F, 0x80, 0xFF, 0x83, 0xCF, 0x8F, 0x8F, 0xA0, 0x00, 0x00, 0x00, 0x0F, 0xE0, 0x1F,
    0xC0, 0x3F, 0x80, 0x7F, 0x00, 0xFE, 0x01, 0xFC, 0x03, 0xF8, 0x07, 0xF0, 0x0F, 0xE0, 0x1F, 0xC0,
    0x3F, 0x80, 0x7F, 0x00, 0xFE, 0x01, 0xFC, 0x03, 0xF8, 0x07, 0xF0, 0x0F, 0xE0, 0x1F, 0xC0, 0x3F,
    0x80, 0x7F, 0x00, 0xFE, 0x01, 0xFC, 0x03, 0xF8, 0x00, 0x00, 0x00, 0x70, 0xF1, 0xF3, 0xE3, 0xE7,
    0xE7, 0xCF, 0xCF, 0x9F, 0x04, 0x08, 0x00, 0x00, 0x0F, 0xE0, 0x1F, 0xC0, 0x3F, 0x80, 0x7F, 0x00,
    0xFE, 0x01, 0xFC, 0x03, 0xF8, 0x07, 0xF0, 0x0F, 0xE0, 0x1F, 0xC0, 0x3F, 0x80, 0x7F, 0x00, 0xFE,
    0x01, 0xFC, 0x03, 0xF8, 0x07, 0xF0, 0x0F, 0xE0, 0x1F, 0xC0, 0x3F, 0x80, 0x7F, 0x00, 0xFE, 0x01,
    0xFC, 0x03, 0xF8, 0x00, 0x00, 0x00, 0x00, 0x1F, 0xFF, 0x80, 0x1F, 0xFF, 0xE0, 0x1F, 0xFF, 0xF0,
    0x1F, 0xFF, 0xF8, 0x1F, 0xFF, 0xFC, 0x1F, 0xC3, 0xFE, 0x1F, 0xC0, 0xFE, 0x1F, 0xC0, 0x7F, 0x1F,
    0xC0, 0x7F, 0x7F, 0xFC, 0x7F, 0x7F, 0xFC, 0x3F, 0x7F, 0xFC, 0x3F, 0x7F, 0xFC, 0x3F, 0x1F, 0xC0,
    0x7F, 0x1F, 0xC0, 0x7F, 0x1F, 0xC0, 0x7E, 0x1F, 0xC0, 0xFE, 0x1F, 0xC7, 0xFE, 0x1F, 0xFF, 0xFC,
    0x1F, 0xFF, 0xF8, 0x1F, 0xFF, 0xF0, 0x1F, 0xFF, 0xE0, 0x1F, 0xFF, 0x00, 0x00, 0x00, 0x00, 0x07,
    0x8E, 0x00, 0x3F, 0x38, 0x01, 0xFF, 0xE0, 0x07, 0x3F, 0x00, 0x1C, 0x78, 0x00, 0x00, 0x00, 0x00,
    0x00, 0x00, 0xFF, 0x01, 0xFF, 0xFC, 0x07, 0xFF, 0xF8, 0x1F, 0xFF, 0xE0, 0x7F, 0xFF, 0xC1, 0xFF,
    0xFF, 0x87, 0xFF, 0xFE, 0x1F, 0xFF, 0xFC, 0x7F, 0xFF, 0xF1, 0xFF, 0xFF, 0xE7, 0xFF, 0xEF, 0xDF,
    0xFF, 0xBF, 0x7F, 0xFE, 0x7F, 0xFF, 0xF9, 0xFF, 0xFF, 0xE3, 0xFF, 0xFF, 0x8F, 0xFF, 0xFE, 0x1F,
    0xFF, 0xF8, 0x3F, 0xFF, 0xE0, 0xFF, 0xFF, 0x81, 0xFF, 0xFE, 0x07, 0xFF, 0xF8, 0x0F, 0xFF, 0xE0,
    0x1F, 0xC0, 0x00, 0x00, 0x00, 0x03, 0xF0, 0x00, 0x01, 0xF0, 0x00, 0x00, 0xF8, 0x00, 0x00, 0x78,
    0x00, 0x00, 0x7C, 0x00, 0x00, 0x00, 0x00, 0x00, 0x3C, 0x00, 0x01, 0xFF, 0x80, 0x07, 0xFF, 0xE0,
    0x0F, 0xFF, 0xF0, 0x1F, 0xFF, 0xF8, 0x1F, 0xFF, 0xFC, 0x3F, 0xC3, 0xFC, 0x3F, 0x80, 0xFE, 0x7F,
    0x00, 0xFE, 0x7F, 0x00, 0x7E, 0x7F, 0x00, 0x7E, 0x7E, 0x00, 0x7E, 0x7E, 0x00, 0x7E, 0x7E, 0x00,
    0x7E, 0x7F, 0x00, 0x7E, 0x7F, 0x00, 0xFE, 0x7F, 0x00, 0xFE, 0x3F, 0x81, 0xFE, 0x3F, 0xE3, 0xFC,
    0x1F, 0xFF, 0xFC, 0x1F, 0xFF, 0xF8, 0x0F, 0xFF, 0xF0, 0x03, 0xFF, 0xE0, 0x00, 0xFF, 0x80, 0x00,
    0x00, 0x00, 0x00, 0x00, 0x00, 0x00, 0x0F, 0xC0, 0x00, 0x0F, 0x80, 0x00, 0x1F, 0x00, 0x00, 0x1E,
    0x00, 0x00, 0x3C, 0x00, 0x00, 0x00, 0x00, 0x00, 0x3C, 0x00, 0x01, 0xFF, 0x80, 0x07, 0xFF, 0xE0,
    0x0F, 0xFF, 0xF0, 0x1F, 0xFF, 0xF8, 0x1F, 0xFF, 0xFC, 0x3F, 0xC3, 0xFC, 0x3F, 0x80, 0xFE, 0x7F,
    0x00, 0xFE, 0x7F, 0x00, 0x7E, 0x7F, 0x00, 0x7E, 0x7E, 0x00, 0x7E, 0x7E, 0x00, 0x7E, 0x7E, 0x00,
    0x7E, 0x7F, 0x00, 0x7E, 0x7F, 0x00, 0xFE, 0x7F, 0x00, 0xFE, 0x3F, 0x81, 0xFE, 0x3F, 0xE3, 0xFC,
    0x1F, 0xFF, 0xFC, 0x1F, 0xFF, 0xF8, 0x0F, 0xFF, 0xF0, 0x03, 0xFF, 0xE0, 0x00, 0xFF, 0x80, 0x00,
    0x00, 0x00, 0x00, 0x00, 0x00, 0x00, 0x3E, 0x00, 0x00, 0x7F, 0x00, 0x00, 0xFF, 0x80, 0x01, 0xE7,
    0xC0, 0x03, 0xE3, 0xE0, 0x04, 0x00, 0x00, 0x00, 0x3C, 0x00, 0x01, 0xFF, 0x80, 0x07, 0xFF, 0xE0,
    0x0F, 0xFF, 0xF0, 0x1F, 0xFF, 0xF8, 0x1F, 0xFF, 0xFC, 0x3F, 0xC3, 0xFC, 0x3F, 0x80, 0xFE, 0x7F,
    0x00, 0xFE, 0x7F, 0x00, 0x7E, 0x7F, 0x00, 0x7E, 0x7E, 0x00, 0x7E, 0x7E, 0x00, 0x7E, 0x7E, 0x00,
    0x7E, 0x7F, 0x00, 0x7E, 0x7F, 0x00, 0xFE, 0x7F, 0x00, 0xFE, 0x3F, 0x81, 0xFE, 0x3F, 0xE3, 0xFC,
    0x1F, 0xFF, 0xFC, 0x1F, 0xFF, 0xF8, 0x0F, 0xFF, 0xF0, 0x03, 0xFF, 0xE0, 0x00, 0xFF, 0x80, 0x00,
    0x00, 0x00, 0x00, 0x00, 0x00, 0x00, 0xF1, 0xC0, 0x01, 0xF9, 0xC0, 0x03, 0xFF, 0xC0, 0x03, 0x9F,
    0x80, 0x03, 0x8F, 0x00, 0x00, 0x00, 0x00, 0x00, 0x3C, 0x00, 0x01, 0xFF, 0x80, 0x07, 0xFF, 0xE0,
    0x0F, 0xFF, 0xF0, 0x1F, 0xFF, 0xF8, 0x1F, 0xFF, 0xFC, 0x3F, 0xC3, 0xFC, 0x3F, 0x80, 0xFE, 0x7F,
    0x00, 0xFE, 0x7F, 0x00, 0x7E, 0x7F, 0x00, 0x7E, 0x7E, 0x00, 0x7E, 0x7E, 0x00, 0x7E, 0x7E, 0x00,
    0x7E, 0x7F, 0x00, 0x7E, 0x7F, 0x00, 0xFE, 0x7F, 0x00, 0xFE, 0x3F, 0x81, 0xFE, 0x3F, 0xE3, 0xFC,
    0x1F, 0xFF, 0xFC, 0x1F, 0xFF, 0xF8, 0x0F, 0xFF, 0xF0, 0x03, 0xFF, 0xE0, 0x00, 0xFF, 0x80, 0x00,
    0x00, 0x00, 0x00, 0x00, 0x00, 0x01, 0xC3, 0xC0, 0x03, 0xE7, 0xC0, 0x03, 0xE7, 0xE0, 0x03, 0xE7,
    0xE0, 0x03, 0xE7, 0xC0, 0x00, 0x81, 0x00, 0x00, 0x3C, 0x00, 0x01, 0xFF, 0x80, 0x07, 0xFF, 0xE0,
    0x0F, 0xFF, 0xF0, 0x1F, 0xFF, 0xF8, 0x1F, 0xFF, 0xFC, 0x3F, 0xC3, 0xFC, 0x3F, 0x80, 0xFE, 0x7F,
    0x00, 0xFE, 0x7F, 0x00, 0x7E, 0x7F, 0x00, 0x7E, 0x7E, 0x00, 0x7E, 0x7E, 0x00, 0x7E, 0x7E, 0x00,
    0x7E, 0x7F, 0x00, 0x7E, 0x7F, 0x00, 0xFE, 0x7F, 0x00, 0xFE, 0x3F, 0x81, 0xFE, 0x3F, 0xE3, 0xFC,
    0x1F, 0xFF, 0xFC, 0x1F, 0xFF, 0xF8, 0x0F, 0xFF, 0xF0, 0x03, 0xFF, 0xE0, 0x00, 0xFF, 0x80, 0x00,
    0x00, 0x00, 0x00, 0x00, 0x06, 0x01, 0x83, 0xC0, 0xF1, 0xF8, 0x7E, 0xFF, 0x3F, 0xDF, 0xFF, 0xE3,
    0xFF, 0xF0, 0x7F, 0xF8, 0x0F, 0xFC, 0x01, 0xFE, 0x00, 0xFF, 0xC0, 0x7F, 0xF8, 0x3F, 0xFF, 0x1F,
    0xFF, 0xEF, 0xF3, 0xFD, 0xF8, 0x7E, 0x3C, 0x0F, 0x06, 0x01, 0x81, 0x00, 0x40, 0x00, 0x00, 0x10,
    0x00, 0x3C, 0x1C, 0x01, 0xFF, 0x9E, 0x07, 0xFF, 0xFE, 0x0F, 0xFF, 0xFC, 0x1F, 0xFF, 0xF8, 0x1F,
    0xFF, 0xFC, 0x3F, 0xC3, 0xFC, 0x3F, 0x83, 0xFE, 0x7F, 0x07, 0xFE, 0x7F, 0x0F, 0xFE, 0x7F, 0x1F,
    0x7E, 0x7E, 0x1E, 0x7E, 0x7E, 0x3E, 0x7E, 0x7E, 0x7C, 0x7E, 0x7F, 0xF8, 0x7E, 0x7F, 0xF0, 0xFE,
    0x7F, 0xE0, 0xFE, 0x3F, 0xE1, 0xFE, 0x3F, 0xE3, 0xFC, 0x1F, 0xFF, 0xFC, 0x1F, 0xFF, 0xF8, 0x1F,
    0xFF, 0xF0, 0x3F, 0xFF, 0xE0, 0x7C, 0xFF, 0x80, 0x18, 0x00, 0x00, 0x00, 0x00, 0x00, 0x00, 0x00,
    0x00, 0x3F, 0x00, 0x00, 0xF8, 0x00, 0x03, 0xE0, 0x00, 0x0F, 0x00, 0x00, 0x7C, 0x00, 0x00, 0x00,
    0x00, 0x00, 0x00, 0xFE, 0x03, 0xF7, 0xF0, 0x1F, 0xBF, 0x80, 0xFD, 0xFC, 0x07, 0xEF, 0xE0, 0x3F,
    0x7F, 0x01, 0xFB, 0xF8, 0x0F, 0xDF, 0xC0, 0x7E, 0xFE, 0x03, 0xF7, 0xF0, 0x1F, 0xBF, 0x80, 0xFD,
    0xFC, 0x07, 0xEF, 0xE0, 0x3F, 0x7F, 0x01, 0xFB, 0xF8, 0x0F, 0xDF, 0xC0, 0x7E, 0x7E, 0x07, 0xF3,
    0xFC, 0x7F, 0x9F, 0xFF, 0xFC, 0x7F, 0xFF, 0xC1, 0xFF, 0xFC, 0x07, 0xFF, 0xC0, 0x0F, 0xF8, 0x00,
    0x00, 0x00, 0x00, 0x00, 0x00, 0x01, 0xF8, 0x00, 0x0F, 0x80, 0x00, 0xF8, 0x00, 0x07, 0x80, 0x00,
    0x78, 0x00, 0x00, 0x00, 0x00, 0x00, 0x00, 0xFE, 0x03, 0xF7, 0xF0, 0x1F, 0xBF, 0x80, 0xFD, 0xFC,
    0x07, 0xEF, 0xE0, 0x3F, 0x7F, 0x01, 0xFB, 0xF8, 0x0F, 0xDF, 0xC0, 0x7E, 0xFE, 0x03, 0xF7, 0xF0,
    0x1F, 0xBF, 0x80, 0xFD, 0xFC, 0x07, 0xEF, 0xE0, 0x3F, 0x7F, 0x01, 0xFB, 0xF8, 0x0F, 0xDF, 0xC0,
    0x7E, 0x7E, 0x07, 0xF3, 0xFC, 0x7F, 0x9F, 0xFF, 0xFC, 0x7F, 0xFF, 0xC1, 0xFF, 0xFC, 0x07, 0xFF,
    0xC0, 0x0F, 0xF8, 0x00, 0x00, 0x00, 0x00, 0x00, 0x00, 0x07, 0xC0, 0x00, 0x7F, 0x00, 0x07, 0xFC,
    0x00, 0x79, 0xF0, 0x07, 0xC7, 0xC0, 0x40, 0x00, 0x00, 0x00, 0x00, 0xFE, 0x03, 0xF7, 0xF0, 0x1F,
    0xBF, 0x80, 0xFD, 0xFC, 0x07, 0xEF, 0xE0, 0x3F, 0x7F, 0x01, 0xFB, 0xF8, 0x0F, 0xDF, 0xC0, 0x7E,
    0xFE, 0x03, 0xF7, 0xF0, 0x1F, 0xBF, 0x80, 0xFD, 0xFC, 0x07, 0xEF, 0xE0, 0x3F, 0x7F, 0x01, 0xFB,
    0xF8, 0x0F, 0xDF, 0xC0, 0x7E, 0x7E, 0x07, 0xF3, 0xFC, 0x7F, 0x9F, 0xFF, 0xFC, 0x7F, 0xFF, 0xC1,
    0xFF, 0xFC, 0x07, 0xFF, 0xC0, 0x0F, 0xF8, 0x00, 0x00, 0x00, 0x00, 0x00, 0x00, 0x38, 0x78, 0x03,
    0xE7, 0xC0, 0x1F, 0x3F, 0x00, 0xF9, 0xF8, 0x07, 0xCF, 0x80, 0x08, 0x10, 0x00, 0x00, 0x00, 0xFE,
    0x03, 0xF7, 0xF0, 0x1F, 0xBF, 0x80, 0xFD, 0xFC, 0x07, 0xEF, 0xE0, 0x3F, 0x7F, 0x01, 0xFB, 0xF8,
    0x0F, 0xDF, 0xC0, 0x7E, 0xFE, 0x03, 0xF7, 0xF0, 0x1F, 0xBF, 0x80, 0xFD, 0xFC, 0x07, 0xEF, 0xE0,
    0x3F, 0x7F, 0x01, 0xFB, 0xF8, 0x0F, 0xDF, 0xC0, 0x7E, 0x7E, 0x07, 0xF3, 0xFC, 0x7F, 0x9F, 0xFF,
    0xFC, 0x7F, 0xFF, 0xC1, 0xFF, 0xFC, 0x07, 0xFF, 0xC0, 0x0F, 0xF8, 0x00, 0x00, 0x00, 0x00, 0x00,
    0x00, 0x00, 0x0F, 0xC0, 0x00, 0x0F, 0x80, 0x00, 0x1F, 0x00, 0x00, 0x1E, 0x00, 0x00, 0x3C, 0x00,
    0x00, 0x00, 0x00, 0x00, 0x00, 0x00, 0xFF, 0x00, 0xFF, 0x7F, 0x81, 0xFE, 0x3F, 0x81, 0xFC, 0x3F,
    0xC1, 0xFC, 0x1F, 0xC3, 0xF8, 0x0F, 0xE3, 0xF8, 0x0F, 0xE7, 0xF0, 0x07, 0xF7, 0xE0, 0x07, 0xFF,
    0xE0, 0x03, 0xFF, 0xC0, 0x03, 0xFF, 0xC0, 0x01, 0xFF, 0x80, 0x00, 0xFF, 0x80, 0x00, 0xFF, 0x00,
    0x00, 0x7F, 0x00, 0x00, 0x7E, 0x00, 0x00, 0x7E, 0x00, 0x00, 0x7E, 0x00, 0x00, 0x7E, 0x00, 0x00,
    0x7E, 0x00, 0x00, 0x7E, 0x00, 0x00, 0x7E, 0x00, 0x00, 0x7E, 0x00, 0x00, 0x00, 0x1F, 0xC0, 0x03,
    0xF8, 0x00, 0x7F, 0x00, 0x0F, 0xE0, 0x01, 0xFF, 0xF8, 0x3F, 0xFF, 0xC7, 0xFF, 0xFC, 0xFF, 0xFF,
    0xDF, 0xC3, 0xFB, 0xF8, 0x3F, 0xFF, 0x03, 0xFF, 0xE0, 0x7F, 0xFC, 0x1F, 0xFF, 0x87, 0xF7, 0xFF,
    0xFE, 0xFF, 0xFF, 0x9F, 0xFF, 0xE3, 0xFF, 0xF0, 0x7F, 0x00, 0x0F, 0xE0, 0x01, 0xFC, 0x00, 0x3F,
    0x80, 0x07, 0xF0, 0x00, 0x00, 0xE0, 0x00, 0x7F, 0xF0, 0x0F, 0xFF, 0xC0, 0xFF, 0xFF, 0x07, 0xFF,
    0xFC, 0x3F, 0xFF, 0xE3, 0xF8, 0x3F, 0x9F, 0xC1, 0xFC, 0xFE, 0x0F, 0xC7, 0xF0, 0xFE, 0x3F, 0x9F,
    0xE1, 0xFC, 0xFC, 0x0F, 0xE7, 0xFC, 0x7F, 0x3F, 0xF3, 0xF9, 0xFF, 0xDF, 0xC0, 0xFE, 0xFE, 0x03,
    0xF7, 0xF0, 0x1F, 0xBF, 0x81, 0xFD, 0xFC, 0xFF, 0xEF, 0xE7, 0xFF, 0x7F, 0x3F, 0xF3, 0xF9, 0xFF,
    0x1F, 0xCF, 0xE0, 0x00, 0x00, 0x03, 0xF0, 0x00, 0x7C, 0x00, 0x0F, 0x80, 0x01, 0xE0, 0x00, 0x7C,
    0x00, 0x00, 0x00, 0x00, 0x00, 0x07, 0xFC, 0x07, 0xFF, 0x83, 0xFF, 0xF0, 0xFF, 0xFE, 0x3F, 0x1F,
    0x93, 0x87, 0xE0, 0x03, 0xF8, 0x3F, 0xFE, 0x3F, 0xFF, 0x8F, 0xFF, 0xE7, 0xF1, 0xF9, 0xF8, 0x7E,
    0x7E, 0x1F, 0x9F, 0xFF, 0xE7, 0xFF, 0xF8, 0xFF, 0xFE, 0x1F, 0xDF, 0x80, 0x00, 0x00, 0x00, 0x00,
    0x00, 0x1F, 0x80, 0x07, 0xC0, 0x03, 0xE0, 0x00, 0xF0, 0x00, 0x78, 0x00, 0x00, 0x00, 0x00, 0x00,
    0x07, 0xFC, 0x07, 0xFF, 0x83, 0xFF, 0xF0, 0xFF, 0xFE, 0x3F, 0x1F, 0x93, 0x87, 0xE0, 0x03, 0xF8,
    0x3F, 0xFE, 0x3F, 0xFF, 0x8F, 0xFF, 0xE7, 0xF1, 0xF9, 0xF8, 0x7E, 0x7E, 0x1F, 0x9F, 0xFF, 0xE7,
    0xFF, 0xF8, 0xFF, 0xFE, 0x1F, 0xDF, 0x80, 0x00, 0x00, 0x00, 0x00, 0x00, 0x7C, 0x00, 0x3F, 0x80,
    0x1F, 0xF0, 0x0F, 0x3E, 0x07, 0xC7, 0xC2, 0x00, 0x00, 0x00, 0x00, 0x07, 0xFC, 0x07, 0xFF, 0x83,
    0xFF, 0xF0, 0xFF, 0xFE, 0x3F, 0x1F, 0x93, 0x87, 0xE0, 0x03, 0xF8, 0x3F, 0xFE, 0x3F, 0xFF, 0x8F,
    0xFF, 0xE7, 0xF1, 0xF9, 0xF8, 0x7E, 0x7E, 0x1F, 0x9F, 0xFF, 0xE7, 0xFF, 0xF8, 0xFF, 0xFE, 0x1F,
    0xDF, 0x80, 0x00, 0x00, 0x07, 0x8E, 0x03, 0xF3, 0x81, 0xFF, 0xE0, 0x73, 0xF0, 0x1C, 0x78, 0x00,
    0x00, 0x00, 0x00, 0x00, 0x1F, 0xF0, 0x1F, 0xFE, 0x0F, 0xFF, 0xC3, 0xFF, 0xF8, 0xFC, 0x7E, 0x4E,
    0x1F, 0x80, 0x0F, 0xE0, 0xFF, 0xF8, 0xFF, 0xFE, 0x3F, 0xFF, 0x9F, 0xC7, 0xE7, 0xE1, 0xF9, 0xF8,
    0x7E, 0x7F, 0xFF, 0x9F, 0xFF, 0xE3, 0xFF, 0xF8, 0x7F, 0x7E, 0x00, 0x00, 0x00, 0x00, 0x00, 0x03,
    0x87, 0x81, 0xF3, 0xE0, 0x7C, 0xFC, 0x1F, 0x3F, 0x07, 0xCF, 0x80, 0x40, 0x80, 0x00, 0x00, 0x07,
    0xFC, 0x07, 0xFF, 0x83, 0xFF, 0xF0, 0xFF, 0xFE, 0x3F, 0x1F, 0x93, 0x87, 0xE0, 0x03, 0xF8, 0x3F,
    0xFE, 0x3F, 0xFF, 0x8F, 0xFF, 0xE7, 0xF1, 0xF9, 0xF8, 0x7E, 0x7E, 0x1F, 0x9F, 0xFF, 0xE7, 0xFF,
    0xF8, 0xFF, 0xFE, 0x1F, 0xDF, 0x80, 0x00, 0x00, 0x00, 0x00, 0x00, 0x3C, 0x00, 0x3F, 0x80, 0x0E,
    0x70, 0x03, 0x1C, 0x01, 0xC7, 0x00, 0x3F, 0xC0, 0x07, 0xE0, 0x00, 0xE0, 0x00, 0x00, 0x00, 0x7F,
    0xC0, 0x7F, 0xF8, 0x3F, 0xFF, 0x0F, 0xFF, 0xE3, 0xF1, 0xF9, 0x38, 0x7E, 0x00, 0x3F, 0x83, 0xFF,
    0xE3, 0xFF, 0xF8, 0xFF, 0xFE, 0x7F, 0x1F, 0x9F, 0x87, 0xE7, 0xE1, 0xF9, 0xFF, 0xFE, 0x7F, 0xFF,
    0x8F, 0xFF, 0xE1, 0xFD, 0xF8, 0x00, 0x00, 0x00, 0x00, 0x00, 0x00, 0x3F, 0xC7, 0xF0, 0x03, 0xFF,
    0xFF, 0xE0, 0x3F, 0xFF, 0xFF, 0x83, 0xFF, 0xFF, 0xFE, 0x1F, 0x8F, 0xE3, 0xF1, 0x38, 0x7E, 0x0F,
    0xC0, 0x03, 0xF0, 0x7E, 0x0F, 0xFF, 0xFF, 0xF1, 0xFF, 0xFF, 0xFF, 0x8F, 0xFF, 0xFF, 0xFC, 0xFC,
    0x3F, 0x00, 0x07, 0xE1, 0xF8, 0x3F, 0x3F, 0x0F, 0xE3, 0xF9, 0xFF, 0xFF, 0xFF, 0x8F, 0xFF, 0xFF,
    0xFC, 0x3F, 0xFB, 0xFF, 0x80, 0xFF, 0x07, 0xF8, 0x00, 0x00, 0x00, 0x00, 0x00, 0x00, 0x00, 0x7F,
    0x80, 0x3F, 0xF8, 0x0F, 0xFF, 0x83, 0xFF, 0xF8, 0x7F, 0xFF, 0x9F, 0xC3, 0xF3, 0xF0, 0x7E, 0x7E,
    0x00, 0x0F, 0xC0, 0x01, 0xF8, 0x00, 0x3F, 0x07, 0xE7, 0xF0, 0xFC, 0x7F, 0x7F, 0x8F, 0xFF, 0xE0,
    0xFF, 0xFC, 0x0F, 0xFF, 0x00, 0x7F, 0x80, 0x01, 0x80, 0x00, 0x7C, 0x00, 0x0F, 0xC0, 0x00, 0x38,
    0x00, 0x3F, 0x00, 0x07, 0xC0, 0x00, 0xE0, 0x00, 0x00, 0x00, 0x01, 0xF8, 0x00, 0x1F, 0x00, 0x01,
    0xF0, 0x00, 0x1E, 0x00, 0x03, 0xE0, 0x00, 0x00, 0x00, 0x00, 0x00, 0x03, 0xF8, 0x01, 0xFF, 0xC0,
    0x7F, 0xFC, 0x1F, 0xFF, 0xC3, 0xF1, 0xF8, 0xFC, 0x1F, 0x9F, 0x83, 0xF3, 0xFF, 0xFE, 0x7F, 0xFF,
    0xCF, 0xFF, 0xF9, 0xF8, 0x00, 0x3F, 0x00, 0x03, 0xF0, 0xFC, 0x7F, 0xFF, 0x07, 0xFF, 0xE0, 0x7F,
    0xF8, 0x03, 0xFC, 0x00, 0x00, 0x00, 0x00, 0x00, 0x00, 0x07, 0xE0, 0x00, 0xF8, 0x00, 0x3E, 0x00,
    0x07, 0x80, 0x01, 0xE0, 0x00, 0x00, 0x00, 0x00, 0x00, 0x03, 0xF8, 0x01, 0xFF, 0xC0, 0x7F, 0xFC,
    0x1F, 0xFF, 0xC3, 0xF1, 0xF8, 0xFC, 0x1F, 0x9F, 0x83, 0xF3, 0xFF, 0xFE, 0x7F, 0xFF, 0xCF, 0xFF,
    0xF9, 0xF8, 0x00, 0x3F, 0x00, 0x03, 0xF0, 0xFC, 0x7F, 0xFF, 0x07, 0xFF, 0xE0, 0x7F, 0xF8, 0x03,
    0xFC, 0x00, 0x00, 0x00, 0x00, 0x00, 0x00, 0x3E, 0x00, 0x0F, 0xE0, 0x03, 0xFE, 0x00, 0xF3, 0xE0,
    0x3E, 0x3E, 0x08, 0x00, 0x00, 0x00, 0x00, 0x03, 0xF8, 0x01, 0xFF, 0xC0, 0x7F, 0xFC, 0x1F, 0xFF,
    0xC3, 0xF1, 0xF8, 0xFC, 0x1F, 0x9F, 0x83, 0xF3, 0xFF, 0xFE, 0x7F, 0xFF, 0xCF, 0xFF, 0xF9, 0xF8,
    0x00, 0x3F, 0x00, 0x03, 0xF0, 0xFC, 0x7F, 0xFF, 0x07, 0xFF, 0xE0, 0x7F, 0xF8, 0x03, 0xFC, 0x00,
    0x00, 0x00, 0x00, 0x00, 0x01, 0xC3, 0xC0, 0x7C, 0xF8, 0x0F, 0x9F, 0x81, 0xF3, 0xF0, 0x3E, 0x7C,
    0x01, 0x02, 0x00, 0x00, 0x00, 0x03, 0xF8, 0x01, 0xFF, 0xC0, 0x7F, 0xFC, 0x1F, 0xFF, 0xC3, 0xF1,
    0xF8, 0xFC, 0x1F, 0x9F, 0x83, 0xF3, 0xFF, 0xFE, 0x7F, 0xFF, 0xCF, 0xFF, 0xF9, 0xF8, 0x00, 0x3F,
    0x00, 0x03, 0xF0, 0xFC, 0x7F, 0xFF, 0x07, 0xFF, 0xE0, 0x7F, 0xF8, 0x03, 0xFC, 0x00, 0x00, 0x00,
    0x00, 0x1F, 0x83, 0xE0, 0x7C, 0x0F, 0x03, 0xE0, 0x00, 0x00, 0x1F, 0xC7, 0xF1, 0xFC, 0x7F, 0x1F,
    0xC7, 0xF1, 0xFC, 0x7F, 0x1F, 0xC7, 0xF1, 0xFC, 0x7F, 0x1F, 0xC7, 0xF1, 0xFC, 0x7F, 0x1F, 0xC0,
    0x00, 0x03, 0xF0, 0xF8, 0x7C, 0x1E, 0x0F, 0x00, 0x00, 0x00, 0xFE, 0x3F, 0x8F, 0xE3, 0xF8, 0xFE,
    0x3F, 0x8F, 0xE3, 0xF8, 0xFE, 0x3F, 0x8F, 0xE3, 0xF8, 0xFE, 0x3F, 0x8F, 0xE3, 0xF8, 0xFE, 0x00,
    0x00, 0x00, 0x0F, 0x80, 0x3F, 0x80, 0xFF, 0x83, 0xCF, 0x8F, 0x8F, 0xA0, 0x00, 0x00, 0x00, 0x0F,
    0xE0, 0x1F, 0xC0, 0x3F, 0x80, 0x7F, 0x00, 0xFE, 0x01, 0xFC, 0x03, 0xF8, 0x07, 0xF0, 0x0F, 0xE0,
    0x1F, 0xC0, 0x3F, 0x80, 0x7F, 0x00, 0xFE, 0x01, 0xFC, 0x03, 0xF8, 0x07, 0xF0, 0x0F, 0xE0, 0x00,
    0x00, 0x70, 0xF1, 0xF3, 0xE3, 0xE7, 0xE7, 0xCF, 0xCF, 0x9F, 0x04, 0x08, 0x00, 0x00, 0x0F, 0xE0,
    0x1F, 0xC0, 0x3F, 0x80, 0x7F, 0x00, 0xFE, 0x01, 0xFC, 0x03, 0xF8, 0x07, 0xF0, 0x0F, 0xE0, 0x1F,
    0xC0, 0x3F, 0x80, 0x7F, 0x00, 0xFE, 0x01, 0xFC, 0x03, 0xF8, 0x07, 0xF0, 0x0F, 0xE0, 0x00, 0x00,
    0x03, 0xC0, 0xC0, 0x7F, 0x78, 0x0F, 0xFE, 0x00, 0x7F, 0x80, 0x0F, 0xF8, 0x07, 0xDF, 0x80, 0xE1,
    0xF8, 0x18, 0x1F, 0x00, 0xFD, 0xF0, 0x3F, 0xFE, 0x0F, 0xFF, 0xE3, 0xFF, 0xFC, 0xFE, 0x1F, 0x9F,
    0x83, 0xF3, 0xF0, 0x3F, 0x7E, 0x07, 0xCF, 0xC0, 0xF9, 0xF8, 0x3F, 0x3F, 0x07, 0xE7, 0xF9, 0xFC,
    0x7F, 0xFF, 0x07, 0xFF, 0xC0, 0x7F, 0xF0, 0x07, 0xFC, 0x00, 0x00, 0x00, 0x07, 0x8E, 0x03, 0xF3,
    0x81, 0xFF, 0xE0, 0x73, 0xF0, 0x1C, 0x78, 0x00, 0x00, 0x00, 0x00, 0x03, 0xF9, 0xF8, 0xFE, 0xFF,
    0x3F, 0xFF, 0xEF, 0xFF, 0xFB, 0xFF, 0xFF, 0xFF, 0x1F, 0xFF, 0x87, 0xFF, 0xE1, 0xFF, 0xF8, 0x7F,
    0xFE, 0x1F, 0xFF, 0x87, 0xFF, 0xE1, 0xFF, 0xF8, 0x7F, 0xFE, 0x1F, 0xFF, 0x87, 0xFF, 0xE1, 0xFF,
    0xF8, 0x7F, 0x00, 0x00, 0x01, 0xF8, 0x00, 0x1F, 0x00, 0x01, 0xF0, 0x00, 0x1E, 0x00, 0x03, 0xE0,
    0x00, 0x00, 0x00, 0x00, 0x00, 0x03, 0xFC, 0x01, 0xFF, 0xE0, 0x7F, 0xFE, 0x1F, 0xFF, 0xC3, 0xFF,
    0xFC, 0xFE, 0x1F, 0x9F, 0x83, 0xFB, 0xF0, 0x7F, 0x7E, 0x0F, 0xEF, 0xC1, 0xFD, 0xF8, 0x3F, 0xBF,
    0x87, 0xE3, 0xFB, 0xFC, 0x7F, 0xFF, 0x87, 0xFF, 0xE0, 0x7F, 0xF8, 0x03, 0xFC, 0x00, 0x00, 0x00,
    0x00, 0x00, 0x00, 0x07, 0xE0, 0x00, 0xF8, 0x00, 0x3E, 0x00, 0x07, 0x80, 0x01, 0xE0, 0x00, 0x00,
    0x00, 0x00, 0x00, 0x03, 0xFC, 0x01, 0xFF, 0xE0, 0x7F, 0xFE, 0x1F, 0xFF, 0xC3, 0xFF, 0xFC, 0xFE,
    0x1F, 0x9F, 0x83, 0xFB, 0xF0, 0x7F, 0x7E, 0x0F, 0xEF, 0xC1, 0xFD, 0xF8, 0x3F, 0xBF, 0x87, 0xE3,
    0xFB, 0xFC, 0x7F, 0xFF, 0x87, 0xFF, 0xE0, 0x7F, 0xF8, 0x03, 0xFC, 0x00, 0x00, 0x00, 0x00, 0x00,
    0x00, 0x1F, 0x00, 0x07, 0xF0, 0x01, 0xFF, 0x00, 0x79, 0xF0, 0x1F, 0x1F, 0x04, 0x00, 0x00, 0x00,
    0x00, 0x03, 0xFC, 0x01, 0xFF, 0xE0, 0x7F, 0xFE, 0x1F, 0xFF, 0xC3, 0xFF, 0xFC, 0xFE, 0x1F, 0x9F,
    0x83, 0xFB, 0xF0, 0x7F, 0x7E, 0x0F, 0xEF, 0xC1, 0xFD, 0xF8, 0x3F, 0xBF, 0x87, 0xE3, 0xFB, 0xFC,
    0x7F, 0xFF, 0x87, 0xFF, 0xE0, 0x7F, 0xF8, 0x03, 0xFC, 0x00, 0x00, 0x00, 0x03, 0xC7, 0x00, 0xFC,
    0xE0, 0x3F, 0xFC, 0x07, 0x3F, 0x00, 0xE3, 0xC0, 0x00, 0x00, 0x00, 0x00, 0x00, 0x1F, 0xE0, 0x0F,
    0xFF, 0x03, 0xFF, 0xF0, 0xFF, 0xFE, 0x1F, 0xFF, 0xE7, 0xF0, 0xFC, 0xFC, 0x1F, 0xDF, 0x83, 0xFB,
    0xF0, 0x7F, 0x7E, 0x0F, 0xEF, 0xC1, 0xFD, 0xFC, 0x3F, 0x1F, 0xDF, 0xE3, 0xFF, 0xFC, 0x3F, 0xFF,
    0x03, 0xFF, 0xC0, 0x1F, 0xE0, 0x00, 0x00, 0x00, 0x00, 0x00, 0x00, 0xE1, 0xE0, 0x3E, 0x7C, 0x07,
    0xCF, 0xC0, 0xF9, 0xF8, 0x1F, 0x3E, 0x00, 0x81, 0x00, 0x00, 0x00, 0x03, 0xFC, 0x01, 0xFF, 0xE0,
    0x7F, 0xFE, 0x1F, 0xFF, 0xC3, 0xFF, 0xFC, 0xFE, 0x1F, 0x9F, 0x83, 0xFB, 0xF0, 0x7F, 0x7E, 0x0F,
    0xEF, 0xC1, 0xFD, 0xF8, 0x3F, 0xBF, 0x87, 0xE3, 0xFB, 0xFC, 0x7F, 0xFF, 0x87, 0xFF, 0xE0, 0x7F,
    0xF8, 0x03, 0xFC, 0x00, 0x00, 0x00, 0x00, 0x00, 0x00, 0x78, 0x00, 0x3F, 0x00, 0x0F, 0xC0, 0x03,
    0xF0, 0x00, 0xFC, 0x00, 0x1E, 0x00, 0x00, 0x00, 0x7F, 0xFF, 0x9F, 0xFF, 0xE7, 0xFF, 0xF9, 0xFF,
    0xFE, 0x7F, 0xFF, 0x80, 0x00, 0x00, 0x1E, 0x00, 0x0F, 0xC0, 0x03, 0xF0, 0x00, 0xFC, 0x00, 0x3F,
    0x00, 0x07, 0x80, 0x00, 0x00, 0x00, 0x00, 0x00, 0x80, 0x7F, 0x98, 0x3F, 0xFF, 0x8F, 0xFF, 0xC3,
    0xFF, 0xF8, 0x7F, 0xFF, 0x9F, 0xC7, 0xF3, 0xF1, 0xFF, 0x7E, 0x7F, 0xEF, 0xDD, 0xFD, 0xFF, 0xBF,
    0xBF, 0xE7, 0xF7, 0xF8, 0xFC, 0x7F, 0x7F, 0x8F, 0xFF, 0xF0, 0xFF, 0xFC, 0x3F, 0xFF, 0x0E, 0x7F,
    0x80, 0x80, 0x00, 0x00, 0x00, 0x00, 0x07, 0xE0, 0x00, 0xF8, 0x00, 0x1F, 0x00, 0x03, 0xC0, 0x00,
    0xF8, 0x00, 0x00, 0x00, 0x00, 0x00, 0xFE, 0x1F, 0xFF, 0x87, 0xFF, 0xE1, 0xFF, 0xF8, 0x7F, 0xFE,
    0x1F, 0xFF, 0x87, 0xFF, 0xE1, 0xFF, 0xF8, 0x7F, 0xFE, 0x1F, 0xFF, 0x87, 0xFF, 0xE1, 0xFD, 0xF8,
    0x7F, 0x7F, 0xFF, 0xDF, 0xFF, 0xF7, 0xFE, 0xFC, 0xFF, 0xBF, 0x1F, 0x8F, 0xC0, 0x00, 0x00, 0x00,
    0x00, 0x00, 0x1F, 0x80, 0x07, 0xC0, 0x03, 0xE0, 0x00, 0xF0, 0x00, 0x78, 0x00, 0x00, 0x00, 0x00,
    0x00, 0xFE, 0x1F, 0xFF, 0x87, 0xFF, 0xE1, 0xFF, 0xF8, 0x7F, 0xFE, 0x1F, 0xFF, 0x87, 0xFF, 0xE1,
    0xFF, 0xF8, 0x7F, 0xFE, 0x1F, 0xFF, 0x87, 0xFF, 0xE1, 0xFD, 0xF8, 0x7F, 0x7F, 0xFF, 0xDF, 0xFF,
    0xF7, 0xFE, 0xFC, 0xFF, 0xBF, 0x1F, 0x8F, 0xC0, 0x00, 0x00, 0x00, 0x00, 0x00, 0x7C, 0x00, 0x3F,
    0x80, 0x1F, 0xF0, 0x0F, 0x3E, 0x07, 0xC7, 0xC2, 0x00, 0x00, 0x00, 0x00, 0xFE, 0x1F, 0xFF, 0x87,
    0xFF, 0xE1, 0xFF, 0xF8, 0x7F, 0xFE, 0x1F, 0xFF, 0x87, 0xFF, 0xE1, 0xFF, 0xF8, 0x7F, 0xFE, 0x1F,
    0xFF, 0x87, 0xFF, 0xE1, 0xFD, 0xF8, 0x7F, 0x7F, 0xFF, 0xDF, 0xFF, 0xF7, 0xFE, 0xFC, 0xFF, 0xBF,
    0x1F, 0x8F, 0xC0, 0x00, 0x00, 0x00, 0x00, 0x03, 0x87, 0x81, 0xF3, 0xE0, 0x7C, 0xFC, 0x1F, 0x3F,
    0x07, 0xCF, 0x80, 0x40, 0x80, 0x00, 0x00, 0xFE, 0x1F, 0xFF, 0x87, 0xFF, 0xE1, 0xFF, 0xF8, 0x7F,
    0xFE, 0x1F, 0xFF, 0x87, 0xFF, 0xE1, 0xFF, 0xF8, 0x7F, 0xFE, 0x1F, 0xFF, 0x87, 0xFF, 0xE1, 0xFD,
    0xF8, 0x7F, 0x7F, 0xFF, 0xDF, 0xFF, 0xF7, 0xFE, 0xFC, 0xFF, 0xBF, 0x1F, 0x8F, 0xC0, 0x00, 0x00,
    0x00, 0x00, 0x00, 0x03, 0xF0, 0x00, 0x3E, 0x00, 0x07, 0xC0, 0x00, 0x78, 0x00, 0x0F, 0x00, 0x00,
    0x00, 0x00, 0x00, 0x00, 0xFE, 0x07, 0xE7, 0xE0, 0x7E, 0x7E, 0x0F, 0xE7, 0xF0, 0xFC, 0x3F, 0x0F,
    0xC3, 0xF1, 0xF8, 0x3F, 0x1F, 0x81, 0xF9, 0xF8, 0x1F, 0xBF, 0x00, 0xFB, 0xF0, 0x0F, 0xFF, 0x00,
    0xFF, 0xE0, 0x07, 0xFE, 0x00, 0x7F, 0xC0, 0x07, 0xFC, 0x00, 0x3F, 0xC0, 0x03, 0xF8, 0x00, 0x3F,
    0x80, 0x03, 0xF8, 0x03, 0xFF, 0x00, 0x3F, 0xF0, 0x03, 0xFE, 0x00, 0x3F, 0xC0, 0x00, 0xE0, 0x00,
    0x00, 0x00, 0x1F, 0xC0, 0x03, 0xF8, 0x00, 0x7F, 0x00, 0x0F, 0xE0, 0x01, 0xFC, 0x00, 0x3F, 0x80,
    0x07, 0xF3, 0xF0, 0xFE, 0xFF, 0x1F, 0xFF, 0xF3, 0xFF, 0xFE, 0x7F, 0xFF, 0xEF, 0xE1, 0xFD, 0xFC,
    0x1F, 0xBF, 0x83, 0xF7, 0xF0, 0x7E, 0xFE, 0x0F, 0xDF, 0xC1, 0xFB, 0xF8, 0x7F, 0x7F, 0xFF, 0xEF,
    0xFF, 0xF9, 0xFF, 0xFF, 0x3F, 0xBF, 0xC7, 0xF3, 0xF0, 0xFE, 0x00, 0x1F, 0xC0, 0x03, 0xF8, 0x00,
    0x7F, 0x00, 0x0F, 0xE0, 0x01, 0xFC, 0x00, 0x3F, 0x80, 0x00, 0x00, 0x00, 0x00, 0xE1, 0xE0, 0x1F,
    0x3E, 0x01, 0xF3, 0xF0, 0x1F, 0x3F, 0x01, 0xF3, 0xE0, 0x04, 0x08, 0x00, 0x00, 0x00, 0xFE, 0x07,
    0xE7, 0xE0, 0x7E, 0x7E, 0x0F, 0xE7, 0xF0, 0xFC, 0x3F, 0x0F, 0xC3, 0xF1, 0xF8, 0x3F, 0x1F, 0x81,
    0xF9, 0xF8, 0x1F, 0xBF, 0x00, 0xFB, 0xF0, 0x0F, 0xFF, 0x00, 0xFF, 0xE0, 0x07, 0xFE, 0x00, 0x7F,
    0xC0, 0x07, 0xFC, 0x00, 0x3F, 0xC0, 0x03, 0xF8, 0x00, 0x3F, 0x80, 0x03, 0xF8, 0x03, 0xFF, 0x00,
    0x3F, 0xF0, 0x03, 0xFE, 0x00, 0x3F, 0xC0, 0x00, 0xE0, 0x00
};

const epaper_font::GlyphRange kInter32Black_ext = {
    0xA0,
    0xFF,
    kInter32Black_ext_glyphs,
    kInter32Black_ext_bitmaps,
};

const epaper_font::GlyphBitmap kInter38SemiBold_ext_glyphs[] = {
    {     0,    0,   0,   0,    0,    0,  10 },
    {     0,   26,   7,  29,    2,   21,  11 },
    {    26,   70,  20,  28,    1,   28,  22 },
    {    96,   77,  21,  29,    1,   29,  24 },
    {   173,   75,  24,  25,    2,   24,  28 },
    {   248,   74,  21,  28,    0,   28,  21 },
    {   322,   22,   5,  34,    3,   28,  12 },
    {   344,   84,  19,  35,    1,   29,  21 },
    {   428,   11,  14,   6,    4,   29,  23 },
    {   439,  113,  30,  30,    2,   29,  35 },
    {   552,   34,  15,  18,    1,   29,  17 },
    {   586,   50,  22,  18,    1,   20,  24 },
    {   636,   23,  18,  10,    3,   15,  25 },
    {   659,   72,  19,  30,    1,   29,  21 },
    {   731,   67,  23,  23,    1,   29,  25 },
    {   798,    8,  12,   5,    2,   28,  16 },
    {   806,   25,  14,  14,    1,   28,  17 },
    {   831,   50,  19,  21,    3,   22,  25 },
    {   881,   28,  14,  16,    1,   32,  16 },
    {   909,   30,  15,  16,    1,   32,  17 },
    {   939,    7,   8,   7,    2,   29,  12 },
    {   946,   77,  21,  29,    2,   21,  23 },
    {  1023,   67,  19,  28,    1,   28,  23 },
    {  1090,    7,   7,   7,    2,   17,  11 },
    {  1097,    9,   8,   9,    3,    1,  13 },
    {  1106,   18,   9,  16,    1,   32,  12 },
    {  1124,   36,  16,  18,    1,   29,  18 },
    {  1160,   48,  21,  18,    1,   20,  24 },
    {  1208,  102,  29,  28,    1,   28,  31 },
    {  1310,  105,  30,  28,    1,   28,  32 },
    {  1415,  112,  32,  28,    1,   28,  34 },
    {  1527,   69,  19,  29,    1,   21,  21 },
    {  1596,  122,  27,  36,    0,   36,  27 },
    {  1718,  122,  27,  36,    0,   36,  27 },
    {  1840,  122,  27,  36,    0,   36,  27 },
    {  1962,  122,  27,  36,    0,   36,  27 },
    {  2084,  122,  27,  36,    0,   36,  27 },
    {  2206,  129,  27,  38,    0,   38,  27 },
    {  2335,  130,  37,  28,    0,   28,  39 },
    {  2465,  121,  26,  37,    1,   29,  28 },
    {  2586,   90,  20,  36,    2,   36,  23 },
    {  2676,   90,  20,  36,    2,   36,  23 },
    {  2766,   90,  20,  36,    2,   36,  23 },
    {  2856,   90,  20,  36,    2,   36,  23 },
    {  2946,   41,   9,  36,   -1,   36,  10 },
    {  2987,   41,   9,  36,    2,   36,  10 },
    {  3028,   63,  14,  36,   -2,   36,  10 },
    {  3091,   63,  14,  36,   -2,   36,  10 },
    {  3154,   95,  27,  28,    0,   28,  29 },
    {  3249,  108,  24,  36,    2,   36,  29 },
    {  3357,  125,  27,  37,    1,   36,  29 },
    {  3482,  125,  27,  37,    1,   36,  29 },
    {  3607,  125,  27,  37,    1,   36,  29 },
    {  3732,  125,  27,  37,    1,   36,  29 },
    {  3857,  125,  27,  37,    1,   36,  29 },
    {  3982,   48,  19,  20,    3,   21,  25 },
    {  4030,  105,  27,  31,    1,   29,  29 },
    {  4135,  107,  23,  37,    2,   36,  28 },
    {  4242,  107,  23,  37,    2,   36,  28 },
    {  4349,  107,  23,  37,    2,   36,  28 },
    {  4456,  107,  23,  37,    2,   36,  28 },
    {  4563,  117,  26,  36,    0,   36,  27 },
    {  4680,   70,  20,  28,    2,   28,  25 },
    {  4750,   77,  21,  29,    2,   29,  24 },
    {  4827,   68,  18,  30,    1,   29,  22 },
    {  4895,   68,  18,  30,    1,   29,  22 },
    {  4963,   68,  18,  30,    1,   29,  22 },
    {  5031,   66,  18,  29,    1,   28,  22 },
    {  5097,   68,  18,  30,    1,   29,  22 },
    {  5165,   72,  18,  32,    1,   31,  22 },
    {  5237,   88,  32,  22,    1,   21,  34 },
    {  5325,   73,  20,  29,    1,   21,  22 },
    {  5398,   75,  20,  30,    1,   29,  22 },
    {  5473,   75,  20,  30,    1,   29,  22 },
    {  5548,   75,  20,  30,    1,   29,  22 },
    {  5623,   75,  20,  30,    1,   29,  22 },
    {  5698,   37,  10,  29,   -2,   29,  10 },
    {  5735,   33,   9,  29,    2,   29,  10 },
    {  5768,   55,  15,  29,   -3,   29,  10 },
    {  5823,   55,  15,  29,   -3,   29,  10 },
    {  5878,   78,  20,  31,    1,   30,  22 },
    {  5956,   67,  19,  28,    2,   28,  23 },
    {  6023,   75,  20,  30,    1,   29,  23 },
    {  6098,   75,  20,  30,    1,   29,  23 },
    {  6173,   75,  20,  30,    1,   29,  23 },
    {  6248,   73,  20,  29,    1,   28,  23 },
    {  6321,   75,  20,  30,    1,   29,  23 },
    {  6396,   53,  19,  22,    3,   22,  25 },
    {  6449,   58,  21,  22,    1,   21,  23 },
    {  6507,   72,  19,  30,    2,   29,  23 },
    {  6579,   72,  19,  30,    2,   29,  23 },
    {  6651,   72,  19,  30,    2,   29,  23 },
    {  6723,   72,  19,  30,    2,   29,  23 },
    {  6795,   98,  21,  37,    0,   29,  22 },
    {  6893,   90,  20,  36,    2,   28,  23 },
    {  6983,   98,  21,  37,    0,   29,  22 },
};

const uint8_t kInter38SemiBold_ext_bitmaps[] = {
    0x10, 0xFB, 0xF7, 0xEF, 0xCF, 0x00, 0x00, 0x00, 0xF1, 0xF3, 0xE7, 0xCF, 0x9F, 0x3E, 0x7C, 0xF9,
    0xF3, 0xE7, 0xCF, 0x9F, 0x3E, 0x7C, 0xF9, 0xF3, 0xE0, 0x00, 0x00, 0x60, 0x00, 0x06, 0x00, 0x00,
    0x60, 0x00, 0x06, 0x00, 0x03, 0xFC, 0x00, 0xFF, 0xF0, 0x1F, 0xFF, 0x83, 0xFF, 0xFC, 0x3E, 0x67,
    0xC7, 0xC6, 0x3E, 0x7C, 0x63, 0xE7, 0xC6, 0x00, 0xF8, 0x60, 0x0F, 0x86, 0x00, 0xF8, 0x60, 0x0F,
    0x86, 0x00, 0x78, 0x60, 0x07, 0xC6, 0x3E, 0x7C, 0x63, 0xE3, 0xE6, 0x7C, 0x3F, 0xEF, 0xC1, 0xFF,
    0xF8, 0x0F, 0xFF, 0x00, 0x7F, 0xE0, 0x00, 0xF0, 0x00, 0x06, 0x00, 0x00, 0x60, 0x00, 0x06, 0x00,
    0x00, 0x00, 0x00, 0x03, 0xF0, 0x00, 0x7F, 0xE0, 0x0F, 0xFF, 0x80, 0x7F, 0xFE, 0x07, 0xE1, 0xF8,
    0x7E, 0x07, 0xC3, 0xE0, 0x1E, 0x1F, 0x00, 0xF8, 0xF8, 0x00, 0x07, 0xC0, 0x00, 0x3E, 0x00, 0x01,
    0xF0, 0x00, 0x3F, 0xFF, 0x01, 0xFF, 0xF8, 0x0F, 0xFF, 0xC0, 0x7F, 0xFE, 0x00, 0xF8, 0x00, 0x07,
    0xC0, 0x00, 0x3E, 0x00, 0x00, 0xF0, 0x00, 0x07, 0x80, 0x00, 0x3C, 0x00, 0x03, 0xE0, 0x1F, 0x3E,
    0x00, 0xFB, 0xFF, 0xFF, 0xDF, 0xFF, 0xFC, 0xFF, 0xFF, 0xE7, 0xFF, 0xFC, 0x00, 0x00, 0x00, 0x00,
    0x20, 0x7E, 0x0C, 0x71, 0xFF, 0x9E, 0xFF, 0xFF, 0xFF, 0x3F, 0xE7, 0xFC, 0x3F, 0x00, 0xF8, 0x3E,
    0x00, 0x78, 0x3C, 0x00, 0x3C, 0x78, 0x00, 0x1C, 0x78, 0x00, 0x1E, 0x70, 0x00, 0x0E, 0x70, 0x00,
    0x0E, 0x70, 0x00, 0x0E, 0x70, 0x00, 0x0E, 0x70, 0x00, 0x0E, 0x70, 0x00, 0x1E, 0x78, 0x00, 0x1E,
    0x38, 0x00, 0x3C, 0x3C, 0x00, 0x3C, 0x1E, 0x00, 0x78, 0x3F, 0x81, 0xFC, 0x7F, 0xFF, 0xFE, 0xF3,
    0xFF, 0xDF, 0x20, 0xFF, 0x0C, 0x00, 0x00, 0x00, 0xF8, 0x01, 0xFB, 0xE0, 0x0F, 0x9F, 0x00, 0x7C,
    0x7C, 0x07, 0xC3, 0xE0, 0x3E, 0x0F, 0x83, 0xE0, 0x7C, 0x1F, 0x01, 0xE1, 0xF0, 0x0F, 0x8F, 0x80,
    0x3C, 0x78, 0x01, 0xF7, 0xC0, 0x07, 0xBC, 0x00, 0x3F, 0xE0, 0x01, 0xFE, 0x00, 0xFF, 0xFF, 0x87,
    0xFF, 0xFC, 0x3F, 0xFF, 0xE0, 0x07, 0xC0, 0x00, 0x3E, 0x00, 0x7F, 0xFF, 0xC3, 0xFF, 0xFE, 0x1F,
    0xFF, 0xF0, 0x03, 0xE0, 0x00, 0x1F, 0x00, 0x00, 0xF8, 0x00, 0x07, 0xC0, 0x00, 0x3E, 0x00, 0x01,
    0xF0, 0x00, 0x7B, 0xDE, 0xF7, 0xBD, 0xEF, 0x7B, 0xDE, 0xF7, 0x80, 0x00, 0x00, 0x00, 0x07, 0xBD,
    0xEF, 0x7B, 0xDE, 0xF7, 0xBD, 0xEF, 0x78, 0x00, 0x00, 0x00, 0x00, 0x7F, 0x00, 0x3F, 0xF8, 0x0F,
    0xFF, 0x81, 0xFF, 0xF0, 0x7C, 0x1F, 0x0F, 0x03, 0xE1, 0xE0, 0x3C, 0x3E, 0x00, 0x07, 0xC0, 0x00,
    0x7E, 0x00, 0x07, 0xF0, 0x00, 0xFF, 0x80, 0x7F, 0xFC, 0x1E, 0x1F, 0xE3, 0xC0, 0xFC, 0x70, 0x07,
    0xCF, 0x00, 0x79, 0xE0, 0x0F, 0x3F, 0x01, 0xE3, 0xF8, 0x3C, 0x3F, 0xCF, 0x03, 0xFF, 0xC0, 0x0F,
    0xF0, 0x00, 0x7F, 0x00, 0x03, 0xE0, 0x00, 0x3E, 0x00, 0x03, 0xC7, 0xC0, 0x78, 0x78, 0x1F, 0x0F,
    0xC7, 0xE1, 0xFF, 0xF8, 0x1F, 0xFE, 0x00, 0xFF, 0x80, 0x03, 0x80, 0x00, 0x00, 0x01, 0xE1, 0xE7,
    0xC7, 0xDF, 0x1F, 0x7C, 0x7C, 0xE0, 0xE0, 0x00, 0x00, 0x00, 0x00, 0x00, 0x7F, 0x80, 0x00, 0x07,
    0xFF, 0xC0, 0x00, 0x7F, 0xFF, 0x80, 0x03, 0xFF, 0xFF, 0x80, 0x1F, 0xC0, 0xFF, 0x00, 0xFC, 0x00,
    0x7C, 0x07, 0xC0, 0xC0, 0xF8, 0x1E, 0x1F, 0xE1, 0xF0, 0xF8, 0xFF, 0xC3, 0xC3, 0xC7, 0xFF, 0x8F,
    0x9F, 0x3E, 0x1F, 0x1E, 0x78, 0xF0, 0x3C, 0x79, 0xE3, 0x80, 0x79, 0xE7, 0x8E, 0x00, 0x07, 0x9E,
    0x78, 0x00, 0x1E, 0x78, 0xE0, 0x00, 0x79, 0xE3, 0xC0, 0xF1, 0xE7, 0x8F, 0x83, 0xC7, 0x8F, 0x1F,
    0xFE, 0x3E, 0x3C, 0x3F, 0xF8, 0xF0, 0xF8, 0x7F, 0xC7, 0xC1, 0xF0, 0x7C, 0x3E, 0x03, 0xE0, 0x01,
    0xF8, 0x0F, 0xE0, 0x1F, 0xC0, 0x1F, 0xFF, 0xFE, 0x00, 0x3F, 0xFF, 0xF0, 0x00, 0x3F, 0xFF, 0x00,
    0x00, 0x3F, 0xF0, 0x00, 0x00, 0x00, 0x00, 0x00, 0x00, 0x00, 0x1F, 0xC0, 0xFF, 0xE3, 0xFF, 0xC7,
    0x83, 0xCE, 0x07, 0x80, 0x0F, 0x00, 0xFE, 0x1F, 0xFC, 0xFF, 0xFB, 0xE0, 0xF7, 0x81, 0xEF, 0x03,
    0xDE, 0x0F, 0x9F, 0xFF, 0x3F, 0xFE, 0x1F, 0x3C, 0x00, 0x00, 0x01, 0xF9, 0xF8, 0x07, 0xC7, 0xC0,
    0x3E, 0x3E, 0x01, 0xF1, 0xF0, 0x0F, 0x8F, 0x80, 0x7E, 0x7E, 0x03, 0xF3, 0xF0, 0x0F, 0x8F, 0x80,
    0x7C, 0x7C, 0x03, 0xF3, 0xF0, 0x03, 0xE3, 0xE0, 0x07, 0xC7, 0xC0, 0x1F, 0x9F, 0x80, 0x3F, 0x3F,
    0x00, 0x7C, 0x7C, 0x00, 0xF8, 0xF8, 0x01, 0xF9, 0xF8, 0x00, 0x00, 0x00, 0x00, 0x00, 0x1F, 0xFF,
    0xE7, 0xFF, 0xF9, 0xFF, 0xFE, 0x7F, 0xFF, 0x80, 0x01, 0xE0, 0x00, 0x78, 0x00, 0x1E, 0x00, 0x07,
    0x80, 0x00, 0x00, 0x00, 0x00, 0x00, 0x7F, 0x00, 0x3F, 0xF8, 0x0F, 0xFF, 0x83, 0xFF, 0xF8, 0xFC,
    0x1F, 0x9F, 0x01, 0xF3, 0xC0, 0x3E, 0xF8, 0x07, 0xC0, 0x00, 0xF8, 0x00, 0x1F, 0x00, 0x07, 0xC0,
    0x01, 0xF8, 0x00, 0xFE, 0x00, 0x3F, 0x80, 0x0F, 0xE0, 0x01, 0xF0, 0x00, 0x3C, 0x00, 0x07, 0x80,
    0x00, 0xF0, 0x00, 0x1E, 0x00, 0x00, 0x00, 0x00, 0x00, 0x00, 0x00, 0x00, 0x01, 0xE0, 0x00, 0x7E,
    0x00, 0x0F, 0xC0, 0x01, 0xF0, 0x00, 0x1E, 0x00, 0x00, 0x00, 0x00, 0x00, 0x00, 0x00, 0x01, 0xF8,
    0x00, 0x0F, 0xFE, 0x00, 0x7F, 0xFE, 0x01, 0xF0, 0x1E, 0x03, 0x80, 0x1E, 0x0E, 0x00, 0x1E, 0x3C,
    0xFE, 0x1C, 0x71, 0xFE, 0x1C, 0xE3, 0x8E, 0x39, 0x87, 0x1C, 0x73, 0x0E, 0x70, 0xE6, 0x1F, 0xE1,
    0xCC, 0x39, 0x83, 0x9C, 0x73, 0x87, 0x38, 0xE3, 0x1C, 0x39, 0xC7, 0x38, 0x78, 0x00, 0xE0, 0x78,
    0x03, 0xC0, 0x7C, 0x1F, 0x00, 0x7F, 0xFC, 0x00, 0x3F, 0xE0, 0x00, 0x04, 0x00, 0x00, 0x00, 0x07,
    0xFE, 0x7F, 0xE7, 0xFE, 0x00, 0x00, 0x07, 0xC0, 0x3F, 0x81, 0xFF, 0x0F, 0xFE, 0x78, 0x3D, 0xE0,
    0xF7, 0x03, 0xDC, 0x0F, 0x78, 0x3C, 0xF3, 0xE3, 0xFF, 0x87, 0xFC, 0x07, 0xC0, 0x00, 0x00, 0x00,
    0x00, 0x00, 0x3E, 0x00, 0x07, 0xC0, 0x00, 0xF8, 0x00, 0x1F, 0x00, 0x03, 0xE0, 0x3F, 0xFF, 0xFF,
    0xFF, 0xFF, 0xFF, 0xFF, 0xFF, 0xFF, 0xFC, 0x07, 0xC0, 0x00, 0xF8, 0x00, 0x1F, 0x00, 0x03, 0xE0,
    0x00, 0x7C, 0x00, 0x00, 0x00, 0x00, 0x00, 0x1F, 0xFF, 0xFF, 0xFF, 0xFF, 0xFF, 0xFF, 0xFF, 0xFF,
    0xFE, 0x07, 0x80, 0xFF, 0x87, 0xFF, 0x1F, 0x3E, 0x70, 0x79, 0xC1, 0xE0, 0x07, 0x80, 0x3C, 0x01,
    0xF0, 0x1F, 0x00, 0xF8, 0x07, 0xC0, 0x7C, 0x01, 0xFF, 0xE7, 0xFF, 0x9F, 0xFE, 0x07, 0x80, 0x3F,
    0xE0, 0xFF, 0xE3, 0xE3, 0xC7, 0x83, 0x80, 0x07, 0x00, 0x3E, 0x03, 0xF0, 0x07, 0xF0, 0x00, 0xF0,
    0x00, 0xF3, 0xC1, 0xE7, 0xC7, 0xCF, 0xFF, 0x0F, 0xFC, 0x03, 0xE0, 0x00, 0x1F, 0x3C, 0x3C, 0x78,
    0xF0, 0x00, 0x00, 0x00, 0x07, 0xC0, 0x3E, 0x3E, 0x01, 0xF1, 0xF0, 0x0F, 0x8F, 0x80, 0x7C, 0x7C,
    0x03, 0xE3, 0xE0, 0x1F, 0x1F, 0x00, 0xF8, 0xF8, 0x07, 0xC7, 0xC0, 0x3E, 0x3E, 0x01, 0xF1, 0xF0,
    0x0F, 0x8F, 0x80, 0x7C, 0x7C, 0x03, 0xE3, 0xE0, 0x1F, 0x1F, 0x80, 0xF8, 0xFE, 0x0F, 0xC7, 0xFF,
    0xFF, 0xFF, 0xFE, 0xFF, 0xF7, 0xF3, 0xFF, 0x9E, 0x0F, 0xFC, 0x00, 0x03, 0xE0, 0x00, 0x1F, 0x00,
    0x00, 0xF8, 0x00, 0x07, 0xC0, 0x00, 0x3E, 0x00, 0x01, 0xF0, 0x00, 0x0F, 0x80, 0x00, 0x00, 0x00,
    0xFF, 0xE0, 0xFF, 0xFC, 0x7F, 0xFF, 0x9F, 0xFF, 0xF7, 0xFE, 0x3E, 0xFF, 0xC7, 0xDF, 0xF8, 0xFF,
    0xFF, 0x1F, 0xFF, 0xE3, 0xFF, 0xFC, 0x7F, 0xFF, 0x8F, 0xBF, 0xF1, 0xF7, 0xFE, 0x3E, 0xFF, 0xC7,
    0xCF, 0xF8, 0xF8, 0xFF, 0x1F, 0x0F, 0xE3, 0xE0, 0x3C, 0x7C, 0x00, 0x0F, 0x80, 0x01, 0xF0, 0x00,
    0x3E, 0x00, 0x07, 0xC0, 0x00, 0xF8, 0x00, 0x1F, 0x00, 0x03, 0xE0, 0x00, 0x7C, 0x00, 0x0F, 0x80,
    0x01, 0xF0, 0x20, 0xF3, 0xF7, 0xEF, 0xCF, 0x00, 0x00, 0x30, 0x30, 0x30, 0x7E, 0x0E, 0x07, 0x0E,
    0x7E, 0x78, 0x0F, 0x0F, 0x9F, 0xDF, 0xEE, 0xF4, 0x78, 0x3C, 0x1E, 0x0F, 0x07, 0x83, 0xC1, 0xE0,
    0xF0, 0x78, 0x3C, 0x1E, 0x00, 0x00, 0x07, 0xE0, 0x1F, 0xF8, 0x3F, 0xFC, 0x7C, 0x3E, 0x78, 0x1E,
    0xF8, 0x1F, 0xF0, 0x0F, 0xF0, 0x0F, 0xF0, 0x0F, 0xF0, 0x0F, 0xF8, 0x1F, 0x78, 0x1E, 0x7C, 0x3E,
    0x3F, 0xFC, 0x1F, 0xF8, 0x07, 0xE0, 0x00, 0x00, 0xF8, 0xF8, 0x03, 0xE3, 0xE0, 0x0F, 0x8F, 0x80,
    0x3E, 0x3E, 0x01, 0xF9, 0xF8, 0x07, 0xE7, 0xE0, 0x1F, 0x1F, 0x00, 0x7C, 0x7C, 0x01, 0xF1, 0xF0,
    0x0F, 0x8F, 0x80, 0xF8, 0xF8, 0x0F, 0x8F, 0x80, 0xF8, 0xF8, 0x0F, 0xCF, 0xC0, 0xFC, 0xFC, 0x07,
    0xC7, 0xC0, 0xFC, 0xFC, 0x00, 0x00, 0x00, 0x00, 0x00, 0x00, 0x07, 0x81, 0xF0, 0x00, 0x78, 0x1F,
    0x80, 0x03, 0x81, 0xFC, 0x00, 0x3C, 0x0E, 0xE0, 0x03, 0xC0, 0x47, 0x00, 0x1C, 0x00, 0x38, 0x01,
    0xE0, 0x01, 0xC0, 0x1E, 0x00, 0x0E, 0x00, 0xE0, 0x00, 0x70, 0x0F, 0x00, 0x03, 0x80, 0xF0, 0x00,
    0x1C, 0x0F, 0x00, 0x00, 0xE0, 0x70, 0x00, 0x07, 0x07, 0x83, 0xE0, 0x38, 0x78, 0x3F, 0x01, 0xC3,
    0x81, 0xF8, 0x00, 0x3C, 0x1D, 0xC0, 0x03, 0xC0, 0xEE, 0x00, 0x1C, 0x0E, 0x70, 0x01, 0xE0, 0xF3,
    0x80, 0x1E, 0x07, 0x1C, 0x00, 0xE0, 0x70, 0xE0, 0x0F, 0x07, 0x87, 0x00, 0xF0, 0x3F, 0xFE, 0x07,
    0x01, 0xFF, 0xF0, 0x78, 0x00, 0x0E, 0x07, 0x80, 0x00, 0x70, 0x78, 0x00, 0x03, 0x80, 0x00, 0x00,
    0x07, 0x80, 0xF8, 0x00, 0x3C, 0x07, 0xE0, 0x00, 0xE0, 0x3F, 0x80, 0x07, 0x80, 0xEE, 0x00, 0x3C,
    0x02, 0x38, 0x00, 0xE0, 0x00, 0xE0, 0x07, 0x80, 0x03, 0x80, 0x3C, 0x00, 0x0E, 0x00, 0xE0, 0x00,
    0x38, 0x07, 0x80, 0x00, 0xE0, 0x3C, 0x00, 0x03, 0x81, 0xE0, 0x00, 0x0E, 0x07, 0x00, 0x00, 0x38,
    0x3C, 0x3F, 0x80, 0xE1, 0xE1, 0xFF, 0x83, 0x87, 0x07, 0x9E, 0x00, 0x3C, 0x3C, 0x38, 0x01, 0xE0,
    0xF0, 0xE0, 0x07, 0x00, 0x03, 0x80, 0x3C, 0x00, 0x1E, 0x01, 0xE0, 0x00, 0xF0, 0x07, 0x00, 0x07,
    0x80, 0x3C, 0x00, 0x3C, 0x01, 0xE0, 0x01, 0xE0, 0x07, 0x00, 0x0F, 0x00, 0x3C, 0x00, 0x7F, 0xE1,
    0xE0, 0x03, 0xFF, 0x8F, 0x00, 0x0F, 0xFE, 0x00, 0x00, 0x00, 0xF0, 0x1F, 0xC0, 0x01, 0xE0, 0x3F,
    0xE0, 0x01, 0xC0, 0x79, 0xE0, 0x03, 0xC0, 0x70, 0xF0, 0x07, 0x80, 0x00, 0xF0, 0x07, 0x00, 0x00,
    0xE0, 0x0F, 0x00, 0x0F, 0xC0, 0x1E, 0x00, 0x0F, 0xC0, 0x1C, 0x00, 0x03, 0xE0, 0x3C, 0x00, 0x00,
    0xF0, 0x78, 0x00, 0x00, 0x70, 0xF0, 0x00, 0xF0, 0xF0, 0xE0, 0x00, 0x7F, 0xF1, 0xE0, 0xF8, 0x3F,
    0xE3, 0xC1, 0xF8, 0x1F, 0xC3, 0x81, 0xF8, 0x00, 0x07, 0x83, 0xB8, 0x00, 0x0F, 0x03, 0xB8, 0x00,
    0x0E, 0x07, 0x38, 0x00, 0x1E, 0x0F, 0x38, 0x00, 0x3C, 0x0E, 0x38, 0x00, 0x38, 0x1C, 0x38, 0x00,
    0x78, 0x3C, 0x38, 0x00, 0xF0, 0x3F, 0xFE, 0x00, 0xE0, 0x3F, 0xFE, 0x01, 0xE0, 0x00, 0x38, 0x03,
    0xC0, 0x00, 0x38, 0x07, 0x80, 0x00, 0x38, 0x00, 0x00, 0x00, 0x1E, 0x00, 0x07, 0xE0, 0x00, 0xFC,
    0x00, 0x1F, 0x80, 0x01, 0xE0, 0x00, 0x00, 0x00, 0x00, 0x00, 0x00, 0x00, 0x00, 0x1E, 0x00, 0x03,
    0xC0, 0x00, 0x78, 0x00, 0x1F, 0x00, 0x07, 0xE0, 0x01, 0xF8, 0x00, 0x7F, 0x00, 0x1F, 0x80, 0x07,
    0xE0, 0x01, 0xF8, 0x00, 0x3E, 0x00, 0x07, 0xC0, 0x00, 0xF0, 0x07, 0xDF, 0x01, 0xF3, 0xE0, 0x3E,
    0x7E, 0x0F, 0xC7, 0xFF, 0xF0, 0x7F, 0xFC, 0x07, 0xFF, 0x00, 0x3F, 0x80, 0x00, 0xF8, 0x00, 0x00,
    0x0F, 0x80, 0x00, 0x00, 0xF0, 0x00, 0x00, 0x0F, 0x00, 0x00, 0x01, 0xE0, 0x00, 0x00, 0x02, 0x00,
    0x00, 0x00, 0x00, 0x00, 0x00, 0x00, 0x00, 0x00, 0x3F, 0x80, 0x00, 0x07, 0xF0, 0x00, 0x00, 0xFE,
    0x00, 0x00, 0x3F, 0xE0, 0x00, 0x07, 0xFC, 0x00, 0x01, 0xF7, 0x80, 0x00, 0x3E, 0xF8, 0x00, 0x07,
    0xDF, 0x00, 0x01, 0xF1, 0xE0, 0x00, 0x3E, 0x3E, 0x00, 0x07, 0xC7, 0xC0, 0x01, 0xF0, 0xFC, 0x00,
    0x3E, 0x0F, 0x80, 0x07, 0xC1, 0xF0, 0x01, 0xF0, 0x3F, 0x00, 0x3E, 0x03, 0xE0, 0x07, 0xC0, 0x7C,
    0x01, 0xFF, 0xFF, 0xC0, 0x3F, 0xFF, 0xF8, 0x07, 0xFF, 0xFF, 0x01, 0xFF, 0xFF, 0xF0, 0x3E, 0x00,
    0x3E, 0x0F, 0xC0, 0x07, 0xC1, 0xF0, 0x00, 0xFC, 0x3E, 0x00, 0x0F, 0x8F, 0xC0, 0x01, 0xF1, 0xF0,
    0x00, 0x3F, 0x3E, 0x00, 0x03, 0xE0, 0x00, 0x03, 0xE0, 0x00, 0x00, 0xF0, 0x00, 0x00, 0x1E, 0x00,
    0x00, 0x07, 0x80, 0x00, 0x00, 0xE0, 0x00, 0x00, 0x20, 0x00, 0x00, 0x00, 0x00, 0x00, 0x00, 0x00,
    0x00, 0x00, 0x3F, 0x80, 0x00, 0x07, 0xF0, 0x00, 0x00, 0xFE, 0x00, 0x00, 0x3F, 0xE0, 0x00, 0x07,
    0xFC, 0x00, 0x01, 0xF7, 0x80, 0x00, 0x3E, 0xF8, 0x00, 0x07, 0xDF, 0x00, 0x01, 0xF1, 0xE0, 0x00,
    0x3E, 0x3E, 0x00, 0x07, 0xC7, 0xC0, 0x01, 0xF0, 0xFC, 0x00, 0x3E, 0x0F, 0x80, 0x07, 0xC1, 0xF0,
    0x01, 0xF0, 0x3F, 0x00, 0x3E, 0x03, 0xE0, 0x07, 0xC0, 0x7C, 0x01, 0xFF, 0xFF, 0xC0, 0x3F, 0xFF,
    0xF8, 0x07, 0xFF, 0xFF, 0x01, 0xFF, 0xFF, 0xF0, 0x3E, 0x00, 0x3E, 0x0F, 0xC0, 0x07, 0xC1, 0xF0,
    0x00, 0xFC, 0x3E, 0x00, 0x0F, 0x8F, 0xC0, 0x01, 0xF1, 0xF0, 0x00, 0x3F, 0x3E, 0x00, 0x03, 0xE0,
    0x00, 0x3F, 0x00, 0x00, 0x0F, 0xF0, 0x00, 0x01, 0xFE, 0x00, 0x00, 0x79, 0xE0, 0x00, 0x1E, 0x1E,
    0x00, 0x04, 0x00, 0x20, 0x00, 0x00, 0x00, 0x00, 0x00, 0x00, 0x00, 0x00, 0x3F, 0x80, 0x00, 0x07,
    0xF0, 0x00, 0x00, 0xFE, 0x00, 0x00, 0x3F, 0xE0, 0x00, 0x07, 0xFC, 0x00, 0x01, 0xF7, 0x80, 0x00,
    0x3E, 0xF8, 0x00, 0x07, 0xDF, 0x00, 0x01, 0xF1, 0xE0, 0x00, 0x3E, 0x3E, 0x00, 0x07, 0xC7, 0xC0,
    0x01, 0xF0, 0xFC, 0x00, 0x3E, 0x0F, 0x80, 0x07, 0xC1, 0xF0, 0x01, 0xF0, 0x3F, 0x00, 0x3E, 0x03,
    0xE0, 0x07, 0xC0, 0x7C, 0x01, 0xFF, 0xFF, 0xC0, 0x3F, 0xFF, 0xF8, 0x07, 0xFF, 0xFF, 0x01, 0xFF,
    0xFF, 0xF0, 0x3E, 0x00, 0x3E, 0x0F, 0xC0, 0x07, 0xC1, 0xF0, 0x00, 0xFC, 0x3E, 0x00, 0x0F, 0x8F,
    0xC0, 0x01, 0xF1, 0xF0, 0x00, 0x3F, 0x3E, 0x00, 0x03, 0xE0, 0x00, 0x78, 0x60, 0x00, 0x1F, 0x9C,
    0x00, 0x03, 0xFF, 0x80, 0x00, 0xE3, 0xE0, 0x00, 0x1C, 0x18, 0x00, 0x00, 0x00, 0x00, 0x00, 0x00,
    0x00, 0x00, 0x00, 0x00, 0x00, 0x00, 0x3F, 0x80, 0x00, 0x07, 0xF0, 0x00, 0x00, 0xFE, 0x00, 0x00,
    0x3F, 0xE0, 0x00, 0x07, 0xFC, 0x00, 0x01, 0xF7, 0x80, 0x00, 0x3E, 0xF8, 0x00, 0x07, 0xDF, 0x00,
    0x01, 0xF1, 0xE0, 0x00, 0x3E, 0x3E, 0x00, 0x07, 0xC7, 0xC0, 0x01, 0xF0, 0xFC, 0x00, 0x3E, 0x0F,
    0x80, 0x07, 0xC1, 0xF0, 0x01, 0xF0, 0x3F, 0x00, 0x3E, 0x03, 0xE0, 0x07, 0xC0, 0x7C, 0x01, 0xFF,
    0xFF, 0xC0, 0x3F, 0xFF, 0xF8, 0x07, 0xFF, 0xFF, 0x01, 0xFF, 0xFF, 0xF0, 0x3E, 0x00, 0x3E, 0x0F,
    0xC0, 0x07, 0xC1, 0xF0, 0x00, 0xFC, 0x3E, 0x00, 0x0F, 0x8F, 0xC0, 0x01, 0xF1, 0xF0, 0x00, 0x3F,
    0x3E, 0x00, 0x03, 0xE0, 0x01, 0xE1, 0xE0, 0x00, 0x3E, 0x3E, 0x00, 0x07, 0xC7, 0xC0, 0x00, 0xF8,
    0xF8, 0x00, 0x0E, 0x0E, 0x00, 0x00, 0x00, 0x00, 0x00, 0x00, 0x00, 0x00, 0x00, 0x00, 0x00, 0x00,
    0x3F, 0x80, 0x00, 0x07, 0xF0, 0x00, 0x00, 0xFE, 0x00, 0x00, 0x3F, 0xE0, 0x00, 0x07, 0xFC, 0x00,
    0x01, 0xF7, 0x80, 0x00, 0x3E, 0xF8, 0x00, 0x07, 0xDF, 0x00, 0x01, 0xF1, 0xE0, 0x00, 0x3E, 0x3E,
    0x00, 0x07, 0xC7, 0xC0, 0x01, 0xF0, 0xFC, 0x00, 0x3E, 0x0F, 0x80, 0x07, 0xC1, 0xF0, 0x01, 0xF0,
    0x3F, 0x00, 0x3E, 0x03, 0xE0, 0x07, 0xC0, 0x7C, 0x01, 0xFF, 0xFF, 0xC0, 0x3F, 0xFF, 0xF8, 0x07,
    0xFF, 0xFF, 0x01, 0xFF, 0xFF, 0xF0, 0x3E, 0x00, 0x3E, 0x0F, 0xC0, 0x07, 0xC1, 0xF0, 0x00, 0xFC,
    0x3E, 0x00, 0x0F, 0x8F, 0xC0, 0x01, 0xF1, 0xF0, 0x00, 0x3F, 0x3E, 0x00, 0x03, 0xE0, 0x00, 0x1E,
    0x00, 0x00, 0x07, 0xF0, 0x00, 0x01, 0xFF, 0x00, 0x00, 0x38, 0xE0, 0x00, 0x06, 0x1C, 0x00, 0x00,
    0xE3, 0x80, 0x00, 0x1E, 0xF0, 0x00, 0x01, 0xFC, 0x00, 0x00, 0x1F, 0x00, 0x00, 0x00, 0x00, 0x00,
    0x00, 0xFE, 0x00, 0x00, 0x1F, 0xC0, 0x00, 0x03, 0xF8, 0x00, 0x00, 0xFF, 0x80, 0x00, 0x1F, 0xF0,
    0x00, 0x07, 0xDE, 0x00, 0x00, 0xFB, 0xE0, 0x00, 0x1F, 0x7C, 0x00, 0x07, 0xC7, 0x80, 0x00, 0xF8,
    0xF8, 0x00, 0x1F, 0x1F, 0x00, 0x07, 0xC3, 0xF0, 0x00, 0xF8, 0x3E, 0x00, 0x1F, 0x07, 0xC0, 0x07,
    0xC0, 0xFC, 0x00, 0xF8, 0x0F, 0x80, 0x1F, 0x01, 0xF0, 0x07, 0xFF, 0xFF, 0x00, 0xFF, 0xFF, 0xE0,
    0x1F, 0xFF, 0xFC, 0x07, 0xFF, 0xFF, 0xC0, 0xF8, 0x00, 0xF8, 0x3F, 0x00, 0x1F, 0x07, 0xC0, 0x03,
    0xF0, 0xF8, 0x00, 0x3E, 0x3F, 0x00, 0x07, 0xC7, 0xC0, 0x00, 0xFC, 0xF8, 0x00, 0x0F, 0x80, 0x00,
    0x07, 0xFF, 0xFF, 0xF8, 0x00, 0x7F, 0xFF, 0xFF, 0xC0, 0x03, 0xFF, 0xFF, 0xFE, 0x00, 0x3F, 0xFF,
    0xFF, 0xF0, 0x01, 0xF3, 0xFF, 0xFF, 0x80, 0x1F, 0x1F, 0x00, 0x00, 0x00, 0xF8, 0xF8, 0x00, 0x00,
    0x07, 0xC7, 0xC0, 0x00, 0x00, 0x7C, 0x3E, 0x00, 0x00, 0x03, 0xE1, 0xF0, 0x00, 0x00, 0x3E, 0x0F,
    0x80, 0x00, 0x01, 0xF0, 0x7C, 0x00, 0x00, 0x1F, 0x03, 0xFF, 0xFF, 0x00, 0xF8, 0x1F, 0xFF, 0xF8,
    0x0F, 0xC0, 0xFF, 0xFF, 0xC0, 0x7C, 0x07, 0xFF, 0xFE, 0x03, 0xE0, 0x3E, 0x00, 0x00, 0x3F, 0xFF,
    0xF0, 0x00, 0x01, 0xFF, 0xFF, 0x80, 0x00, 0x1F, 0xFF, 0xFC, 0x00, 0x00, 0xFF, 0xFF, 0xE0, 0x00,
    0x0F, 0xC0, 0x1F, 0x00, 0x00, 0x7C, 0x00, 0xF8, 0x00, 0x03, 0xE0, 0x07, 0xC0, 0x00, 0x3E, 0x00,
    0x3F, 0xFF, 0xF9, 0xF0, 0x01, 0xFF, 0xFF, 0xDF, 0x00, 0x0F, 0xFF, 0xFE, 0xF8, 0x00, 0x7F, 0xFF,
    0xF0, 0x00, 0x00, 0x00, 0x00, 0x0F, 0xE0, 0x00, 0x1F, 0xFF, 0x00, 0x0F, 0xFF, 0xE0, 0x07, 0xFF,
    0xFC, 0x03, 0xFC, 0x7F, 0x81, 0xF8, 0x03, 0xF0, 0xFC, 0x00, 0x7C, 0x3E, 0x00, 0x1F, 0x9F, 0x80,
    0x03, 0xE7, 0xC0, 0x00, 0xF9, 0xF0, 0x00, 0x00, 0x7C, 0x00, 0x00, 0x1F, 0x00, 0x00, 0x07, 0xC0,
    0x00, 0x01, 0xF0, 0x00, 0x00, 0x7C, 0x00, 0x00, 0x1F, 0x00, 0x00, 0x07, 0xC0, 0x00, 0x01, 0xF0,
    0x00, 0x00, 0x7E, 0x00, 0x0F, 0x8F, 0x80, 0x03, 0xE3, 0xF0, 0x01, 0xF0, 0x7E, 0x00, 0xFC, 0x1F,
    0xE0, 0xFE, 0x03, 0xFF, 0xFF, 0x80, 0x7F, 0xFF, 0xC0, 0x07, 0xFF, 0xC0, 0x00, 0x7F, 0xC0, 0x00,
    0x03, 0x00, 0x00, 0x00, 0xC0, 0x00, 0x00, 0x7E, 0x00, 0x00, 0x03, 0x80, 0x00, 0x00, 0x70, 0x00,
    0x00, 0x38, 0x00, 0x00, 0x7E, 0x00, 0x00, 0x1E, 0x00, 0x00, 0x0F, 0x80, 0x00, 0x7C, 0x00, 0x03,
    0xC0, 0x00, 0x1E, 0x00, 0x01, 0xE0, 0x00, 0x01, 0x00, 0x00, 0x00, 0x00, 0x00, 0x00, 0xFF, 0xFF,
    0xEF, 0xFF, 0xFE, 0xFF, 0xFF, 0xEF, 0xFF, 0xFE, 0xFF, 0xFF, 0xEF, 0x80, 0x00, 0xF8, 0x00, 0x0F,
    0x80, 0x00, 0xF8, 0x00, 0x0F, 0x80, 0x00, 0xF8, 0x00, 0x0F, 0x80, 0x00, 0xFF, 0xFF, 0xCF, 0xFF,
    0xFC, 0xFF, 0xFF, 0xCF, 0xFF, 0xFC, 0xF8, 0x00, 0x0F, 0x80, 0x00, 0xF8, 0x00, 0x0F, 0x80, 0x00,
    0xF8, 0x00, 0x0F, 0x80, 0x00, 0xF8, 0x00, 0x0F, 0x80, 0x00, 0xFF, 0xFF, 0xEF, 0xFF, 0xFE, 0xFF,
    0xFF, 0xEF, 0xFF, 0xFE, 0x00, 0x1F, 0x00, 0x03, 0xC0, 0x00, 0x3C, 0x00, 0x07, 0x80, 0x00, 0x70,
    0x00, 0x08, 0x00, 0x00, 0x00, 0x00, 0x00, 0x00, 0xFF, 0xFF, 0xEF, 0xFF, 0xFE, 0xFF, 0xFF, 0xEF,
    0xFF, 0xFE, 0xFF, 0xFF, 0xEF, 0x80, 0x00, 0xF8, 0x00, 0x0F, 0x80, 0x00, 0xF8, 0x00, 0x0F, 0x80,
    0x00, 0xF8, 0x00, 0x0F, 0x80, 0x00, 0xFF, 0xFF, 0xCF, 0xFF, 0xFC, 0xFF, 0xFF, 0xCF, 0xFF, 0xFC,
    0xF8, 0x00, 0x0F, 0x80, 0x00, 0xF8, 0x00, 0x0F, 0x80, 0x00, 0xF8, 0x00, 0x0F, 0x80, 0x00, 0xF8,
    0x00, 0x0F, 0x80, 0x00, 0xFF, 0xFF, 0xEF, 0xFF, 0xFE, 0xFF, 0xFF, 0xEF, 0xFF, 0xFE, 0x01, 0xF8,
    0x00, 0x3F, 0xC0, 0x03, 0xFC, 0x00, 0x79, 0xE0, 0x0F, 0x0F, 0x01, 0x00, 0x08, 0x00, 0x00, 0x00,
    0x00, 0x00, 0xFF, 0xFF, 0xEF, 0xFF, 0xFE, 0xFF, 0xFF, 0xEF, 0xFF, 0xFE, 0xFF, 0xFF, 0xEF, 0x80,
    0x00, 0xF8, 0x00, 0x0F, 0x80, 0x00, 0xF8, 0x00, 0x0F, 0x80, 0x00, 0xF8, 0x00, 0x0F, 0x80, 0x00,
    0xFF, 0xFF, 0xCF, 0xFF, 0xFC, 0xFF, 0xFF, 0xCF, 0xFF, 0xFC, 0xF8, 0x00, 0x0F, 0x80, 0x00, 0xF8,
    0x00, 0x0F, 0x80, 0x00, 0xF8, 0x00, 0x0F, 0x80, 0x00, 0xF8, 0x00, 0x0F, 0x80, 0x00, 0xFF, 0xFF,
    0xEF, 0xFF, 0xFE, 0xFF, 0xFF, 0xEF, 0xFF, 0xFE, 0x0F, 0x0F, 0x00, 0xF8, 0xF8, 0x0F, 0x8F, 0x80,
    0xF8, 0xF8, 0x07, 0x07, 0x00, 0x00, 0x00, 0x00, 0x00, 0x00, 0x00, 0x00, 0xFF, 0xFF, 0xEF, 0xFF,
    0xFE, 0xFF, 0xFF, 0xEF, 0xFF, 0xFE, 0xFF, 0xFF, 0xEF, 0x80, 0x00, 0xF8, 0x00, 0x0F, 0x80, 0x00,
    0xF8, 0x00, 0x0F, 0x80, 0x00, 0xF8, 0x00, 0x0F, 0x80, 0x00, 0xFF, 0xFF, 0xCF, 0xFF, 0xFC, 0xFF,
    0xFF, 0xCF, 0xFF, 0xFC, 0xF8, 0x00, 0x0F, 0x80, 0x00, 0xF8, 0x00, 0x0F, 0x80, 0x00, 0xF8, 0x00,
    0x0F, 0x80, 0x00, 0xF8, 0x00, 0x0F, 0x80, 0x00, 0xFF, 0xFF, 0xEF, 0xFF, 0xFE, 0xFF, 0xFF, 0xEF,
    0xFF, 0xFE, 0xF8, 0x3E, 0x0F, 0x03, 0xC1, 0xE0, 0x08, 0x00, 0x00, 0x1F, 0x0F, 0x87, 0xC3, 0xE1,
    0xF0, 0xF8, 0x7C, 0x3E, 0x1F, 0x0F, 0x87, 0xC3, 0xE1, 0xF0, 0xF8, 0x7C, 0x3E, 0x1F, 0x0F, 0x87,
    0xC3, 0xE1, 0xF0, 0xF8, 0x7C, 0x3E, 0x1F, 0x0F, 0x87, 0xC3, 0xE0, 0x0F, 0x8F, 0x07, 0x87, 0x83,
    0x82, 0x00, 0x00, 0x00, 0xF8, 0x7C, 0x3E, 0x1F, 0x0F, 0x87, 0xC3, 0xE1, 0xF0, 0xF8, 0x7C, 0x3E,
    0x1F, 0x0F, 0x87, 0xC3, 0xE1, 0xF0, 0xF8, 0x7C, 0x3E, 0x1F, 0x0F, 0x87, 0xC3, 0xE1, 0xF0, 0xF8,
    0x7C, 0x3E, 0x1F, 0x00, 0x0F, 0xC0, 0x7F, 0x81, 0xFE, 0x0F, 0x3C, 0x78, 0x7A, 0x00, 0x10, 0x00,
    0x00, 0x00, 0x0F, 0x80, 0x3E, 0x00, 0xF8, 0x03, 0xE0, 0x0F, 0x80, 0x3E, 0x00, 0xF8, 0x03, 0xE0,
    0x0F, 0x80, 0x3E, 0x00, 0xF8, 0x03, 0xE0, 0x0F, 0x80, 0x3E, 0x00, 0xF8, 0x03, 0xE0, 0x0F, 0x80,
    0x3E, 0x00, 0xF8, 0x03, 0xE0, 0x0F, 0x80, 0x3E, 0x00, 0xF8, 0x03, 0xE0, 0x0F, 0x80, 0x3E, 0x00,
    0xF8, 0x03, 0xE0, 0x78, 0x79, 0xF1, 0xF7, 0xC7, 0xDF, 0x1F, 0x38, 0x38, 0x00, 0x00, 0x00, 0x00,
    0x00, 0x0F, 0x80, 0x3E, 0x00, 0xF8, 0x03, 0xE0, 0x0F, 0x80, 0x3E, 0x00, 0xF8, 0x03, 0xE0, 0x0F,
    0x80, 0x3E, 0x00, 0xF8, 0x03, 0xE0, 0x0F, 0x80, 0x3E, 0x00, 0xF8, 0x03, 0xE0, 0x0F, 0x80, 0x3E,
    0x00, 0xF8, 0x03, 0xE0, 0x0F, 0x80, 0x3E, 0x00, 0xF8, 0x03, 0xE0, 0x0F, 0x80, 0x3E, 0x00, 0xF8,
    0x03, 0xE0, 0x1F, 0xFE, 0x00, 0x03, 0xFF, 0xFC, 0x00, 0x7F, 0xFF, 0xE0, 0x0F, 0xFF, 0xFE, 0x01,
    0xFF, 0xFF, 0xE0, 0x3E, 0x00, 0xFE, 0x07, 0xC0, 0x07, 0xE0, 0xF8, 0x00, 0x7C, 0x1F, 0x00, 0x0F,
    0x83, 0xE0, 0x00, 0xF8, 0x7C, 0x00, 0x1F, 0x0F, 0x80, 0x03, 0xEF, 0xFF, 0xE0, 0x7D, 0xFF, 0xFC,
    0x0F, 0xBF, 0xFF, 0x81, 0xF7, 0xFF, 0xF0, 0x3E, 0x1F, 0x00, 0x07, 0xC3, 0xE0, 0x00, 0xF8, 0x7C,
    0x00, 0x1F, 0x0F, 0x80, 0x07, 0xE1, 0xF0, 0x00, 0xF8, 0x3E, 0x00, 0x3F, 0x07, 0xC0, 0x0F, 0xC0,
    0xF8, 0x0F, 0xF0, 0x1F, 0xFF, 0xFE, 0x03, 0xFF, 0xFF, 0x00, 0x7F, 0xFF, 0xC0, 0x0F, 0xFF, 0xC0,
    0x00, 0x00, 0xF0, 0xC0, 0x01, 0xF9, 0xC0, 0x01, 0xFF, 0xC0, 0x03, 0x8F, 0x80, 0x03, 0x83, 0x00,
    0x00, 0x00, 0x00, 0x00, 0x00, 0x00, 0x00, 0x00, 0x00, 0xFC, 0x00, 0x1F, 0xFE, 0x00, 0x1F, 0xFE,
    0x00, 0x1F, 0xFF, 0x00, 0x1F, 0xFF, 0x80, 0x1F, 0xFF, 0x80, 0x1F, 0xFF, 0xC0, 0x1F, 0xFB, 0xC0,
    0x1F, 0xFB, 0xE0, 0x1F, 0xF9, 0xF0, 0x1F, 0xF9, 0xF0, 0x1F, 0xF8, 0xF8, 0x1F, 0xF8, 0xFC, 0x1F,
    0xF8, 0x7C, 0x1F, 0xF8, 0x3E, 0x1F, 0xF8, 0x3E, 0x1F, 0xF8, 0x1F, 0x1F, 0xF8, 0x1F, 0x9F, 0xF8,
    0x0F, 0x9F, 0xF8, 0x07, 0xDF, 0xF8, 0x07, 0xDF, 0xF8, 0x03, 0xFF, 0xF8, 0x01, 0xFF, 0xF8, 0x01,
    0xFF, 0xF8, 0x00, 0xFF, 0xF8, 0x00, 0xFF, 0xF8, 0x00, 0x7F, 0xF8, 0x00, 0x3F, 0x00, 0xF8, 0x00,
    0x00, 0x0F, 0x80, 0x00, 0x00, 0xF0, 0x00, 0x00, 0x0F, 0x00, 0x00, 0x01, 0xE0, 0x00, 0x00, 0x02,
    0x00, 0x00, 0x00, 0x00, 0x00, 0x00, 0x00, 0x00, 0x00, 0x3F, 0x80, 0x00, 0x3F, 0xFE, 0x00, 0x0F,
    0xFF, 0xE0, 0x03, 0xFF, 0xFE, 0x00, 0xFF, 0x1F, 0xE0, 0x3F, 0x00, 0xFE, 0x0F, 0xC0, 0x07, 0xC1,
    0xF0, 0x00, 0xFC, 0x7E, 0x00, 0x0F, 0x8F, 0x80, 0x01, 0xF9, 0xF0, 0x00, 0x1F, 0x3E, 0x00, 0x03,
    0xE7, 0xC0, 0x00, 0x7C, 0xF8, 0x00, 0x0F, 0x9F, 0x00, 0x01, 0xF3, 0xE0, 0x00, 0x3E, 0x7C, 0x00,
    0x07, 0xCF, 0x80, 0x00, 0xF9, 0xF0, 0x00, 0x1F, 0x3F, 0x00, 0x07, 0xC3, 0xE0, 0x00, 0xF8, 0x7E,
    0x00, 0x3F, 0x07, 0xE0, 0x0F, 0xC0, 0xFF, 0x07, 0xF0, 0x0F, 0xFF, 0xFE, 0x00, 0xFF, 0xFF, 0x80,
    0x07, 0xFF, 0xC0, 0x00, 0x3F, 0xE0, 0x00, 0x00, 0x00, 0x00, 0x00, 0x03, 0xE0, 0x00, 0x00, 0xF0,
    0x00, 0x00, 0x1E, 0x00, 0x00, 0x07, 0x80, 0x00, 0x00, 0xE0, 0x00, 0x00, 0x20, 0x00, 0x00, 0x00,
    0x00, 0x00, 0x00, 0x00, 0x00, 0x00, 0x3F, 0x80, 0x00, 0x3F, 0xFE, 0x00, 0x0F, 0xFF, 0xE0, 0x03,
    0xFF, 0xFE, 0x00, 0xFF, 0x1F, 0xE0, 0x3F, 0x00, 0xFE, 0x0F, 0xC0, 0x07, 0xC1, 0xF0, 0x00, 0xFC,
    0x7E, 0x00, 0x0F, 0x8F, 0x80, 0x01, 0xF9, 0xF0, 0x00, 0x1F, 0x3E, 0x00, 0x03, 0xE7, 0xC0, 0x00,
    0x7C, 0xF8, 0x00, 0x0F, 0x9F, 0x00, 0x01, 0xF3, 0xE0, 0x00, 0x3E, 0x7C, 0x00, 0x07, 0xCF, 0x80,
    0x00, 0xF9, 0xF0, 0x00, 0x1F, 0x3F, 0x00, 0x07, 0xC3, 0xE0, 0x00, 0xF8, 0x7E, 0x00, 0x3F, 0x07,
    0xE0, 0x0F, 0xC0, 0xFF, 0x07, 0xF0, 0x0F, 0xFF, 0xFE, 0x00, 0xFF, 0xFF, 0x80, 0x07, 0xFF, 0xC0,
    0x00, 0x3F, 0xE0, 0x00, 0x00, 0x00, 0x00, 0x00, 0x3F, 0x00, 0x00, 0x0F, 0xF0, 0x00, 0x01, 0xFE,
    0x00, 0x00, 0x79, 0xE0, 0x00, 0x1E, 0x1E, 0x00, 0x04, 0x00, 0x20, 0x00, 0x00, 0x00, 0x00, 0x00,
    0x00, 0x00, 0x00, 0x3F, 0x80, 0x00, 0x3F, 0xFE, 0x00, 0x0F, 0xFF, 0xE0, 0x03, 0xFF, 0xFE, 0x00,
    0xFF, 0x1F, 0xE0, 0x3F, 0x00, 0xFE, 0x0F, 0xC0, 0x07, 0xC1, 0xF0, 0x00, 0xFC, 0x7E, 0x00, 0x0F,
    0x8F, 0x80, 0x01, 0xF9, 0xF0, 0x00, 0x1F, 0x3E, 0x00, 0x03, 0xE7, 0xC0, 0x00, 0x7C, 0xF8, 0x00,
    0x0F, 0x9F, 0x00, 0x01, 0xF3, 0xE0, 0x00, 0x3E, 0x7C, 0x00, 0x07, 0xCF, 0x80, 0x00, 0xF9, 0xF0,
    0x00, 0x1F, 0x3F, 0x00, 0x07, 0xC3, 0xE0, 0x00, 0xF8, 0x7E, 0x00, 0x3F, 0x07, 0xE0, 0x0F, 0xC0,
    0xFF, 0x07, 0xF0, 0x0F, 0xFF, 0xFE, 0x00, 0xFF, 0xFF, 0x80, 0x07, 0xFF, 0xC0, 0x00, 0x3F, 0xE0,
    0x00, 0x00, 0x00, 0x00, 0x00, 0x78, 0x60, 0x00, 0x1F, 0x9C, 0x00, 0x03, 0xFF, 0x80, 0x00, 0xE3,
    0xE0, 0x00, 0x1C, 0x18, 0x00, 0x00, 0x00, 0x00, 0x00, 0x00, 0x00, 0x00, 0x00, 0x00, 0x00, 0x00,
    0x3F, 0x80, 0x00, 0x3F, 0xFE, 0x00, 0x0F, 0xFF, 0xE0, 0x03, 0xFF, 0xFE, 0x00, 0xFF, 0x1F, 0xE0,
    0x3F, 0x00, 0xFE, 0x0F, 0xC0, 0x07, 0xC1, 0xF0, 0x00, 0xFC, 0x7E, 0x00, 0x0F, 0x8F, 0x80, 0x01,
    0xF9, 0xF0, 0x00, 0x1F, 0x3E, 0x00, 0x03, 0xE7, 0xC0, 0x00, 0x7C, 0xF8, 0x00, 0x0F, 0x9F, 0x00,
    0x01, 0xF3, 0xE0, 0x00, 0x3E, 0x7C, 0x00, 0x07, 0xCF, 0x80, 0x00, 0xF9, 0xF0, 0x00, 0x1F, 0x3F,
    0x00, 0x07, 0xC3, 0xE0, 0x00, 0xF8, 0x7E, 0x00, 0x3F, 0x07, 0xE0, 0x0F, 0xC0, 0xFF, 0x07, 0xF0,
    0x0F, 0xFF, 0xFE, 0x00, 0xFF, 0xFF, 0x80, 0x07, 0xFF, 0xC0, 0x00, 0x3F, 0xE0, 0x00, 0x00, 0x00,
    0x00, 0x01, 0xE1, 0xE0, 0x00, 0x3E, 0x3E, 0x00, 0x07, 0xC7, 0xC0, 0x00, 0xF8, 0xF8, 0x00, 0x0E,
    0x0E, 0x00, 0x00, 0x00, 0x00, 0x00, 0x00, 0x00, 0x00, 0x00, 0x00, 0x00, 0x00, 0x3F, 0x80, 0x00,
    0x3F, 0xFE, 0x00, 0x0F, 0xFF, 0xE0, 0x03, 0xFF, 0xFE, 0x00, 0xFF, 0x1F, 0xE0, 0x3F, 0x00, 0xFE,
    0x0F, 0xC0, 0x07, 0xC1, 0xF0, 0x00, 0xFC, 0x7E, 0x00, 0x0F, 0x8F, 0x80, 0x01, 0xF9, 0xF0, 0x00,
    0x1F, 0x3E, 0x00, 0x03, 0xE7, 0xC0, 0x00, 0x7C, 0xF8, 0x00, 0x0F, 0x9F, 0x00, 0x01, 0xF3, 0xE0,
    0x00, 0x3E, 0x7C, 0x00, 0x07, 0xCF, 0x80, 0x00, 0xF9, 0xF0, 0x00, 0x1F, 0x3F, 0x00, 0x07, 0xC3,
    0xE0, 0x00, 0xF8, 0x7E, 0x00, 0x3F, 0x07, 0xE0, 0x0F, 0xC0, 0xFF, 0x07, 0xF0, 0x0F, 0xFF, 0xFE,
    0x00, 0xFF, 0xFF, 0x80, 0x07, 0xFF, 0xC0, 0x00, 0x3F, 0xE0, 0x00, 0x00, 0x00, 0x00, 0x00, 0x00,
    0x06, 0x00, 0x31, 0xE0, 0x0F, 0x7E, 0x03, 0xF7, 0xE0, 0xFC, 0x7E, 0x3F, 0x07, 0xEF, 0xC0, 0x7F,
    0xF0, 0x07, 0xFC, 0x00, 0x7F, 0x00, 0x0F, 0xE0, 0x03, 0xFE, 0x00, 0xFF, 0xE0, 0x3F, 0x7E, 0x0F,
    0xC7, 0xE3, 0xF0, 0x7E, 0xFC, 0x07, 0xEF, 0x00, 0x78, 0xC0, 0x06, 0x00, 0x00, 0x00, 0x00, 0x00,
    0x02, 0x00, 0x07, 0xF0, 0xE0, 0x07, 0xFF, 0xDE, 0x01, 0xFF, 0xFF, 0x80, 0x7F, 0xFF, 0xF0, 0x1F,
    0xE3, 0xFC, 0x07, 0xE0, 0x1F, 0xC1, 0xF8, 0x03, 0xF8, 0x3E, 0x00, 0xFF, 0x8F, 0xC0, 0x3F, 0xF1,
    0xF0, 0x0F, 0xBF, 0x3E, 0x01, 0xE3, 0xE7, 0xC0, 0x78, 0x7C, 0xF8, 0x1F, 0x0F, 0x9F, 0x07, 0xC1,
    0xF3, 0xE1, 0xF0, 0x3E, 0x7C, 0x3C, 0x07, 0xCF, 0x8F, 0x00, 0xF9, 0xF3, 0xE0, 0x1F, 0x3E, 0xF8,
    0x03, 0xE7, 0xFE, 0x00, 0xF8, 0x7F, 0x80, 0x1F, 0x0F, 0xE0, 0x07, 0xE0, 0xFC, 0x01, 0xF8, 0x1F,
    0xE0, 0xFE, 0x03, 0xFF, 0xFF, 0xC0, 0xFF, 0xFF, 0xF0, 0x3E, 0xFF, 0xF8, 0x07, 0x87, 0xFC, 0x00,
    0x20, 0x00, 0x00, 0x00, 0x00, 0x00, 0x00, 0x03, 0xE0, 0x00, 0x03, 0xE0, 0x00, 0x03, 0xC0, 0x00,
    0x03, 0xC0, 0x00, 0x07, 0x80, 0x00, 0x00, 0x80, 0x00, 0x00, 0x00, 0x00, 0x00, 0x00, 0xF8, 0x00,
    0x3F, 0xF0, 0x00, 0x7F, 0xE0, 0x00, 0xFF, 0xC0, 0x01, 0xFF, 0x80, 0x03, 0xFF, 0x00, 0x07, 0xFE,
    0x00, 0x0F, 0xFC, 0x00, 0x1F, 0xF8, 0x00, 0x3F, 0xF0, 0x00, 0x7F, 0xE0, 0x00, 0xFF, 0xC0, 0x01,
    0xFF, 0x80, 0x03, 0xFF, 0x00, 0x07, 0xFE, 0x00, 0x0F, 0xFC, 0x00, 0x1F, 0xF8, 0x00, 0x3F, 0xF0,
    0x00, 0x7F, 0xE0, 0x00, 0xFB, 0xE0, 0x01, 0xF7, 0xC0, 0x07, 0xEF, 0x80, 0x0F, 0x9F, 0x80, 0x3F,
    0x1F, 0xC1, 0xFE, 0x3F, 0xFF, 0xF8, 0x3F, 0xFF, 0xE0, 0x1F, 0xFF, 0x80, 0x0F, 0xFC, 0x00, 0x00,
    0x00, 0x00, 0x00, 0x07, 0xC0, 0x00, 0x1E, 0x00, 0x00, 0x3C, 0x00, 0x00, 0xF0, 0x00, 0x01, 0xC0,
    0x00, 0x04, 0x00, 0x00, 0x00, 0x00, 0x00, 0x00, 0x00, 0xF8, 0x00, 0x3F, 0xF0, 0x00, 0x7F, 0xE0,
    0x00, 0xFF, 0xC0, 0x01, 0xFF, 0x80, 0x03, 0xFF, 0x00, 0x07, 0xFE, 0x00, 0x0F, 0xFC, 0x00, 0x1F,
    0xF8, 0x00, 0x3F, 0xF0, 0x00, 0x7F, 0xE0, 0x00, 0xFF, 0xC0, 0x01, 0xFF, 0x80, 0x03, 0xFF, 0x00,
    0x07, 0xFE, 0x00, 0x0F, 0xFC, 0x00, 0x1F, 0xF8, 0x00, 0x3F, 0xF0, 0x00, 0x7F, 0xE0, 0x00, 0xFB,
    0xE0, 0x01, 0xF7, 0xC0, 0x07, 0xEF, 0x80, 0x0F, 0x9F, 0x80, 0x3F, 0x1F, 0xC1, 0xFE, 0x3F, 0xFF,
    0xF8, 0x3F, 0xFF, 0xE0, 0x1F, 0xFF, 0x80, 0x0F, 0xFC, 0x00, 0x00, 0x00, 0x00, 0x00, 0x7E, 0x00,
    0x01, 0xFE, 0x00, 0x03, 0xFC, 0x00, 0x0F, 0x3C, 0x00, 0x3C, 0x3C, 0x00, 0x80, 0x04, 0x00, 0x00,
    0x00, 0x00, 0x00, 0x00, 0xF8, 0x00, 0x3F, 0xF0, 0x00, 0x7F, 0xE0, 0x00, 0xFF, 0xC0, 0x01, 0xFF,
    0x80, 0x03, 0xFF, 0x00, 0x07, 0xFE, 0x00, 0x0F, 0xFC, 0x00, 0x1F, 0xF8, 0x00, 0x3F, 0xF0, 0x00,
    0x7F, 0xE0, 0x00, 0xFF, 0xC0, 0x01, 0xFF, 0x80, 0x03, 0xFF, 0x00, 0x07, 0xFE, 0x00, 0x0F, 0xFC,
    0x00, 0x1F, 0xF8, 0x00, 0x3F, 0xF0, 0x00, 0x7F, 0xE0, 0x00, 0xFB, 0xE0, 0x01, 0xF7, 0xC0, 0x07,
    0xEF, 0x80, 0x0F, 0x9F, 0x80, 0x3F, 0x1F, 0xC1, 0xFE, 0x3F, 0xFF, 0xF8, 0x3F, 0xFF, 0xE0, 0x1F,
    0xFF, 0x80, 0x0F, 0xFC, 0x00, 0x00, 0x00, 0x00, 0x07, 0x87, 0x80, 0x0F, 0x8F, 0x80, 0x1F, 0x1F,
    0x00, 0x3E, 0x3E, 0x00, 0x38, 0x38, 0x00, 0x00, 0x00, 0x00, 0x00, 0x00, 0x00, 0x00, 0x00, 0xF8,
    0x00, 0x3F, 0xF0, 0x00, 0x7F, 0xE0, 0x00, 0xFF, 0xC0, 0x01, 0xFF, 0x80, 0x03, 0xFF, 0x00, 0x07,
    0xFE, 0x00, 0x0F, 0xFC, 0x00, 0x1F, 0xF8, 0x00, 0x3F, 0xF0, 0x00, 0x7F, 0xE0, 0x00, 0xFF, 0xC0,
    0x01, 0xFF, 0x80, 0x03, 0xFF, 0x00, 0x07, 0xFE, 0x00, 0x0F, 0xFC, 0x00, 0x1F, 0xF8, 0x00, 0x3F,
    0xF0, 0x00, 0x7F, 0xE0, 0x00, 0xFB, 0xE0, 0x01, 0xF7, 0xC0, 0x07, 0xEF, 0x80, 0x0F, 0x9F, 0x80,
    0x3F, 0x1F, 0xC1, 0xFE, 0x3F, 0xFF, 0xF8, 0x3F, 0xFF, 0xE0, 0x1F, 0xFF, 0x80, 0x0F, 0xFC, 0x00,
    0x00, 0x00, 0x00, 0x00, 0x03, 0xE0, 0x00, 0x01, 0xE0, 0x00, 0x00, 0x78, 0x00, 0x00, 0x3C, 0x00,
    0x00, 0x0E, 0x00, 0x00, 0x04, 0x00, 0x00, 0x00, 0x00, 0x00, 0x00, 0x00, 0x00, 0x7C, 0x00, 0x0F,
    0xDF, 0x80, 0x07, 0xE3, 0xE0, 0x01, 0xF0, 0xFC, 0x00, 0xFC, 0x1F, 0x80, 0x3E, 0x03, 0xE0, 0x1F,
    0x80, 0xFC, 0x07, 0xC0, 0x1F, 0x03, 0xE0, 0x07, 0xE1, 0xF8, 0x00, 0xFC, 0x7C, 0x00, 0x1F, 0x3F,
    0x00, 0x07, 0xEF, 0x80, 0x00, 0xFF, 0xE0, 0x00, 0x3F, 0xF0, 0x00, 0x07, 0xF8, 0x00, 0x00, 0xFE,
    0x00, 0x00, 0x3F, 0x00, 0x00, 0x07, 0xC0, 0x00, 0x01, 0xF0, 0x00, 0x00, 0x7C, 0x00, 0x00, 0x1F,
    0x00, 0x00, 0x07, 0xC0, 0x00, 0x01, 0xF0, 0x00, 0x00, 0x7C, 0x00, 0x00, 0x1F, 0x00, 0x00, 0x07,
    0xC0, 0x00, 0x01, 0xF0, 0x00, 0x00, 0x7C, 0x00, 0xF8, 0x00, 0x0F, 0x80, 0x00, 0xF8, 0x00, 0x0F,
    0x80, 0x00, 0xF8, 0x00, 0x0F, 0x80, 0x00, 0xFF, 0xFE, 0x0F, 0xFF, 0xF0, 0xFF, 0xFF, 0xCF, 0xFF,
    0xFC, 0xF8, 0x07, 0xEF, 0x80, 0x3E, 0xF8, 0x01, 0xFF, 0x80, 0x1F, 0xF8, 0x01, 0xFF, 0x80, 0x1F,
    0xF8, 0x03, 0xEF, 0x80, 0x7E, 0xFF, 0xFF, 0xCF, 0xFF, 0xF8, 0xFF, 0xFF, 0x0F, 0xFF, 0xC0, 0xF8,
    0x00, 0x0F, 0x80, 0x00, 0xF8, 0x00, 0x0F, 0x80, 0x00, 0xF8, 0x00, 0x0F, 0x80, 0x00, 0x00, 0x00,
    0x00, 0x1F, 0xC0, 0x03, 0xFF, 0x80, 0x7F, 0xFF, 0x03, 0xFF, 0xF8, 0x3F, 0x87, 0xE1, 0xF0, 0x1F,
    0x0F, 0x80, 0xFC, 0x78, 0x03, 0xE7, 0xC0, 0x1F, 0x3E, 0x01, 0xF1, 0xF0, 0x0F, 0x8F, 0x80, 0xF8,
    0x7C, 0x3F, 0x83, 0xE1, 0xF0, 0x1F, 0x0F, 0xF0, 0xF8, 0x7F, 0xE7, 0xC0, 0x3F, 0x3E, 0x00, 0x7D,
    0xF0, 0x03, 0xEF, 0x80, 0x0F, 0x7C, 0x00, 0x7B, 0xE0, 0x07, 0xDF, 0x00, 0x3E, 0xF8, 0x07, 0xF7,
    0xC7, 0xFF, 0x3E, 0x3F, 0xF1, 0xF1, 0xFF, 0x0F, 0x8F, 0xE0, 0x00, 0x00, 0x00, 0x03, 0xE0, 0x00,
    0x7C, 0x00, 0x0F, 0x00, 0x01, 0xE0, 0x00, 0x78, 0x00, 0x01, 0x00, 0x00, 0x00, 0x00, 0x00, 0x01,
    0xFF, 0x01, 0xFF, 0xF0, 0xFF, 0xFE, 0x3F, 0x1F, 0x9F, 0x01, 0xF7, 0xC0, 0x7C, 0x00, 0x1F, 0x00,
    0x0F, 0xC0, 0xFF, 0xF1, 0xFF, 0xFC, 0xFF, 0xFF, 0x7F, 0x07, 0xDF, 0x01, 0xFF, 0x80, 0x7F, 0xE0,
    0x1F, 0xF8, 0x0F, 0xDF, 0x8F, 0xF7, 0xFF, 0xFC, 0xFF, 0xDF, 0x1F, 0xE7, 0xC0, 0x00, 0x00, 0x00,
    0x00, 0x00, 0x0F, 0x80, 0x07, 0x80, 0x01, 0xE0, 0x00, 0xF0, 0x00, 0x38, 0x00, 0x10, 0x00, 0x00,
    0x00, 0x00, 0x00, 0x01, 0xFF, 0x01, 0xFF, 0xF0, 0xFF, 0xFE, 0x3F, 0x1F, 0x9F, 0x01, 0xF7, 0xC0,
    0x7C, 0x00, 0x1F, 0x00, 0x0F, 0xC0, 0xFF, 0xF1, 0xFF, 0xFC, 0xFF, 0xFF, 0x7F, 0x07, 0xDF, 0x01,
    0xFF, 0x80, 0x7F, 0xE0, 0x1F, 0xF8, 0x0F, 0xDF, 0x8F, 0xF7, 0xFF, 0xFC, 0xFF, 0xDF, 0x1F, 0xE7,
    0xC0, 0x00, 0x00, 0x00, 0x00, 0x00, 0xFC, 0x00, 0x7F, 0x80, 0x1F, 0xE0, 0x0F, 0x3C, 0x07, 0x87,
    0x82, 0x00, 0x10, 0x00, 0x00, 0x00, 0x00, 0x01, 0xFF, 0x01, 0xFF, 0xF0, 0xFF, 0xFE, 0x3F, 0x1F,
    0x9F, 0x01, 0xF7, 0xC0, 0x7C, 0x00, 0x1F, 0x00, 0x0F, 0xC0, 0xFF, 0xF1, 0xFF, 0xFC, 0xFF, 0xFF,
    0x7F, 0x07, 0xDF, 0x01, 0xFF, 0x80, 0x7F, 0xE0, 0x1F, 0xF8, 0x0F, 0xDF, 0x8F, 0xF7, 0xFF, 0xFC,
    0xFF, 0xDF, 0x1F, 0xE7, 0xC0, 0x00, 0x00, 0x07, 0x86, 0x03, 0xF3, 0x80, 0xFF, 0xE0, 0x71, 0xF0,
    0x1C, 0x18, 0x00, 0x00, 0x00, 0x00, 0x00, 0x00, 0x00, 0x07, 0xFC, 0x07, 0xFF, 0xC3, 0xFF, 0xF8,
    0xFC, 0x7E, 0x7C, 0x07, 0xDF, 0x01, 0xF0, 0x00, 0x7C, 0x00, 0x3F, 0x03, 0xFF, 0xC7, 0xFF, 0xF3,
    0xFF, 0xFD, 0xFC, 0x1F, 0x7C, 0x07, 0xFE, 0x01, 0xFF, 0x80, 0x7F, 0xE0, 0x3F, 0x7E, 0x3F, 0xDF,
    0xFF, 0xF3, 0xFF, 0x7C, 0x7F, 0x9F, 0x00, 0x00, 0x00, 0x00, 0x00, 0x07, 0x87, 0x81, 0xF1, 0xF0,
    0x7C, 0x7C, 0x1F, 0x1F, 0x03, 0x83, 0x80, 0x00, 0x00, 0x00, 0x00, 0x00, 0x00, 0x01, 0xFF, 0x01,
    0xFF, 0xF0, 0xFF, 0xFE, 0x3F, 0x1F, 0x9F, 0x01, 0xF7, 0xC0, 0x7C, 0x00, 0x1F, 0x00, 0x0F, 0xC0,
    0xFF, 0xF1, 0xFF, 0xFC, 0xFF, 0xFF, 0x7F, 0x07, 0xDF, 0x01, 0xFF, 0x80, 0x7F, 0xE0, 0x1F, 0xF8,
    0x0F, 0xDF, 0x8F, 0xF7, 0xFF, 0xFC, 0xFF, 0xDF, 0x1F, 0xE7, 0xC0, 0x00, 0x00, 0x00, 0xE0, 0x00,
    0xFE, 0x00, 0x7F, 0xC0, 0x1C, 0x70, 0x06, 0x1C, 0x01, 0x87, 0x00, 0x71, 0xC0, 0x0F, 0xE0, 0x01,
    0xF0, 0x00, 0x00, 0x00, 0x00, 0x00, 0x1F, 0xF0, 0x1F, 0xFF, 0x0F, 0xFF, 0xE3, 0xF1, 0xF9, 0xF0,
    0x1F, 0x7C, 0x07, 0xC0, 0x01, 0xF0, 0x00, 0xFC, 0x0F, 0xFF, 0x1F, 0xFF, 0xCF, 0xFF, 0xF7, 0xF0,
    0x7D, 0xF0, 0x1F, 0xF8, 0x07, 0xFE, 0x01, 0xFF, 0x80, 0xFD, 0xF8, 0xFF, 0x7F, 0xFF, 0xCF, 0xFD,
    0xF1, 0xFE, 0x7C, 0x00, 0x00, 0x00, 0x00, 0x00, 0x00, 0x07, 0xFC, 0x3F, 0xE0, 0x1F, 0xFE, 0x7F,
    0xF0, 0x3F, 0xFF, 0xFF, 0xF8, 0x3F, 0x1F, 0xF8, 0xFC, 0x7C, 0x07, 0xE0, 0x3E, 0x7C, 0x07, 0xC0,
    0x3E, 0x00, 0x07, 0xC0, 0x1E, 0x00, 0x07, 0xC0, 0x1F, 0x03, 0xFF, 0xFF, 0xFF, 0x1F, 0xFF, 0xFF,
    0xFF, 0x3F, 0xFF, 0xFF, 0xFF, 0x7E, 0x07, 0x80, 0x00, 0x7C, 0x07, 0xC0, 0x00, 0xF8, 0x07, 0xC0,
    0x00, 0xF8, 0x07, 0xC0, 0x1E, 0xF8, 0x0F, 0xE0, 0x3E, 0x7E, 0x3F, 0xF8, 0xFE, 0x7F, 0xFE, 0xFF,
    0xFC, 0x3F, 0xFC, 0x7F, 0xF8, 0x0F, 0xF0, 0x3F, 0xE0, 0x00, 0x00, 0x00, 0x00, 0x00, 0x00, 0x00,
    0x3F, 0xE0, 0x0F, 0xFF, 0x01, 0xFF, 0xF8, 0x3F, 0x9F, 0xC3, 0xE0, 0x7C, 0x7C, 0x03, 0xE7, 0xC0,
    0x3E, 0x7C, 0x00, 0x0F, 0x80, 0x00, 0xF8, 0x00, 0x0F, 0x80, 0x00, 0xF8, 0x00, 0x07, 0xC0, 0x00,
    0x7C, 0x03, 0xE7, 0xC0, 0x3E, 0x3E, 0x07, 0xC3, 0xFD, 0xFC, 0x1F, 0xFF, 0x80, 0xFF, 0xF0, 0x03,
    0xFC, 0x00, 0x06, 0x00, 0x00, 0x60, 0x00, 0x0F, 0xC0, 0x00, 0x1C, 0x00, 0x00, 0xE0, 0x00, 0x1C,
    0x00, 0x0F, 0xC0, 0x00, 0xF0, 0x00, 0x00, 0x00, 0x00, 0xF8, 0x00, 0x07, 0xC0, 0x00, 0x3C, 0x00,
    0x01, 0xE0, 0x00, 0x1E, 0x00, 0x00, 0x10, 0x00, 0x00, 0x00, 0x00, 0x00, 0x00, 0x3F, 0xC0, 0x0F,
    0xFF, 0x01, 0xFF, 0xF8, 0x3F, 0x1F, 0xC3, 0xE0, 0x7C, 0x7C, 0x03, 0xE7, 0x80, 0x3E, 0x78, 0x01,
    0xEF, 0xFF, 0xFE, 0xFF, 0xFF, 0xEF, 0xFF, 0xFE, 0xF8, 0x00, 0x07, 0x80, 0x00, 0x7C, 0x00, 0x07,
    0xC0, 0x3E, 0x3E, 0x03, 0xE3, 0xF8, 0xFC, 0x1F, 0xFF, 0x80, 0xFF, 0xF0, 0x03, 0xFE, 0x00, 0x00,
    0x00, 0x00, 0x00, 0x00, 0x01, 0xF0, 0x00, 0x3C, 0x00, 0x03, 0xC0, 0x00, 0x78, 0x00, 0x07, 0x00,
    0x00, 0x80, 0x00, 0x00, 0x00, 0x00, 0x00, 0x00, 0x3F, 0xC0, 0x0F, 0xFF, 0x01, 0xFF, 0xF8, 0x3F,
    0x1F, 0xC3, 0xE0, 0x7C, 0x7C, 0x03, 0xE7, 0x80, 0x3E, 0x78, 0x01, 0xEF, 0xFF, 0xFE, 0xFF, 0xFF,
    0xEF, 0xFF, 0xFE, 0xF8, 0x00, 0x07, 0x80, 0x00, 0x7C, 0x00, 0x07, 0xC0, 0x3E, 0x3E, 0x03, 0xE3,
    0xF8, 0xFC, 0x1F, 0xFF, 0x80, 0xFF, 0xF0, 0x03, 0xFE, 0x00, 0x00, 0x00, 0x00, 0x00, 0x00, 0x1F,
    0x80, 0x03, 0xFC, 0x00, 0x3F, 0xC0, 0x07, 0x9E, 0x00, 0xF0, 0xF0, 0x10, 0x00, 0x80, 0x00, 0x00,
    0x00, 0x00, 0x00, 0x3F, 0xC0, 0x0F, 0xFF, 0x01, 0xFF, 0xF8, 0x3F, 0x1F, 0xC3, 0xE0, 0x7C, 0x7C,
    0x03, 0xE7, 0x80, 0x3E, 0x78, 0x01, 0xEF, 0xFF, 0xFE, 0xFF, 0xFF, 0xEF, 0xFF, 0xFE, 0xF8, 0x00,
    0x07, 0x80, 0x00, 0x7C, 0x00, 0x07, 0xC0, 0x3E, 0x3E, 0x03, 0xE3, 0xF8, 0xFC, 0x1F, 0xFF, 0x80,
    0xFF, 0xF0, 0x03, 0xFE, 0x00, 0x00, 0x00, 0x00, 0x00, 0x00, 0xF0, 0xF0, 0x0F, 0x8F, 0x80, 0xF8,
    0xF8, 0x0F, 0x8F, 0x80, 0x70, 0x70, 0x00, 0x00, 0x00, 0x00, 0x00, 0x00, 0x00, 0x00, 0x3F, 0xC0,
    0x0F, 0xFF, 0x01, 0xFF, 0xF8, 0x3F, 0x1F, 0xC3, 0xE0, 0x7C, 0x7C, 0x03, 0xE7, 0x80, 0x3E, 0x78,
    0x01, 0xEF, 0xFF, 0xFE, 0xFF, 0xFF, 0xEF, 0xFF, 0xFE, 0xF8, 0x00, 0x07, 0x80, 0x00, 0x7C, 0x00,
    0x07, 0xC0, 0x3E, 0x3E, 0x03, 0xE3, 0xF8, 0xFC, 0x1F, 0xFF, 0x80, 0xFF, 0xF0, 0x03, 0xFE, 0x00,
    0x00, 0x00, 0x00, 0x1F, 0x03, 0xE0, 0x78, 0x0F, 0x03, 0xC0, 0x08, 0x00, 0x00, 0x03, 0xE0, 0xF8,
    0x3E, 0x0F, 0x83, 0xE0, 0xF8, 0x3E, 0x0F, 0x83, 0xE0, 0xF8, 0x3E, 0x0F, 0x83, 0xE0, 0xF8, 0x3E,
    0x0F, 0x83, 0xE0, 0xF8, 0x3E, 0x0F, 0x80, 0x00, 0x07, 0xC7, 0x83, 0xC3, 0xC1, 0xC1, 0x00, 0x00,
    0x00, 0x7C, 0x3E, 0x1F, 0x0F, 0x87, 0xC3, 0xE1, 0xF0, 0xF8, 0x7C, 0x3E, 0x1F, 0x0F, 0x87, 0xC3,
    0xE1, 0xF0, 0xF8, 0x7C, 0x3E, 0x1F, 0x0F, 0x80, 0x00, 0x00, 0x0F, 0xC0, 0x3F, 0xC0, 0x7F, 0x81,
    0xE7, 0x87, 0x87, 0x90, 0x00, 0x80, 0x00, 0x00, 0x00, 0x0F, 0x80, 0x1F, 0x00, 0x3E, 0x00, 0x7C,
    0x00, 0xF8, 0x01, 0xF0, 0x03, 0xE0, 0x07, 0xC0, 0x0F, 0x80, 0x1F, 0x00, 0x3E, 0x00, 0x7C, 0x00,
    0xF8, 0x01, 0xF0, 0x03, 0xE0, 0x07, 0xC0, 0x0F, 0x80, 0x1F, 0x00, 0x3E, 0x00, 0x7C, 0x00, 0x00,
    0x00, 0xF0, 0xF1, 0xF1, 0xF3, 0xE3, 0xE7, 0xC7, 0xC7, 0x07, 0x00, 0x00, 0x00, 0x00, 0x00, 0x00,
    0x0F, 0x80, 0x1F, 0x00, 0x3E, 0x00, 0x7C, 0x00, 0xF8, 0x01, 0xF0, 0x03, 0xE0, 0x07, 0xC0, 0x0F,
    0x80, 0x1F, 0x00, 0x3E, 0x00, 0x7C, 0x00, 0xF8, 0x01, 0xF0, 0x03, 0xE0, 0x07, 0xC0, 0x0F, 0x80,
    0x1F, 0x00, 0x3E, 0x00, 0x7C, 0x00, 0x00, 0x00, 0x00, 0x60, 0x10, 0x0F, 0x83, 0x00, 0xFC, 0xF0,
    0x03, 0xFE, 0x80, 0x1F, 0x80, 0x03, 0xFC, 0x00, 0xFB, 0xE0, 0x0E, 0x1F, 0x00, 0x80, 0xF8, 0x00,
    0x07, 0x80, 0x7F, 0x3C, 0x0F, 0xFB, 0xC1, 0xFF, 0xDE, 0x3F, 0x0F, 0xE7, 0xE0, 0x7E, 0x7C, 0x03,
    0xE7, 0x80, 0x1E, 0x78, 0x01, 0xFF, 0x80, 0x1F, 0xF8, 0x01, 0xFF, 0x80, 0x1E, 0x78, 0x01, 0xE7,
    0xC0, 0x1E, 0x7C, 0x03, 0xE7, 0xE0, 0x7C, 0x3F, 0x9F, 0xC1, 0xFF, 0xF8, 0x0F, 0xFF, 0x00, 0x3F,
    0xC0, 0x00, 0x00, 0x00, 0x07, 0x86, 0x01, 0xF9, 0xC0, 0x3F, 0xF8, 0x0E, 0x3E, 0x01, 0xC1, 0x80,
    0x00, 0x00, 0x00, 0x00, 0x00, 0x00, 0x00, 0xF9, 0xFE, 0x1F, 0x7F, 0xE3, 0xFF, 0xFE, 0x7F, 0xFF,
    0xCF, 0xE0, 0xFD, 0xF8, 0x0F, 0xBE, 0x01, 0xF7, 0xC0, 0x3E, 0xF8, 0x07, 0xDF, 0x00, 0xFB, 0xE0,
    0x1F, 0x7C, 0x03, 0xEF, 0x80, 0x7D, 0xF0, 0x0F, 0xBE, 0x01, 0xF7, 0xC0, 0x3E, 0xF8, 0x07, 0xDF,
    0x00, 0xFB, 0xE0, 0x1F, 0x7C, 0x03, 0xE0, 0x00, 0x00, 0x00, 0xF8, 0x00, 0x07, 0xC0, 0x00, 0x3C,
    0x00, 0x01, 0xE0, 0x00, 0x1E, 0x00, 0x00, 0x10, 0x00, 0x00, 0x00, 0x00, 0x00, 0x00, 0x3F, 0xE0,
    0x0F, 0xFF, 0x01, 0xFF, 0xF8, 0x3F, 0x9F, 0xC3, 0xE0, 0x7E, 0x7C, 0x03, 0xE7, 0xC0, 0x1E, 0x7C,
    0x01, 0xFF, 0x80, 0x1F, 0xF8, 0x01, 0xFF, 0x80, 0x1F, 0xF8, 0x01, 0xF7, 0xC0, 0x1F, 0x7C, 0x03,
    0xE7, 0xC0, 0x3E, 0x3E, 0x07, 0xE3, 0xFF, 0xFC, 0x1F, 0xFF, 0x80, 0xFF, 0xF0, 0x03, 0xFE, 0x00,
    0x00, 0x00, 0x00, 0x00, 0x00, 0x01, 0xF0, 0x00, 0x3C, 0x00, 0x03, 0xC0, 0x00, 0x78, 0x00, 0x07,
    0x00, 0x00, 0x80, 0x00, 0x00, 0x00, 0x00, 0x00, 0x00, 0x3F, 0xE0, 0x0F, 0xFF, 0x01, 0xFF, 0xF8,
    0x3F, 0x9F, 0xC3, 0xE0, 0x7E, 0x7C, 0x03, 0xE7, 0xC0, 0x1E, 0x7C, 0x01, 0xFF, 0x80, 0x1F, 0xF8,
    0x01, 0xFF, 0x80, 0x1F, 0xF8, 0x01, 0xF7, 0xC0, 0x1F, 0x7C, 0x03, 0xE7, 0xC0, 0x3E, 0x3E, 0x07,
    0xE3, 0xFF, 0xFC, 0x1F, 0xFF, 0x80, 0xFF, 0xF0, 0x03, 0xFE, 0x00, 0x00, 0x00, 0x00, 0x00, 0x00,
    0x1F, 0x80, 0x03, 0xFC, 0x00, 0x3F, 0xC0, 0x07, 0x9E, 0x00, 0xF0, 0xF0, 0x10, 0x00, 0x80, 0x00,
    0x00, 0x00, 0x00, 0x00, 0x3F, 0xE0, 0x0F, 0xFF, 0x01, 0xFF, 0xF8, 0x3F, 0x9F, 0xC3, 0xE0, 0x7E,
    0x7C, 0x03, 0xE7, 0xC0, 0x1E, 0x7C, 0x01, 0xFF, 0x80, 0x1F, 0xF8, 0x01, 0xFF, 0x80, 0x1F, 0xF8,
    0x01, 0xF7, 0xC0, 0x1F, 0x7C, 0x03, 0xE7, 0xC0, 0x3E, 0x3E, 0x07, 0xE3, 0xFF, 0xFC, 0x1F, 0xFF,
    0x80, 0xFF, 0xF0, 0x03, 0xFE, 0x00, 0x00, 0x00, 0x03, 0xC3, 0x00, 0x7E, 0x70, 0x07, 0xFF, 0x00,
    0xE3, 0xE0, 0x0E, 0x0C, 0x00, 0x00, 0x00, 0x00, 0x00, 0x00, 0x00, 0x00, 0x03, 0xFE, 0x00, 0xFF,
    0xF0, 0x1F, 0xFF, 0x83, 0xF9, 0xFC, 0x3E, 0x07, 0xE7, 0xC0, 0x3E, 0x7C, 0x01, 0xE7, 0xC0, 0x1F,
    0xF8, 0x01, 0xFF, 0x80, 0x1F, 0xF8, 0x01, 0xFF, 0x80, 0x1F, 0x7C, 0x01, 0xF7, 0xC0, 0x3E, 0x7C,
    0x03, 0xE3, 0xE0, 0x7E, 0x3F, 0xFF, 0xC1, 0xFF, 0xF8, 0x0F, 0xFF, 0x00, 0x3F, 0xE0, 0x00, 0x00,
    0x00, 0x00, 0x00, 0x00, 0xF0, 0xF0, 0x0F, 0x8F, 0x80, 0xF8, 0xF8, 0x0F, 0x8F, 0x80, 0x70, 0x70,
    0x00, 0x00, 0x00, 0x00, 0x00, 0x00, 0x00, 0x00, 0x3F, 0xE0, 0x0F, 0xFF, 0x01, 0xFF, 0xF8, 0x3F,
    0x9F, 0xC3, 0xE0, 0x7E, 0x7C, 0x03, 0xE7, 0xC0, 0x1E, 0x7C, 0x01, 0xFF, 0x80, 0x1F, 0xF8, 0x01,
    0xFF, 0x80, 0x1F, 0xF8, 0x01, 0xF7, 0xC0, 0x1F, 0x7C, 0x03, 0xE7, 0xC0, 0x3E, 0x3E, 0x07, 0xE3,
    0xFF, 0xFC, 0x1F, 0xFF, 0x80, 0xFF, 0xF0, 0x03, 0xFE, 0x00, 0x00, 0x00, 0x00, 0x00, 0x00, 0x1C,
    0x00, 0x07, 0xC0, 0x00, 0xF8, 0x00, 0x1F, 0x00, 0x03, 0xE0, 0x00, 0x10, 0x00, 0x00, 0x00, 0x00,
    0x00, 0x1F, 0xFF, 0xFF, 0xFF, 0xFF, 0xFF, 0xFF, 0xFF, 0xFF, 0xFE, 0x00, 0x00, 0x00, 0x00, 0x00,
    0x02, 0x00, 0x01, 0xF0, 0x00, 0x3E, 0x00, 0x07, 0xC0, 0x00, 0xF8, 0x00, 0x0E, 0x00, 0x00, 0x00,
    0x00, 0x00, 0x00, 0x20, 0x1F, 0xF3, 0x83, 0xFF, 0xF8, 0x3F, 0xFF, 0xC3, 0xF9, 0xFC, 0x1F, 0x03,
    0xF1, 0xF0, 0x3F, 0x8F, 0x83, 0xFC, 0x7C, 0x1D, 0xF7, 0xC1, 0xCF, 0xBE, 0x1C, 0x7D, 0xF1, 0xC3,
    0xEF, 0x9E, 0x1F, 0x3F, 0xE0, 0xF9, 0xFE, 0x0F, 0x8F, 0xE0, 0x7C, 0x3E, 0x07, 0xE1, 0xFF, 0xFE,
    0x0F, 0xFF, 0xE0, 0xFF, 0xFE, 0x0E, 0x3F, 0xE0, 0x10, 0x00, 0x00, 0x00, 0x00, 0x01, 0xF0, 0x00,
    0x1F, 0x00, 0x01, 0xE0, 0x00, 0x1E, 0x00, 0x03, 0xC0, 0x00, 0x04, 0x00, 0x00, 0x00, 0x00, 0x00,
    0x1F, 0x00, 0xFB, 0xE0, 0x1F, 0x7C, 0x03, 0xEF, 0x80, 0x7D, 0xF0, 0x0F, 0xBE, 0x01, 0xF7, 0xC0,
    0x3E, 0xF8, 0x07, 0xDF, 0x00, 0xFB, 0xE0, 0x1F, 0x7C, 0x03, 0xEF, 0x80, 0x7D, 0xF0, 0x0F, 0xBE,
    0x01, 0xF7, 0xE0, 0x3E, 0x7E, 0x0F, 0xCF, 0xFF, 0xF8, 0xFF, 0xEF, 0x1F, 0xF9, 0xE0, 0xFE, 0x3C,
    0x00, 0x00, 0x00, 0x00, 0x00, 0x00, 0x07, 0xC0, 0x01, 0xE0, 0x00, 0x3C, 0x00, 0x0F, 0x00, 0x01,
    0xC0, 0x00, 0x40, 0x00, 0x00, 0x00, 0x00, 0x00, 0x1F, 0x00, 0xFB, 0xE0, 0x1F, 0x7C, 0x03, 0xEF,
    0x80, 0x7D, 0xF0, 0x0F, 0xBE, 0x01, 0xF7, 0xC0, 0x3E, 0xF8, 0x07, 0xDF, 0x00, 0xFB, 0xE0, 0x1F,
    0x7C, 0x03, 0xEF, 0x80, 0x7D, 0xF0, 0x0F, 0xBE, 0x01, 0xF7, 0xE0, 0x3E, 0x7E, 0x0F, 0xCF, 0xFF,
    0xF8, 0xFF, 0xEF, 0x1F, 0xF9, 0xE0, 0xFE, 0x3C, 0x00, 0x00, 0x00, 0x00, 0x00, 0x00, 0x7E, 0x00,
    0x1F, 0xE0, 0x03, 0xFC, 0x00, 0xF3, 0xC0, 0x3C, 0x3C, 0x08, 0x00, 0x40, 0x00, 0x00, 0x00, 0x00,
    0x1F, 0x00, 0xFB, 0xE0, 0x1F, 0x7C, 0x03, 0xEF, 0x80, 0x7D, 0xF0, 0x0F, 0xBE, 0x01, 0xF7, 0xC0,
    0x3E, 0xF8, 0x07, 0xDF, 0x00, 0xFB, 0xE0, 0x1F, 0x7C, 0x03, 0xEF, 0x80, 0x7D, 0xF0, 0x0F, 0xBE,
    0x01, 0xF7, 0xE0, 0x3E, 0x7E, 0x0F, 0xCF, 0xFF, 0xF8, 0xFF, 0xEF, 0x1F, 0xF9, 0xE0, 0xFE, 0x3C,
    0x00, 0x00, 0x00, 0x00, 0x00, 0x03, 0xC3, 0xC0, 0x7C, 0x7C, 0x0F, 0x8F, 0x81, 0xF1, 0xF0, 0x1C,
    0x1C, 0x00, 0x00, 0x00, 0x00, 0x00, 0x00, 0x00, 0x1F, 0x00, 0xFB, 0xE0, 0x1F, 0x7C, 0x03, 0xEF,
    0x80, 0x7D, 0xF0, 0x0F, 0xBE, 0x01, 0xF7, 0xC0, 0x3E, 0xF8, 0x07, 0xDF, 0x00, 0xFB, 0xE0, 0x1F,
    0x7C, 0x03, 0xEF, 0x80, 0x7D, 0xF0, 0x0F, 0xBE, 0x01, 0xF7, 0xE0, 0x3E, 0x7E, 0x0F, 0xCF, 0xFF,
    0xF8, 0xFF, 0xEF, 0x1F, 0xF9, 0xE0, 0xFE, 0x3C, 0x00, 0x00, 0x00, 0x00, 0x00, 0x00, 0x00, 0xF8,
    0x00, 0x0F, 0x00, 0x00, 0x78, 0x00, 0x07, 0x80, 0x00, 0x38, 0x00, 0x02, 0x00, 0x00, 0x00, 0x00,
    0x00, 0x00, 0x07, 0xE0, 0x07, 0xDF, 0x00, 0x7C, 0xF8, 0x03, 0xE3, 0xE0, 0x1E, 0x1F, 0x01, 0xF0,
    0x78, 0x0F, 0x83, 0xE0, 0x78, 0x1F, 0x07, 0xC0, 0x7C, 0x3E, 0x03, 0xE3, 0xE0, 0x0F, 0x1F, 0x00,
    0x7C, 0xF0, 0x03, 0xEF, 0x80, 0x0F, 0x7C, 0x00, 0x7B, 0xC0, 0x03, 0xFE, 0x00, 0x0F, 0xE0, 0x00,
    0x7F, 0x00, 0x01, 0xF8, 0x00, 0x0F, 0x80, 0x00, 0x7C, 0x00, 0x03, 0xE0, 0x00, 0x3E, 0x00, 0x01,
    0xF0, 0x00, 0xFF, 0x00, 0x07, 0xF8, 0x00, 0x3F, 0x80, 0x03, 0xF0, 0x00, 0x00, 0xF8, 0x00, 0x0F,
    0x80, 0x00, 0xF8, 0x00, 0x0F, 0x80, 0x00, 0xF8, 0x00, 0x0F, 0x80, 0x00, 0xF8, 0x00, 0x0F, 0x80,
    0x00, 0xF9, 0xFE, 0x0F, 0xBF, 0xF0, 0xFF, 0xFF, 0x8F, 0xFF, 0xFC, 0xFE, 0x07, 0xEF, 0xC0, 0x3E,
    0xF8, 0x03, 0xEF, 0x80, 0x3E, 0xF8, 0x01, 0xFF, 0x80, 0x1F, 0xF8, 0x01, 0xFF, 0x80, 0x1F, 0xF8,
    0x03, 0xEF, 0xC0, 0x3E, 0xFC, 0x03, 0xEF, 0xE0, 0x7C, 0xFF, 0xFF, 0xCF, 0xBF, 0xF8, 0xFB, 0xFF,
    0x0F, 0x8F, 0xE0, 0xF8, 0x00, 0x0F, 0x80, 0x00, 0xF8, 0x00, 0x0F, 0x80, 0x00, 0xF8, 0x00, 0x0F,
    0x80, 0x00, 0xF8, 0x00, 0x0F, 0x80, 0x00, 0x00, 0x00, 0x00, 0x78, 0x78, 0x03, 0xE3, 0xE0, 0x1F,
    0x1F, 0x00, 0xF8, 0xF8, 0x03, 0x83, 0x80, 0x00, 0x00, 0x00, 0x00, 0x00, 0x00, 0x00, 0x07, 0xE0,
    0x07, 0xDF, 0x00, 0x7C, 0xF8, 0x03, 0xE3, 0xE0, 0x1E, 0x1F, 0x01, 0xF0, 0x78, 0x0F, 0x83, 0xE0,
    0x78, 0x1F, 0x07, 0xC0, 0x7C, 0x3E, 0x03, 0xE3, 0xE0, 0x0F, 0x1F, 0x00, 0x7C, 0xF0, 0x03, 0xEF,
    0x80, 0x0F, 0x7C, 0x00, 0x7B, 0xC0, 0x03, 0xFE, 0x00, 0x0F, 0xE0, 0x00, 0x7F, 0x00, 0x01, 0xF8,
    0x00, 0x0F, 0x80, 0x00, 0x7C, 0x00, 0x03, 0xE0, 0x00, 0x3E, 0x00, 0x01, 0xF0, 0x00, 0xFF, 0x00,
    0x07, 0xF8, 0x00, 0x3F, 0x80, 0x03, 0xF0, 0x00, 0x00
};

const epaper_font::GlyphRange kInter38SemiBold_ext = {
    0xA0,
    0xFF,
    kInter38SemiBold_ext_glyphs,
    kInter38SemiBold_ext_bitmaps,
};

const epaper_font::GlyphBitmap kInter38Bold_ext_glyphs[] = {
    {     0,    0,   0,   0,    0,    0,   9 },
    {     0,   26,   7,  29,    2,   21,  11 },
    {    26,   70,  20,  28,    1,   28,  22 },
    {    96,   80,  22,  29,    1,   29,  24 },
    {   176,   79,  25,  25,    2,   24,  29 },
    {   255,   74,  21,  28,    0,   28,  22 },
    {   329,   26,   6,  34,    3,   28,  13 },
    {   355,   84,  19,  35,    1,   29,  21 },
    {   439,   14,  15,   7,    4,   29,  23 },
    {   453,  113,  30,  30,    2,   29,  35 },
    {   566,   36,  16,  18,    0,   29,  18 },
    {   602,   52,  23,  18,    1,   20,  25 },
    {   654,   23,  18,  10,    3,   15,  26 },
    {   677,   72,  19,  30,    1,   29,  22 },
    {   749,   67,  23,  23,    1,   29,  25 },
    {   816,    8,  12,   5,    2,   28,  16 },
    {   824,   27,  15,  14,    1,   28,  17 },
    {   851,   53,  20,  21,    3,   22,  26 },
    {   904,   28,  14,  16,    1,   32,  17 },
    {   932,   30,  15,  16,    1,   32,  17 },
    {   962,    8,   9,   7,    2,   29,  13 },
    {   970,   80,  22,  29,    2,   21,  24 },
    {  1050,   67,  19,  28,    1,   28,  23 },
    {  1117,    7,   7,   8,    2,   17,  11 },
    {  1124,    9,   8,   9,    4,    1,  14 },
    {  1133,   18,   9,  16,    1,   32,  12 },
    {  1151,   39,  17,  18,    1,   29,  19 },
    {  1190,   50,  22,  18,    1,   20,  25 },
    {  1240,  102,  29,  28,    1,   28,  31 },
    {  1342,  105,  30,  28,    1,   28,  33 },
    {  1447,  112,  32,  28,    1,   28,  35 },
    {  1559,   73,  20,  29,    1,   21,  22 },
    {  1632,  126,  28,  36,    0,   36,  28 },
    {  1758,  126,  28,  36,    0,   36,  28 },
    {  1884,  126,  28,  36,    0,   36,  28 },
    {  2010,  126,  28,  36,    0,   36,  28 },
    {  2136,  126,  28,  36,    0,   36,  28 },
    {  2262,  133,  28,  38,    0,   38,  28 },
    {  2395,  133,  38,  28,    0,   28,  39 },
    {  2528,  121,  26,  37,    1,   29,  28 },
    {  2649,   90,  20,  36,    2,   36,  24 },
    {  2739,   90,  20,  36,    2,   36,  24 },
    {  2829,   90,  20,  36,    2,   36,  24 },
    {  2919,   90,  20,  36,    2,   36,  24 },
    {  3009,   41,   9,  36,   -1,   36,  11 },
    {  3050,   45,  10,  36,    2,   36,  11 },
    {  3095,   68,  15,  36,   -2,   36,  11 },
    {  3163,   68,  15,  36,   -2,   36,  11 },
    {  3231,   98,  28,  28,    0,   28,  29 },
    {  3329,  108,  24,  36,    2,   36,  29 },
    {  3437,  125,  27,  37,    1,   36,  29 },
    {  3562,  125,  27,  37,    1,   36,  29 },
    {  3687,  125,  27,  37,    1,   36,  29 },
    {  3812,  125,  27,  37,    1,   36,  29 },
    {  3937,  125,  27,  37,    1,   36,  29 },
    {  4062,   53,  21,  20,    2,   21,  26 },
    {  4115,  105,  27,  31,    1,   29,  29 },
    {  4220,  111,  24,  37,    2,   36,  28 },
    {  4331,  111,  24,  37,    2,   36,  28 },
    {  4442,  111,  24,  37,    2,   36,  28 },
    {  4553,  111,  24,  37,    2,   36,  28 },
    {  4664,  122,  27,  36,    0,   36,  27 },
    {  4786,   74,  21,  28,    2,   28,  25 },
    {  4860,   80,  22,  29,    2,   29,  25 },
    {  4940,   72,  19,  30,    1,   29,  22 },
    {  5012,   72,  19,  30,    1,   29,  22 },
    {  5084,   72,  19,  30,    1,   29,  22 },
    {  5156,   72,  19,  30,    1,   29,  22 },
    {  5228,   72,  19,  30,    1,   29,  22 },
    {  5300,   76,  19,  32,    1,   31,  22 },
    {  5376,   88,  32,  22,    1,   21,  35 },
    {  5464,   73,  20,  29,    1,   21,  22 },
    {  5537,   75,  20,  30,    1,   29,  22 },
    {  5612,   75,  20,  30,    1,   29,  22 },
    {  5687,   75,  20,  30,    1,   29,  22 },
    {  5762,   75,  20,  30,    1,   29,  22 },
    {  5837,   37,  10,  29,   -2,   29,  10 },
    {  5874,   33,   9,  29,    2,   29,  10 },
    {  5907,   55,  15,  29,   -3,   29,  10 },
    {  5962,   55,  15,  29,   -3,   29,  10 },
    {  6017,   78,  20,  31,    1,   30,  23 },
    {  6095,   69,  19,  29,    2,   29,  23 },
    {  6164,   79,  21,  30,    1,   29,  23 },
    {  6243,   79,  21,  30,    1,   29,  23 },
    {  6322,   79,  21,  30,    1,   29,  23 },
    {  6401,   79,  21,  30,    1,   29,  23 },
    {  6480,   79,  21,  30,    1,   29,  23 },
    {  6559,   55,  20,  22,    3,   22,  26 },
    {  6614,   58,  21,  22,    1,   21,  23 },
    {  6672,   72,  19,  30,    2,   29,  23 },
    {  6744,   72,  19,  30,    2,   29,  23 },
    {  6816,   72,  19,  30,    2,   29,  23 },
    {  6888,   72,  19,  30,    2,   29,  23 },
    {  6960,  102,  22,  37,    0,   29,  22 },
    {  7062,   95,  21,  36,    2,   28,  24 },
    {  7157,  102,  22,  37,    0,   29,  22 },
};

const uint8_t kInter38Bold_ext_bitmaps[] = {
    0x10, 0xFB, 0xFF, 0xFF, 0xEF, 0x8E, 0x00, 0x00, 0xF9, 0xF3, 0xE7, 0xCF, 0x9F, 0x3E, 0x7C, 0xF9,
    0xF3, 0xE7, 0xCF, 0x9F, 0x3E, 0x7C, 0xF9, 0xF7, 0xE0, 0x00, 0x00, 0x60, 0x00, 0x06, 0x00, 0x00,
    0x60, 0x00, 0x06, 0x00, 0x03, 0xFC, 0x00, 0xFF, 0xF0, 0x1F, 0xFF, 0x83, 0xFF, 0xFC, 0x3F, 0xEF,
    0xE7, 0xE6, 0x7E, 0x7E, 0x63, 0xE7, 0xC6, 0x20, 0xFC, 0x60, 0x0F, 0xC6, 0x00, 0xFC, 0x60, 0x0F,
    0xC6, 0x00, 0xFC, 0x60, 0x07, 0xC6, 0x3E, 0x7E, 0x63, 0xE7, 0xF6, 0x7E, 0x3F, 0xFF, 0xC1, 0xFF,
    0xFC, 0x0F, 0xFF, 0x80, 0x7F, 0xE0, 0x00, 0x70, 0x00, 0x06, 0x00, 0x00, 0x60, 0x00, 0x06, 0x00,
    0x00, 0x00, 0x00, 0x01, 0xFC, 0x00, 0x1F, 0xFC, 0x01, 0xFF, 0xF8, 0x0F, 0xFF, 0xF0, 0x3F, 0xFF,
    0xC1, 0xFC, 0x1F, 0x87, 0xE0, 0x7E, 0x1F, 0x00, 0xF8, 0x7C, 0x03, 0xC1, 0xF0, 0x00, 0x07, 0xC0,
    0x00, 0x1F, 0x00, 0x03, 0xFF, 0xF8, 0x0F, 0xFF, 0xE0, 0x3F, 0xFF, 0x80, 0xFF, 0xFE, 0x00, 0x7E,
    0x00, 0x01, 0xF8, 0x00, 0x07, 0xE0, 0x00, 0x1F, 0x80, 0x00, 0x7E, 0x00, 0x01, 0xF0, 0x0F, 0x87,
    0xC0, 0x3E, 0xFF, 0xFF, 0xFB, 0xFF, 0xFF, 0xEF, 0xFF, 0xFF, 0xBF, 0xFF, 0xFC, 0xFF, 0xFF, 0xC0,
    0x00, 0x00, 0x00, 0x18, 0x3F, 0x03, 0x1E, 0x7F, 0xF3, 0xDF, 0xFF, 0xFF, 0xE3, 0xFF, 0xFF, 0xE0,
    0xF8, 0x07, 0xE0, 0x78, 0x01, 0xF0, 0x78, 0x00, 0x78, 0x38, 0x00, 0x1E, 0x3C, 0x00, 0x0F, 0x1E,
    0x00, 0x03, 0x8E, 0x00, 0x01, 0xC7, 0x00, 0x00, 0xF3, 0x80, 0x00, 0x79, 0xC0, 0x00, 0x38, 0xF0,
    0x00, 0x1C, 0x78, 0x00, 0x1E, 0x1E, 0x00, 0x0F, 0x0F, 0x80, 0x0F, 0x03, 0xE0, 0x0F, 0x83, 0xFC,
    0x1F, 0xE3, 0xFF, 0xFF, 0xFB, 0xEF, 0xFF, 0x3C, 0x61, 0xFF, 0x0C, 0x00, 0x00, 0x00, 0x00, 0xFC,
    0x01, 0xFB, 0xF0, 0x0F, 0x9F, 0x80, 0xFC, 0x7C, 0x07, 0xC3, 0xF0, 0x7E, 0x0F, 0x83, 0xF0, 0x7E,
    0x1F, 0x01, 0xF1, 0xF8, 0x0F, 0x8F, 0x80, 0x3E, 0xFC, 0x01, 0xF7, 0xC0, 0x0F, 0xFE, 0x00, 0x3F,
    0xE0, 0x01, 0xFF, 0x00, 0xFF, 0xFF, 0x87, 0xFF, 0xFC, 0x3F, 0xFF, 0xE0, 0x07, 0xC0, 0x00, 0x3E,
    0x00, 0x7F, 0xFF, 0xC3, 0xFF, 0xFE, 0x1F, 0xFF, 0xF0, 0x03, 0xE0, 0x00, 0x1F, 0x00, 0x00, 0xF8,
    0x00, 0x07, 0xC0, 0x00, 0x3E, 0x00, 0x01, 0xF0, 0x00, 0x7D, 0xF7, 0xDF, 0x7D, 0xF7, 0xDF, 0x7D,
    0xF7, 0xDF, 0x7C, 0x00, 0x00, 0x00, 0x00, 0x00, 0x7D, 0xF7, 0xDF, 0x7D, 0xF7, 0xDF, 0x7D, 0xF7,
    0xDF, 0x7C, 0x00, 0x00, 0x00, 0x00, 0x7F, 0x00, 0x3F, 0xF8, 0x0F, 0xFF, 0x83, 0xFF, 0xF0, 0x7E,
    0x3F, 0x0F, 0x83, 0xE1, 0xF0, 0x7C, 0x3E, 0x00, 0x07, 0xC0, 0x00, 0xFE, 0x00, 0x0F, 0xF8, 0x00,
    0xFF, 0xC0, 0x3F, 0xFE, 0x1F, 0x3F, 0xE3, 0xC1, 0xFE, 0x78, 0x0F, 0xDF, 0x00, 0x79, 0xF0, 0x0F,
    0xBF, 0x01, 0xE7, 0xF8, 0x3C, 0x7F, 0xFF, 0x03, 0xFF, 0x80, 0x1F, 0xF8, 0x00, 0xFF, 0x00, 0x03,
    0xF0, 0x00, 0x3E, 0x02, 0x07, 0xC7, 0xC0, 0xF8, 0xFC, 0x1F, 0x0F, 0xFF, 0xE1, 0xFF, 0xF8, 0x1F,
    0xFE, 0x00, 0xFF, 0x80, 0x03, 0x80, 0x00, 0x00, 0x00, 0xF0, 0xF9, 0xF1, 0xF7, 0xE3, 0xE7, 0xC7,
    0xCF, 0x07, 0x80, 0x00, 0x00, 0x00, 0x00, 0x00, 0x00, 0x00, 0x7F, 0x80, 0x00, 0x07, 0xFF, 0xC0,
    0x00, 0x7F, 0xFF, 0x80, 0x03, 0xFF, 0xFF, 0x80, 0x1F, 0xE1, 0xFF, 0x00, 0xFC, 0x00, 0xFC, 0x07,
    0xE0, 0x01, 0xF8, 0x1F, 0x0F, 0xE3, 0xF0, 0xF8, 0xFF, 0xC7, 0xC3, 0xC7, 0xFF, 0x8F, 0x9F, 0x1F,
    0x3F, 0x3E, 0x7C, 0xF0, 0x3C, 0x79, 0xE3, 0xC0, 0xF1, 0xE7, 0x8E, 0x00, 0x27, 0x9E, 0x38, 0x00,
    0x1E, 0x78, 0xF0, 0x00, 0x79, 0xF3, 0xC0, 0xF1, 0xE7, 0xCF, 0x87, 0xCF, 0x8F, 0x1F, 0xFE, 0x3E,
    0x3E, 0x3F, 0xF9, 0xF0, 0xFC, 0x7F, 0x87, 0xC1, 0xF8, 0x78, 0x3E, 0x03, 0xF0, 0x03, 0xF8, 0x0F,
    0xF0, 0x3F, 0xC0, 0x1F, 0xFF, 0xFE, 0x00, 0x1F, 0xFF, 0xF0, 0x00, 0x3F, 0xFF, 0x00, 0x00, 0x3F,
    0xF0, 0x00, 0x00, 0x00, 0x00, 0x00, 0x00, 0x00, 0x07, 0xF0, 0x1F, 0xFC, 0x3F, 0xFE, 0x3E, 0x3E,
    0x3C, 0x1E, 0x40, 0x1F, 0x00, 0xFF, 0x1F, 0xFF, 0x3F, 0xFF, 0x7E, 0x1F, 0x78, 0x1F, 0x78, 0x1F,
    0x7C, 0x3F, 0x7F, 0xFF, 0x3F, 0xDF, 0x0F, 0x9F, 0x00, 0x00, 0x01, 0xF8, 0xFC, 0x03, 0xF1, 0xF8,
    0x0F, 0xC7, 0xE0, 0x3F, 0x1F, 0x80, 0xFC, 0x7E, 0x03, 0xF1, 0xF8, 0x0F, 0xC7, 0xE0, 0x1F, 0x8F,
    0xC0, 0x7E, 0x3F, 0x01, 0xFC, 0xFE, 0x00, 0xFC, 0x7E, 0x00, 0xFC, 0x7E, 0x01, 0xF8, 0xFC, 0x01,
    0xF8, 0xFC, 0x01, 0xF8, 0xFC, 0x01, 0xF8, 0xFC, 0x01, 0xF8, 0xFC, 0x00, 0x00, 0x00, 0x7F, 0xFF,
    0xDF, 0xFF, 0xF7, 0xFF, 0xFD, 0xFF, 0xFF, 0x7F, 0xFF, 0xC0, 0x01, 0xF0, 0x00, 0x7C, 0x00, 0x1F,
    0x00, 0x07, 0xC0, 0x00, 0x00, 0x00, 0x00, 0x00, 0x7F, 0x00, 0x3F, 0xFC, 0x0F, 0xFF, 0xC3, 0xFF,
    0xFC, 0xFF, 0x7F, 0x9F, 0x83, 0xFB, 0xE0, 0x3F, 0xFC, 0x07, 0xE0, 0x00, 0xFC, 0x00, 0x1F, 0x80,
    0x07, 0xE0, 0x01, 0xFC, 0x00, 0xFF, 0x00, 0x3F, 0xC0, 0x0F, 0xE0, 0x01, 0xF8, 0x00, 0x3E, 0x00,
    0x07, 0xC0, 0x00, 0xF0, 0x00, 0x1E, 0x00, 0x00, 0x00, 0x00, 0x00, 0x00, 0x0F, 0x00, 0x03, 0xF0,
    0x00, 0x7E, 0x00, 0x0F, 0xC0, 0x01, 0xF8, 0x00, 0x1E, 0x00, 0x00, 0x00, 0x00, 0x00, 0x00, 0x00,
    0x01, 0xF8, 0x00, 0x0F, 0xFE, 0x00, 0x7F, 0xFE, 0x01, 0xF0, 0x1E, 0x03, 0x80, 0x1E, 0x0E, 0x00,
    0x1E, 0x3C, 0xFE, 0x1C, 0x71, 0xFE, 0x1C, 0xE3, 0x8E, 0x39, 0x87, 0x1C, 0x73, 0x0F, 0xF0, 0xE6,
    0x1F, 0xE1, 0xCE, 0x3F, 0x83, 0x9C, 0x73, 0x87, 0x38, 0xE3, 0x1C, 0x39, 0xC7, 0x38, 0x78, 0x00,
    0xE0, 0x78, 0x03, 0xC0, 0x7C, 0x3F, 0x00, 0x7F, 0xFC, 0x00, 0x3F, 0xE0, 0x00, 0x04, 0x00, 0x00,
    0x00, 0x0F, 0xFE, 0xFF, 0xEF, 0xFE, 0x00, 0x00, 0x07, 0xC0, 0x1F, 0xC0, 0x7F, 0xC1, 0xFF, 0xC7,
    0xC7, 0xCF, 0x07, 0x9E, 0x0F, 0x3C, 0x1E, 0x78, 0x3C, 0xFD, 0xF0, 0xFF, 0xE0, 0xFF, 0x80, 0xFE,
    0x00, 0x00, 0x00, 0x00, 0x00, 0x00, 0x1F, 0x00, 0x01, 0xF0, 0x00, 0x1F, 0x00, 0x01, 0xF0, 0x0F,
    0xFF, 0xFE, 0xFF, 0xFF, 0xEF, 0xFF, 0xFE, 0xFF, 0xFF, 0xEF, 0xFF, 0xFE, 0x01, 0xF0, 0x00, 0x1F,
    0x00, 0x01, 0xF0, 0x00, 0x1F, 0x00, 0x00, 0x00, 0x00, 0x00, 0x00, 0xFF, 0xFF, 0xEF, 0xFF, 0xFE,
    0xFF, 0xFF, 0xEF, 0xFF, 0xFE, 0xFF, 0xFF, 0xE0, 0x0F, 0xC0, 0xFF, 0xC7, 0xFF, 0x9F, 0x7E, 0x78,
    0x7B, 0xC1, 0xE0, 0x07, 0x80, 0x3E, 0x03, 0xF0, 0x1F, 0x80, 0xF8, 0x0F, 0xC0, 0x7F, 0xFD, 0xFF,
    0xF7, 0xFF, 0xDF, 0xFF, 0x07, 0xC0, 0x3F, 0xE0, 0xFF, 0xE3, 0xE7, 0xC7, 0x87, 0xC0, 0x0F, 0x80,
    0x3E, 0x03, 0xF0, 0x07, 0xF8, 0x01, 0xF8, 0x00, 0xF7, 0xC1, 0xE7, 0xCF, 0xCF, 0xFF, 0x8F, 0xFE,
    0x07, 0xE0, 0x00, 0x0F, 0x8F, 0x87, 0x87, 0x87, 0xC0, 0x00, 0x00, 0x00, 0x03, 0xF0, 0x1F, 0x8F,
    0xC0, 0x7E, 0x3F, 0x01, 0xF8, 0xFC, 0x07, 0xE3, 0xF0, 0x1F, 0x8F, 0xC0, 0x7E, 0x3F, 0x01, 0xF8,
    0xFC, 0x07, 0xE3, 0xF0, 0x1F, 0x8F, 0xC0, 0x7E, 0x3F, 0x01, 0xF8, 0xFC, 0x07, 0xE3, 0xF0, 0x1F,
    0x8F, 0xC0, 0x7E, 0x3F, 0x83, 0xF8, 0xFF, 0x1F, 0xE3, 0xFF, 0xFF, 0xEF, 0xFF, 0xBF, 0xBF, 0xFE,
    0x7E, 0xFC, 0xE0, 0xFB, 0xF0, 0x00, 0x0F, 0xC0, 0x00, 0x3F, 0x00, 0x00, 0xFC, 0x00, 0x03, 0xF0,
    0x00, 0x0F, 0xC0, 0x00, 0x3F, 0x00, 0x00, 0xFC, 0x00, 0x00, 0x00, 0xFF, 0xE1, 0xFF, 0xFC, 0x7F,
    0xFF, 0x9F, 0xFF, 0xF7, 0xFF, 0xFE, 0xFF, 0xC7, 0xFF, 0xF8, 0xFF, 0xFF, 0x1F, 0xFF, 0xE3, 0xFF,
    0xFC, 0x7F, 0xFF, 0x8F, 0xFF, 0xF1, 0xF7, 0xFE, 0x3E, 0xFF, 0xC7, 0xCF, 0xF8, 0xF8, 0xFF, 0x1F,
    0x0F, 0xE3, 0xE0, 0x3C, 0x7C, 0x00, 0x0F, 0x80, 0x01, 0xF0, 0x00, 0x3E, 0x00, 0x07, 0xC0, 0x00,
    0xF8, 0x00, 0x1F, 0x00, 0x03, 0xE0, 0x00, 0x7C, 0x00, 0x0F, 0x80, 0x01, 0xF0, 0x00, 0x71, 0xF7,
    0xFF, 0xEF, 0x9F, 0x00, 0x70, 0x70, 0x70, 0x7C, 0x0E, 0x0E, 0x1E, 0xFE, 0xF8, 0x0F, 0x9F, 0xDF,
    0xFF, 0xFF, 0xFE, 0x7C, 0x3E, 0x1F, 0x0F, 0x87, 0xC3, 0xE1, 0xF0, 0xF8, 0x7C, 0x3E, 0x1F, 0x00,
    0x00, 0x03, 0xF0, 0x07, 0xFE, 0x07, 0xFF, 0x87, 0xE7, 0xE3, 0xE0, 0xF3, 0xE0, 0x7D, 0xF0, 0x3E,
    0xF8, 0x0F, 0x7C, 0x07, 0xBE, 0x07, 0xDF, 0x03, 0xE7, 0xC3, 0xE3, 0xF3, 0xF0, 0xFF, 0xF0, 0x3F,
    0xF0, 0x07, 0xE0, 0x00, 0x00, 0x00, 0xFC, 0x7E, 0x01, 0xF8, 0xFC, 0x03, 0xF1, 0xF8, 0x07, 0xE3,
    0xF0, 0x1F, 0x8F, 0xC0, 0x3F, 0x1F, 0x80, 0x7E, 0x3F, 0x00, 0xFC, 0x7E, 0x01, 0xF8, 0xFC, 0x07,
    0xE3, 0xF0, 0x3F, 0x1F, 0x81, 0xF8, 0xFC, 0x0F, 0xC7, 0xE0, 0x7E, 0x3F, 0x03, 0xF1, 0xF8, 0x0F,
    0xC7, 0xE0, 0xFE, 0x7F, 0x00, 0x00, 0x00, 0x00, 0x00, 0x00, 0x07, 0x81, 0xF0, 0x00, 0x78, 0x1F,
    0x80, 0x03, 0xC1, 0xFC, 0x00, 0x3C, 0x0E, 0xE0, 0x03, 0xC0, 0x47, 0x00, 0x1E, 0x00, 0x38, 0x01,
    0xE0, 0x01, 0xC0, 0x1E, 0x00, 0x0E, 0x00, 0xF0, 0x00, 0x70, 0x0F, 0x00, 0x03, 0x80, 0xF0, 0x00,
    0x1C, 0x07, 0x80, 0x00, 0xE0, 0x78, 0x00, 0x07, 0x07, 0x81, 0xF0, 0x38, 0x38, 0x1F, 0x81, 0xC3,
    0xC0, 0xFC, 0x00, 0x3C, 0x0F, 0xE0, 0x03, 0xC0, 0xF7, 0x00, 0x1E, 0x07, 0x38, 0x01, 0xE0, 0x79,
    0xC0, 0x1E, 0x07, 0x8E, 0x00, 0xF0, 0x38, 0x70, 0x0F, 0x03, 0xFF, 0xE0, 0xF0, 0x1F, 0xFF, 0x07,
    0x80, 0xFF, 0xF8, 0x78, 0x00, 0x07, 0x07, 0x80, 0x00, 0x38, 0x7C, 0x00, 0x01, 0xC0, 0x00, 0x00,
    0x07, 0x80, 0xF8, 0x00, 0x3C, 0x07, 0xE0, 0x00, 0xF0, 0x3F, 0x80, 0x07, 0x80, 0xEE, 0x00, 0x3C,
    0x02, 0x38, 0x00, 0xF0, 0x00, 0xE0, 0x07, 0x80, 0x03, 0x80, 0x3C, 0x00, 0x0E, 0x00, 0xF0, 0x00,
    0x38, 0x07, 0x80, 0x00, 0xE0, 0x3C, 0x00, 0x03, 0x80, 0xF0, 0x00, 0x0E, 0x07, 0x81, 0x80, 0x38,
    0x3C, 0x3F, 0xC0, 0xE0, 0xE1, 0xFF, 0x83, 0x87, 0x87, 0x9E, 0x00, 0x3C, 0x3C, 0x38, 0x01, 0xE0,
    0xF0, 0xF0, 0x07, 0x80, 0x03, 0x80, 0x3C, 0x00, 0x1E, 0x01, 0xE0, 0x00, 0xF0, 0x07, 0x80, 0x07,
    0x80, 0x3C, 0x00, 0x3C, 0x01, 0xE0, 0x03, 0xE0, 0x07, 0x80, 0x1F, 0x00, 0x3C, 0x00, 0xFF, 0xF1,
    0xE0, 0x03, 0xFF, 0xCF, 0x80, 0x0F, 0xFF, 0x02, 0x00, 0x00, 0xF0, 0x1F, 0xC0, 0x01, 0xE0, 0x7F,
    0xE0, 0x01, 0xE0, 0x79, 0xF0, 0x03, 0xC0, 0x70, 0xF0, 0x07, 0x80, 0x00, 0xF0, 0x07, 0x80, 0x01,
    0xE0, 0x0F, 0x00, 0x0F, 0xC0, 0x1E, 0x00, 0x0F, 0xC0, 0x1E, 0x00, 0x0F, 0xF0, 0x3C, 0x00, 0x00,
    0xF0, 0x78, 0x00, 0xF0, 0xF0, 0x78, 0x00, 0xF0, 0xF0, 0xF0, 0x00, 0x7F, 0xF1, 0xE0, 0x7C, 0x3F,
    0xE1, 0xC0, 0xFC, 0x1F, 0xC3, 0xC0, 0xFC, 0x00, 0x07, 0x81, 0xFC, 0x00, 0x0F, 0x03, 0xDC, 0x00,
    0x0F, 0x03, 0x9C, 0x00, 0x1E, 0x07, 0x9C, 0x00, 0x3C, 0x0F, 0x1C, 0x00, 0x3C, 0x0E, 0x1C, 0x00,
    0x78, 0x1F, 0xFF, 0x00, 0xF0, 0x1F, 0xFF, 0x00, 0xF0, 0x1F, 0xFF, 0x01, 0xE0, 0x00, 0x1C, 0x03,
    0xC0, 0x00, 0x1C, 0x07, 0xC0, 0x00, 0x1C, 0x00, 0x00, 0x00, 0x0F, 0x80, 0x01, 0xF8, 0x00, 0x1F,
    0xC0, 0x01, 0xFC, 0x00, 0x0F, 0x80, 0x00, 0x70, 0x00, 0x00, 0x00, 0x00, 0x00, 0x00, 0x0F, 0x80,
    0x00, 0xF8, 0x00, 0x0F, 0x80, 0x01, 0xF8, 0x00, 0x3F, 0x00, 0x07, 0xF0, 0x00, 0xFE, 0x00, 0x1F,
    0xC0, 0x03, 0xF0, 0x00, 0x7E, 0x00, 0x07, 0xE0, 0x00, 0x7C, 0x03, 0xE7, 0xC0, 0x3E, 0x7C, 0x07,
    0xE7, 0xE0, 0x7E, 0x7F, 0xFF, 0xC3, 0xFF, 0xFC, 0x1F, 0xFF, 0x80, 0xFF, 0xE0, 0x01, 0xF8, 0x00,
    0x00, 0xFC, 0x00, 0x00, 0x07, 0xC0, 0x00, 0x00, 0x3E, 0x00, 0x00, 0x01, 0xE0, 0x00, 0x00, 0x0F,
    0x00, 0x00, 0x00, 0x00, 0x00, 0x00, 0x00, 0x00, 0x00, 0x00, 0x00, 0x00, 0x00, 0x3F, 0xC0, 0x00,
    0x03, 0xFC, 0x00, 0x00, 0x7F, 0xC0, 0x00, 0x07, 0xFE, 0x00, 0x00, 0x7F, 0xE0, 0x00, 0x0F, 0xFE,
    0x00, 0x00, 0xFB, 0xF0, 0x00, 0x0F, 0xBF, 0x00, 0x01, 0xF9, 0xF0, 0x00, 0x1F, 0x9F, 0x80, 0x01,
    0xF1, 0xF8, 0x00, 0x3F, 0x0F, 0x80, 0x03, 0xF0, 0xFC, 0x00, 0x3E, 0x0F, 0xC0, 0x07, 0xE0, 0xFC,
    0x00, 0x7E, 0x07, 0xE0, 0x0F, 0xC0, 0x7E, 0x00, 0xFF, 0xFF, 0xE0, 0x0F, 0xFF, 0xFF, 0x01, 0xFF,
    0xFF, 0xF0, 0x1F, 0xFF, 0xFF, 0x81, 0xFF, 0xFF, 0xF8, 0x3F, 0x80, 0x1F, 0x83, 0xF0, 0x01, 0xFC,
    0x3F, 0x00, 0x0F, 0xC7, 0xF0, 0x00, 0xFC, 0x7E, 0x00, 0x0F, 0xEF, 0xE0, 0x00, 0x7E, 0x00, 0x01,
    0xF0, 0x00, 0x00, 0x3E, 0x00, 0x00, 0x03, 0xC0, 0x00, 0x00, 0x78, 0x00, 0x00, 0x07, 0x80, 0x00,
    0x00, 0x80, 0x00, 0x00, 0x00, 0x00, 0x00, 0x00, 0x00, 0x00, 0x00, 0x3F, 0xC0, 0x00, 0x03, 0xFC,
    0x00, 0x00, 0x7F, 0xC0, 0x00, 0x07, 0xFE, 0x00, 0x00, 0x7F, 0xE0, 0x00, 0x0F, 0xFE, 0x00, 0x00,
    0xFB, 0xF0, 0x00, 0x0F, 0xBF, 0x00, 0x01, 0xF9, 0xF0, 0x00, 0x1F, 0x9F, 0x80, 0x01, 0xF1, 0xF8,
    0x00, 0x3F, 0x0F, 0x80, 0x03, 0xF0, 0xFC, 0x00, 0x3E, 0x0F, 0xC0, 0x07, 0xE0, 0xFC, 0x00, 0x7E,
    0x07, 0xE0, 0x0F, 0xC0, 0x7E, 0x00, 0xFF, 0xFF, 0xE0, 0x0F, 0xFF, 0xFF, 0x01, 0xFF, 0xFF, 0xF0,
    0x1F, 0xFF, 0xFF, 0x81, 0xFF, 0xFF, 0xF8, 0x3F, 0x80, 0x1F, 0x83, 0xF0, 0x01, 0xFC, 0x3F, 0x00,
    0x0F, 0xC7, 0xF0, 0x00, 0xFC, 0x7E, 0x00, 0x0F, 0xEF, 0xE0, 0x00, 0x7E, 0x00, 0x1F, 0x80, 0x00,
    0x03, 0xFC, 0x00, 0x00, 0x7D, 0xE0, 0x00, 0x07, 0x9F, 0x00, 0x00, 0xF0, 0xF8, 0x00, 0x10, 0x00,
    0x00, 0x00, 0x00, 0x00, 0x00, 0x00, 0x00, 0x00, 0x00, 0x3F, 0xC0, 0x00, 0x03, 0xFC, 0x00, 0x00,
    0x7F, 0xC0, 0x00, 0x07, 0xFE, 0x00, 0x00, 0x7F, 0xE0, 0x00, 0x0F, 0xFE, 0x00, 0x00, 0xFB, 0xF0,
    0x00, 0x0F, 0xBF, 0x00, 0x01, 0xF9, 0xF0, 0x00, 0x1F, 0x9F, 0x80, 0x01, 0xF1, 0xF8, 0x00, 0x3F,
    0x0F, 0x80, 0x03, 0xF0, 0xFC, 0x00, 0x3E, 0x0F, 0xC0, 0x07, 0xE0, 0xFC, 0x00, 0x7E, 0x07, 0xE0,
    0x0F, 0xC0, 0x7E, 0x00, 0xFF, 0xFF, 0xE0, 0x0F, 0xFF, 0xFF, 0x01, 0xFF, 0xFF, 0xF0, 0x1F, 0xFF,
    0xFF, 0x81, 0xFF, 0xFF, 0xF8, 0x3F, 0x80, 0x1F, 0x83, 0xF0, 0x01, 0xFC, 0x3F, 0x00, 0x0F, 0xC7,
    0xF0, 0x00, 0xFC, 0x7E, 0x00, 0x0F, 0xEF, 0xE0, 0x00, 0x7E, 0x00, 0x78, 0x70, 0x00, 0x0F, 0xEF,
    0x00, 0x01, 0xFF, 0xE0, 0x00, 0x1C, 0x7E, 0x00, 0x01, 0xC3, 0xC0, 0x00, 0x00, 0x00, 0x00, 0x00,
    0x00, 0x00, 0x00, 0x00, 0x00, 0x00, 0x00, 0x3F, 0xC0, 0x00, 0x03, 0xFC, 0x00, 0x00, 0x7F, 0xC0,
    0x00, 0x07, 0xFE, 0x00, 0x00, 0x7F, 0xE0, 0x00, 0x0F, 0xFE, 0x00, 0x00, 0xFB, 0xF0, 0x00, 0x0F,
    0xBF, 0x00, 0x01, 0xF9, 0xF0, 0x00, 0x1F, 0x9F, 0x80, 0x01, 0xF1, 0xF8, 0x00, 0x3F, 0x0F, 0x80,
    0x03, 0xF0, 0xFC, 0x00, 0x3E, 0x0F, 0xC0, 0x07, 0xE0, 0xFC, 0x00, 0x7E, 0x07, 0xE0, 0x0F, 0xC0,
    0x7E, 0x00, 0xFF, 0xFF, 0xE0, 0x0F, 0xFF, 0xFF, 0x01, 0xFF, 0xFF, 0xF0, 0x1F, 0xFF, 0xFF, 0x81,
    0xFF, 0xFF, 0xF8, 0x3F, 0x80, 0x1F, 0x83, 0xF0, 0x01, 0xFC, 0x3F, 0x00, 0x0F, 0xC7, 0xF0, 0x00,
    0xFC, 0x7E, 0x00, 0x0F, 0xEF, 0xE0, 0x00, 0x7E, 0x01, 0xE1, 0xF0, 0x00, 0x1F, 0x1F, 0x00, 0x03,
    0xF1, 0xF0, 0x00, 0x1F, 0x1F, 0x00, 0x01, 0xE0, 0xF0, 0x00, 0x00, 0x00, 0x00, 0x00, 0x00, 0x00,
    0x00, 0x00, 0x00, 0x00, 0x00, 0x3F, 0xC0, 0x00, 0x03, 0xFC, 0x00, 0x00, 0x7F, 0xC0, 0x00, 0x07,
    0xFE, 0x00, 0x00, 0x7F, 0xE0, 0x00, 0x0F, 0xFE, 0x00, 0x00, 0xFB, 0xF0, 0x00, 0x0F, 0xBF, 0x00,
    0x01, 0xF9, 0xF0, 0x00, 0x1F, 0x9F, 0x80, 0x01, 0xF1, 0xF8, 0x00, 0x3F, 0x0F, 0x80, 0x03, 0xF0,
    0xFC, 0x00, 0x3E, 0x0F, 0xC0, 0x07, 0xE0, 0xFC, 0x00, 0x7E, 0x07, 0xE0, 0x0F, 0xC0, 0x7E, 0x00,
    0xFF, 0xFF, 0xE0, 0x0F, 0xFF, 0xFF, 0x01, 0xFF, 0xFF, 0xF0, 0x1F, 0xFF, 0xFF, 0x81, 0xFF, 0xFF,
    0xF8, 0x3F, 0x80, 0x1F, 0x83, 0xF0, 0x01, 0xFC, 0x3F, 0x00, 0x0F, 0xC7, 0xF0, 0x00, 0xFC, 0x7E,
    0x00, 0x0F, 0xEF, 0xE0, 0x00, 0x7E, 0x00, 0x0F, 0x00, 0x00, 0x03, 0xF8, 0x00, 0x00, 0x3F, 0xC0,
    0x00, 0x07, 0x0E, 0x00, 0x00, 0x70, 0xE0, 0x00, 0x07, 0x0E, 0x00, 0x00, 0x7F, 0xC0, 0x00, 0x03,
    0xFC, 0x00, 0x00, 0x0F, 0x00, 0x00, 0x00, 0x00, 0x00, 0x00, 0x3F, 0xC0, 0x00, 0x03, 0xFC, 0x00,
    0x00, 0x7F, 0xC0, 0x00, 0x07, 0xFE, 0x00, 0x00, 0x7F, 0xE0, 0x00, 0x0F, 0xFE, 0x00, 0x00, 0xFB,
    0xF0, 0x00, 0x0F, 0xBF, 0x00, 0x01, 0xF9, 0xF0, 0x00, 0x1F, 0x9F, 0x80, 0x01, 0xF1, 0xF8, 0x00,
    0x3F, 0x0F, 0x80, 0x03, 0xF0, 0xFC, 0x00, 0x3E, 0x0F, 0xC0, 0x07, 0xE0, 0xFC, 0x00, 0x7E, 0x07,
    0xE0, 0x0F, 0xC0, 0x7E, 0x00, 0xFF, 0xFF, 0xE0, 0x0F, 0xFF, 0xFF, 0x01, 0xFF, 0xFF, 0xF0, 0x1F,
    0xFF, 0xFF, 0x81, 0xFF, 0xFF, 0xF8, 0x3F, 0x80, 0x1F, 0x83, 0xF0, 0x01, 0xFC, 0x3F, 0x00, 0x0F,
    0xC7, 0xF0, 0x00, 0xFC, 0x7E, 0x00, 0x0F, 0xEF, 0xE0, 0x00, 0x7E, 0x00, 0x0F, 0xFF, 0xFF, 0xF8,
    0x00, 0x3F, 0xFF, 0xFF, 0xE0, 0x01, 0xFF, 0xFF, 0xFF, 0x80, 0x07, 0xFF, 0xFF, 0xFE, 0x00, 0x3F,
    0xFF, 0xFF, 0xF8, 0x00, 0xFC, 0xFC, 0x00, 0x00, 0x03, 0xE3, 0xF0, 0x00, 0x00, 0x1F, 0x8F, 0xC0,
    0x00, 0x00, 0x7E, 0x3F, 0x00, 0x00, 0x03, 0xF0, 0xFC, 0x00, 0x00, 0x0F, 0xC3, 0xF0, 0x00, 0x00,
    0x3E, 0x0F, 0xC0, 0x00, 0x01, 0xF8, 0x3F, 0xFF, 0xF0, 0x07, 0xE0, 0xFF, 0xFF, 0xC0, 0x3F, 0x03,
    0xFF, 0xFF, 0x00, 0xFC, 0x0F, 0xFF, 0xFC, 0x07, 0xE0, 0x3F, 0x00, 0x00, 0x1F, 0xFF, 0xFC, 0x00,
    0x00, 0x7F, 0xFF, 0xF0, 0x00, 0x03, 0xFF, 0xFF, 0xC0, 0x00, 0x0F, 0xFF, 0xFF, 0x00, 0x00, 0x7E,
    0x00, 0xFC, 0x00, 0x01, 0xF8, 0x03, 0xF0, 0x00, 0x0F, 0xC0, 0x0F, 0xFF, 0xFE, 0x3F, 0x00, 0x3F,
    0xFF, 0xF8, 0xFC, 0x00, 0xFF, 0xFF, 0xE7, 0xE0, 0x03, 0xFF, 0xFF, 0xBF, 0x80, 0x0F, 0xFF, 0xFE,
    0x00, 0x00, 0x00, 0x00, 0x1F, 0xE0, 0x00, 0x1F, 0xFF, 0x00, 0x1F, 0xFF, 0xE0, 0x0F, 0xFF, 0xFC,
    0x07, 0xFF, 0xFF, 0x81, 0xFE, 0x0F, 0xF0, 0xFE, 0x00, 0xFC, 0x3F, 0x00, 0x1F, 0x9F, 0x80, 0x07,
    0xE7, 0xE0, 0x00, 0xF9, 0xF8, 0x00, 0x00, 0x7C, 0x00, 0x00, 0x1F, 0x00, 0x00, 0x0F, 0xC0, 0x00,
    0x03, 0xF0, 0x00, 0x00, 0xFC, 0x00, 0x00, 0x1F, 0x00, 0x00, 0x07, 0xE0, 0x00, 0x01, 0xF8, 0x00,
    0x3F, 0x7E, 0x00, 0x1F, 0x8F, 0xC0, 0x07, 0xE3, 0xF8, 0x03, 0xF8, 0x7F, 0x01, 0xFC, 0x1F, 0xFF,
    0xFE, 0x03, 0xFF, 0xFF, 0x80, 0x7F, 0xFF, 0xC0, 0x0F, 0xFF, 0xC0, 0x00, 0xFF, 0xC0, 0x00, 0x03,
    0x80, 0x00, 0x00, 0xE0, 0x00, 0x00, 0x3E, 0x00, 0x00, 0x01, 0xC0, 0x00, 0x00, 0x70, 0x00, 0x00,
    0x3C, 0x00, 0x00, 0x7F, 0x00, 0x00, 0x1F, 0x00, 0x00, 0x0F, 0xC0, 0x00, 0x7C, 0x00, 0x03, 0xE0,
    0x00, 0x1E, 0x00, 0x00, 0xF0, 0x00, 0x00, 0x00, 0x00, 0x00, 0x00, 0x00, 0x00, 0xFF, 0xFF, 0xFF,
    0xFF, 0xFF, 0xFF, 0xFF, 0xFF, 0xFF, 0xFF, 0xFF, 0xFF, 0xFF, 0xC0, 0x00, 0xFC, 0x00, 0x0F, 0xC0,
    0x00, 0xFC, 0x00, 0x0F, 0xC0, 0x00, 0xFC, 0x00, 0x0F, 0xC0, 0x00, 0xFF, 0xFF, 0xCF, 0xFF, 0xFC,
    0xFF, 0xFF, 0xCF, 0xFF, 0xFC, 0xFC, 0x00, 0x0F, 0xC0, 0x00, 0xFC, 0x00, 0x0F, 0xC0, 0x00, 0xFC,
    0x00, 0x0F, 0xC0, 0x00, 0xFC, 0x00, 0x0F, 0xFF, 0xFF, 0xFF, 0xFF, 0xFF, 0xFF, 0xFF, 0xFF, 0xFF,
    0xFF, 0xFF, 0xFF, 0x00, 0x1F, 0x00, 0x03, 0xE0, 0x00, 0x3C, 0x00, 0x07, 0x80, 0x00, 0x78, 0x00,
    0x08, 0x00, 0x00, 0x00, 0x00, 0x00, 0x00, 0xFF, 0xFF, 0xFF, 0xFF, 0xFF, 0xFF, 0xFF, 0xFF, 0xFF,
    0xFF, 0xFF, 0xFF, 0xFF, 0xC0, 0x00, 0xFC, 0x00, 0x0F, 0xC0, 0x00, 0xFC, 0x00, 0x0F, 0xC0, 0x00,
    0xFC, 0x00, 0x0F, 0xC0, 0x00, 0xFF, 0xFF, 0xCF, 0xFF, 0xFC, 0xFF, 0xFF, 0xCF, 0xFF, 0xFC, 0xFC,
    0x00, 0x0F, 0xC0, 0x00, 0xFC, 0x00, 0x0F, 0xC0, 0x00, 0xFC, 0x00, 0x0F, 0xC0, 0x00, 0xFC, 0x00,
    0x0F, 0xFF, 0xFF, 0xFF, 0xFF, 0xFF, 0xFF, 0xFF, 0xFF, 0xFF, 0xFF, 0xFF, 0xFF, 0x01, 0xF8, 0x00,
    0x3F, 0xC0, 0x07, 0xDE, 0x00, 0x79, 0xF0, 0x0F, 0x0F, 0x81, 0x00, 0x00, 0x00, 0x00, 0x00, 0x00,
    0x00, 0xFF, 0xFF, 0xFF, 0xFF, 0xFF, 0xFF, 0xFF, 0xFF, 0xFF, 0xFF, 0xFF, 0xFF, 0xFF, 0xC0, 0x00,
    0xFC, 0x00, 0x0F, 0xC0, 0x00, 0xFC, 0x00, 0x0F, 0xC0, 0x00, 0xFC, 0x00, 0x0F, 0xC0, 0x00, 0xFF,
    0xFF, 0xCF, 0xFF, 0xFC, 0xFF, 0xFF, 0xCF, 0xFF, 0xFC, 0xFC, 0x00, 0x0F, 0xC0, 0x00, 0xFC, 0x00,
    0x0F, 0xC0, 0x00, 0xFC, 0x00, 0x0F, 0xC0, 0x00, 0xFC, 0x00, 0x0F, 0xFF, 0xFF, 0xFF, 0xFF, 0xFF,
    0xFF, 0xFF, 0xFF, 0xFF, 0xFF, 0xFF, 0xFF, 0x1E, 0x1F, 0x01, 0xF1, 0xF0, 0x3F, 0x1F, 0x01, 0xF1,
    0xF0, 0x1E, 0x0F, 0x00, 0x00, 0x00, 0x00, 0x00, 0x00, 0x00, 0x00, 0xFF, 0xFF, 0xFF, 0xFF, 0xFF,
    0xFF, 0xFF, 0xFF, 0xFF, 0xFF, 0xFF, 0xFF, 0xFF, 0xC0, 0x00, 0xFC, 0x00, 0x0F, 0xC0, 0x00, 0xFC,
    0x00, 0x0F, 0xC0, 0x00, 0xFC, 0x00, 0x0F, 0xC0, 0x00, 0xFF, 0xFF, 0xCF, 0xFF, 0xFC, 0xFF, 0xFF,
    0xCF, 0xFF, 0xFC, 0xFC, 0x00, 0x0F, 0xC0, 0x00, 0xFC, 0x00, 0x0F, 0xC0, 0x00, 0xFC, 0x00, 0x0F,
    0xC0, 0x00, 0xFC, 0x00, 0x0F, 0xFF, 0xFF, 0xFF, 0xFF, 0xFF, 0xFF, 0xFF, 0xFF, 0xFF, 0xFF, 0xFF,
    0xFF, 0xFC, 0x3E, 0x0F, 0x83, 0xC0, 0xF0, 0x00, 0x00, 0x00, 0x1F, 0x8F, 0xC7, 0xE3, 0xF1, 0xF8,
    0xFC, 0x7E, 0x3F, 0x1F, 0x8F, 0xC7, 0xE3, 0xF1, 0xF8, 0xFC, 0x7E, 0x3F, 0x1F, 0x8F, 0xC7, 0xE3,
    0xF1, 0xF8, 0xFC, 0x7E, 0x3F, 0x1F, 0x8F, 0xC7, 0xE3, 0xF0, 0x0F, 0x87, 0xC1, 0xE0, 0xF0, 0x3C,
    0x10, 0x00, 0x00, 0x00, 0xFC, 0x3F, 0x0F, 0xC3, 0xF0, 0xFC, 0x3F, 0x0F, 0xC3, 0xF0, 0xFC, 0x3F,
    0x0F, 0xC3, 0xF0, 0xFC, 0x3F, 0x0F, 0xC3, 0xF0, 0xFC, 0x3F, 0x0F, 0xC3, 0xF0, 0xFC, 0x3F, 0x0F,
    0xC3, 0xF0, 0xFC, 0x3F, 0x0F, 0xC3, 0xF0, 0x0F, 0xC0, 0x3F, 0xC0, 0xFB, 0xC1, 0xE7, 0xC7, 0x87,
    0xD0, 0x00, 0x00, 0x00, 0x00, 0x00, 0x0F, 0xC0, 0x1F, 0x80, 0x3F, 0x00, 0x7E, 0x00, 0xFC, 0x01,
    0xF8, 0x03, 0xF0, 0x07, 0xE0, 0x0F, 0xC0, 0x1F, 0x80, 0x3F, 0x00, 0x7E, 0x00, 0xFC, 0x01, 0xF8,
    0x03, 0xF0, 0x07, 0xE0, 0x0F, 0xC0, 0x1F, 0x80, 0x3F, 0x00, 0x7E, 0x00, 0xFC, 0x01, 0xF8, 0x03,
    0xF0, 0x07, 0xE0, 0x0F, 0xC0, 0x1F, 0x80, 0x3F, 0x00, 0x7E, 0x00, 0x78, 0x7C, 0xF8, 0xFB, 0xF1,
    0xF3, 0xE3, 0xE7, 0x83, 0xC0, 0x00, 0x00, 0x00, 0x00, 0x00, 0x0F, 0xC0, 0x1F, 0x80, 0x3F, 0x00,
    0x7E, 0x00, 0xFC, 0x01, 0xF8, 0x03, 0xF0, 0x07, 0xE0, 0x0F, 0xC0, 0x1F, 0x80, 0x3F, 0x00, 0x7E,
    0x00, 0xFC, 0x01, 0xF8, 0x03, 0xF0, 0x07, 0xE0, 0x0F, 0xC0, 0x1F, 0x80, 0x3F, 0x00, 0x7E, 0x00,
    0xFC, 0x01, 0xF8, 0x03, 0xF0, 0x07, 0xE0, 0x0F, 0xC0, 0x1F, 0x80, 0x3F, 0x00, 0x7E, 0x00, 0x0F,
    0xFF, 0x00, 0x00, 0xFF, 0xFF, 0x00, 0x0F, 0xFF, 0xFC, 0x00, 0xFF, 0xFF, 0xE0, 0x0F, 0xFF, 0xFF,
    0x00, 0xFC, 0x0F, 0xF8, 0x0F, 0xC0, 0x1F, 0xC0, 0xFC, 0x00, 0xFC, 0x0F, 0xC0, 0x07, 0xE0, 0xFC,
    0x00, 0x7E, 0x0F, 0xC0, 0x07, 0xE0, 0xFC, 0x00, 0x3E, 0xFF, 0xFE, 0x03, 0xEF, 0xFF, 0xE0, 0x3F,
    0xFF, 0xFE, 0x03, 0xFF, 0xFF, 0xE0, 0x3F, 0x0F, 0xC0, 0x03, 0xE0, 0xFC, 0x00, 0x3E, 0x0F, 0xC0,
    0x07, 0xE0, 0xFC, 0x00, 0x7E, 0x0F, 0xC0, 0x0F, 0xC0, 0xFC, 0x01, 0xFC, 0x0F, 0xC0, 0x3F, 0x80,
    0xFF, 0xFF, 0xF8, 0x0F, 0xFF, 0xFF, 0x00, 0xFF, 0xFF, 0xE0, 0x0F, 0xFF, 0xF8, 0x00, 0xFF, 0xFC,
    0x00, 0x00, 0xF0, 0xE0, 0x01, 0xFD, 0xE0, 0x03, 0xFF, 0xC0, 0x03, 0x8F, 0xC0, 0x03, 0x87, 0x80,
    0x00, 0x00, 0x00, 0x00, 0x00, 0x00, 0x00, 0x00, 0x00, 0xFC, 0x00, 0x3F, 0xFE, 0x00, 0x3F, 0xFF,
    0x00, 0x3F, 0xFF, 0x00, 0x3F, 0xFF, 0x80, 0x3F, 0xFF, 0xC0, 0x3F, 0xFF, 0xC0, 0x3F, 0xFF, 0xE0,
    0x3F, 0xFF, 0xF0, 0x3F, 0xFD, 0xF0, 0x3F, 0xFD, 0xF8, 0x3F, 0xFC, 0xF8, 0x3F, 0xFC, 0xFC, 0x3F,
    0xFC, 0x7E, 0x3F, 0xFC, 0x7E, 0x3F, 0xFC, 0x3F, 0x3F, 0xFC, 0x1F, 0x3F, 0xFC, 0x1F, 0xBF, 0xFC,
    0x0F, 0xFF, 0xFC, 0x0F, 0xFF, 0xFC, 0x07, 0xFF, 0xFC, 0x03, 0xFF, 0xFC, 0x03, 0xFF, 0xFC, 0x01,
    0xFF, 0xFC, 0x00, 0xFF, 0xFC, 0x00, 0xFF, 0xFC, 0x00, 0x7F, 0xFC, 0x00, 0x7F, 0x01, 0xF8, 0x00,
    0x00, 0x1F, 0x00, 0x00, 0x01, 0xF0, 0x00, 0x00, 0x1E, 0x00, 0x00, 0x01, 0xE0, 0x00, 0x00, 0x00,
    0x00, 0x00, 0x00, 0x00, 0x00, 0x00, 0x00, 0x00, 0x00, 0x7F, 0x80, 0x00, 0x3F, 0xFE, 0x00, 0x0F,
    0xFF, 0xE0, 0x07, 0xFF, 0xFE, 0x01, 0xFF, 0xFF, 0xE0, 0x3F, 0xC1, 0xFE, 0x0F, 0xE0, 0x0F, 0xE1,
    0xF8, 0x00, 0xFC, 0x7E, 0x00, 0x1F, 0xCF, 0xC0, 0x01, 0xF9, 0xF8, 0x00, 0x3F, 0x3E, 0x00, 0x07,
    0xE7, 0xC0, 0x00, 0x7D, 0xF8, 0x00, 0x0F, 0xBF, 0x00, 0x01, 0xF7, 0xE0, 0x00, 0x3E, 0x7C, 0x00,
    0x0F, 0xCF, 0xC0, 0x01, 0xF9, 0xF8, 0x00, 0x3F, 0x3F, 0x00, 0x07, 0xE3, 0xF0, 0x01, 0xF8, 0x7F,
    0x00, 0x7F, 0x07, 0xF0, 0x1F, 0xC0, 0xFF, 0xFF, 0xF8, 0x0F, 0xFF, 0xFE, 0x00, 0xFF, 0xFF, 0x80,
    0x0F, 0xFF, 0xC0, 0x00, 0x7F, 0xE0, 0x00, 0x00, 0x00, 0x00, 0x00, 0x03, 0xE0, 0x00, 0x00, 0xF8,
    0x00, 0x00, 0x1E, 0x00, 0x00, 0x07, 0x80, 0x00, 0x00, 0xF0, 0x00, 0x00, 0x20, 0x00, 0x00, 0x00,
    0x00, 0x00, 0x00, 0x00, 0x00, 0x00, 0x7F, 0x80, 0x00, 0x3F, 0xFE, 0x00, 0x0F, 0xFF, 0xE0, 0x07,
    0xFF, 0xFE, 0x01, 0xFF, 0xFF, 0xE0, 0x3F, 0xC1, 0xFE, 0x0F, 0xE0, 0x0F, 0xE1, 0xF8, 0x00, 0xFC,
    0x7E, 0x00, 0x1F, 0xCF, 0xC0, 0x01, 0xF9, 0xF8, 0x00, 0x3F, 0x3E, 0x00, 0x07, 0xE7, 0xC0, 0x00,
    0x7D, 0xF8, 0x00, 0x0F, 0xBF, 0x00, 0x01, 0xF7, 0xE0, 0x00, 0x3E, 0x7C, 0x00, 0x0F, 0xCF, 0xC0,
    0x01, 0xF9, 0xF8, 0x00, 0x3F, 0x3F, 0x00, 0x07, 0xE3, 0xF0, 0x01, 0xF8, 0x7F, 0x00, 0x7F, 0x07,
    0xF0, 0x1F, 0xC0, 0xFF, 0xFF, 0xF8, 0x0F, 0xFF, 0xFE, 0x00, 0xFF, 0xFF, 0x80, 0x0F, 0xFF, 0xC0,
    0x00, 0x7F, 0xE0, 0x00, 0x00, 0x00, 0x00, 0x00, 0x3F, 0x00, 0x00, 0x0F, 0xF0, 0x00, 0x03, 0xEF,
    0x00, 0x00, 0x79, 0xF0, 0x00, 0x1E, 0x1F, 0x00, 0x04, 0x00, 0x00, 0x00, 0x00, 0x00, 0x00, 0x00,
    0x00, 0x00, 0x00, 0x7F, 0x80, 0x00, 0x3F, 0xFE, 0x00, 0x0F, 0xFF, 0xE0, 0x07, 0xFF, 0xFE, 0x01,
    0xFF, 0xFF, 0xE0, 0x3F, 0xC1, 0xFE, 0x0F, 0xE0, 0x0F, 0xE1, 0xF8, 0x00, 0xFC, 0x7E, 0x00, 0x1F,
    0xCF, 0xC0, 0x01, 0xF9, 0xF8, 0x00, 0x3F, 0x3E, 0x00, 0x07, 0xE7, 0xC0, 0x00, 0x7D, 0xF8, 0x00,
    0x0F, 0xBF, 0x00, 0x01, 0xF7, 0xE0, 0x00, 0x3E, 0x7C, 0x00, 0x0F, 0xCF, 0xC0, 0x01, 0xF9, 0xF8,
    0x00, 0x3F, 0x3F, 0x00, 0x07, 0xE3, 0xF0, 0x01, 0xF8, 0x7F, 0x00, 0x7F, 0x07, 0xF0, 0x1F, 0xC0,
    0xFF, 0xFF, 0xF8, 0x0F, 0xFF, 0xFE, 0x00, 0xFF, 0xFF, 0x80, 0x0F, 0xFF, 0xC0, 0x00, 0x7F, 0xE0,
    0x00, 0x00, 0x00, 0x00, 0x00, 0x78, 0x70, 0x00, 0x1F, 0xDE, 0x00, 0x07, 0xFF, 0x80, 0x00, 0xE3,
    0xF0, 0x00, 0x1C, 0x3C, 0x00, 0x00, 0x00, 0x00, 0x00, 0x00, 0x00, 0x00, 0x00, 0x00, 0x00, 0x00,
    0x7F, 0x80, 0x00, 0x3F, 0xFE, 0x00, 0x0F, 0xFF, 0xE0, 0x07, 0xFF, 0xFE, 0x01, 0xFF, 0xFF, 0xE0,
    0x3F, 0xC1, 0xFE, 0x0F, 0xE0, 0x0F, 0xE1, 0xF8, 0x00, 0xFC, 0x7E, 0x00, 0x1F, 0xCF, 0xC0, 0x01,
    0xF9, 0xF8, 0x00, 0x3F, 0x3E, 0x00, 0x07, 0xE7, 0xC0, 0x00, 0x7D, 0xF8, 0x00, 0x0F, 0xBF, 0x00,
    0x01, 0xF7, 0xE0, 0x00, 0x3E, 0x7C, 0x00, 0x0F, 0xCF, 0xC0, 0x01, 0xF9, 0xF8, 0x00, 0x3F, 0x3F,
    0x00, 0x07, 0xE3, 0xF0, 0x01, 0xF8, 0x7F, 0x00, 0x7F, 0x07, 0xF0, 0x1F, 0xC0, 0xFF, 0xFF, 0xF8,
    0x0F, 0xFF, 0xFE, 0x00, 0xFF, 0xFF, 0x80, 0x0F, 0xFF, 0xC0, 0x00, 0x7F, 0xE0, 0x00, 0x00, 0x00,
    0x00, 0x01, 0xE1, 0xF0, 0x00, 0x3E, 0x3E, 0x00, 0x0F, 0xC7, 0xC0, 0x00, 0xF8, 0xF8, 0x00, 0x1E,
    0x0F, 0x00, 0x00, 0x00, 0x00, 0x00, 0x00, 0x00, 0x00, 0x00, 0x00, 0x00, 0x00, 0x7F, 0x80, 0x00,
    0x3F, 0xFE, 0x00, 0x0F, 0xFF, 0xE0, 0x07, 0xFF, 0xFE, 0x01, 0xFF, 0xFF, 0xE0, 0x3F, 0xC1, 0xFE,
    0x0F, 0xE0, 0x0F, 0xE1, 0xF8, 0x00, 0xFC, 0x7E, 0x00, 0x1F, 0xCF, 0xC0, 0x01, 0xF9, 0xF8, 0x00,
    0x3F, 0x3E, 0x00, 0x07, 0xE7, 0xC0, 0x00, 0x7D, 0xF8, 0x00, 0x0F, 0xBF, 0x00, 0x01, 0xF7, 0xE0,
    0x00, 0x3E, 0x7C, 0x00, 0x0F, 0xCF, 0xC0, 0x01, 0xF9, 0xF8, 0x00, 0x3F, 0x3F, 0x00, 0x07, 0xE3,
    0xF0, 0x01, 0xF8, 0x7F, 0x00, 0x7F, 0x07, 0xF0, 0x1F, 0xC0, 0xFF, 0xFF, 0xF8, 0x0F, 0xFF, 0xFE,
    0x00, 0xFF, 0xFF, 0x80, 0x0F, 0xFF, 0xC0, 0x00, 0x7F, 0xE0, 0x00, 0x00, 0x00, 0x00, 0x08, 0x00,
    0x80, 0xE0, 0x06, 0x0F, 0x80, 0x78, 0xFE, 0x07, 0xE3, 0xF8, 0x7F, 0x0F, 0xE7, 0xF0, 0x3F, 0xFF,
    0x00, 0xFF, 0xF0, 0x03, 0xFF, 0x00, 0x0F, 0xF0, 0x00, 0x7F, 0x80, 0x07, 0xFE, 0x00, 0x7F, 0xF8,
    0x07, 0xFF, 0xE0, 0x7F, 0x3F, 0x87, 0xF0, 0xFE, 0x7F, 0x03, 0xF1, 0xF0, 0x0F, 0x07, 0x00, 0x30,
    0x10, 0x01, 0x00, 0x00, 0x00, 0x02, 0x00, 0x0F, 0xF0, 0xE0, 0x07, 0xFF, 0xDF, 0x01, 0xFF, 0xFF,
    0xC0, 0xFF, 0xFF, 0xF0, 0x3F, 0xFF, 0xFC, 0x07, 0xF8, 0x3F, 0xC1, 0xFC, 0x03, 0xFC, 0x3F, 0x00,
    0xFF, 0x8F, 0xC0, 0x3F, 0xF9, 0xF8, 0x0F, 0xBF, 0x3F, 0x01, 0xE7, 0xE7, 0xC0, 0x7C, 0xFC, 0xF8,
    0x1F, 0x0F, 0xBF, 0x07, 0xC1, 0xF7, 0xE1, 0xF0, 0x3E, 0xFC, 0x3C, 0x07, 0xCF, 0x8F, 0x81, 0xF9,
    0xFB, 0xE0, 0x3F, 0x3F, 0xF8, 0x07, 0xE7, 0xFE, 0x00, 0xFC, 0x7F, 0x80, 0x3F, 0x0F, 0xF0, 0x0F,
    0xE0, 0xFE, 0x03, 0xF8, 0x1F, 0xFF, 0xFF, 0x07, 0xFF, 0xFF, 0xC0, 0xFF, 0xFF, 0xF0, 0x3F, 0xFF,
    0xF8, 0x07, 0x8F, 0xFC, 0x00, 0x20, 0x00, 0x00, 0x00, 0x00, 0x00, 0x00, 0x07, 0xE0, 0x00, 0x03,
    0xE0, 0x00, 0x01, 0xF0, 0x00, 0x00, 0xF0, 0x00, 0x00, 0x78, 0x00, 0x00, 0x00, 0x00, 0x00, 0x00,
    0x00, 0x00, 0x00, 0x00, 0xFC, 0x00, 0x7E, 0xFC, 0x00, 0x7E, 0xFC, 0x00, 0x7E, 0xFC, 0x00, 0x7E,
    0xFC, 0x00, 0x7E, 0xFC, 0x00, 0x7E, 0xFC, 0x00, 0x7E, 0xFC, 0x00, 0x7E, 0xFC, 0x00, 0x7E, 0xFC,
    0x00, 0x7E, 0xFC, 0x00, 0x7E, 0xFC, 0x00, 0x7E, 0xFC, 0x00, 0x7E, 0xFC, 0x00, 0x7E, 0xFC, 0x00,
    0x7E, 0xFC, 0x00, 0x7E, 0xFC, 0x00, 0x7E, 0xFC, 0x00, 0x7E, 0xFC, 0x00, 0x7E, 0xFC, 0x00, 0x7E,
    0xFC, 0x00, 0x7E, 0x7E, 0x00, 0xFE, 0x7F, 0x01, 0xFC, 0x3F, 0xFF, 0xFC, 0x3F, 0xFF, 0xF8, 0x1F,
    0xFF, 0xF0, 0x0F, 0xFF, 0xE0, 0x03, 0xFF, 0x80, 0x00, 0x00, 0x00, 0x00, 0x0F, 0x80, 0x00, 0x1F,
    0x00, 0x00, 0x1E, 0x00, 0x00, 0x3C, 0x00, 0x00, 0x3C, 0x00, 0x00, 0x40, 0x00, 0x00, 0x00, 0x00,
    0x00, 0x00, 0x00, 0xFC, 0x00, 0x7E, 0xFC, 0x00, 0x7E, 0xFC, 0x00, 0x7E, 0xFC, 0x00, 0x7E, 0xFC,
    0x00, 0x7E, 0xFC, 0x00, 0x7E, 0xFC, 0x00, 0x7E, 0xFC, 0x00, 0x7E, 0xFC, 0x00, 0x7E, 0xFC, 0x00,
    0x7E, 0xFC, 0x00, 0x7E, 0xFC, 0x00, 0x7E, 0xFC, 0x00, 0x7E, 0xFC, 0x00, 0x7E, 0xFC, 0x00, 0x7E,
    0xFC, 0x00, 0x7E, 0xFC, 0x00, 0x7E, 0xFC, 0x00, 0x7E, 0xFC, 0x00, 0x7E, 0xFC, 0x00, 0x7E, 0xFC,
    0x00, 0x7E, 0x7E, 0x00, 0xFE, 0x7F, 0x01, 0xFC, 0x3F, 0xFF, 0xFC, 0x3F, 0xFF, 0xF8, 0x1F, 0xFF,
    0xF0, 0x0F, 0xFF, 0xE0, 0x03, 0xFF, 0x80, 0x00, 0x00, 0x00, 0x00, 0xFC, 0x00, 0x01, 0xFE, 0x00,
    0x03, 0xEF, 0x00, 0x03, 0xCF, 0x80, 0x07, 0x87, 0xC0, 0x08, 0x00, 0x00, 0x00, 0x00, 0x00, 0x00,
    0x00, 0x00, 0xFC, 0x00, 0x7E, 0xFC, 0x00, 0x7E, 0xFC, 0x00, 0x7E, 0xFC, 0x00, 0x7E, 0xFC, 0x00,
    0x7E, 0xFC, 0x00, 0x7E, 0xFC, 0x00, 0x7E, 0xFC, 0x00, 0x7E, 0xFC, 0x00, 0x7E, 0xFC, 0x00, 0x7E,
    0xFC, 0x00, 0x7E, 0xFC, 0x00, 0x7E, 0xFC, 0x00, 0x7E, 0xFC, 0x00, 0x7E, 0xFC, 0x00, 0x7E, 0xFC,
    0x00, 0x7E, 0xFC, 0x00, 0x7E, 0xFC, 0x00, 0x7E, 0xFC, 0x00, 0x7E, 0xFC, 0x00, 0x7E, 0xFC, 0x00,
    0x7E, 0x7E, 0x00, 0xFE, 0x7F, 0x01, 0xFC, 0x3F, 0xFF, 0xFC, 0x3F, 0xFF, 0xF8, 0x1F, 0xFF, 0xF0,
    0x0F, 0xFF, 0xE0, 0x03, 0xFF, 0x80, 0x00, 0x00, 0x00, 0x07, 0x87, 0xC0, 0x07, 0xC7, 0xC0, 0x0F,
    0xC7, 0xC0, 0x07, 0xC7, 0xC0, 0x07, 0x83, 0xC0, 0x00, 0x00, 0x00, 0x00, 0x00, 0x00, 0x00, 0x00,
    0x00, 0xFC, 0x00, 0x7E, 0xFC, 0x00, 0x7E, 0xFC, 0x00, 0x7E, 0xFC, 0x00, 0x7E, 0xFC, 0x00, 0x7E,
    0xFC, 0x00, 0x7E, 0xFC, 0x00, 0x7E, 0xFC, 0x00, 0x7E, 0xFC, 0x00, 0x7E, 0xFC, 0x00, 0x7E, 0xFC,
    0x00, 0x7E, 0xFC, 0x00, 0x7E, 0xFC, 0x00, 0x7E, 0xFC, 0x00, 0x7E, 0xFC, 0x00, 0x7E, 0xFC, 0x00,
    0x7E, 0xFC, 0x00, 0x7E, 0xFC, 0x00, 0x7E, 0xFC, 0x00, 0x7E, 0xFC, 0x00, 0x7E, 0xFC, 0x00, 0x7E,
    0x7E, 0x00, 0xFE, 0x7F, 0x01, 0xFC, 0x3F, 0xFF, 0xFC, 0x3F, 0xFF, 0xF8, 0x1F, 0xFF, 0xF0, 0x0F,
    0xFF, 0xE0, 0x03, 0xFF, 0x80, 0x00, 0x00, 0x00, 0x00, 0x03, 0xE0, 0x00, 0x00, 0xF8, 0x00, 0x00,
    0x1E, 0x00, 0x00, 0x07, 0x80, 0x00, 0x00, 0xF0, 0x00, 0x00, 0x20, 0x00, 0x00, 0x00, 0x00, 0x00,
    0x00, 0x00, 0x00, 0xFE, 0x00, 0x0F, 0xCF, 0xE0, 0x03, 0xF8, 0xFC, 0x00, 0x7E, 0x1F, 0xC0, 0x1F,
    0xC1, 0xF8, 0x03, 0xF0, 0x1F, 0x80, 0xFC, 0x03, 0xF0, 0x1F, 0x80, 0x3F, 0x07, 0xE0, 0x07, 0xF1,
    0xFC, 0x00, 0x7E, 0x3F, 0x00, 0x07, 0xEF, 0xC0, 0x00, 0xFD, 0xF8, 0x00, 0x0F, 0xFE, 0x00, 0x01,
    0xFF, 0xC0, 0x00, 0x1F, 0xF0, 0x00, 0x03, 0xFE, 0x00, 0x00, 0x3F, 0x80, 0x00, 0x03, 0xE0, 0x00,
    0x00, 0x7C, 0x00, 0x00, 0x0F, 0x80, 0x00, 0x01, 0xF0, 0x00, 0x00, 0x3E, 0x00, 0x00, 0x07, 0xC0,
    0x00, 0x00, 0xF8, 0x00, 0x00, 0x1F, 0x00, 0x00, 0x03, 0xE0, 0x00, 0x00, 0x7C, 0x00, 0x00, 0x0F,
    0x80, 0x00, 0xFC, 0x00, 0x07, 0xE0, 0x00, 0x3F, 0x00, 0x01, 0xF8, 0x00, 0x0F, 0xC0, 0x00, 0x7F,
    0xF0, 0x03, 0xFF, 0xF8, 0x1F, 0xFF, 0xF0, 0xFF, 0xFF, 0xC7, 0xFF, 0xFF, 0x3F, 0x01, 0xF9, 0xF8,
    0x07, 0xEF, 0xC0, 0x1F, 0x7E, 0x00, 0xFB, 0xF0, 0x07, 0xDF, 0x80, 0x3E, 0xFC, 0x03, 0xF7, 0xE0,
    0x7F, 0x3F, 0xFF, 0xF9, 0xFF, 0xFF, 0x8F, 0xFF, 0xF8, 0x7F, 0xFF, 0x03, 0xF0, 0x00, 0x1F, 0x80,
    0x00, 0xFC, 0x00, 0x07, 0xE0, 0x00, 0x3F, 0x00, 0x01, 0xF8, 0x00, 0x00, 0x00, 0x00, 0x00, 0x0F,
    0xF0, 0x00, 0xFF, 0xF0, 0x0F, 0xFF, 0xE0, 0x7F, 0xFF, 0xC1, 0xFF, 0xFF, 0x87, 0xE0, 0xFE, 0x3F,
    0x01, 0xF8, 0xFC, 0x03, 0xE3, 0xF0, 0x0F, 0x8F, 0xC0, 0x7E, 0x3F, 0x01, 0xF8, 0xFC, 0x0F, 0xC3,
    0xF1, 0xFE, 0x0F, 0xC7, 0xE0, 0x3F, 0x1F, 0xF0, 0xFC, 0x7F, 0xF3, 0xF0, 0x1F, 0xCF, 0xC0, 0x1F,
    0xBF, 0x00, 0x7E, 0xFC, 0x00, 0xFB, 0xF0, 0x03, 0xEF, 0xC0, 0x1F, 0xBF, 0x00, 0xFE, 0xFC, 0x7F,
    0xFB, 0xF1, 0xFF, 0xCF, 0xC7, 0xFE, 0x3F, 0x1F, 0xF0, 0xFC, 0x7F, 0x00, 0x00, 0x00, 0x01, 0xF8,
    0x00, 0x1F, 0x00, 0x01, 0xF0, 0x00, 0x1E, 0x00, 0x01, 0xE0, 0x00, 0x00, 0x00, 0x00, 0x00, 0x00,
    0x00, 0x00, 0xFF, 0xC0, 0x7F, 0xFC, 0x1F, 0xFF, 0xC3, 0xFF, 0xFC, 0xFC, 0x1F, 0x9F, 0x01, 0xF0,
    0x00, 0x3E, 0x00, 0x0F, 0xC0, 0x7F, 0xF8, 0x7F, 0xFF, 0x1F, 0xFF, 0xE7, 0xF8, 0x7D, 0xF8, 0x0F,
    0xBF, 0x01, 0xF7, 0xE0, 0x7E, 0xFC, 0x0F, 0xCF, 0xEF, 0xF9, 0xFF, 0xFF, 0x1F, 0xFB, 0xE1, 0xFE,
    0x7C, 0x00, 0x00, 0x00, 0x00, 0x00, 0x00, 0x07, 0xC0, 0x01, 0xF0, 0x00, 0x3C, 0x00, 0x0F, 0x00,
    0x01, 0xE0, 0x00, 0x40, 0x00, 0x00, 0x00, 0x00, 0x00, 0x00, 0xFF, 0xC0, 0x7F, 0xFC, 0x1F, 0xFF,
    0xC3, 0xFF, 0xFC, 0xFC, 0x1F, 0x9F, 0x01, 0xF0, 0x00, 0x3E, 0x00, 0x0F, 0xC0, 0x7F, 0xF8, 0x7F,
    0xFF, 0x1F, 0xFF, 0xE7, 0xF8, 0x7D, 0xF8, 0x0F, 0xBF, 0x01, 0xF7, 0xE0, 0x7E, 0xFC, 0x0F, 0xCF,
    0xEF, 0xF9, 0xFF, 0xFF, 0x1F, 0xFB, 0xE1, 0xFE, 0x7C, 0x00, 0x00, 0x00, 0x00, 0x00, 0x00, 0x7E,
    0x00, 0x1F, 0xE0, 0x07, 0xDE, 0x00, 0xF3, 0xE0, 0x3C, 0x3E, 0x08, 0x00, 0x00, 0x00, 0x00, 0x00,
    0x00, 0x00, 0xFF, 0xC0, 0x7F, 0xFC, 0x1F, 0xFF, 0xC3, 0xFF, 0xFC, 0xFC, 0x1F, 0x9F, 0x01, 0xF0,
    0x00, 0x3E, 0x00, 0x0F, 0xC0, 0x7F, 0xF8, 0x7F, 0xFF, 0x1F, 0xFF, 0xE7, 0xF8, 0x7D, 0xF8, 0x0F,
    0xBF, 0x01, 0xF7, 0xE0, 0x7E, 0xFC, 0x0F, 0xCF, 0xEF, 0xF9, 0xFF, 0xFF, 0x1F, 0xFB, 0xE1, 0xFE,
    0x7C, 0x00, 0x00, 0x00, 0x00, 0x00, 0x00, 0xF0, 0xE0, 0x3F, 0xBC, 0x0F, 0xFF, 0x01, 0xC7, 0xE0,
    0x38, 0x78, 0x00, 0x00, 0x00, 0x00, 0x00, 0x00, 0x00, 0x00, 0xFF, 0xC0, 0x7F, 0xFC, 0x1F, 0xFF,
    0xC3, 0xFF, 0xFC, 0xFC, 0x1F, 0x9F, 0x01, 0xF0, 0x00, 0x3E, 0x00, 0x0F, 0xC0, 0x7F, 0xF8, 0x7F,
    0xFF, 0x1F, 0xFF, 0xE7, 0xF8, 0x7D, 0xF8, 0x0F, 0xBF, 0x01, 0xF7, 0xE0, 0x7E, 0xFC, 0x0F, 0xCF,
    0xEF, 0xF9, 0xFF, 0xFF, 0x1F, 0xFB, 0xE1, 0xFE, 0x7C, 0x00, 0x00, 0x00, 0x00, 0x00, 0x03, 0xC3,
    0xE0, 0x7C, 0x7C, 0x1F, 0x8F, 0x81, 0xF1, 0xF0, 0x3C, 0x1E, 0x00, 0x00, 0x00, 0x00, 0x00, 0x00,
    0x00, 0x00, 0xFF, 0xC0, 0x7F, 0xFC, 0x1F, 0xFF, 0xC3, 0xFF, 0xFC, 0xFC, 0x1F, 0x9F, 0x01, 0xF0,
    0x00, 0x3E, 0x00, 0x0F, 0xC0, 0x7F, 0xF8, 0x7F, 0xFF, 0x1F, 0xFF, 0xE7, 0xF8, 0x7D, 0xF8, 0x0F,
    0xBF, 0x01, 0xF7, 0xE0, 0x7E, 0xFC, 0x0F, 0xCF, 0xEF, 0xF9, 0xFF, 0xFF, 0x1F, 0xFB, 0xE1, 0xFE,
    0x7C, 0x00, 0x00, 0x00, 0x00, 0xE0, 0x00, 0x7F, 0x00, 0x0F, 0xF0, 0x03, 0x8F, 0x00, 0x70, 0xE0,
    0x0E, 0x1C, 0x01, 0xE7, 0x00, 0x1F, 0xE0, 0x01, 0xF8, 0x00, 0x00, 0x00, 0x00, 0x00, 0x03, 0xFF,
    0x01, 0xFF, 0xF0, 0x7F, 0xFF, 0x0F, 0xFF, 0xF3, 0xF0, 0x7E, 0x7C, 0x07, 0xC0, 0x00, 0xF8, 0x00,
    0x3F, 0x01, 0xFF, 0xE1, 0xFF, 0xFC, 0x7F, 0xFF, 0x9F, 0xE1, 0xF7, 0xE0, 0x3E, 0xFC, 0x07, 0xDF,
    0x81, 0xFB, 0xF0, 0x3F, 0x3F, 0xBF, 0xE7, 0xFF, 0xFC, 0x7F, 0xEF, 0x87, 0xF9, 0xF0, 0x00, 0x00,
    0x00, 0x00, 0x00, 0x00, 0x07, 0xFC, 0x3F, 0xE0, 0x1F, 0xFE, 0xFF, 0xF0, 0x3F, 0xFF, 0xFF, 0xF8,
    0x3F, 0xFF, 0xFF, 0xFC, 0x7E, 0x0F, 0xF0, 0x7E, 0x7C, 0x07, 0xE0, 0x3E, 0x00, 0x07, 0xC0, 0x3E,
    0x00, 0x07, 0xC0, 0x1F, 0x07, 0xFF, 0xFF, 0xFF, 0x1F, 0xFF, 0xFF, 0xFF, 0x3F, 0xFF, 0xFF, 0xFF,
    0x7F, 0x07, 0xC0, 0x00, 0x7C, 0x07, 0xC0, 0x00, 0xFC, 0x07, 0xC0, 0x00, 0xFC, 0x0F, 0xE0, 0x3F,
    0xFC, 0x0F, 0xF0, 0x7E, 0x7F, 0x7F, 0xFF, 0xFE, 0x7F, 0xFF, 0xFF, 0xFC, 0x3F, 0xFC, 0x7F, 0xF8,
    0x1F, 0xF0, 0x3F, 0xE0, 0x00, 0x00, 0x00, 0x00, 0x00, 0x00, 0x00, 0x3F, 0xE0, 0x0F, 0xFF, 0x01,
    0xFF, 0xF8, 0x3F, 0xFF, 0xC3, 0xF0, 0xFE, 0x7E, 0x07, 0xE7, 0xE0, 0x3E, 0x7C, 0x00, 0x0F, 0xC0,
    0x00, 0xFC, 0x00, 0x0F, 0xC0, 0x00, 0xFC, 0x00, 0x07, 0xC0, 0x00, 0x7E, 0x03, 0xE7, 0xE0, 0x7E,
    0x3F, 0x0F, 0xE3, 0xFF, 0xFC, 0x1F, 0xFF, 0x80, 0xFF, 0xF0, 0x03, 0xFE, 0x00, 0x07, 0x00, 0x00,
    0x70, 0x00, 0x07, 0xC0, 0x00, 0x0E, 0x00, 0x00, 0xE0, 0x00, 0x1E, 0x00, 0x0F, 0xE0, 0x00, 0xF8,
    0x00, 0x00, 0x00, 0x00, 0xFC, 0x00, 0x07, 0xC0, 0x00, 0x3E, 0x00, 0x01, 0xE0, 0x00, 0x0F, 0x00,
    0x00, 0x00, 0x00, 0x00, 0x00, 0x00, 0x00, 0x00, 0x3F, 0xC0, 0x0F, 0xFF, 0x01, 0xFF, 0xF8, 0x3F,
    0xFF, 0xC3, 0xF0, 0x7E, 0x7E, 0x03, 0xE7, 0xC0, 0x3E, 0x7C, 0x03, 0xFF, 0xFF, 0xFF, 0xFF, 0xFF,
    0xFF, 0xFF, 0xFF, 0xFC, 0x00, 0x07, 0xC0, 0x00, 0x7C, 0x00, 0x07, 0xE0, 0x3E, 0x3F, 0x07, 0xE3,
    0xFF, 0xFE, 0x1F, 0xFF, 0xC0, 0xFF, 0xF8, 0x03, 0xFE, 0x00, 0x00, 0x00, 0x00, 0x00, 0x00, 0x01,
    0xF0, 0x00, 0x3E, 0x00, 0x03, 0xC0, 0x00, 0x78, 0x00, 0x07, 0x80, 0x00, 0x80, 0x00, 0x00, 0x00,
    0x00, 0x00, 0x00, 0x3F, 0xC0, 0x0F, 0xFF, 0x01, 0xFF, 0xF8, 0x3F, 0xFF, 0xC3, 0xF0, 0x7E, 0x7E,
    0x03, 0xE7, 0xC0, 0x3E, 0x7C, 0x03, 0xFF, 0xFF, 0xFF, 0xFF, 0xFF, 0xFF, 0xFF, 0xFF, 0xFC, 0x00,
    0x07, 0xC0, 0x00, 0x7C, 0x00, 0x07, 0xE0, 0x3E, 0x3F, 0x07, 0xE3, 0xFF, 0xFE, 0x1F, 0xFF, 0xC0,
    0xFF, 0xF8, 0x03, 0xFE, 0x00, 0x00, 0x00, 0x00, 0x00, 0x00, 0x1F, 0x80, 0x03, 0xFC, 0x00, 0x7D,
    0xE0, 0x07, 0x9F, 0x00, 0xF0, 0xF8, 0x10, 0x00, 0x00, 0x00, 0x00, 0x00, 0x00, 0x00, 0x3F, 0xC0,
    0x0F, 0xFF, 0x01, 0xFF, 0xF8, 0x3F, 0xFF, 0xC3, 0xF0, 0x7E, 0x7E, 0x03, 0xE7, 0xC0, 0x3E, 0x7C,
    0x03, 0xFF, 0xFF, 0xFF, 0xFF, 0xFF, 0xFF, 0xFF, 0xFF, 0xFC, 0x00, 0x07, 0xC0, 0x00, 0x7C, 0x00,
    0x07, 0xE0, 0x3E, 0x3F, 0x07, 0xE3, 0xFF, 0xFE, 0x1F, 0xFF, 0xC0, 0xFF, 0xF8, 0x03, 0xFE, 0x00,
    0x00, 0x00, 0x00, 0x00, 0x00, 0xF0, 0xF8, 0x0F, 0x8F, 0x81, 0xF8, 0xF8, 0x0F, 0x8F, 0x80, 0xF0,
    0x78, 0x00, 0x00, 0x00, 0x00, 0x00, 0x00, 0x00, 0x00, 0x3F, 0xC0, 0x0F, 0xFF, 0x01, 0xFF, 0xF8,
    0x3F, 0xFF, 0xC3, 0xF0, 0x7E, 0x7E, 0x03, 0xE7, 0xC0, 0x3E, 0x7C, 0x03, 0xFF, 0xFF, 0xFF, 0xFF,
    0xFF, 0xFF, 0xFF, 0xFF, 0xFC, 0x00, 0x07, 0xC0, 0x00, 0x7C, 0x00, 0x07, 0xE0, 0x3E, 0x3F, 0x07,
    0xE3, 0xFF, 0xFE, 0x1F, 0xFF, 0xC0, 0xFF, 0xF8, 0x03, 0xFE, 0x00, 0x00, 0x00, 0x00, 0x1F, 0x83,
    0xE0, 0x7C, 0x0F, 0x01, 0xE0, 0x00, 0x00, 0x00, 0x03, 0xF0, 0xFC, 0x3F, 0x0F, 0xC3, 0xF0, 0xFC,
    0x3F, 0x0F, 0xC3, 0xF0, 0xFC, 0x3F, 0x0F, 0xC3, 0xF0, 0xFC, 0x3F, 0x0F, 0xC3, 0xF0, 0xFC, 0x3F,
    0x0F, 0xC0, 0x00, 0x07, 0xC7, 0xC3, 0xC3, 0xC1, 0xE1, 0x00, 0x00, 0x00, 0x7E, 0x3F, 0x1F, 0x8F,
    0xC7, 0xE3, 0xF1, 0xF8, 0xFC, 0x7E, 0x3F, 0x1F, 0x8F, 0xC7, 0xE3, 0xF1, 0xF8, 0xFC, 0x7E, 0x3F,
    0x1F, 0x8F, 0xC0, 0x00, 0x00, 0x0F, 0xC0, 0x3F, 0xC0, 0xFB, 0xC1, 0xE7, 0xC7, 0x87, 0xD0, 0x00,
    0x00, 0x00, 0x00, 0x00, 0x0F, 0xC0, 0x1F, 0x80, 0x3F, 0x00, 0x7E, 0x00, 0xFC, 0x01, 0xF8, 0x03,
    0xF0, 0x07, 0xE0, 0x0F, 0xC0, 0x1F, 0x80, 0x3F, 0x00, 0x7E, 0x00, 0xFC, 0x01, 0xF8, 0x03, 0xF0,
    0x07, 0xE0, 0x0F, 0xC0, 0x1F, 0x80, 0x3F, 0x00, 0x7E, 0x00, 0x00, 0x00, 0xF0, 0xF9, 0xF1, 0xF7,
    0xE3, 0xE7, 0xC7, 0xCF, 0x07, 0x80, 0x00, 0x00, 0x00, 0x00, 0x00, 0x0F, 0xC0, 0x1F, 0x80, 0x3F,
    0x00, 0x7E, 0x00, 0xFC, 0x01, 0xF8, 0x03, 0xF0, 0x07, 0xE0, 0x0F, 0xC0, 0x1F, 0x80, 0x3F, 0x00,
    0x7E, 0x00, 0xFC, 0x01, 0xF8, 0x03, 0xF0, 0x07, 0xE0, 0x0F, 0xC0, 0x1F, 0x80, 0x3F, 0x00, 0x7E,
    0x00, 0x00, 0x00, 0x00, 0xC0, 0x10, 0x0F, 0x83, 0x00, 0xFE, 0xF0, 0x07, 0xFE, 0x00, 0x1F, 0x80,
    0x03, 0xFC, 0x00, 0xFB, 0xE0, 0x0F, 0x1F, 0x00, 0xC0, 0xF8, 0x00, 0x07, 0xC0, 0x7F, 0x7C, 0x0F,
    0xFB, 0xE1, 0xFF, 0xFE, 0x3F, 0x8F, 0xE7, 0xE0, 0x7F, 0x7C, 0x03, 0xF7, 0xC0, 0x3F, 0xFC, 0x01,
    0xFF, 0xC0, 0x1F, 0xFC, 0x01, 0xFF, 0xC0, 0x1F, 0xFC, 0x01, 0xF7, 0xC0, 0x3E, 0x7E, 0x03, 0xE7,
    0xF0, 0x7E, 0x3F, 0xFF, 0xC1, 0xFF, 0xF8, 0x0F, 0xFF, 0x00, 0x3F, 0xE0, 0x00, 0x00, 0x00, 0x00,
    0x00, 0x00, 0xF0, 0xE0, 0x3F, 0xBC, 0x0F, 0xFF, 0x01, 0xC7, 0xE0, 0x38, 0x78, 0x00, 0x00, 0x00,
    0x00, 0x00, 0x00, 0x00, 0x1F, 0x1F, 0xC3, 0xE7, 0xFE, 0x7D, 0xFF, 0xEF, 0xFF, 0xFD, 0xFE, 0x3F,
    0xBF, 0x83, 0xFF, 0xE0, 0x3F, 0xFC, 0x07, 0xFF, 0x80, 0xFF, 0xF0, 0x1F, 0xFE, 0x03, 0xFF, 0xC0,
    0x7F, 0xF8, 0x0F, 0xFF, 0x01, 0xFF, 0xE0, 0x3F, 0xFC, 0x07, 0xFF, 0x80, 0xFF, 0xF0, 0x1F, 0xFE,
    0x03, 0xFF, 0xC0, 0x7E, 0x00, 0x00, 0x00, 0x7E, 0x00, 0x01, 0xF0, 0x00, 0x07, 0xC0, 0x00, 0x1E,
    0x00, 0x00, 0x78, 0x00, 0x00, 0x00, 0x00, 0x00, 0x00, 0x00, 0x00, 0x00, 0x1F, 0xF0, 0x03, 0xFF,
    0xE0, 0x3F, 0xFF, 0x83, 0xFF, 0xFC, 0x1F, 0x87, 0xF1, 0xF8, 0x1F, 0xCF, 0xC0, 0x7E, 0x7C, 0x03,
    0xF7, 0xE0, 0x0F, 0xBF, 0x00, 0x7D, 0xF8, 0x03, 0xEF, 0xC0, 0x1F, 0x3E, 0x01, 0xF9, 0xF8, 0x0F,
    0xCF, 0xC0, 0xFE, 0x3F, 0x0F, 0xE1, 0xFF, 0xFE, 0x07, 0xFF, 0xF0, 0x1F, 0xFF, 0x00, 0x3F, 0xE0,
    0x00, 0x00, 0x00, 0x00, 0x00, 0x00, 0x00, 0xF8, 0x00, 0x0F, 0x80, 0x00, 0x78, 0x00, 0x07, 0x80,
    0x00, 0x3C, 0x00, 0x02, 0x00, 0x00, 0x00, 0x00, 0x00, 0x00, 0x00, 0x1F, 0xF0, 0x03, 0xFF, 0xE0,
    0x3F, 0xFF, 0x83, 0xFF, 0xFC, 0x1F, 0x87, 0xF1, 0xF8, 0x1F, 0xCF, 0xC0, 0x7E, 0x7C, 0x03, 0xF7,
    0xE0, 0x0F, 0xBF, 0x00, 0x7D, 0xF8, 0x03, 0xEF, 0xC0, 0x1F, 0x3E, 0x01, 0xF9, 0xF8, 0x0F, 0xCF,
    0xC0, 0xFE, 0x3F, 0x0F, 0xE1, 0xFF, 0xFE, 0x07, 0xFF, 0xF0, 0x1F, 0xFF, 0x00, 0x3F, 0xE0, 0x00,
    0x00, 0x00, 0x00, 0x00, 0x00, 0x0F, 0xC0, 0x00, 0xFF, 0x00, 0x0F, 0xBC, 0x00, 0x79, 0xF0, 0x07,
    0x87, 0xC0, 0x40, 0x00, 0x00, 0x00, 0x00, 0x00, 0x00, 0x00, 0x1F, 0xF0, 0x03, 0xFF, 0xE0, 0x3F,
    0xFF, 0x83, 0xFF, 0xFC, 0x1F, 0x87, 0xF1, 0xF8, 0x1F, 0xCF, 0xC0, 0x7E, 0x7C, 0x03, 0xF7, 0xE0,
    0x0F, 0xBF, 0x00, 0x7D, 0xF8, 0x03, 0xEF, 0xC0, 0x1F, 0x3E, 0x01, 0xF9, 0xF8, 0x0F, 0xCF, 0xC0,
    0xFE, 0x3F, 0x0F, 0xE1, 0xFF, 0xFE, 0x07, 0xFF, 0xF0, 0x1F, 0xFF, 0x00, 0x3F, 0xE0, 0x00, 0x00,
    0x00, 0x00, 0x00, 0x00, 0x1E, 0x1C, 0x01, 0xFD, 0xE0, 0x1F, 0xFE, 0x00, 0xE3, 0xF0, 0x07, 0x0F,
    0x00, 0x00, 0x00, 0x00, 0x00, 0x00, 0x00, 0x00, 0x00, 0x1F, 0xF0, 0x03, 0xFF, 0xE0, 0x3F, 0xFF,
    0x83, 0xFF, 0xFC, 0x1F, 0x87, 0xF1, 0xF8, 0x1F, 0xCF, 0xC0, 0x7E, 0x7C, 0x03, 0xF7, 0xE0, 0x0F,
    0xBF, 0x00, 0x7D, 0xF8, 0x03, 0xEF, 0xC0, 0x1F, 0x3E, 0x01, 0xF9, 0xF8, 0x0F, 0xCF, 0xC0, 0xFE,
    0x3F, 0x0F, 0xE1, 0xFF, 0xFE, 0x07, 0xFF, 0xF0, 0x1F, 0xFF, 0x00, 0x3F, 0xE0, 0x00, 0x00, 0x00,
    0x00, 0x00, 0x00, 0x78, 0x7C, 0x03, 0xE3, 0xE0, 0x3F, 0x1F, 0x00, 0xF8, 0xF8, 0x07, 0x83, 0xC0,
    0x00, 0x00, 0x00, 0x00, 0x00, 0x00, 0x00, 0x00, 0x1F, 0xF0, 0x03, 0xFF, 0xE0, 0x3F, 0xFF, 0x83,
    0xFF, 0xFC, 0x1F, 0x87, 0xF1, 0xF8, 0x1F, 0xCF, 0xC0, 0x7E, 0x7C, 0x03, 0xF7, 0xE0, 0x0F, 0xBF,
    0x00, 0x7D, 0xF8, 0x03, 0xEF, 0xC0, 0x1F, 0x3E, 0x01, 0xF9, 0xF8, 0x0F, 0xCF, 0xC0, 0xFE, 0x3F,
    0x0F, 0xE1, 0xFF, 0xFE, 0x07, 0xFF, 0xF0, 0x1F, 0xFF, 0x00, 0x3F, 0xE0, 0x00, 0x00, 0x00, 0x00,
    0x60, 0x00, 0x1F, 0x00, 0x01, 0xF8, 0x00, 0x3F, 0x80, 0x01, 0xF8, 0x00, 0x1F, 0x00, 0x00, 0x60,
    0x00, 0x00, 0x00, 0x00, 0x00, 0x0F, 0xFF, 0xFE, 0xFF, 0xFF, 0xEF, 0xFF, 0xFE, 0xFF, 0xFF, 0xE0,
    0x00, 0x00, 0x00, 0x00, 0x00, 0x0E, 0x00, 0x01, 0xF0, 0x00, 0x1F, 0x80, 0x03, 0xF8, 0x00, 0x1F,
    0x80, 0x01, 0xF0, 0x00, 0x04, 0x00, 0x00, 0x00, 0x20, 0x1F, 0xF3, 0x83, 0xFF, 0xFC, 0x3F, 0xFF,
    0xC3, 0xFF, 0xFC, 0x1F, 0x87, 0xF1, 0xF8, 0x1F, 0xCF, 0xC1, 0xFE, 0x7C, 0x1F, 0xF7, 0xE1, 0xCF,
    0xBF, 0x1C, 0x7D, 0xF9, 0xE3, 0xEF, 0xDE, 0x1F, 0x3F, 0xE1, 0xF9, 0xFE, 0x0F, 0xCF, 0xE0, 0xFE,
    0x3F, 0x0F, 0xE1, 0xFF, 0xFE, 0x0F, 0xFF, 0xF0, 0xFF, 0xFF, 0x0E, 0x3F, 0xE0, 0x10, 0x00, 0x00,
    0x00, 0x00, 0x03, 0xF0, 0x00, 0x3E, 0x00, 0x03, 0xE0, 0x00, 0x3C, 0x00, 0x03, 0xC0, 0x00, 0x00,
    0x00, 0x00, 0x00, 0x00, 0x00, 0x1F, 0x80, 0xFF, 0xF0, 0x1F, 0xFE, 0x03, 0xFF, 0xC0, 0x7F, 0xF8,
    0x0F, 0xFF, 0x01, 0xFF, 0xE0, 0x3F, 0xFC, 0x07, 0xFF, 0x80, 0xFF, 0xF0, 0x1F, 0xFE, 0x03, 0xFF,
    0xC0, 0x7F, 0xF8, 0x0F, 0xFF, 0x01, 0xFF, 0xF0, 0x7F, 0x7F, 0x3F, 0xEF, 0xFF, 0xFD, 0xFF, 0xFF,
    0x9F, 0xFB, 0xF0, 0xFE, 0x7E, 0x00, 0x00, 0x00, 0x00, 0x00, 0x00, 0x07, 0xC0, 0x01, 0xF0, 0x00,
    0x3C, 0x00, 0x0F, 0x00, 0x01, 0xE0, 0x00, 0x40, 0x00, 0x00, 0x00, 0x00, 0x00, 0x1F, 0x80, 0xFF,
    0xF0, 0x1F, 0xFE, 0x03, 0xFF, 0xC0, 0x7F, 0xF8, 0x0F, 0xFF, 0x01, 0xFF, 0xE0, 0x3F, 0xFC, 0x07,
    0xFF, 0x80, 0xFF, 0xF0, 0x1F, 0xFE, 0x03, 0xFF, 0xC0, 0x7F, 0xF8, 0x0F, 0xFF, 0x01, 0xFF, 0xF0,
    0x7F, 0x7F, 0x3F, 0xEF, 0xFF, 0xFD, 0xFF, 0xFF, 0x9F, 0xFB, 0xF0, 0xFE, 0x7E, 0x00, 0x00, 0x00,
    0x00, 0x00, 0x00, 0x7E, 0x00, 0x1F, 0xE0, 0x07, 0xDE, 0x00, 0xF3, 0xE0, 0x3C, 0x3E, 0x08, 0x00,
    0x00, 0x00, 0x00, 0x00, 0x00, 0x1F, 0x80, 0xFF, 0xF0, 0x1F, 0xFE, 0x03, 0xFF, 0xC0, 0x7F, 0xF8,
    0x0F, 0xFF, 0x01, 0xFF, 0xE0, 0x3F, 0xFC, 0x07, 0xFF, 0x80, 0xFF, 0xF0, 0x1F, 0xFE, 0x03, 0xFF,
    0xC0, 0x7F, 0xF8, 0x0F, 0xFF, 0x01, 0xFF, 0xF0, 0x7F, 0x7F, 0x3F, 0xEF, 0xFF, 0xFD, 0xFF, 0xFF,
    0x9F, 0xFB, 0xF0, 0xFE, 0x7E, 0x00, 0x00, 0x00, 0x00, 0x00, 0x03, 0xC3, 0xE0, 0x7C, 0x7C, 0x1F,
    0x8F, 0x81, 0xF1, 0xF0, 0x3C, 0x1E, 0x00, 0x00, 0x00, 0x00, 0x00, 0x00, 0x00, 0x1F, 0x80, 0xFF,
    0xF0, 0x1F, 0xFE, 0x03, 0xFF, 0xC0, 0x7F, 0xF8, 0x0F, 0xFF, 0x01, 0xFF, 0xE0, 0x3F, 0xFC, 0x07,
    0xFF, 0x80, 0xFF, 0xF0, 0x1F, 0xFE, 0x03, 0xFF, 0xC0, 0x7F, 0xF8, 0x0F, 0xFF, 0x01, 0xFF, 0xF0,
    0x7F, 0x7F, 0x3F, 0xEF, 0xFF, 0xFD, 0xFF, 0xFF, 0x9F, 0xFB, 0xF0, 0xFE, 0x7E, 0x00, 0x00, 0x00,
    0x00, 0x00, 0x00, 0x00, 0x7C, 0x00, 0x03, 0xE0, 0x00, 0x0F, 0x00, 0x00, 0x78, 0x00, 0x01, 0xE0,
    0x00, 0x08, 0x00, 0x00, 0x00, 0x00, 0x00, 0x00, 0x03, 0xF0, 0x03, 0xE7, 0xE0, 0x1F, 0x9F, 0x80,
    0x7C, 0x3E, 0x01, 0xF0, 0xFC, 0x0F, 0xC1, 0xF0, 0x3E, 0x07, 0xC1, 0xF8, 0x1F, 0x87, 0xE0, 0x3E,
    0x1F, 0x00, 0xF8, 0xFC, 0x03, 0xF3, 0xE0, 0x07, 0xCF, 0x80, 0x1F, 0x3E, 0x00, 0x3F, 0xF0, 0x00,
    0xFF, 0xC0, 0x03, 0xFF, 0x00, 0x07, 0xF8, 0x00, 0x1F, 0xE0, 0x00, 0x7F, 0x00, 0x00, 0xFC, 0x00,
    0x03, 0xF0, 0x00, 0x0F, 0x80, 0x00, 0x7E, 0x00, 0x1F, 0xF0, 0x00, 0x7F, 0xC0, 0x01, 0xFE, 0x00,
    0x0F, 0xF0, 0x00, 0x3F, 0x00, 0x00, 0xFC, 0x00, 0x07, 0xE0, 0x00, 0x3F, 0x00, 0x01, 0xF8, 0x00,
    0x0F, 0xC0, 0x00, 0x7E, 0x00, 0x03, 0xF0, 0x00, 0x1F, 0x80, 0x00, 0xFC, 0xFE, 0x07, 0xEF, 0xFC,
    0x3F, 0xFF, 0xF1, 0xFF, 0xFF, 0x8F, 0xF0, 0xFE, 0x7F, 0x03, 0xF3, 0xF0, 0x0F, 0xDF, 0x80, 0x7E,
    0xFC, 0x03, 0xF7, 0xC0, 0x1F, 0xBF, 0x00, 0xFD, 0xF8, 0x07, 0xEF, 0xC0, 0x3F, 0x7E, 0x01, 0xFB,
    0xF8, 0x1F, 0x9F, 0xE1, 0xFC, 0xFF, 0xFF, 0xC7, 0xFF, 0xFE, 0x3F, 0x7F, 0xE1, 0xF9, 0xFC, 0x0F,
    0xC0, 0x00, 0x7E, 0x00, 0x03, 0xF0, 0x00, 0x1F, 0x80, 0x00, 0xFC, 0x00, 0x07, 0xE0, 0x00, 0x3F,
    0x00, 0x01, 0xF8, 0x00, 0x00, 0x00, 0x00, 0x00, 0x3C, 0x3E, 0x00, 0xF8, 0xF8, 0x07, 0xE3, 0xE0,
    0x0F, 0x8F, 0x80, 0x3C, 0x1E, 0x00, 0x00, 0x00, 0x00, 0x00, 0x00, 0x00, 0x00, 0x03, 0xF0, 0x03,
    0xE7, 0xE0, 0x1F, 0x9F, 0x80, 0x7C, 0x3E, 0x01, 0xF0, 0xFC, 0x0F, 0xC1, 0xF0, 0x3E, 0x07, 0xC1,
    0xF8, 0x1F, 0x87, 0xE0, 0x3E, 0x1F, 0x00, 0xF8, 0xFC, 0x03, 0xF3, 0xE0, 0x07, 0xCF, 0x80, 0x1F,
    0x3E, 0x00, 0x3F, 0xF0, 0x00, 0xFF, 0xC0, 0x03, 0xFF, 0x00, 0x07, 0xF8, 0x00, 0x1F, 0xE0, 0x00,
    0x7F, 0x00, 0x00, 0xFC, 0x00, 0x03, 0xF0, 0x00, 0x0F, 0x80, 0x00, 0x7E, 0x00, 0x1F, 0xF0, 0x00,
    0x7F, 0xC0, 0x01, 0xFE, 0x00, 0x0F, 0xF0, 0x00, 0x3F, 0x00, 0x00
};

const epaper_font::GlyphRange kInter38Bold_ext = {
    0xA0,
    0xFF,
    kInter38Bold_ext_glyphs,
    kInter38Bold_ext_bitmaps,
};

const epaper_font::GlyphBitmap kInter38Black_ext_glyphs[] = {
    {     0,    0,   0,   0,    0,    0,   8 },
    {     0,   33,   9,  29,    2,   21,  13 },
    {    33,   77,  22,  28,    0,   28,  23 },
    {   110,   84,  23,  29,    1,   29,  25 },
    {   194,   82,  26,  25,    2,   24,  30 },
    {   276,   77,  22,  28,    0,   28,  23 },
    {   353,   30,   7,  34,    4,   28,  15 },
    {   383,   88,  20,  35,    0,   29,  21 },
    {   471,   16,  16,   8,    4,   29,  25 },
    {   487,  113,  30,  30,    2,   29,  35 },
    {   600,   39,  17,  18,    0,   29,  18 },
    {   639,   57,  25,  18,    1,   20,  27 },
    {   696,   27,  19,  11,    3,   16,  27 },
    {   723,   79,  21,  30,    1,   29,  23 },
    {   802,   67,  23,  23,    1,   29,  25 },
    {   869,    8,  12,   5,    1,   28,  15 },
    {   877,   29,  15,  15,    1,   28,  18 },
    {   906,   61,  22,  22,    2,   22,  27 },
    {   967,   30,  15,  16,    1,   32,  17 },
    {   997,   32,  15,  17,    1,   32,  18 },
    {  1029,    9,  10,   7,    2,   29,  14 },
    {  1038,   87,  24,  29,    1,   21,  25 },
    {  1125,   74,  21,  28,    0,   28,  23 },
    {  1199,    8,   8,   8,    2,   17,  12 },
    {  1207,   11,   9,   9,    5,    1,  17 },
    {  1218,   20,  10,  16,    1,   32,  12 },
    {  1238,   41,  18,  18,    0,   29,  19 },
    {  1279,   59,  26,  18,    0,   20,  27 },
    {  1338,  109,  31,  28,    1,   28,  33 },
    {  1447,  112,  32,  28,    1,   28,  34 },
    {  1559,  119,  34,  28,    1,   28,  36 },
    {  1678,   77,  21,  29,    1,   21,  23 },
    {  1755,  139,  30,  37,    0,   37,  30 },
    {  1894,  139,  30,  37,    0,   37,  30 },
    {  2033,  139,  30,  37,    0,   37,  30 },
    {  2172,  139,  30,  37,    0,   37,  30 },
    {  2311,  139,  30,  37,    0,   37,  30 },
    {  2450,  143,  30,  38,    0,   38,  30 },
    {  2593,  137,  39,  28,    0,   28,  41 },
    {  2730,  130,  28,  37,    0,   29,  29 },
    {  2860,  102,  22,  37,    1,   37,  24 },
    {  2962,  102,  22,  37,    1,   37,  24 },
    {  3064,  102,  22,  37,    1,   37,  24 },
    {  3166,  102,  22,  37,    1,   37,  24 },
    {  3268,   56,  12,  37,   -2,   37,  11 },
    {  3324,   56,  12,  37,    1,   37,  11 },
    {  3380,   79,  17,  37,   -3,   37,  11 },
    {  3459,   79,  17,  37,   -3,   37,  11 },
    {  3538,  102,  29,  28,    0,   28,  30 },
    {  3640,  121,  26,  37,    1,   37,  29 },
    {  3761,  133,  28,  38,    0,   37,  29 },
    {  3894,  133,  28,  38,    0,   37,  29 },
    {  4027,  133,  28,  38,    0,   37,  29 },
    {  4160,  133,  28,  38,    0,   37,  29 },
    {  4293,  133,  28,  38,    0,   37,  29 },
    {  4426,   61,  22,  22,    2,   22,  27 },
    {  4487,  112,  28,  32,    0,   30,  29 },
    {  4599,  119,  25,  38,    1,   37,  28 },
    {  4718,  119,  25,  38,    1,   37,  28 },
    {  4837,  119,  25,  38,    1,   37,  28 },
    {  4956,  119,  25,  38,    1,   37,  28 },
    {  5075,  135,  29,  37,    0,   37,  29 },
    {  5210,   81,  23,  28,    1,   28,  27 },
    {  5291,   91,  25,  29,    1,   29,  27 },
    {  5382,   79,  21,  30,    0,   29,  23 },
    {  5461,   79,  21,  30,    0,   29,  23 },
    {  5540,   79,  21,  30,    0,   29,  23 },
    {  5619,   79,  21,  30,    0,   29,  23 },
    {  5698,   79,  21,  30,    0,   29,  23 },
    {  5777,   84,  21,  32,    0,   31,  23 },
    {  5861,   94,  34,  22,    0,   21,  35 },
    {  5955,   80,  22,  29,    0,   21,  23 },
    {  6035,   83,  22,  30,    0,   29,  23 },
    {  6118,   83,  22,  30,    0,   29,  23 },
    {  6201,   83,  22,  30,    0,   29,  23 },
    {  6284,   83,  22,  30,    0,   29,  23 },
    {  6367,   44,  12,  29,   -2,   29,  11 },
    {  6411,   44,  12,  29,    1,   29,  11 },
    {  6455,   62,  17,  29,   -3,   29,  11 },
    {  6517,   62,  17,  29,   -3,   29,  11 },
    {  6579,   86,  22,  31,    0,   30,  23 },
    {  6665,   80,  22,  29,    1,   29,  25 },
    {  6745,   87,  23,  30,    0,   29,  24 },
    {  6832,   87,  23,  30,    0,   29,  24 },
    {  6919,   87,  23,  30,    0,   29,  24 },
    {  7006,   87,  23,  30,    0,   29,  24 },
    {  7093,   87,  23,  30,    0,   29,  24 },
    {  7180,   60,  20,  24,    3,   23,  27 },
    {  7240,   67,  23,  23,    0,   22,  24 },
    {  7307,   83,  22,  30,    1,   29,  25 },
    {  7390,   83,  22,  30,    1,   29,  25 },
    {  7473,   83,  22,  30,    1,   29,  25 },
    {  7556,   83,  22,  30,    1,   29,  25 },
    {  7639,  111,  24,  37,    0,   29,  24 },
    {  7750,  104,  23,  36,    1,   28,  25 },
    {  7854,  111,  24,  37,    0,   29,  24 },
};

const uint8_t kInter38Black_ext_bitmaps[] = {
    0x18, 0x3F, 0x1F, 0xDF, 0xEF, 0xF7, 0xF9, 0xF8, 0x78, 0x00, 0x00, 0x1F, 0x8F, 0xC7, 0xE3, 0xF1,
    0xFC, 0xFE, 0x7F, 0x3F, 0xBF, 0xDF, 0xEF, 0xF7, 0xFB, 0xFD, 0xFE, 0xFF, 0x7F, 0xBF, 0xDF, 0xE0,
    0x00, 0x00, 0x18, 0x00, 0x00, 0x60, 0x00, 0x01, 0x80, 0x00, 0x06, 0x00, 0x01, 0xFF, 0x00, 0x1F,
    0xFF, 0x00, 0xFF, 0xFE, 0x07, 0xFF, 0xFC, 0x3F, 0xFF, 0xF8, 0xFF, 0xFF, 0xE3, 0xF9, 0xBF, 0x9F,
    0xE6, 0xFE, 0x7F, 0x98, 0x05, 0xFE, 0x60, 0x07, 0xF9, 0x80, 0x1F, 0xE6, 0x00, 0x7F, 0x9B, 0xFD,
    0xFE, 0x6F, 0xE3, 0xFD, 0xFF, 0x8F, 0xFF, 0xFE, 0x1F, 0xFF, 0xF0, 0x3F, 0xFF, 0x80, 0x7F, 0xFC,
    0x00, 0xFF, 0xE0, 0x00, 0x38, 0x00, 0x00, 0x60, 0x00, 0x01, 0x80, 0x00, 0x06, 0x00, 0x00, 0x00,
    0x00, 0x00, 0xFE, 0x00, 0x07, 0xFF, 0x00, 0x3F, 0xFF, 0x80, 0xFF, 0xFF, 0x01, 0xFF, 0xFF, 0x07,
    0xFF, 0xFF, 0x0F, 0xF1, 0xFE, 0x1F, 0xC1, 0xFC, 0x7F, 0x83, 0xF8, 0xFF, 0x00, 0x01, 0xFE, 0x00,
    0x01, 0xFC, 0x00, 0x1F, 0xFF, 0xC0, 0x3F, 0xFF, 0x80, 0x7F, 0xFF, 0x00, 0xFF, 0xFE, 0x01, 0xFF,
    0xFC, 0x00, 0x7F, 0x00, 0x00, 0xFE, 0x00, 0x01, 0xFC, 0x00, 0x03, 0xF8, 0x1F, 0xCF, 0xC0, 0x3F,
    0xFF, 0xFF, 0xFF, 0xFF, 0xFF, 0xFD, 0xFF, 0xFF, 0xFB, 0xFF, 0xFF, 0xF7, 0xFF, 0xFF, 0xCF, 0xFF,
    0xFE, 0x00, 0x10, 0x00, 0x02, 0x0E, 0x0F, 0xC1, 0xC7, 0xDF, 0xFC, 0xF9, 0xFF, 0xFF, 0xFE, 0x3F,
    0xFF, 0xFF, 0x07, 0xF0, 0x3F, 0x81, 0xF0, 0x03, 0xE0, 0x78, 0x00, 0x78, 0x3C, 0x00, 0x0F, 0x0F,
    0x00, 0x03, 0xC3, 0x80, 0x00, 0xF1, 0xE0, 0x00, 0x1C, 0x78, 0x00, 0x07, 0x9E, 0x00, 0x01, 0xC7,
    0x80, 0x00, 0x70, 0xF0, 0x00, 0x3C, 0x3C, 0x00, 0x0F, 0x0F, 0x80, 0x07, 0x81, 0xF0, 0x03, 0xE0,
    0x7E, 0x01, 0xF8, 0x3F, 0xFF, 0xFF, 0x1F, 0xFF, 0xFF, 0xE7, 0xDF, 0xFE, 0xF8, 0xE3, 0xFE, 0x1C,
    0x10, 0x00, 0x02, 0x00, 0xFF, 0x03, 0xFD, 0xFC, 0x0F, 0xE7, 0xF8, 0x7F, 0x8F, 0xE1, 0xFC, 0x3F,
    0x87, 0xF0, 0x7F, 0x3F, 0x81, 0xFC, 0xFE, 0x07, 0xFB, 0xF8, 0x0F, 0xFF, 0xC0, 0x3F, 0xFF, 0x00,
    0x7F, 0xF8, 0x01, 0xFF, 0xE0, 0x03, 0xFF, 0x01, 0xFF, 0xFF, 0xC7, 0xFF, 0xFF, 0x1F, 0xFF, 0xFC,
    0x7F, 0xFF, 0xF0, 0x07, 0xF8, 0x00, 0x1F, 0xE0, 0x1F, 0xFF, 0xFC, 0x7F, 0xFF, 0xF1, 0xFF, 0xFF,
    0xC7, 0xFF, 0xFF, 0x00, 0x7F, 0x80, 0x01, 0xFE, 0x00, 0x07, 0xF8, 0x00, 0x1F, 0xE0, 0x00, 0x7F,
    0x80, 0xFF, 0xFF, 0xFF, 0xFF, 0xFF, 0xFF, 0xFF, 0xFF, 0xFF, 0xFF, 0xFF, 0xE0, 0x00, 0x00, 0x00,
    0x00, 0x00, 0x0F, 0xFF, 0xFF, 0xFF, 0xFF, 0xFF, 0xFF, 0xFF, 0xFF, 0xFF, 0xFF, 0xFE, 0x00, 0x00,
    0x00, 0x00, 0x3F, 0xC0, 0x0F, 0xFF, 0x01, 0xFF, 0xF8, 0x1F, 0xFF, 0xC3, 0xFF, 0xFC, 0x3F, 0xFF,
    0xE3, 0xF0, 0xFE, 0x3F, 0x00, 0x03, 0xF0, 0x00, 0x3F, 0xC0, 0x03, 0xFF, 0xC0, 0x1F, 0xFF, 0x80,
    0xFF, 0xFE, 0x0F, 0xFF, 0xE3, 0xFF, 0xFF, 0x7E, 0x0F, 0xF7, 0xC0, 0x3F, 0x7E, 0x03, 0xF7, 0xF8,
    0x3E, 0x7F, 0xFF, 0xC3, 0xFF, 0xF0, 0x1F, 0xFF, 0x80, 0x7F, 0xFC, 0x00, 0xFF, 0xE0, 0x00, 0xFE,
    0x00, 0x07, 0xE7, 0xF0, 0x7E, 0x3F, 0x8F, 0xE3, 0xFF, 0xFE, 0x3F, 0xFF, 0xE1, 0xFF, 0xFC, 0x0F,
    0xFF, 0x80, 0x3F, 0xE0, 0x00, 0x70, 0x00, 0x18, 0x18, 0x7C, 0x3E, 0xFE, 0x7F, 0xFE, 0x7F, 0xFE,
    0x7F, 0x7E, 0x7E, 0x3C, 0x3C, 0x00, 0x00, 0x00, 0x00, 0x00, 0x00, 0x00, 0x7F, 0x80, 0x00, 0x07,
    0xFF, 0xC0, 0x00, 0x7F, 0xFF, 0x80, 0x03, 0xFF, 0xFF, 0x80, 0x1F, 0xFF, 0xFF, 0x00, 0xFF, 0x87,
    0xFE, 0x07, 0xF8, 0x03, 0xF8, 0x1F, 0x8F, 0xC7, 0xF0, 0xFC, 0x7F, 0xCF, 0xC3, 0xF3, 0xFF, 0x9F,
    0x9F, 0x9F, 0xFE, 0x7E, 0x7E, 0xFC, 0x7C, 0xF9, 0xF3, 0xE0, 0xF3, 0xE7, 0xCF, 0x00, 0x0F, 0x9F,
    0x3C, 0x00, 0x3E, 0x7C, 0xF8, 0x3C, 0xF9, 0xFB, 0xE1, 0xF3, 0xE7, 0xE7, 0xFF, 0xDF, 0x8F, 0xDF,
    0xFE, 0x7E, 0x3F, 0x3F, 0xF3, 0xF0, 0xFE, 0x3F, 0x9F, 0xC1, 0xFC, 0x20, 0xFE, 0x03, 0xFC, 0x0F,
    0xF8, 0x0F, 0xFF, 0xFF, 0xC0, 0x1F, 0xFF, 0xFE, 0x00, 0x1F, 0xFF, 0xF0, 0x00, 0x3F, 0xFF, 0x00,
    0x00, 0x3F, 0xF0, 0x00, 0x00, 0x00, 0x00, 0x00, 0x00, 0x00, 0x03, 0xFC, 0x07, 0xFF, 0x07, 0xFF,
    0xC3, 0xFF, 0xF1, 0xF0, 0xF9, 0x00, 0x7C, 0x03, 0xFE, 0x1F, 0xFF, 0x1F, 0xFF, 0x9F, 0xC7, 0xCF,
    0x83, 0xE7, 0xC3, 0xF3, 0xFF, 0xF9, 0xFF, 0xFC, 0x7F, 0xBE, 0x1F, 0x9F, 0x00, 0x00, 0x00, 0x01,
    0xFE, 0x7F, 0x80, 0xFE, 0x3F, 0x80, 0xFF, 0x3F, 0xC0, 0xFF, 0x3F, 0xC0, 0xFF, 0x3F, 0xC0, 0xFF,
    0x3F, 0xC0, 0xFF, 0x3F, 0xC0, 0xFF, 0x3F, 0xC0, 0x7F, 0x9F, 0xE0, 0x7F, 0xDF, 0xF0, 0x0F, 0xF3,
    0xFC, 0x07, 0xF9, 0xFE, 0x01, 0xFE, 0x7F, 0x80, 0x7F, 0x9F, 0xE0, 0x1F, 0xE7, 0xF8, 0x07, 0xF9,
    0xFE, 0x01, 0xFE, 0x7F, 0x80, 0x00, 0x00, 0x00, 0x00, 0x00, 0x0F, 0xFF, 0xFD, 0xFF, 0xFF, 0xBF,
    0xFF, 0xF7, 0xFF, 0xFE, 0xFF, 0xFF, 0xDF, 0xFF, 0xF8, 0x00, 0x3F, 0x00, 0x07, 0xE0, 0x00, 0xFC,
    0x00, 0x1F, 0x80, 0x00, 0x00, 0x00, 0x0F, 0xE0, 0x03, 0xFF, 0xE0, 0x3F, 0xFF, 0x83, 0xFF, 0xFE,
    0x3F, 0xFF, 0xF9, 0xFF, 0xFF, 0xCF, 0xE1, 0xFE, 0xFE, 0x07, 0xF7, 0xF0, 0x3F, 0x80, 0x01, 0xFC,
    0x00, 0x1F, 0xE0, 0x01, 0xFE, 0x00, 0x3F, 0xF0, 0x03, 0xFE, 0x00, 0x3F, 0xE0, 0x01, 0xFE, 0x00,
    0x0F, 0xE0, 0x00, 0x7E, 0x00, 0x03, 0xF0, 0x00, 0x00, 0x00, 0x00, 0x00, 0x00, 0x07, 0xC0, 0x00,
    0x7F, 0x00, 0x03, 0xFC, 0x00, 0x1F, 0xE0, 0x00, 0xFF, 0x00, 0x07, 0xF0, 0x00, 0x1F, 0x00, 0x00,
    0x00, 0x00, 0x00, 0x00, 0x00, 0x01, 0xFC, 0x00, 0x0F, 0xFE, 0x00, 0x3F, 0xFE, 0x01, 0xF8, 0x3E,
    0x03, 0xC0, 0x1E, 0x0F, 0x00, 0x1E, 0x3C, 0xFF, 0x1C, 0x71, 0xFE, 0x3C, 0xE3, 0x8E, 0x39, 0xC7,
    0x1C, 0x73, 0x8F, 0xF8, 0xE7, 0x1F, 0xE1, 0xCE, 0x3F, 0xC3, 0x9C, 0x73, 0x87, 0x3C, 0xE7, 0x9C,
    0x39, 0xC7, 0x38, 0x78, 0x00, 0xE0, 0x78, 0x07, 0xC0, 0x7F, 0x7F, 0x00, 0x7F, 0xFC, 0x00, 0x3F,
    0xE0, 0x00, 0x04, 0x00, 0x00, 0x00, 0x07, 0xFF, 0x7F, 0xF7, 0xFF, 0x7F, 0xF0, 0x03, 0xC0, 0x1F,
    0xE0, 0x7F, 0xE1, 0xFF, 0xE7, 0xFF, 0xCF, 0x8F, 0x9E, 0x0F, 0x3C, 0x1F, 0x7C, 0x7C, 0xFF, 0xF8,
    0xFF, 0xF1, 0xFF, 0xC1, 0xFF, 0x00, 0xF8, 0x00, 0x00, 0x00, 0x00, 0xFC, 0x00, 0x03, 0xF0, 0x00,
    0x0F, 0xC0, 0x00, 0x3F, 0x00, 0x7F, 0xFF, 0xF9, 0xFF, 0xFF, 0xE7, 0xFF, 0xFF, 0x9F, 0xFF, 0xFE,
    0x7F, 0xFF, 0xF9, 0xFF, 0xFF, 0xE0, 0x0F, 0xC0, 0x00, 0x3F, 0x00, 0x00, 0xFC, 0x00, 0x03, 0xF0,
    0x00, 0x00, 0x00, 0x1F, 0xFF, 0xFE, 0x7F, 0xFF, 0xF9, 0xFF, 0xFF, 0xE7, 0xFF, 0xFF, 0x9F, 0xFF,
    0xFE, 0x7F, 0xFF, 0xF8, 0x00, 0x00, 0x00, 0x0F, 0xC0, 0x7F, 0xE1, 0xFF, 0xE3, 0xFF, 0xEF, 0xC7,
    0xDF, 0x0F, 0x80, 0x1F, 0x00, 0xFC, 0x03, 0xF8, 0x0F, 0xC0, 0x7F, 0x01, 0xF8, 0x07, 0xFF, 0xCF,
    0xFF, 0x9F, 0xFF, 0x3F, 0xFE, 0x07, 0xE0, 0x3F, 0xF0, 0xFF, 0xF3, 0xFF, 0xE7, 0xC7, 0xC0, 0x0F,
    0x81, 0xFF, 0x03, 0xF8, 0x07, 0xF8, 0x0F, 0xF8, 0x01, 0xFF, 0xE3, 0xF7, 0xFF, 0xEF, 0xFF, 0x8F,
    0xFE, 0x07, 0xF0, 0x00, 0x00, 0x1F, 0xC7, 0xE3, 0xF0, 0xF8, 0x7E, 0x3F, 0x00, 0x00, 0x00, 0x00,
    0x00, 0x7F, 0x03, 0xF8, 0x7F, 0x03, 0xF8, 0x7F, 0x03, 0xF8, 0x7F, 0x03, 0xF8, 0x7F, 0x03, 0xF8,
    0x7F, 0x03, 0xF8, 0x7F, 0x03, 0xF8, 0x7F, 0x03, 0xF8, 0x7F, 0x03, 0xF8, 0x7F, 0x03, 0xF8, 0x7F,
    0x03, 0xF8, 0x7F, 0x03, 0xF8, 0x7F, 0x03, 0xF8, 0x7F, 0x87, 0xF8, 0x7F, 0xFF, 0xFF, 0x7F, 0xFF,
    0xFF, 0x7F, 0xFF, 0xFF, 0x7F, 0xFD, 0xFF, 0x7F, 0x7C, 0xFF, 0x7F, 0x00, 0x7F, 0x7F, 0x00, 0x00,
    0x7F, 0x00, 0x00, 0x7F, 0x00, 0x00, 0x7F, 0x00, 0x00, 0x7F, 0x00, 0x00, 0x7F, 0x00, 0x00, 0x7F,
    0x00, 0x00, 0x7F, 0x00, 0x00, 0x00, 0xFF, 0xF8, 0x3F, 0xFF, 0xC3, 0xFF, 0xFE, 0x3F, 0xFF, 0xF3,
    0xFF, 0xFF, 0xBF, 0xFF, 0xFD, 0xFF, 0xC7, 0xEF, 0xFE, 0x3F, 0x7F, 0xF1, 0xFB, 0xFF, 0x8F, 0xDF,
    0xFC, 0x7E, 0xFF, 0xE3, 0xF7, 0xFF, 0x1F, 0x9F, 0xF8, 0xFC, 0x7F, 0xC7, 0xE3, 0xFE, 0x3F, 0x07,
    0xF1, 0xF8, 0x07, 0x8F, 0xC0, 0x00, 0x7E, 0x00, 0x03, 0xF0, 0x00, 0x1F, 0x80, 0x00, 0xFC, 0x00,
    0x07, 0xE0, 0x00, 0x3F, 0x00, 0x01, 0xF8, 0x00, 0x0F, 0xC0, 0x00, 0x7E, 0x00, 0x03, 0xF0, 0x3C,
    0x7E, 0xFF, 0xFF, 0xFF, 0x7E, 0x3C, 0x00, 0x38, 0x18, 0x0C, 0x0F, 0xC0, 0xF0, 0x79, 0xFC, 0xFC,
    0x7C, 0x00, 0x0F, 0x8F, 0xE7, 0xFB, 0xFE, 0xFF, 0xBB, 0xE8, 0xF8, 0x3E, 0x0F, 0x83, 0xE0, 0xF8,
    0x3E, 0x0F, 0x83, 0xE0, 0xF8, 0x3E, 0x00, 0x00, 0x00, 0xFE, 0x00, 0xFF, 0xE0, 0x7F, 0xFC, 0x3F,
    0xFF, 0x8F, 0xC7, 0xE7, 0xE0, 0xF9, 0xF8, 0x3F, 0x7E, 0x0F, 0xDF, 0x83, 0xF7, 0xE0, 0xFD, 0xF8,
    0x7E, 0x3F, 0x3F, 0x8F, 0xFF, 0xE1, 0xFF, 0xF0, 0x3F, 0xF8, 0x03, 0xF8, 0x00, 0x00, 0x00, 0x7F,
    0x9F, 0xE0, 0x0F, 0xF3, 0xFC, 0x01, 0xFE, 0x7F, 0x80, 0x7F, 0x9F, 0xE0, 0x0F, 0xF3, 0xFC, 0x01,
    0xFE, 0x7F, 0x80, 0x3F, 0xCF, 0xF0, 0x07, 0xF9, 0xFE, 0x00, 0xFF, 0x3F, 0xC0, 0x7F, 0xDF, 0xF0,
    0x1F, 0xE7, 0xF8, 0x0F, 0xF3, 0xFC, 0x07, 0xF9, 0xFE, 0x03, 0xFC, 0xFF, 0x01, 0xFE, 0x7F, 0x80,
    0x7F, 0x1F, 0xC0, 0x7F, 0xDF, 0xF0, 0x00, 0x00, 0x00, 0x00, 0x1F, 0x00, 0x07, 0xC0, 0x7E, 0x00,
    0x0F, 0x03, 0xFC, 0x00, 0x3E, 0x07, 0xF8, 0x00, 0xF8, 0x0F, 0xF0, 0x01, 0xE0, 0x13, 0xE0, 0x07,
    0xC0, 0x07, 0xC0, 0x1F, 0x00, 0x0F, 0x80, 0x3C, 0x00, 0x1F, 0x00, 0xF8, 0x00, 0x3E, 0x03, 0xE0,
    0x00, 0x7C, 0x07, 0x80, 0x00, 0xF8, 0x1F, 0x00, 0x01, 0xF0, 0x7C, 0x1F, 0x83, 0xE0, 0xF0, 0x7F,
    0x07, 0xC3, 0xC0, 0xFE, 0x0F, 0x8F, 0x83, 0xFC, 0x00, 0x3E, 0x07, 0xF8, 0x00, 0x78, 0x1E, 0xF0,
    0x01, 0xF0, 0x79, 0xE0, 0x07, 0xC0, 0xF3, 0xC0, 0x0F, 0x03, 0xC7, 0x80, 0x3E, 0x0F, 0x8F, 0x00,
    0xF8, 0x1F, 0xFF, 0x01, 0xE0, 0x3F, 0xFE, 0x07, 0xC0, 0x7F, 0xFC, 0x1F, 0x00, 0xFF, 0xF8, 0x3C,
    0x00, 0x03, 0xE0, 0xF8, 0x00, 0x07, 0xC0, 0x1F, 0x00, 0x07, 0xC0, 0x3F, 0x00, 0x07, 0x80, 0xFF,
    0x00, 0x0F, 0x80, 0xFF, 0x00, 0x1F, 0x00, 0xFF, 0x00, 0x1E, 0x00, 0x9F, 0x00, 0x3E, 0x00, 0x1F,
    0x00, 0x7C, 0x00, 0x1F, 0x00, 0x78, 0x00, 0x1F, 0x00, 0xF8, 0x00, 0x1F, 0x01, 0xF0, 0x00, 0x1F,
    0x01, 0xE0, 0x00, 0x1F, 0x03, 0xE0, 0x00, 0x1F, 0x07, 0xC0, 0xF0, 0x1F, 0x07, 0x83, 0xFC, 0x1F,
    0x0F, 0x07, 0xFE, 0x1F, 0x1F, 0x0F, 0xFF, 0x00, 0x3E, 0x0F, 0x1F, 0x00, 0x3C, 0x0F, 0x0F, 0x00,
    0x7C, 0x00, 0x1F, 0x00, 0xF8, 0x00, 0x1E, 0x00, 0xF0, 0x00, 0x7E, 0x01, 0xF0, 0x00, 0xFC, 0x03,
    0xE0, 0x01, 0xF8, 0x03, 0xC0, 0x03, 0xE0, 0x07, 0xC0, 0x07, 0xFF, 0x0F, 0x80, 0x0F, 0xFF, 0x0F,
    0x00, 0x0F, 0xFF, 0x1F, 0x00, 0x0F, 0xFF, 0x0F, 0x80, 0x00, 0xF8, 0x0F, 0xF8, 0x00, 0x3C, 0x07,
    0xFE, 0x00, 0x1F, 0x01, 0xFF, 0xC0, 0x0F, 0x80, 0xF8, 0xF0, 0x03, 0xC0, 0x00, 0x3C, 0x01, 0xF0,
    0x00, 0x3F, 0x00, 0xF8, 0x00, 0x3F, 0x00, 0x3C, 0x00, 0x0F, 0xE0, 0x1F, 0x00, 0x03, 0xFC, 0x0F,
    0x80, 0x00, 0x0F, 0x83, 0xC0, 0x03, 0xC3, 0xE1, 0xF0, 0x00, 0xF9, 0xF8, 0xF8, 0x1F, 0x9F, 0xFC,
    0x3C, 0x0F, 0xE7, 0xFE, 0x1E, 0x03, 0xF8, 0x7F, 0x0F, 0x81, 0xFE, 0x00, 0x07, 0xC0, 0x7F, 0x80,
    0x01, 0xE0, 0x3D, 0xE0, 0x00, 0xF8, 0x1E, 0x78, 0x00, 0x7C, 0x07, 0x9E, 0x00, 0x1E, 0x03, 0xC7,
    0x80, 0x0F, 0x81, 0xF1, 0xE0, 0x07, 0xC0, 0x7F, 0xFC, 0x01, 0xE0, 0x1F, 0xFF, 0x00, 0xF8, 0x07,
    0xFF, 0xC0, 0x7C, 0x01, 0xFF, 0xF0, 0x1E, 0x00, 0x00, 0xF8, 0x0F, 0x80, 0x00, 0x3E, 0x00, 0x20,
    0x00, 0x07, 0xE0, 0x00, 0x3F, 0x80, 0x03, 0xFC, 0x00, 0x1F, 0xE0, 0x00, 0xFF, 0x00, 0x03, 0xF0,
    0x00, 0x0F, 0x00, 0x00, 0x00, 0x00, 0x00, 0x00, 0x00, 0x3F, 0x00, 0x01, 0xF8, 0x00, 0x1F, 0xC0,
    0x01, 0xFE, 0x00, 0x1F, 0xF0, 0x03, 0xFF, 0x00, 0x3F, 0xF0, 0x01, 0xFE, 0x00, 0x1F, 0xE0, 0x00,
    0xFE, 0x00, 0x07, 0xF0, 0x3F, 0xBF, 0x83, 0xFD, 0xFE, 0x1F, 0xCF, 0xFF, 0xFE, 0x7F, 0xFF, 0xF1,
    0xFF, 0xFF, 0x07, 0xFF, 0xF0, 0x1F, 0xFE, 0x00, 0x1F, 0xC0, 0x00, 0x00, 0xFE, 0x00, 0x00, 0x01,
    0xF8, 0x00, 0x00, 0x03, 0xF0, 0x00, 0x00, 0x07, 0xC0, 0x00, 0x00, 0x1F, 0x80, 0x00, 0x00, 0x3E,
    0x00, 0x00, 0x00, 0x04, 0x00, 0x00, 0x00, 0x00, 0x00, 0x00, 0x00, 0x00, 0x00, 0x01, 0xFF, 0xC0,
    0x00, 0x07, 0xFF, 0x00, 0x00, 0x1F, 0xFE, 0x00, 0x00, 0xFF, 0xF8, 0x00, 0x03, 0xFF, 0xE0, 0x00,
    0x0F, 0xFF, 0xC0, 0x00, 0x7F, 0xFF, 0x00, 0x01, 0xFF, 0xFC, 0x00, 0x07, 0xF7, 0xF8, 0x00, 0x3F,
    0xDF, 0xE0, 0x00, 0xFF, 0x3F, 0x80, 0x03, 0xFC, 0xFF, 0x00, 0x0F, 0xE3, 0xFC, 0x00, 0x7F, 0x8F,
    0xF0, 0x01, 0xFE, 0x1F, 0xE0, 0x07, 0xF0, 0x7F, 0x80, 0x3F, 0xC1, 0xFE, 0x00, 0xFF, 0xFF, 0xFC,
    0x03, 0xFF, 0xFF, 0xF0, 0x1F, 0xFF, 0xFF, 0xC0, 0x7F, 0xFF, 0xFF, 0x81, 0xFF, 0xFF, 0xFE, 0x0F,
    0xFF, 0xFF, 0xF8, 0x3F, 0xC0, 0x1F, 0xF0, 0xFF, 0x00, 0x3F, 0xC7, 0xFC, 0x00, 0xFF, 0x1F, 0xE0,
    0x03, 0xFE, 0xFF, 0x80, 0x0F, 0xF8, 0x00, 0x01, 0xFC, 0x00, 0x00, 0x07, 0xE0, 0x00, 0x00, 0x3F,
    0x00, 0x00, 0x00, 0xF8, 0x00, 0x00, 0x07, 0xE0, 0x00, 0x00, 0x1F, 0x00, 0x00, 0x00, 0x80, 0x00,
    0x00, 0x00, 0x00, 0x00, 0x00, 0x00, 0x00, 0x00, 0x01, 0xFF, 0xC0, 0x00, 0x07, 0xFF, 0x00, 0x00,
    0x1F, 0xFE, 0x00, 0x00, 0xFF, 0xF8, 0x00, 0x03, 0xFF, 0xE0, 0x00, 0x0F, 0xFF, 0xC0, 0x00, 0x7F,
    0xFF, 0x00, 0x01, 0xFF, 0xFC, 0x00, 0x07, 0xF7, 0xF8, 0x00, 0x3F, 0xDF, 0xE0, 0x00, 0xFF, 0x3F,
    0x80, 0x03, 0xFC, 0xFF, 0x00, 0x0F, 0xE3, 0xFC, 0x00, 0x7F, 0x8F, 0xF0, 0x01, 0xFE, 0x1F, 0xE0,
    0x07, 0xF0, 0x7F, 0x80, 0x3F, 0xC1, 0xFE, 0x00, 0xFF, 0xFF, 0xFC, 0x03, 0xFF, 0xFF, 0xF0, 0x1F,
    0xFF, 0xFF, 0xC0, 0x7F, 0xFF, 0xFF, 0x81, 0xFF, 0xFF, 0xFE, 0x0F, 0xFF, 0xFF, 0xF8, 0x3F, 0xC0,
    0x1F, 0xF0, 0xFF, 0x00, 0x3F, 0xC7, 0xFC, 0x00, 0xFF, 0x1F, 0xE0, 0x03, 0xFE, 0xFF, 0x80, 0x0F,
    0xF8, 0x00, 0x0F, 0x80, 0x00, 0x00, 0x7F, 0x00, 0x00, 0x03, 0xFE, 0x00, 0x00, 0x1F, 0xFC, 0x00,
    0x00, 0xFD, 0xF8, 0x00, 0x07, 0xE3, 0xF0, 0x00, 0x00, 0x00, 0x20, 0x00, 0x00, 0x00, 0x00, 0x00,
    0x00, 0x00, 0x00, 0x01, 0xFF, 0xC0, 0x00, 0x07, 0xFF, 0x00, 0x00, 0x1F, 0xFE, 0x00, 0x00, 0xFF,
    0xF8, 0x00, 0x03, 0xFF, 0xE0, 0x00, 0x0F, 0xFF, 0xC0, 0x00, 0x7F, 0xFF, 0x00, 0x01, 0xFF, 0xFC,
    0x00, 0x07, 0xF7, 0xF8, 0x00, 0x3F, 0xDF, 0xE0, 0x00, 0xFF, 0x3F, 0x80, 0x03, 0xFC, 0xFF, 0x00,
    0x0F, 0xE3, 0xFC, 0x00, 0x7F, 0x8F, 0xF0, 0x01, 0xFE, 0x1F, 0xE0, 0x07, 0xF0, 0x7F, 0x80, 0x3F,
    0xC1, 0xFE, 0x00, 0xFF, 0xFF, 0xFC, 0x03, 0xFF, 0xFF, 0xF0, 0x1F, 0xFF, 0xFF, 0xC0, 0x7F, 0xFF,
    0xFF, 0x81, 0xFF, 0xFF, 0xFE, 0x0F, 0xFF, 0xFF, 0xF8, 0x3F, 0xC0, 0x1F, 0xF0, 0xFF, 0x00, 0x3F,
    0xC7, 0xFC, 0x00, 0xFF, 0x1F, 0xE0, 0x03, 0xFE, 0xFF, 0x80, 0x0F, 0xF8, 0x00, 0x10, 0x00, 0x00,
    0x01, 0xF8, 0xF0, 0x00, 0x0F, 0xF7, 0xC0, 0x00, 0x3F, 0xFE, 0x00, 0x01, 0xE7, 0xF8, 0x00, 0x07,
    0x8F, 0xC0, 0x00, 0x00, 0x00, 0x00, 0x00, 0x00, 0x00, 0x00, 0x00, 0x00, 0x00, 0x00, 0x01, 0xFF,
    0xC0, 0x00, 0x07, 0xFF, 0x00, 0x00, 0x1F, 0xFE, 0x00, 0x00, 0xFF, 0xF8, 0x00, 0x03, 0xFF, 0xE0,
    0x00, 0x0F, 0xFF, 0xC0, 0x00, 0x7F, 0xFF, 0x00, 0x01, 0xFF, 0xFC, 0x00, 0x07, 0xF7, 0xF8, 0x00,
    0x3F, 0xDF, 0xE0, 0x00, 0xFF, 0x3F, 0x80, 0x03, 0xFC, 0xFF, 0x00, 0x0F, 0xE3, 0xFC, 0x00, 0x7F,
    0x8F, 0xF0, 0x01, 0xFE, 0x1F, 0xE0, 0x07, 0xF0, 0x7F, 0x80, 0x3F, 0xC1, 0xFE, 0x00, 0xFF, 0xFF,
    0xFC, 0x03, 0xFF, 0xFF, 0xF0, 0x1F, 0xFF, 0xFF, 0xC0, 0x7F, 0xFF, 0xFF, 0x81, 0xFF, 0xFF, 0xFE,
    0x0F, 0xFF, 0xFF, 0xF8, 0x3F, 0xC0, 0x1F, 0xF0, 0xFF, 0x00, 0x3F, 0xC7, 0xFC, 0x00, 0xFF, 0x1F,
    0xE0, 0x03, 0xFE, 0xFF, 0x80, 0x0F, 0xF8, 0x00, 0x30, 0x30, 0x00, 0x03, 0xE1, 0xF0, 0x00, 0x1F,
    0xCF, 0xE0, 0x00, 0x7F, 0x3F, 0x80, 0x01, 0xFC, 0xFE, 0x00, 0x03, 0xF3, 0xF0, 0x00, 0x07, 0x87,
    0x80, 0x00, 0x00, 0x00, 0x00, 0x00, 0x00, 0x00, 0x00, 0x01, 0xFF, 0xC0, 0x00, 0x07, 0xFF, 0x00,
    0x00, 0x1F, 0xFE, 0x00, 0x00, 0xFF, 0xF8, 0x00, 0x03, 0xFF, 0xE0, 0x00, 0x0F, 0xFF, 0xC0, 0x00,
    0x7F, 0xFF, 0x00, 0x01, 0xFF, 0xFC, 0x00, 0x07, 0xF7, 0xF8, 0x00, 0x3F, 0xDF, 0xE0, 0x00, 0xFF,
    0x3F, 0x80, 0x03, 0xFC, 0xFF, 0x00, 0x0F, 0xE3, 0xFC, 0x00, 0x7F, 0x8F, 0xF0, 0x01, 0xFE, 0x1F,
    0xE0, 0x07, 0xF0, 0x7F, 0x80, 0x3F, 0xC1, 0xFE, 0x00, 0xFF, 0xFF, 0xFC, 0x03, 0xFF, 0xFF, 0xF0,
    0x1F, 0xFF, 0xFF, 0xC0, 0x7F, 0xFF, 0xFF, 0x81, 0xFF, 0xFF, 0xFE, 0x0F, 0xFF, 0xFF, 0xF8, 0x3F,
    0xC0, 0x1F, 0xF0, 0xFF, 0x00, 0x3F, 0xC7, 0xFC, 0x00, 0xFF, 0x1F, 0xE0, 0x03, 0xFE, 0xFF, 0x80,
    0x0F, 0xF8, 0x00, 0x07, 0x80, 0x00, 0x00, 0x7F, 0x80, 0x00, 0x01, 0xFF, 0x00, 0x00, 0x0E, 0x1C,
    0x00, 0x00, 0x38, 0x70, 0x00, 0x00, 0xE1, 0xC0, 0x00, 0x03, 0xFF, 0x00, 0x00, 0x07, 0xF8, 0x00,
    0x00, 0x07, 0xC0, 0x00, 0x00, 0x00, 0x00, 0x00, 0x07, 0xFF, 0x00, 0x00, 0x1F, 0xFC, 0x00, 0x00,
    0x7F, 0xF8, 0x00, 0x03, 0xFF, 0xE0, 0x00, 0x0F, 0xFF, 0x80, 0x00, 0x3F, 0xFF, 0x00, 0x01, 0xFF,
    0xFC, 0x00, 0x07, 0xFF, 0xF0, 0x00, 0x1F, 0xDF, 0xE0, 0x00, 0xFF, 0x7F, 0x80, 0x03, 0xFC, 0xFE,
    0x00, 0x0F, 0xF3, 0xFC, 0x00, 0x3F, 0x8F, 0xF0, 0x01, 0xFE, 0x3F, 0xC0, 0x07, 0xF8, 0x7F, 0x80,
    0x1F, 0xC1, 0xFE, 0x00, 0xFF, 0x07, 0xF8, 0x03, 0xFF, 0xFF, 0xF0, 0x0F, 0xFF, 0xFF, 0xC0, 0x7F,
    0xFF, 0xFF, 0x01, 0xFF, 0xFF, 0xFE, 0x07, 0xFF, 0xFF, 0xF8, 0x3F, 0xFF, 0xFF, 0xE0, 0xFF, 0x00,
    0x7F, 0xC3, 0xFC, 0x00, 0xFF, 0x1F, 0xF0, 0x03, 0xFC, 0x7F, 0x80, 0x0F, 0xFB, 0xFE, 0x00, 0x3F,
    0xE0, 0x00, 0x1F, 0xFF, 0xFF, 0xFE, 0x00, 0x3F, 0xFF, 0xFF, 0xFC, 0x00, 0xFF, 0xFF, 0xFF, 0xF8,
    0x01, 0xFF, 0xFF, 0xFF, 0xF0, 0x03, 0xFF, 0xFF, 0xFF, 0xE0, 0x0F, 0xFF, 0xFF, 0xFF, 0xC0, 0x1F,
    0xCF, 0xFF, 0xFF, 0x80, 0x7F, 0x9F, 0xE0, 0x00, 0x00, 0xFF, 0x3F, 0xC0, 0x00, 0x01, 0xFC, 0x7F,
    0x80, 0x00, 0x07, 0xF8, 0xFF, 0x00, 0x00, 0x0F, 0xF1, 0xFF, 0xFF, 0xE0, 0x3F, 0xC3, 0xFF, 0xFF,
    0xC0, 0x7F, 0x87, 0xFF, 0xFF, 0x80, 0xFE, 0x0F, 0xFF, 0xFF, 0x03, 0xFC, 0x1F, 0xFF, 0xFE, 0x07,
    0xF8, 0x3F, 0xFF, 0xFC, 0x1F, 0xFF, 0xFF, 0x80, 0x00, 0x3F, 0xFF, 0xFF, 0x00, 0x00, 0x7F, 0xFF,
    0xFE, 0x00, 0x01, 0xFF, 0xFF, 0xFC, 0x00, 0x03, 0xFF, 0xFF, 0xF8, 0x00, 0x07, 0xFF, 0xFF, 0xFF,
    0xFF, 0x9F, 0xE0, 0x1F, 0xFF, 0xFF, 0x3F, 0xC0, 0x3F, 0xFF, 0xFE, 0xFF, 0x00, 0x7F, 0xFF, 0xFD,
    0xFE, 0x00, 0xFF, 0xFF, 0xFF, 0xFC, 0x01, 0xFF, 0xFF, 0xF0, 0x00, 0x00, 0x00, 0x00, 0x03, 0xFC,
    0x00, 0x00, 0xFF, 0xF8, 0x00, 0x3F, 0xFF, 0xE0, 0x07, 0xFF, 0xFF, 0x00, 0xFF, 0xFF, 0xF8, 0x1F,
    0xFF, 0xFF, 0x81, 0xFF, 0xFF, 0xFC, 0x3F, 0xE0, 0x3F, 0xC3, 0xFC, 0x01, 0xFE, 0x3F, 0xC0, 0x1F,
    0xE7, 0xF8, 0x01, 0xFE, 0x7F, 0x80, 0x00, 0x07, 0xF8, 0x00, 0x00, 0x7F, 0x80, 0x00, 0x07, 0xF8,
    0x00, 0x00, 0x7F, 0x80, 0x00, 0x07, 0xF8, 0x00, 0x00, 0x7F, 0x80, 0x00, 0x07, 0xFC, 0x01, 0xFE,
    0x3F, 0xC0, 0x1F, 0xE3, 0xFE, 0x03, 0xFC, 0x1F, 0xF8, 0xFF, 0xC1, 0xFF, 0xFF, 0xF8, 0x0F, 0xFF,
    0xFF, 0x80, 0x7F, 0xFF, 0xF0, 0x03, 0xFF, 0xFE, 0x00, 0x1F, 0xFF, 0xC0, 0x00, 0x7F, 0xF0, 0x00,
    0x00, 0x60, 0x00, 0x00, 0x06, 0x00, 0x00, 0x00, 0xFC, 0x00, 0x00, 0x01, 0xE0, 0x00, 0x00, 0x1E,
    0x00, 0x00, 0x0F, 0xE0, 0x00, 0x00, 0xFC, 0x00, 0x00, 0x0F, 0x80, 0x00, 0x0F, 0xE0, 0x00, 0x1F,
    0x80, 0x00, 0x3F, 0x00, 0x00, 0x7C, 0x00, 0x01, 0xF8, 0x00, 0x03, 0xE0, 0x00, 0x00, 0x40, 0x00,
    0x00, 0x00, 0x00, 0x00, 0x01, 0xFF, 0xFF, 0xE7, 0xFF, 0xFF, 0x9F, 0xFF, 0xFE, 0x7F, 0xFF, 0xF9,
    0xFF, 0xFF, 0xE7, 0xFF, 0xFF, 0x9F, 0xFF, 0xFE, 0x7F, 0x00, 0x01, 0xFC, 0x00, 0x07, 0xF0, 0x00,
    0x1F, 0xC0, 0x00, 0x7F, 0xFF, 0xF1, 0xFF, 0xFF, 0xC7, 0xFF, 0xFF, 0x1F, 0xFF, 0xFC, 0x7F, 0xFF,
    0xF1, 0xFF, 0xFF, 0xC7, 0xF0, 0x00, 0x1F, 0xC0, 0x00, 0x7F, 0x00, 0x01, 0xFC, 0x00, 0x07, 0xF0,
    0x00, 0x1F, 0xFF, 0xFE, 0x7F, 0xFF, 0xF9, 0xFF, 0xFF, 0xE7, 0xFF, 0xFF, 0x9F, 0xFF, 0xFE, 0x7F,
    0xFF, 0xF8, 0x00, 0x1F, 0xC0, 0x00, 0x7E, 0x00, 0x03, 0xF0, 0x00, 0x0F, 0x80, 0x00, 0x7E, 0x00,
    0x01, 0xF0, 0x00, 0x08, 0x00, 0x00, 0x00, 0x00, 0x00, 0x00, 0x01, 0xFF, 0xFF, 0xE7, 0xFF, 0xFF,
    0x9F, 0xFF, 0xFE, 0x7F, 0xFF, 0xF9, 0xFF, 0xFF, 0xE7, 0xFF, 0xFF, 0x9F, 0xFF, 0xFE, 0x7F, 0x00,
    0x01, 0xFC, 0x00, 0x07, 0xF0, 0x00, 0x1F, 0xC0, 0x00, 0x7F, 0xFF, 0xF1, 0xFF, 0xFF, 0xC7, 0xFF,
    0xFF, 0x1F, 0xFF, 0xFC, 0x7F, 0xFF, 0xF1, 0xFF, 0xFF, 0xC7, 0xF0, 0x00, 0x1F, 0xC0, 0x00, 0x7F,
    0x00, 0x01, 0xFC, 0x00, 0x07, 0xF0, 0x00, 0x1F, 0xFF, 0xFE, 0x7F, 0xFF, 0xF9, 0xFF, 0xFF, 0xE7,
    0xFF, 0xFF, 0x9F, 0xFF, 0xFE, 0x7F, 0xFF, 0xF8, 0x00, 0xF8, 0x00, 0x07, 0xF0, 0x00, 0x3F, 0xE0,
    0x01, 0xFF, 0xC0, 0x0F, 0xDF, 0x80, 0x7E, 0x3F, 0x00, 0x00, 0x02, 0x00, 0x00, 0x00, 0x00, 0x00,
    0x01, 0xFF, 0xFF, 0xE7, 0xFF, 0xFF, 0x9F, 0xFF, 0xFE, 0x7F, 0xFF, 0xF9, 0xFF, 0xFF, 0xE7, 0xFF,
    0xFF, 0x9F, 0xFF, 0xFE, 0x7F, 0x00, 0x01, 0xFC, 0x00, 0x07, 0xF0, 0x00, 0x1F, 0xC0, 0x00, 0x7F,
    0xFF, 0xF1, 0xFF, 0xFF, 0xC7, 0xFF, 0xFF, 0x1F, 0xFF, 0xFC, 0x7F, 0xFF, 0xF1, 0xFF, 0xFF, 0xC7,
    0xF0, 0x00, 0x1F, 0xC0, 0x00, 0x7F, 0x00, 0x01, 0xFC, 0x00, 0x07, 0xF0, 0x00, 0x1F, 0xFF, 0xFE,
    0x7F, 0xFF, 0xF9, 0xFF, 0xFF, 0xE7, 0xFF, 0xFF, 0x9F, 0xFF, 0xFE, 0x7F, 0xFF, 0xF8, 0x03, 0x03,
    0x00, 0x3E, 0x1F, 0x01, 0xFC, 0xFE, 0x07, 0xF3, 0xF8, 0x1F, 0xCF, 0xE0, 0x3F, 0x3F, 0x00, 0x78,
    0x78, 0x00, 0x00, 0x00, 0x00, 0x00, 0x01, 0xFF, 0xFF, 0xE7, 0xFF, 0xFF, 0x9F, 0xFF, 0xFE, 0x7F,
    0xFF, 0xF9, 0xFF, 0xFF, 0xE7, 0xFF, 0xFF, 0x9F, 0xFF, 0xFE, 0x7F, 0x00, 0x01, 0xFC, 0x00, 0x07,
    0xF0, 0x00, 0x1F, 0xC0, 0x00, 0x7F, 0xFF, 0xF1, 0xFF, 0xFF, 0xC7, 0xFF, 0xFF, 0x1F, 0xFF, 0xFC,
    0x7F, 0xFF, 0xF1, 0xFF, 0xFF, 0xC7, 0xF0, 0x00, 0x1F, 0xC0, 0x00, 0x7F, 0x00, 0x01, 0xFC, 0x00,
    0x07, 0xF0, 0x00, 0x1F, 0xFF, 0xFE, 0x7F, 0xFF, 0xF9, 0xFF, 0xFF, 0xE7, 0xFF, 0xFF, 0x9F, 0xFF,
    0xFE, 0x7F, 0xFF, 0xF8, 0xFE, 0x07, 0xE0, 0x3F, 0x01, 0xF0, 0x1F, 0x80, 0xF8, 0x00, 0x40, 0x00,
    0x00, 0x00, 0xFE, 0x0F, 0xE0, 0xFE, 0x0F, 0xE0, 0xFE, 0x0F, 0xE0, 0xFE, 0x0F, 0xE0, 0xFE, 0x0F,
    0xE0, 0xFE, 0x0F, 0xE0, 0xFE, 0x0F, 0xE0, 0xFE, 0x0F, 0xE0, 0xFE, 0x0F, 0xE0, 0xFE, 0x0F, 0xE0,
    0xFE, 0x0F, 0xE0, 0xFE, 0x0F, 0xE0, 0xFE, 0x0F, 0xE0, 0xFE, 0x0F, 0xE0, 0x07, 0xF0, 0x7E, 0x0F,
    0xC0, 0xF8, 0x1F, 0x81, 0xF0, 0x20, 0x00, 0x00, 0x00, 0x07, 0xF0, 0x7F, 0x07, 0xF0, 0x7F, 0x07,
    0xF0, 0x7F, 0x07, 0xF0, 0x7F, 0x07, 0xF0, 0x7F, 0x07, 0xF0, 0x7F, 0x07, 0xF0, 0x7F, 0x07, 0xF0,
    0x7F, 0x07, 0xF0, 0x7F, 0x07, 0xF0, 0x7F, 0x07, 0xF0, 0x7F, 0x07, 0xF0, 0x7F, 0x07, 0xF0, 0x7F,
    0x07, 0xF0, 0x7F, 0x00, 0x03, 0xE0, 0x03, 0xF8, 0x03, 0xFE, 0x03, 0xFF, 0x83, 0xF7, 0xE3, 0xF1,
    0xF8, 0x00, 0x02, 0x00, 0x00, 0x00, 0x00, 0x03, 0xF8, 0x01, 0xFC, 0x00, 0xFE, 0x00, 0x7F, 0x00,
    0x3F, 0x80, 0x1F, 0xC0, 0x0F, 0xE0, 0x07, 0xF0, 0x03, 0xF8, 0x01, 0xFC, 0x00, 0xFE, 0x00, 0x7F,
    0x00, 0x3F, 0x80, 0x1F, 0xC0, 0x0F, 0xE0, 0x07, 0xF0, 0x03, 0xF8, 0x01, 0xFC, 0x00, 0xFE, 0x00,
    0x7F, 0x00, 0x3F, 0x80, 0x1F, 0xC0, 0x0F, 0xE0, 0x07, 0xF0, 0x03, 0xF8, 0x01, 0xFC, 0x00, 0xFE,
    0x00, 0x7F, 0x00, 0x18, 0x18, 0x3E, 0x1F, 0x3F, 0x9F, 0xDF, 0xCF, 0xEF, 0xE7, 0xF3, 0xF3, 0xF0,
    0xF0, 0xF0, 0x00, 0x00, 0x00, 0x00, 0x03, 0xF8, 0x01, 0xFC, 0x00, 0xFE, 0x00, 0x7F, 0x00, 0x3F,
    0x80, 0x1F, 0xC0, 0x0F, 0xE0, 0x07, 0xF0, 0x03, 0xF8, 0x01, 0xFC, 0x00, 0xFE, 0x00, 0x7F, 0x00,
    0x3F, 0x80, 0x1F, 0xC0, 0x0F, 0xE0, 0x07, 0xF0, 0x03, 0xF8, 0x01, 0xFC, 0x00, 0xFE, 0x00, 0x7F,
    0x00, 0x3F, 0x80, 0x1F, 0xC0, 0x0F, 0xE0, 0x07, 0xF0, 0x03, 0xF8, 0x01, 0xFC, 0x00, 0xFE, 0x00,
    0x7F, 0x00, 0x0F, 0xFF, 0x80, 0x00, 0x7F, 0xFF, 0x80, 0x03, 0xFF, 0xFF, 0x00, 0x1F, 0xFF, 0xFE,
    0x00, 0xFF, 0xFF, 0xF8, 0x07, 0xFF, 0xFF, 0xE0, 0x3F, 0xFF, 0xFF, 0x01, 0xFC, 0x07, 0xFC, 0x0F,
    0xE0, 0x1F, 0xE0, 0x7F, 0x00, 0x7F, 0x83, 0xF8, 0x03, 0xFC, 0x1F, 0xC0, 0x1F, 0xEF, 0xFF, 0xF0,
    0xFF, 0x7F, 0xFF, 0x83, 0xFB, 0xFF, 0xFC, 0x1F, 0xDF, 0xFF, 0xE0, 0xFE, 0xFF, 0xFF, 0x0F, 0xF0,
    0x7F, 0x00, 0x7F, 0x83, 0xF8, 0x03, 0xFC, 0x1F, 0xC0, 0x3F, 0xC0, 0xFE, 0x03, 0xFE, 0x07, 0xF0,
    0xFF, 0xF0, 0x3F, 0xFF, 0xFF, 0x01, 0xFF, 0xFF, 0xF0, 0x0F, 0xFF, 0xFF, 0x00, 0x7F, 0xFF, 0xF0,
    0x03, 0xFF, 0xFE, 0x00, 0x1F, 0xFF, 0xC0, 0x00, 0x00, 0x20, 0x00, 0x00, 0x3F, 0x1E, 0x00, 0x1F,
    0xEF, 0x80, 0x07, 0xFF, 0xC0, 0x03, 0xCF, 0xF0, 0x00, 0xF1, 0xF8, 0x00, 0x00, 0x00, 0x00, 0x00,
    0x00, 0x00, 0x00, 0x00, 0x00, 0x1F, 0xE0, 0x0F, 0xF7, 0xF8, 0x03, 0xFD, 0xFF, 0x00, 0xFF, 0x7F,
    0xE0, 0x3F, 0xDF, 0xF8, 0x0F, 0xF7, 0xFF, 0x03, 0xFD, 0xFF, 0xC0, 0xFF, 0x7F, 0xF8, 0x3F, 0xDF,
    0xFF, 0x0F, 0xF7, 0xFF, 0xC3, 0xFD, 0xFF, 0xF8, 0xFF, 0x7F, 0xFE, 0x3F, 0xDF, 0xDF, 0xCF, 0xF7,
    0xF7, 0xFB, 0xFD, 0xFC, 0xFE, 0xFF, 0x7F, 0x3F, 0xFF, 0xDF, 0xC7, 0xFF, 0xF7, 0xF0, 0xFF, 0xFD,
    0xFC, 0x3F, 0xFF, 0x7F, 0x07, 0xFF, 0xDF, 0xC1, 0xFF, 0xF7, 0xF0, 0x3F, 0xFD, 0xFC, 0x07, 0xFF,
    0x7F, 0x01, 0xFF, 0xDF, 0xC0, 0x3F, 0xF7, 0xF0, 0x0F, 0xFD, 0xFC, 0x01, 0xFF, 0x7F, 0x00, 0x3F,
    0xC0, 0x01, 0xFC, 0x00, 0x00, 0x0F, 0xC0, 0x00, 0x00, 0x7E, 0x00, 0x00, 0x03, 0xE0, 0x00, 0x00,
    0x3F, 0x00, 0x00, 0x01, 0xF0, 0x00, 0x00, 0x00, 0x80, 0x00, 0x00, 0x00, 0x00, 0x00, 0x00, 0x00,
    0x00, 0x03, 0xFE, 0x00, 0x00, 0xFF, 0xF8, 0x00, 0x3F, 0xFF, 0xE0, 0x07, 0xFF, 0xFF, 0x00, 0xFF,
    0xFF, 0xF8, 0x1F, 0xFF, 0xFF, 0x81, 0xFF, 0xFF, 0xFC, 0x3F, 0xE0, 0x3F, 0xE3, 0xFC, 0x01, 0xFE,
    0x3F, 0xC0, 0x1F, 0xE7, 0xF8, 0x00, 0xFE, 0x7F, 0x80, 0x0F, 0xF7, 0xF8, 0x00, 0xFF, 0x7F, 0x80,
    0x0F, 0xF7, 0xF8, 0x00, 0xFF, 0x7F, 0x80, 0x0F, 0xF7, 0xF8, 0x00, 0xFF, 0x7F, 0x80, 0x0F, 0xF7,
    0xFC, 0x01, 0xFE, 0x3F, 0xC0, 0x1F, 0xE3, 0xFE, 0x03, 0xFE, 0x1F, 0xF8, 0xFF, 0xC1, 0xFF, 0xFF,
    0xFC, 0x0F, 0xFF, 0xFF, 0x80, 0x7F, 0xFF, 0xF0, 0x03, 0xFF, 0xFE, 0x00, 0x1F, 0xFF, 0xC0, 0x00,
    0x7F, 0xF0, 0x00, 0x00, 0x00, 0x00, 0x00, 0x01, 0xFC, 0x00, 0x00, 0x1F, 0x80, 0x00, 0x03, 0xF0,
    0x00, 0x00, 0x3E, 0x00, 0x00, 0x07, 0xE0, 0x00, 0x00, 0x7C, 0x00, 0x00, 0x08, 0x00, 0x00, 0x00,
    0x00, 0x00, 0x00, 0x00, 0x00, 0x00, 0x03, 0xFE, 0x00, 0x00, 0xFF, 0xF8, 0x00, 0x3F, 0xFF, 0xE0,
    0x07, 0xFF, 0xFF, 0x00, 0xFF, 0xFF, 0xF8, 0x1F, 0xFF, 0xFF, 0x81, 0xFF, 0xFF, 0xFC, 0x3F, 0xE0,
    0x3F, 0xE3, 0xFC, 0x01, 0xFE, 0x3F, 0xC0, 0x1F, 0xE7, 0xF8, 0x00, 0xFE, 0x7F, 0x80, 0x0F, 0xF7,
    0xF8, 0x00, 0xFF, 0x7F, 0x80, 0x0F, 0xF7, 0xF8, 0x00, 0xFF, 0x7F, 0x80, 0x0F, 0xF7, 0xF8, 0x00,
    0xFF, 0x7F, 0x80, 0x0F, 0xF7, 0xFC, 0x01, 0xFE, 0x3F, 0xC0, 0x1F, 0xE3, 0xFE, 0x03, 0xFE, 0x1F,
    0xF8, 0xFF, 0xC1, 0xFF, 0xFF, 0xFC, 0x0F, 0xFF, 0xFF, 0x80, 0x7F, 0xFF, 0xF0, 0x03, 0xFF, 0xFE,
    0x00, 0x1F, 0xFF, 0xC0, 0x00, 0x7F, 0xF0, 0x00, 0x00, 0x00, 0x00, 0x00, 0x0F, 0x80, 0x00, 0x01,
    0xFC, 0x00, 0x00, 0x3F, 0xE0, 0x00, 0x07, 0xFF, 0x00, 0x00, 0xFD, 0xF8, 0x00, 0x1F, 0x8F, 0xC0,
    0x00, 0x00, 0x02, 0x00, 0x00, 0x00, 0x00, 0x00, 0x00, 0x00, 0x00, 0x03, 0xFE, 0x00, 0x00, 0xFF,
    0xF8, 0x00, 0x3F, 0xFF, 0xE0, 0x07, 0xFF, 0xFF, 0x00, 0xFF, 0xFF, 0xF8, 0x1F, 0xFF, 0xFF, 0x81,
    0xFF, 0xFF, 0xFC, 0x3F, 0xE0, 0x3F, 0xE3, 0xFC, 0x01, 0xFE, 0x3F, 0xC0, 0x1F, 0xE7, 0xF8, 0x00,
    0xFE, 0x7F, 0x80, 0x0F, 0xF7, 0xF8, 0x00, 0xFF, 0x7F, 0x80, 0x0F, 0xF7, 0xF8, 0x00, 0xFF, 0x7F,
    0x80, 0x0F, 0xF7, 0xF8, 0x00, 0xFF, 0x7F, 0x80, 0x0F, 0xF7, 0xFC, 0x01, 0xFE, 0x3F, 0xC0, 0x1F,
    0xE3, 0xFE, 0x03, 0xFE, 0x1F, 0xF8, 0xFF, 0xC1, 0xFF, 0xFF, 0xFC, 0x0F, 0xFF, 0xFF, 0x80, 0x7F,
    0xFF, 0xF0, 0x03, 0xFF, 0xFE, 0x00, 0x1F, 0xFF, 0xC0, 0x00, 0x7F, 0xF0, 0x00, 0x00, 0x00, 0x00,
    0x00, 0x10, 0x00, 0x00, 0x07, 0xE3, 0xC0, 0x00, 0xFF, 0x7C, 0x00, 0x0F, 0xFF, 0x80, 0x01, 0xE7,
    0xF8, 0x00, 0x1E, 0x3F, 0x00, 0x00, 0x00, 0x00, 0x00, 0x00, 0x00, 0x00, 0x00, 0x00, 0x00, 0x00,
    0x03, 0xFE, 0x00, 0x00, 0xFF, 0xF8, 0x00, 0x3F, 0xFF, 0xE0, 0x07, 0xFF, 0xFF, 0x00, 0xFF, 0xFF,
    0xF8, 0x1F, 0xFF, 0xFF, 0x81, 0xFF, 0xFF, 0xFC, 0x3F, 0xE0, 0x3F, 0xE3, 0xFC, 0x01, 0xFE, 0x3F,
    0xC0, 0x1F, 0xE7, 0xF8, 0x00, 0xFE, 0x7F, 0x80, 0x0F, 0xF7, 0xF8, 0x00, 0xFF, 0x7F, 0x80, 0x0F,
    0xF7, 0xF8, 0x00, 0xFF, 0x7F, 0x80, 0x0F, 0xF7, 0xF8, 0x00, 0xFF, 0x7F, 0x80, 0x0F, 0xF7, 0xFC,
    0x01, 0xFE, 0x3F, 0xC0, 0x1F, 0xE3, 0xFE, 0x03, 0xFE, 0x1F, 0xF8, 0xFF, 0xC1, 0xFF, 0xFF, 0xFC,
    0x0F, 0xFF, 0xFF, 0x80, 0x7F, 0xFF, 0xF0, 0x03, 0xFF, 0xFE, 0x00, 0x1F, 0xFF, 0xC0, 0x00, 0x7F,
    0xF0, 0x00, 0x00, 0x00, 0x00, 0x00, 0x60, 0x60, 0x00, 0x1F, 0x0F, 0x80, 0x03, 0xF9, 0xFC, 0x00,
    0x3F, 0x9F, 0xC0, 0x03, 0xF9, 0xFC, 0x00, 0x1F, 0x9F, 0x80, 0x00, 0xF0, 0xF0, 0x00, 0x00, 0x00,
    0x00, 0x00, 0x00, 0x00, 0x00, 0x03, 0xFE, 0x00, 0x00, 0xFF, 0xF8, 0x00, 0x3F, 0xFF, 0xE0, 0x07,
    0xFF, 0xFF, 0x00, 0xFF, 0xFF, 0xF8, 0x1F, 0xFF, 0xFF, 0x81, 0xFF, 0xFF, 0xFC, 0x3F, 0xE0, 0x3F,
    0xE3, 0xFC, 0x01, 0xFE, 0x3F, 0xC0, 0x1F, 0xE7, 0xF8, 0x00, 0xFE, 0x7F, 0x80, 0x0F, 0xF7, 0xF8,
    0x00, 0xFF, 0x7F, 0x80, 0x0F, 0xF7, 0xF8, 0x00, 0xFF, 0x7F, 0x80, 0x0F, 0xF7, 0xF8, 0x00, 0xFF,
    0x7F, 0x80, 0x0F, 0xF7, 0xFC, 0x01, 0xFE, 0x3F, 0xC0, 0x1F, 0xE3, 0xFE, 0x03, 0xFE, 0x1F, 0xF8,
    0xFF, 0xC1, 0xFF, 0xFF, 0xFC, 0x0F, 0xFF, 0xFF, 0x80, 0x7F, 0xFF, 0xF0, 0x03, 0xFF, 0xFE, 0x00,
    0x1F, 0xFF, 0xC0, 0x00, 0x7F, 0xF0, 0x00, 0x00, 0x00, 0x00, 0x08, 0x00, 0x80, 0x30, 0x03, 0x01,
    0xE0, 0x1E, 0x0F, 0xC0, 0xFC, 0x7F, 0x87, 0xFB, 0xFF, 0x3F, 0xF3, 0xFF, 0xFF, 0x07, 0xFF, 0xF8,
    0x0F, 0xFF, 0xC0, 0x1F, 0xFE, 0x00, 0x3F, 0xF0, 0x00, 0xFF, 0xC0, 0x07, 0xFF, 0x80, 0x3F, 0xFF,
    0x01, 0xFF, 0xFE, 0x0F, 0xFF, 0xFC, 0x7F, 0xCF, 0xFB, 0xFE, 0x1F, 0xF3, 0xF0, 0x3F, 0x07, 0x80,
    0x78, 0x0C, 0x00, 0xC0, 0x00, 0x00, 0x00, 0x00, 0x00, 0x00, 0x00, 0x00, 0x00, 0x18, 0x00, 0x3F,
    0xE3, 0xC0, 0x0F, 0xFF, 0xBE, 0x03, 0xFF, 0xFF, 0xC0, 0x7F, 0xFF, 0xFC, 0x0F, 0xFF, 0xFF, 0x81,
    0xFF, 0xFF, 0xF8, 0x1F, 0xFF, 0xFF, 0xC3, 0xFE, 0x07, 0xFE, 0x3F, 0xC0, 0xFF, 0xE3, 0xFC, 0x1F,
    0xFE, 0x7F, 0x83, 0xFF, 0xE7, 0xF8, 0x3E, 0xFF, 0x7F, 0x87, 0xCF, 0xF7, 0xF8, 0xFC, 0xFF, 0x7F,
    0x9F, 0x8F, 0xF7, 0xFB, 0xF0, 0xFF, 0x7F, 0xBE, 0x0F, 0xF7, 0xFF, 0xC0, 0xFF, 0x7F, 0xFC, 0x1F,
    0xE3, 0xFF, 0x81, 0xFE, 0x3F, 0xF0, 0x3F, 0xE1, 0xFF, 0x8F, 0xFC, 0x1F, 0xFF, 0xFF, 0xC0, 0xFF,
    0xFF, 0xF8, 0x1F, 0xFF, 0xFF, 0x03, 0xFF, 0xFF, 0xE0, 0x7F, 0xFF, 0xFC, 0x03, 0xC7, 0xFF, 0x00,
    0x1C, 0x00, 0x00, 0x00, 0x80, 0x00, 0x00, 0x07, 0xF0, 0x00, 0x01, 0xF8, 0x00, 0x00, 0x7E, 0x00,
    0x00, 0x1F, 0x00, 0x00, 0x0F, 0xC0, 0x00, 0x03, 0xE0, 0x00, 0x00, 0x08, 0x00, 0x00, 0x00, 0x00,
    0x00, 0x00, 0x00, 0x3F, 0x80, 0x3F, 0x9F, 0xC0, 0x1F, 0xCF, 0xE0, 0x0F, 0xE7, 0xF0, 0x07, 0xF3,
    0xF8, 0x03, 0xF9, 0xFC, 0x01, 0xFC, 0xFE, 0x00, 0xFE, 0x7F, 0x00, 0x7F, 0x3F, 0x80, 0x3F, 0x9F,
    0xC0, 0x1F, 0xCF, 0xE0, 0x0F, 0xE7, 0xF0, 0x07, 0xF3, 0xF8, 0x03, 0xF9, 0xFC, 0x01, 0xFC, 0xFE,
    0x00, 0xFE, 0x7F, 0x00, 0x7F, 0x3F, 0x80, 0x3F, 0x9F, 0xC0, 0x1F, 0xCF, 0xE0, 0x0F, 0xE7, 0xF8,
    0x07, 0xF3, 0xFC, 0x07, 0xF9, 0xFF, 0x8F, 0xFC, 0x7F, 0xFF, 0xFE, 0x3F, 0xFF, 0xFE, 0x0F, 0xFF,
    0xFE, 0x03, 0xFF, 0xFE, 0x00, 0xFF, 0xFE, 0x00, 0x1F, 0xFC, 0x00, 0x00, 0x00, 0x00, 0x00, 0x07,
    0xF0, 0x00, 0x03, 0xF0, 0x00, 0x03, 0xF0, 0x00, 0x01, 0xF0, 0x00, 0x01, 0xF8, 0x00, 0x00, 0xF8,
    0x00, 0x00, 0x80, 0x00, 0x00, 0x00, 0x00, 0x00, 0x00, 0x00, 0x3F, 0x80, 0x3F, 0x9F, 0xC0, 0x1F,
    0xCF, 0xE0, 0x0F, 0xE7, 0xF0, 0x07, 0xF3, 0xF8, 0x03, 0xF9, 0xFC, 0x01, 0xFC, 0xFE, 0x00, 0xFE,
    0x7F, 0x00, 0x7F, 0x3F, 0x80, 0x3F, 0x9F, 0xC0, 0x1F, 0xCF, 0xE0, 0x0F, 0xE7, 0xF0, 0x07, 0xF3,
    0xF8, 0x03, 0xF9, 0xFC, 0x01, 0xFC, 0xFE, 0x00, 0xFE, 0x7F, 0x00, 0x7F, 0x3F, 0x80, 0x3F, 0x9F,
    0xC0, 0x1F, 0xCF, 0xE0, 0x0F, 0xE7, 0xF8, 0x07, 0xF3, 0xFC, 0x07, 0xF9, 0xFF, 0x8F, 0xFC, 0x7F,
    0xFF, 0xFE, 0x3F, 0xFF, 0xFE, 0x0F, 0xFF, 0xFE, 0x03, 0xFF, 0xFE, 0x00, 0xFF, 0xFE, 0x00, 0x1F,
    0xFC, 0x00, 0x00, 0x00, 0x00, 0x00, 0x3E, 0x00, 0x00, 0x3F, 0x80, 0x00, 0x3F, 0xE0, 0x00, 0x3F,
    0xF8, 0x00, 0x3F, 0x7E, 0x00, 0x3F, 0x1F, 0x80, 0x00, 0x00, 0x20, 0x00, 0x00, 0x00, 0x00, 0x00,
    0x00, 0x3F, 0x80, 0x3F, 0x9F, 0xC0, 0x1F, 0xCF, 0xE0, 0x0F, 0xE7, 0xF0, 0x07, 0xF3, 0xF8, 0x03,
    0xF9, 0xFC, 0x01, 0xFC, 0xFE, 0x00, 0xFE, 0x7F, 0x00, 0x7F, 0x3F, 0x80, 0x3F, 0x9F, 0xC0, 0x1F,
    0xCF, 0xE0, 0x0F, 0xE7, 0xF0, 0x07, 0xF3, 0xF8, 0x03, 0xF9, 0xFC, 0x01, 0xFC, 0xFE, 0x00, 0xFE,
    0x7F, 0x00, 0x7F, 0x3F, 0x80, 0x3F, 0x9F, 0xC0, 0x1F, 0xCF, 0xE0, 0x0F, 0xE7, 0xF8, 0x07, 0xF3,
    0xFC, 0x07, 0xF9, 0xFF, 0x8F, 0xFC, 0x7F, 0xFF, 0xFE, 0x3F, 0xFF, 0xFE, 0x0F, 0xFF, 0xFE, 0x03,
    0xFF, 0xFE, 0x00, 0xFF, 0xFE, 0x00, 0x1F, 0xFC, 0x00, 0x00, 0x00, 0x00, 0x00, 0xC0, 0xC0, 0x01,
    0xF0, 0xF8, 0x01, 0xFC, 0xFE, 0x00, 0xFE, 0x7F, 0x00, 0x7F, 0x3F, 0x80, 0x1F, 0x9F, 0x80, 0x07,
    0x87, 0x80, 0x00, 0x00, 0x00, 0x00, 0x00, 0x00, 0x3F, 0x80, 0x3F, 0x9F, 0xC0, 0x1F, 0xCF, 0xE0,
    0x0F, 0xE7, 0xF0, 0x07, 0xF3, 0xF8, 0x03, 0xF9, 0xFC, 0x01, 0xFC, 0xFE, 0x00, 0xFE, 0x7F, 0x00,
    0x7F, 0x3F, 0x80, 0x3F, 0x9F, 0xC0, 0x1F, 0xCF, 0xE0, 0x0F, 0xE7, 0xF0, 0x07, 0xF3, 0xF8, 0x03,
    0xF9, 0xFC, 0x01, 0xFC, 0xFE, 0x00, 0xFE, 0x7F, 0x00, 0x7F, 0x3F, 0x80, 0x3F, 0x9F, 0xC0, 0x1F,
    0xCF, 0xE0, 0x0F, 0xE7, 0xF8, 0x07, 0xF3, 0xFC, 0x07, 0xF9, 0xFF, 0x8F, 0xFC, 0x7F, 0xFF, 0xFE,
    0x3F, 0xFF, 0xFE, 0x0F, 0xFF, 0xFE, 0x03, 0xFF, 0xFE, 0x00, 0xFF, 0xFE, 0x00, 0x1F, 0xFC, 0x00,
    0x00, 0x00, 0x00, 0x00, 0x01, 0xFC, 0x00, 0x00, 0x0F, 0xC0, 0x00, 0x00, 0xFC, 0x00, 0x00, 0x07,
    0xC0, 0x00, 0x00, 0x7E, 0x00, 0x00, 0x03, 0xE0, 0x00, 0x00, 0x20, 0x00, 0x00, 0x00, 0x00, 0x00,
    0x00, 0x00, 0x00, 0x07, 0xFC, 0x00, 0xFF, 0x9F, 0xF0, 0x07, 0xF8, 0x7F, 0x80, 0x7F, 0xC3, 0xFE,
    0x03, 0xFC, 0x0F, 0xF0, 0x3F, 0xE0, 0x7F, 0xC1, 0xFE, 0x01, 0xFE, 0x1F, 0xF0, 0x0F, 0xF8, 0xFF,
    0x00, 0x3F, 0xC7, 0xF8, 0x00, 0xFF, 0x7F, 0x80, 0x07, 0xFB, 0xFC, 0x00, 0x1F, 0xFF, 0xC0, 0x00,
    0xFF, 0xFC, 0x00, 0x03, 0xFF, 0xE0, 0x00, 0x1F, 0xFE, 0x00, 0x00, 0x7F, 0xF0, 0x00, 0x01, 0xFF,
    0x00, 0x00, 0x0F, 0xF8, 0x00, 0x00, 0x3F, 0x80, 0x00, 0x01, 0xFC, 0x00, 0x00, 0x0F, 0xE0, 0x00,
    0x00, 0x7F, 0x00, 0x00, 0x03, 0xF8, 0x00, 0x00, 0x1F, 0xC0, 0x00, 0x00, 0xFE, 0x00, 0x00, 0x07,
    0xF0, 0x00, 0x00, 0x3F, 0x80, 0x00, 0x01, 0xFC, 0x00, 0x00, 0x7F, 0x00, 0x00, 0xFE, 0x00, 0x01,
    0xFC, 0x00, 0x03, 0xF8, 0x00, 0x07, 0xF0, 0x00, 0x0F, 0xFF, 0xE0, 0x1F, 0xFF, 0xF0, 0x3F, 0xFF,
    0xF8, 0x7F, 0xFF, 0xF8, 0xFF, 0xFF, 0xF1, 0xFF, 0xFF, 0xF3, 0xF8, 0x1F, 0xE7, 0xF0, 0x1F, 0xCF,
    0xE0, 0x3F, 0x9F, 0xC0, 0x7F, 0x3F, 0x80, 0xFE, 0x7F, 0x03, 0xFC, 0xFF, 0xFF, 0xF9, 0xFF, 0xFF,
    0xE3, 0xFF, 0xFF, 0x87, 0xFF, 0xFE, 0x0F, 0xFF, 0xF0, 0x1F, 0xFE, 0x00, 0x3F, 0x80, 0x00, 0x7F,
    0x00, 0x00, 0xFE, 0x00, 0x01, 0xFC, 0x00, 0x03, 0xF8, 0x00, 0x00, 0x00, 0x00, 0x00, 0x00, 0xFF,
    0x80, 0x03, 0xFF, 0xF0, 0x03, 0xFF, 0xFE, 0x03, 0xFF, 0xFF, 0x83, 0xFF, 0xFF, 0xC1, 0xFF, 0xFF,
    0xF0, 0xFF, 0x0F, 0xF8, 0x7F, 0x03, 0xFC, 0x3F, 0x80, 0xFE, 0x1F, 0xC0, 0xFF, 0x0F, 0xE0, 0x7F,
    0x87, 0xF1, 0xFF, 0x83, 0xF8, 0xFF, 0x81, 0xFC, 0x7F, 0x80, 0xFE, 0x3F, 0xF8, 0x7F, 0x1F, 0xFE,
    0x3F, 0x8F, 0xFF, 0x1F, 0xC0, 0x3F, 0xCF, 0xE0, 0x1F, 0xE7, 0xF0, 0x07, 0xF3, 0xF8, 0x07, 0xF9,
    0xFC, 0x03, 0xFC, 0xFE, 0x3F, 0xFE, 0x7F, 0x1F, 0xFF, 0x3F, 0x8F, 0xFF, 0x1F, 0xC7, 0xFF, 0x0F,
    0xE3, 0xFF, 0x07, 0xF1, 0xFE, 0x00, 0x0F, 0xE0, 0x00, 0x3F, 0x00, 0x00, 0xFC, 0x00, 0x03, 0xE0,
    0x00, 0x1F, 0x80, 0x00, 0x7C, 0x00, 0x00, 0x10, 0x00, 0x00, 0x00, 0x00, 0x00, 0x00, 0x1F, 0xFC,
    0x03, 0xFF, 0xF0, 0x3F, 0xFF, 0xC3, 0xFF, 0xFF, 0x1F, 0xFF, 0xF8, 0xFE, 0x1F, 0xE0, 0x00, 0xFF,
    0x00, 0x0F, 0xF8, 0x1F, 0xFF, 0xC7, 0xFF, 0xFE, 0x7F, 0xFF, 0xF3, 0xFF, 0xFF, 0xBF, 0xC3, 0xFD,
    0xFC, 0x1F, 0xEF, 0xE0, 0xFF, 0x7F, 0x9F, 0xFB, 0xFF, 0xFF, 0xCF, 0xFE, 0xFE, 0x7F, 0xE7, 0xF0,
    0xFE, 0x3F, 0x80, 0x00, 0x00, 0x00, 0x1F, 0xC0, 0x00, 0xFC, 0x00, 0x0F, 0xC0, 0x00, 0x7C, 0x00,
    0x07, 0xE0, 0x00, 0x3E, 0x00, 0x02, 0x00, 0x00, 0x00, 0x00, 0x00, 0x00, 0x00, 0x1F, 0xFC, 0x03,
    0xFF, 0xF0, 0x3F, 0xFF, 0xC3, 0xFF, 0xFF, 0x1F, 0xFF, 0xF8, 0xFE, 0x1F, 0xE0, 0x00, 0xFF, 0x00,
    0x0F, 0xF8, 0x1F, 0xFF, 0xC7, 0xFF, 0xFE, 0x7F, 0xFF, 0xF3, 0xFF, 0xFF, 0xBF, 0xC3, 0xFD, 0xFC,
    0x1F, 0xEF, 0xE0, 0xFF, 0x7F, 0x9F, 0xFB, 0xFF, 0xFF, 0xCF, 0xFE, 0xFE, 0x7F, 0xE7, 0xF0, 0xFE,
    0x3F, 0x80, 0x00, 0x00, 0x00, 0x7C, 0x00, 0x07, 0xF0, 0x00, 0x7F, 0xC0, 0x07, 0xFF, 0x00, 0x7E,
    0xFC, 0x07, 0xE3, 0xF0, 0x00, 0x00, 0x40, 0x00, 0x00, 0x00, 0x00, 0x00, 0x1F, 0xFC, 0x03, 0xFF,
    0xF0, 0x3F, 0xFF, 0xC3, 0xFF, 0xFF, 0x1F, 0xFF, 0xF8, 0xFE, 0x1F, 0xE0, 0x00, 0xFF, 0x00, 0x0F,
    0xF8, 0x1F, 0xFF, 0xC7, 0xFF, 0xFE, 0x7F, 0xFF, 0xF3, 0xFF, 0xFF, 0xBF, 0xC3, 0xFD, 0xFC, 0x1F,
    0xEF, 0xE0, 0xFF, 0x7F, 0x9F, 0xFB, 0xFF, 0xFF, 0xCF, 0xFE, 0xFE, 0x7F, 0xE7, 0xF0, 0xFE, 0x3F,
    0x80, 0x00, 0x00, 0x00, 0x80, 0x00, 0x1F, 0x8F, 0x01, 0xFE, 0xF8, 0x0F, 0xFF, 0x80, 0xF3, 0xFC,
    0x07, 0x8F, 0xC0, 0x00, 0x00, 0x00, 0x00, 0x00, 0x00, 0x00, 0x00, 0x1F, 0xFC, 0x03, 0xFF, 0xF0,
    0x3F, 0xFF, 0xC3, 0xFF, 0xFF, 0x1F, 0xFF, 0xF8, 0xFE, 0x1F, 0xE0, 0x00, 0xFF, 0x00, 0x0F, 0xF8,
    0x1F, 0xFF, 0xC7, 0xFF, 0xFE, 0x7F, 0xFF, 0xF3, 0xFF, 0xFF, 0xBF, 0xC3, 0xFD, 0xFC, 0x1F, 0xEF,
    0xE0, 0xFF, 0x7F, 0x9F, 0xFB, 0xFF, 0xFF, 0xCF, 0xFE, 0xFE, 0x7F, 0xE7, 0xF0, 0xFE, 0x3F, 0x80,
    0x00, 0x00, 0x03, 0x03, 0x00, 0x7C, 0x3E, 0x07, 0xF3, 0xF8, 0x3F, 0x9F, 0xC1, 0xFC, 0xFE, 0x07,
    0xE7, 0xE0, 0x1E, 0x1E, 0x00, 0x00, 0x00, 0x00, 0x00, 0x00, 0x1F, 0xFC, 0x03, 0xFF, 0xF0, 0x3F,
    0xFF, 0xC3, 0xFF, 0xFF, 0x1F, 0xFF, 0xF8, 0xFE, 0x1F, 0xE0, 0x00, 0xFF, 0x00, 0x0F, 0xF8, 0x1F,
    0xFF, 0xC7, 0xFF, 0xFE, 0x7F, 0xFF, 0xF3, 0xFF, 0xFF, 0xBF, 0xC3, 0xFD, 0xFC, 0x1F, 0xEF, 0xE0,
    0xFF, 0x7F, 0x9F, 0xFB, 0xFF, 0xFF, 0xCF, 0xFE, 0xFE, 0x7F, 0xE7, 0xF0, 0xFE, 0x3F, 0x80, 0x00,
    0x00, 0x00, 0x78, 0x00, 0x0F, 0xF0, 0x00, 0x7F, 0x80, 0x07, 0x9E, 0x00, 0x38, 0x70, 0x01, 0xC3,
    0x80, 0x0F, 0x3C, 0x00, 0x3F, 0xC0, 0x00, 0xFC, 0x00, 0x00, 0x00, 0x00, 0x00, 0x00, 0x07, 0xFF,
    0x00, 0xFF, 0xFC, 0x0F, 0xFF, 0xF0, 0xFF, 0xFF, 0xC7, 0xFF, 0xFE, 0x3F, 0x87, 0xF8, 0x00, 0x3F,
    0xC0, 0x03, 0xFE, 0x07, 0xFF, 0xF1, 0xFF, 0xFF, 0x9F, 0xFF, 0xFC, 0xFF, 0xFF, 0xEF, 0xF0, 0xFF,
    0x7F, 0x07, 0xFB, 0xF8, 0x3F, 0xDF, 0xE7, 0xFE, 0xFF, 0xFF, 0xF3, 0xFF, 0xBF, 0x9F, 0xF9, 0xFC,
    0x3F, 0x8F, 0xE0, 0x00, 0x00, 0x00, 0x00, 0x00, 0x00, 0x00, 0xFF, 0x8F, 0xFC, 0x00, 0xFF, 0xFF,
    0xFF, 0x80, 0x7F, 0xFF, 0xFF, 0xF8, 0x1F, 0xFF, 0xFF, 0xFE, 0x0F, 0xFF, 0xFF, 0xFF, 0xC3, 0xF8,
    0x7F, 0x87, 0xF0, 0x00, 0x1F, 0xC0, 0xFE, 0x00, 0x07, 0xF0, 0x3F, 0x81, 0xFF, 0xFF, 0xFF, 0xE0,
    0xFF, 0xFF, 0xFF, 0xF8, 0xFF, 0xFF, 0xFF, 0xFE, 0x3F, 0xFF, 0xFF, 0xFF, 0x9F, 0xE1, 0xFC, 0x00,
    0x07, 0xF0, 0x7F, 0x01, 0xF9, 0xFC, 0x1F, 0xE0, 0xFE, 0x7F, 0x9F, 0xFF, 0xFF, 0x9F, 0xFF, 0xFF,
    0xFF, 0xC3, 0xFF, 0xFF, 0xFF, 0xE0, 0xFF, 0xF9, 0xFF, 0xF0, 0x0F, 0xF8, 0x1F, 0xF0, 0x00, 0x00,
    0x00, 0x00, 0x00, 0x00, 0x00, 0x00, 0x07, 0xFC, 0x00, 0x7F, 0xFC, 0x03, 0xFF, 0xF8, 0x1F, 0xFF,
    0xF0, 0xFF, 0xFF, 0xE3, 0xFC, 0x7F, 0x9F, 0xE0, 0xFE, 0x7F, 0x83, 0xF9, 0xFE, 0x00, 0x17, 0xF8,
    0x00, 0x1F, 0xE0, 0x00, 0x7F, 0x80, 0x01, 0xFE, 0x0F, 0xF7, 0xF8, 0x3F, 0x8F, 0xF9, 0xFE, 0x3F,
    0xFF, 0xF8, 0x7F, 0xFF, 0xC0, 0xFF, 0xFE, 0x01, 0xFF, 0xF0, 0x01, 0xFF, 0x00, 0x00, 0xC0, 0x00,
    0x03, 0x00, 0x00, 0x1F, 0x80, 0x00, 0x0F, 0x00, 0x00, 0x3C, 0x00, 0x07, 0xF0, 0x00, 0x1F, 0x80,
    0x00, 0x7C, 0x00, 0x0F, 0xE0, 0x00, 0x1F, 0x80, 0x00, 0x3F, 0x00, 0x00, 0x7C, 0x00, 0x01, 0xF8,
    0x00, 0x03, 0xE0, 0x00, 0x00, 0x40, 0x00, 0x00, 0x00, 0x00, 0x00, 0x00, 0x07, 0xFC, 0x00, 0x7F,
    0xFC, 0x03, 0xFF, 0xF8, 0x1F, 0xFF, 0xF0, 0xFF, 0xFF, 0xC3, 0xF8, 0x3F, 0x9F, 0xE0, 0xFE, 0x7F,
    0x01, 0xF9, 0xFF, 0xFF, 0xF7, 0xFF, 0xFF, 0xDF, 0xFF, 0xFF, 0x7F, 0xFF, 0xFD, 0xFC, 0x00, 0x07,
    0xF8, 0x20, 0x0F, 0xE0, 0xFE, 0x3F, 0xFF, 0xF8, 0x7F, 0xFF, 0xC0, 0xFF, 0xFE, 0x01, 0xFF, 0xF0,
    0x01, 0xFF, 0x00, 0x00, 0x00, 0x00, 0x00, 0x0F, 0xE0, 0x00, 0x3F, 0x00, 0x01, 0xF8, 0x00, 0x07,
    0xC0, 0x00, 0x3F, 0x00, 0x00, 0xF8, 0x00, 0x04, 0x00, 0x00, 0x00, 0x00, 0x00, 0x00, 0x00, 0x07,
    0xFC, 0x00, 0x7F, 0xFC, 0x03, 0xFF, 0xF8, 0x1F, 0xFF, 0xF0, 0xFF, 0xFF, 0xC3, 0xF8, 0x3F, 0x9F,
    0xE0, 0xFE, 0x7F, 0x01, 0xF9, 0xFF, 0xFF, 0xF7, 0xFF, 0xFF, 0xDF, 0xFF, 0xFF, 0x7F, 0xFF, 0xFD,
    0xFC, 0x00, 0x07, 0xF8, 0x20, 0x0F, 0xE0, 0xFE, 0x3F, 0xFF, 0xF8, 0x7F, 0xFF, 0xC0, 0xFF, 0xFE,
    0x01, 0xFF, 0xF0, 0x01, 0xFF, 0x00, 0x00, 0x00, 0x00, 0x00, 0x7C, 0x00, 0x03, 0xF8, 0x00, 0x1F,
    0xF0, 0x00, 0xFF, 0xE0, 0x07, 0xEF, 0xC0, 0x3F, 0x1F, 0x80, 0x00, 0x01, 0x00, 0x00, 0x00, 0x00,
    0x00, 0x00, 0x07, 0xFC, 0x00, 0x7F, 0xFC, 0x03, 0xFF, 0xF8, 0x1F, 0xFF, 0xF0, 0xFF, 0xFF, 0xC3,
    0xF8, 0x3F, 0x9F, 0xE0, 0xFE, 0x7F, 0x01, 0xF9, 0xFF, 0xFF, 0xF7, 0xFF, 0xFF, 0xDF, 0xFF, 0xFF,
    0x7F, 0xFF, 0xFD, 0xFC, 0x00, 0x07, 0xF8, 0x20, 0x0F, 0xE0, 0xFE, 0x3F, 0xFF, 0xF8, 0x7F, 0xFF,
    0xC0, 0xFF, 0xFE, 0x01, 0xFF, 0xF0, 0x01, 0xFF, 0x00, 0x00, 0x00, 0x00, 0x03, 0x03, 0x00, 0x3E,
    0x1F, 0x01, 0xFC, 0xFE, 0x07, 0xF3, 0xF8, 0x1F, 0xCF, 0xE0, 0x3F, 0x3F, 0x00, 0x78, 0x78, 0x00,
    0x00, 0x00, 0x00, 0x00, 0x00, 0x07, 0xFC, 0x00, 0x7F, 0xFC, 0x03, 0xFF, 0xF8, 0x1F, 0xFF, 0xF0,
    0xFF, 0xFF, 0xC3, 0xF8, 0x3F, 0x9F, 0xE0, 0xFE, 0x7F, 0x01, 0xF9, 0xFF, 0xFF, 0xF7, 0xFF, 0xFF,
    0xDF, 0xFF, 0xFF, 0x7F, 0xFF, 0xFD, 0xFC, 0x00, 0x07, 0xF8, 0x20, 0x0F, 0xE0, 0xFE, 0x3F, 0xFF,
    0xF8, 0x7F, 0xFF, 0xC0, 0xFF, 0xFE, 0x01, 0xFF, 0xF0, 0x01, 0xFF, 0x00, 0x00, 0x00, 0x00, 0xFE,
    0x07, 0xE0, 0x3F, 0x01, 0xF0, 0x1F, 0x80, 0xF8, 0x00, 0x40, 0x00, 0x00, 0x00, 0xFE, 0x0F, 0xE0,
    0xFE, 0x0F, 0xE0, 0xFE, 0x0F, 0xE0, 0xFE, 0x0F, 0xE0, 0xFE, 0x0F, 0xE0, 0xFE, 0x0F, 0xE0, 0xFE,
    0x0F, 0xE0, 0xFE, 0x0F, 0xE0, 0xFE, 0x0F, 0xE0, 0xFE, 0x0F, 0xE0, 0x07, 0xF0, 0x7E, 0x0F, 0xC0,
    0xF8, 0x1F, 0x81, 0xF0, 0x20, 0x00, 0x00, 0x00, 0x07, 0xF0, 0x7F, 0x07, 0xF0, 0x7F, 0x07, 0xF0,
    0x7F, 0x07, 0xF0, 0x7F, 0x07, 0xF0, 0x7F, 0x07, 0xF0, 0x7F, 0x07, 0xF0, 0x7F, 0x07, 0xF0, 0x7F,
    0x07, 0xF0, 0x7F, 0x07, 0xF0, 0x7F, 0x00, 0x03, 0xE0, 0x03, 0xF8, 0x03, 0xFE, 0x03, 0xFF, 0x83,
    0xF7, 0xE3, 0xF1, 0xF8, 0x00, 0x02, 0x00, 0x00, 0x00, 0x00, 0x03, 0xF8, 0x01, 0xFC, 0x00, 0xFE,
    0x00, 0x7F, 0x00, 0x3F, 0x80, 0x1F, 0xC0, 0x0F, 0xE0, 0x07, 0xF0, 0x03, 0xF8, 0x01, 0xFC, 0x00,
    0xFE, 0x00, 0x7F, 0x00, 0x3F, 0x80, 0x1F, 0xC0, 0x0F, 0xE0, 0x07, 0xF0, 0x03, 0xF8, 0x01, 0xFC,
    0x00, 0xFE, 0x00, 0x7F, 0x00, 0x18, 0x18, 0x3E, 0x1F, 0x3F, 0x9F, 0xDF, 0xCF, 0xEF, 0xE7, 0xF3,
    0xF3, 0xF0, 0xF0, 0xF0, 0x00, 0x00, 0x00, 0x00, 0x03, 0xF8, 0x01, 0xFC, 0x00, 0xFE, 0x00, 0x7F,
    0x00, 0x3F, 0x80, 0x1F, 0xC0, 0x0F, 0xE0, 0x07, 0xF0, 0x03, 0xF8, 0x01, 0xFC, 0x00, 0xFE, 0x00,
    0x7F, 0x00, 0x3F, 0x80, 0x1F, 0xC0, 0x0F, 0xE0, 0x07, 0xF0, 0x03, 0xF8, 0x01, 0xFC, 0x00, 0xFE,
    0x00, 0x7F, 0x00, 0x00, 0x00, 0x00, 0x30, 0x02, 0x00, 0xFC, 0x18, 0x03, 0xFD, 0xE0, 0x0F, 0xFF,
    0x80, 0x0F, 0xF8, 0x00, 0x1F, 0xF0, 0x01, 0xFF, 0xE0, 0x0F, 0x9F, 0xC0, 0x38, 0x3F, 0x80, 0x80,
    0x7F, 0x00, 0xFC, 0xFC, 0x07, 0xFD, 0xF8, 0x3F, 0xFF, 0xE1, 0xFF, 0xFF, 0x8F, 0xF1, 0xFF, 0x3F,
    0x83, 0xFD, 0xFC, 0x07, 0xF7, 0xF0, 0x1F, 0xDF, 0xC0, 0x7F, 0x7F, 0x01, 0xFD, 0xFC, 0x07, 0xF7,
    0xF0, 0x1F, 0xDF, 0xE0, 0xFE, 0x3F, 0xC7, 0xF8, 0xFF, 0xFF, 0xC1, 0xFF, 0xFF, 0x03, 0xFF, 0xF8,
    0x07, 0xFF, 0xC0, 0x07, 0xFC, 0x00, 0x00, 0x00, 0x00, 0x01, 0x00, 0x00, 0x1F, 0x8F, 0x00, 0xFF,
    0x7C, 0x03, 0xFF, 0xE0, 0x1E, 0x7F, 0x80, 0x78, 0xFC, 0x00, 0x00, 0x00, 0x00, 0x00, 0x00, 0x00,
    0x00, 0x01, 0xFC, 0x7F, 0x07, 0xF3, 0xFE, 0x1F, 0xDF, 0xFC, 0x7F, 0xFF, 0xF9, 0xFF, 0xFF, 0xE7,
    0xFF, 0xFF, 0x9F, 0xE1, 0xFE, 0x7F, 0x03, 0xF9, 0xFC, 0x0F, 0xE7, 0xF0, 0x3F, 0x9F, 0xC0, 0xFE,
    0x7F, 0x03, 0xF9, 0xFC, 0x0F, 0xE7, 0xF0, 0x3F, 0x9F, 0xC0, 0xFE, 0x7F, 0x03, 0xF9, 0xFC, 0x0F,
    0xE7, 0xF0, 0x3F, 0x9F, 0xC0, 0xFE, 0x7F, 0x03, 0xF8, 0x0F, 0xE0, 0x00, 0x0F, 0xC0, 0x00, 0x0F,
    0xC0, 0x00, 0x0F, 0x80, 0x00, 0x1F, 0x80, 0x00, 0x1F, 0x00, 0x00, 0x01, 0x00, 0x00, 0x00, 0x00,
    0x00, 0x00, 0x00, 0x03, 0xFF, 0x00, 0x1F, 0xFF, 0x00, 0x7F, 0xFF, 0x81, 0xFF, 0xFF, 0x07, 0xFF,
    0xFF, 0x0F, 0xF9, 0xFF, 0x3F, 0xC1, 0xFE, 0x7F, 0x83, 0xFC, 0xFF, 0x03, 0xF9, 0xFE, 0x07, 0xF3,
    0xFC, 0x0F, 0xE7, 0xF8, 0x1F, 0xCF, 0xF0, 0x7F, 0x9F, 0xE0, 0xFF, 0x1F, 0xF3, 0xFE, 0x3F, 0xFF,
    0xF8, 0x3F, 0xFF, 0xE0, 0x3F, 0xFF, 0xC0, 0x3F, 0xFE, 0x00, 0x1F, 0xF8, 0x00, 0x00, 0x00, 0x00,
    0x00, 0x0F, 0xE0, 0x00, 0x1F, 0x80, 0x00, 0x7E, 0x00, 0x00, 0xF8, 0x00, 0x03, 0xF0, 0x00, 0x07,
    0xC0, 0x00, 0x10, 0x00, 0x00, 0x00, 0x00, 0x00, 0x00, 0x00, 0x03, 0xFF, 0x00, 0x1F, 0xFF, 0x00,
    0x7F, 0xFF, 0x81, 0xFF, 0xFF, 0x07, 0xFF, 0xFF, 0x0F, 0xF9, 0xFF, 0x3F, 0xC1, 0xFE, 0x7F, 0x83,
    0xFC, 0xFF, 0x03, 0xF9, 0xFE, 0x07, 0xF3, 0xFC, 0x0F, 0xE7, 0xF8, 0x1F, 0xCF, 0xF0, 0x7F, 0x9F,
    0xE0, 0xFF, 0x1F, 0xF3, 0xFE, 0x3F, 0xFF, 0xF8, 0x3F, 0xFF, 0xE0, 0x3F, 0xFF, 0xC0, 0x3F, 0xFE,
    0x00, 0x1F, 0xF8, 0x00, 0x00, 0x00, 0x00, 0x00, 0x7C, 0x00, 0x01, 0xFC, 0x00, 0x07, 0xFC, 0x00,
    0x1F, 0xFC, 0x00, 0x7E, 0xFC, 0x01, 0xF8, 0xFC, 0x00, 0x00, 0x04, 0x00, 0x00, 0x00, 0x00, 0x00,
    0x00, 0x03, 0xFF, 0x00, 0x1F, 0xFF, 0x00, 0x7F, 0xFF, 0x81, 0xFF, 0xFF, 0x07, 0xFF, 0xFF, 0x0F,
    0xF9, 0xFF, 0x3F, 0xC1, 0xFE, 0x7F, 0x83, 0xFC, 0xFF, 0x03, 0xF9, 0xFE, 0x07, 0xF3, 0xFC, 0x0F,
    0xE7, 0xF8, 0x1F, 0xCF, 0xF0, 0x7F, 0x9F, 0xE0, 0xFF, 0x1F, 0xF3, 0xFE, 0x3F, 0xFF, 0xF8, 0x3F,
    0xFF, 0xE0, 0x3F, 0xFF, 0xC0, 0x3F, 0xFE, 0x00, 0x1F, 0xF8, 0x00, 0x00, 0x00, 0x00, 0x00, 0x80,
    0x00, 0x07, 0xE3, 0xC0, 0x1F, 0xEF, 0x80, 0x3F, 0xFE, 0x00, 0xF3, 0xFC, 0x01, 0xE3, 0xF0, 0x00,
    0x00, 0x00, 0x00, 0x00, 0x00, 0x00, 0x00, 0x00, 0x03, 0xFF, 0x00, 0x1F, 0xFF, 0x00, 0x7F, 0xFF,
    0x81, 0xFF, 0xFF, 0x07, 0xFF, 0xFF, 0x0F, 0xF9, 0xFF, 0x3F, 0xC1, 0xFE, 0x7F, 0x83, 0xFC, 0xFF,
    0x03, 0xF9, 0xFE, 0x07, 0xF3, 0xFC, 0x0F, 0xE7, 0xF8, 0x1F, 0xCF, 0xF0, 0x7F, 0x9F, 0xE0, 0xFF,
    0x1F, 0xF3, 0xFE, 0x3F, 0xFF, 0xF8, 0x3F, 0xFF, 0xE0, 0x3F, 0xFF, 0xC0, 0x3F, 0xFE, 0x00, 0x1F,
    0xF8, 0x00, 0x00, 0x00, 0x00, 0x01, 0x81, 0x80, 0x0F, 0x87, 0xC0, 0x3F, 0x9F, 0xC0, 0x7F, 0x3F,
    0x80, 0xFE, 0x7F, 0x00, 0xFC, 0xFC, 0x00, 0xF0, 0xF0, 0x00, 0x00, 0x00, 0x00, 0x00, 0x00, 0x03,
    0xFF, 0x00, 0x1F, 0xFF, 0x00, 0x7F, 0xFF, 0x81, 0xFF, 0xFF, 0x07, 0xFF, 0xFF, 0x0F, 0xF9, 0xFF,
    0x3F, 0xC1, 0xFE, 0x7F, 0x83, 0xFC, 0xFF, 0x03, 0xF9, 0xFE, 0x07, 0xF3, 0xFC, 0x0F, 0xE7, 0xF8,
    0x1F, 0xCF, 0xF0, 0x7F, 0x9F, 0xE0, 0xFF, 0x1F, 0xF3, 0xFE, 0x3F, 0xFF, 0xF8, 0x3F, 0xFF, 0xE0,
    0x3F, 0xFF, 0xC0, 0x3F, 0xFE, 0x00, 0x1F, 0xF8, 0x00, 0x00, 0x00, 0x00, 0x00, 0xF0, 0x00, 0x1F,
    0x80, 0x03, 0xFC, 0x00, 0x3F, 0xC0, 0x03, 0xFC, 0x00, 0x1F, 0x80, 0x01, 0xF8, 0x00, 0x06, 0x00,
    0x00, 0x00, 0x0F, 0xFF, 0xFF, 0xFF, 0xFF, 0xFF, 0xFF, 0xFF, 0xFF, 0xFF, 0xFF, 0xFF, 0xFF, 0xFF,
    0xFF, 0xF0, 0x00, 0x00, 0x00, 0xF0, 0x00, 0x1F, 0x80, 0x03, 0xFC, 0x00, 0x3F, 0xC0, 0x03, 0xFC,
    0x00, 0x1F, 0x80, 0x00, 0xF0, 0x00, 0x00, 0x00, 0x00, 0x00, 0x00, 0x00, 0x00, 0x10, 0x07, 0xFE,
    0x70, 0x3F, 0xFF, 0xC0, 0xFF, 0xFF, 0x83, 0xFF, 0xFE, 0x0F, 0xFF, 0xFE, 0x1F, 0xF3, 0xFE, 0x7F,
    0x87, 0xFC, 0xFF, 0x1F, 0xF9, 0xFE, 0x7F, 0xF3, 0xFD, 0xEF, 0xE7, 0xFF, 0x9F, 0xCF, 0xFE, 0x3F,
    0x9F, 0xF8, 0xFF, 0x3F, 0xE1, 0xFE, 0x3F, 0xE7, 0xFC, 0x7F, 0xFF, 0xF0, 0x7F, 0xFF, 0xC0, 0xFF,
    0xFF, 0x83, 0xFF, 0xFC, 0x0F, 0x3F, 0xF0, 0x04, 0x00, 0x00, 0x00, 0x0F, 0xE0, 0x00, 0x1F, 0x80,
    0x00, 0x3F, 0x00, 0x00, 0x7C, 0x00, 0x01, 0xF8, 0x00, 0x03, 0xE0, 0x00, 0x00, 0x40, 0x00, 0x00,
    0x00, 0x00, 0x00, 0x01, 0xFC, 0x0F, 0xE7, 0xF0, 0x3F, 0x9F, 0xC0, 0xFE, 0x7F, 0x03, 0xF9, 0xFC,
    0x0F, 0xE7, 0xF0, 0x3F, 0x9F, 0xC0, 0xFE, 0x7F, 0x03, 0xF9, 0xFC, 0x0F, 0xE7, 0xF0, 0x3F, 0x9F,
    0xC0, 0xFE, 0x7F, 0x03, 0xF9, 0xFC, 0x0F, 0xE7, 0xF8, 0x7F, 0x9F, 0xFF, 0xFE, 0x7F, 0xFF, 0xF9,
    0xFF, 0xFF, 0xE3, 0xFF, 0xBF, 0x87, 0xFC, 0xFE, 0x0F, 0xE3, 0xF8, 0x00, 0x00, 0x00, 0x00, 0x1F,
    0xC0, 0x00, 0x7E, 0x00, 0x03, 0xF0, 0x00, 0x0F, 0x80, 0x00, 0x7E, 0x00, 0x01, 0xF0, 0x00, 0x08,
    0x00, 0x00, 0x00, 0x00, 0x00, 0x00, 0x01, 0xFC, 0x0F, 0xE7, 0xF0, 0x3F, 0x9F, 0xC0, 0xFE, 0x7F,
    0x03, 0xF9, 0xFC, 0x0F, 0xE7, 0xF0, 0x3F, 0x9F, 0xC0, 0xFE, 0x7F, 0x03, 0xF9, 0xFC, 0x0F, 0xE7,
    0xF0, 0x3F, 0x9F, 0xC0, 0xFE, 0x7F, 0x03, 0xF9, 0xFC, 0x0F, 0xE7, 0xF8, 0x7F, 0x9F, 0xFF, 0xFE,
    0x7F, 0xFF, 0xF9, 0xFF, 0xFF, 0xE3, 0xFF, 0xBF, 0x87, 0xFC, 0xFE, 0x0F, 0xE3, 0xF8, 0x00, 0x00,
    0x00, 0x00, 0xF8, 0x00, 0x07, 0xF0, 0x00, 0x3F, 0xE0, 0x01, 0xFF, 0xC0, 0x0F, 0xDF, 0x80, 0x7E,
    0x3F, 0x00, 0x00, 0x02, 0x00, 0x00, 0x00, 0x00, 0x00, 0x01, 0xFC, 0x0F, 0xE7, 0xF0, 0x3F, 0x9F,
    0xC0, 0xFE, 0x7F, 0x03, 0xF9, 0xFC, 0x0F, 0xE7, 0xF0, 0x3F, 0x9F, 0xC0, 0xFE, 0x7F, 0x03, 0xF9,
    0xFC, 0x0F, 0xE7, 0xF0, 0x3F, 0x9F, 0xC0, 0xFE, 0x7F, 0x03, 0xF9, 0xFC, 0x0F, 0xE7, 0xF8, 0x7F,
    0x9F, 0xFF, 0xFE, 0x7F, 0xFF, 0xF9, 0xFF, 0xFF, 0xE3, 0xFF, 0xBF, 0x87, 0xFC, 0xFE, 0x0F, 0xE3,
    0xF8, 0x00, 0x00, 0x00, 0x03, 0x03, 0x00, 0x3E, 0x1F, 0x01, 0xFC, 0xFE, 0x07, 0xF3, 0xF8, 0x1F,
    0xCF, 0xE0, 0x3F, 0x3F, 0x00, 0x78, 0x78, 0x00, 0x00, 0x00, 0x00, 0x00, 0x01, 0xFC, 0x0F, 0xE7,
    0xF0, 0x3F, 0x9F, 0xC0, 0xFE, 0x7F, 0x03, 0xF9, 0xFC, 0x0F, 0xE7, 0xF0, 0x3F, 0x9F, 0xC0, 0xFE,
    0x7F, 0x03, 0xF9, 0xFC, 0x0F, 0xE7, 0xF0, 0x3F, 0x9F, 0xC0, 0xFE, 0x7F, 0x03, 0xF9, 0xFC, 0x0F,
    0xE7, 0xF8, 0x7F, 0x9F, 0xFF, 0xFE, 0x7F, 0xFF, 0xF9, 0xFF, 0xFF, 0xE3, 0xFF, 0xBF, 0x87, 0xFC,
    0xFE, 0x0F, 0xE3, 0xF8, 0x00, 0x00, 0x00, 0x00, 0x0F, 0xE0, 0x00, 0x0F, 0xC0, 0x00, 0x1F, 0x80,
    0x00, 0x1F, 0x00, 0x00, 0x3F, 0x00, 0x00, 0x3E, 0x00, 0x00, 0x40, 0x00, 0x00, 0x00, 0x00, 0x00,
    0x00, 0x00, 0xFF, 0x01, 0xFE, 0x7F, 0x01, 0xFE, 0x7F, 0x81, 0xFC, 0x7F, 0x83, 0xFC, 0x3F, 0x83,
    0xF8, 0x3F, 0x83, 0xF8, 0x1F, 0xC7, 0xF8, 0x1F, 0xC7, 0xF0, 0x1F, 0xC7, 0xF0, 0x0F, 0xEF, 0xF0,
    0x0F, 0xEF, 0xE0, 0x0F, 0xEF, 0xE0, 0x07, 0xEF, 0xC0, 0x07, 0xFF, 0xC0, 0x03, 0xFF, 0xC0, 0x03,
    0xFF, 0x80, 0x03, 0xFF, 0x80, 0x01, 0xFF, 0x80, 0x01, 0xFF, 0x00, 0x01, 0xFF, 0x00, 0x00, 0xFE,
    0x00, 0x01, 0xFE, 0x00, 0x1F, 0xFE, 0x00, 0x1F, 0xFC, 0x00, 0x1F, 0xFC, 0x00, 0x3F, 0xF8, 0x00,
    0x3F, 0xF0, 0x00, 0x3F, 0xC0, 0x00, 0x7F, 0x00, 0x00, 0xFE, 0x00, 0x01, 0xFC, 0x00, 0x03, 0xF8,
    0x00, 0x07, 0xF0, 0x00, 0x0F, 0xE0, 0x00, 0x1F, 0xC0, 0x00, 0x3F, 0x80, 0x00, 0x7F, 0x3F, 0xC0,
    0xFE, 0xFF, 0xC1, 0xFD, 0xFF, 0xC3, 0xFF, 0xFF, 0xC7, 0xFF, 0xFF, 0x8F, 0xF9, 0xFF, 0x9F, 0xE0,
    0xFF, 0x3F, 0x81, 0xFE, 0x7F, 0x03, 0xFC, 0xFE, 0x03, 0xF9, 0xFC, 0x07, 0xF3, 0xF8, 0x1F, 0xE7,
    0xF0, 0x3F, 0xCF, 0xF0, 0x7F, 0x9F, 0xFB, 0xFE, 0x3F, 0xFF, 0xFC, 0x7F, 0xFF, 0xF8, 0xFE, 0xFF,
    0xE1, 0xFD, 0xFF, 0x83, 0xF8, 0xFC, 0x07, 0xF0, 0x00, 0x0F, 0xE0, 0x00, 0x1F, 0xC0, 0x00, 0x3F,
    0x80, 0x00, 0x7F, 0x00, 0x00, 0xFE, 0x00, 0x01, 0xFC, 0x00, 0x03, 0xF8, 0x00, 0x00, 0x03, 0x03,
    0x00, 0x0F, 0x87, 0xC0, 0x1F, 0xCF, 0xE0, 0x1F, 0xCF, 0xE0, 0x1F, 0xCF, 0xE0, 0x0F, 0xCF, 0xC0,
    0x07, 0x87, 0x80, 0x00, 0x00, 0x00, 0x00, 0x00, 0x00, 0xFF, 0x01, 0xFE, 0x7F, 0x01, 0xFE, 0x7F,
    0x81, 0xFC, 0x7F, 0x83, 0xFC, 0x3F, 0x83, 0xF8, 0x3F, 0x83, 0xF8, 0x1F, 0xC7, 0xF8, 0x1F, 0xC7,
    0xF0, 0x1F, 0xC7, 0xF0, 0x0F, 0xEF, 0xF0, 0x0F, 0xEF, 0xE0, 0x0F, 0xEF, 0xE0, 0x07, 0xEF, 0xC0,
    0x07, 0xFF, 0xC0, 0x03, 0xFF, 0xC0, 0x03, 0xFF, 0x80, 0x03, 0xFF, 0x80, 0x01, 0xFF, 0x80, 0x01,
    0xFF, 0x00, 0x01, 0xFF, 0x00, 0x00, 0xFE, 0x00, 0x01, 0xFE, 0x00, 0x1F, 0xFE, 0x00, 0x1F, 0xFC,
    0x00, 0x1F, 0xFC, 0x00, 0x3F, 0xF8, 0x00, 0x3F, 0xF0, 0x00, 0x3F, 0xC0, 0x00
};

const epaper_font::GlyphRange kInter38Black_ext = {
    0xA0,
    0xFF,
    kInter38Black_ext_glyphs,
    kInter38Black_ext_bitmaps,
};

const epaper_font::GlyphBitmap kInter46SemiBold_ext_glyphs[] = {
    {     0,    0,   0,   0,    0,    0,  11 },
    {     0,   34,   8,  34,    2,   25,  13 },
    {    34,  102,  24,  34,    1,   34,  26 },
    {   136,  111,  26,  34,    1,   34,  29 },
    {   247,  113,  30,  30,    2,   29,  34 },
    {   360,  107,  25,  34,    0,   34,  26 },
    {   467,   31,   6,  41,    4,   34,  14 },
    {   498,  118,  23,  41,    1,   34,  26 },
    {   616,   17,  17,   8,    5,   35,  28 },
    {   633,  154,  35,  35,    3,   34,  42 },
    {   787,   48,  18,  21,    1,   35,  21 },
    {   835,   69,  26,  21,    1,   24,  28 },
    {   904,   32,  21,  12,    4,   18,  31 },
    {   936,  101,  23,  35,    1,   34,  26 },
    {  1037,   92,  27,  27,    1,   34,  30 },
    {  1129,    9,  14,   5,    3,   33,  20 },
    {  1138,   34,  17,  16,    2,   34,  21 },
    {  1172,   75,  24,  25,    3,   26,  31 },
    {  1247,   43,  17,  20,    1,   39,  20 },
    {  1290,   45,  18,  20,    1,   39,  20 },
    {  1335,   10,  10,   8,    2,   35,  15 },
    {  1345,  114,  26,  35,    2,   25,  28 },
    {  1459,   98,  23,  34,    1,   34,  27 },
    {  1557,    8,   8,   8,    2,   20,  13 },
    {  1565,   14,   9,  12,    4,    2,  15 },
    {  1579,   28,  11,  20,    1,   39,  14 },
    {  1607,   53,  20,  21,    1,   35,  22 },
    {  1660,   69,  26,  21,    1,   24,  28 },
    {  1729,  149,  35,  34,    1,   34,  37 },
    {  1878,  153,  36,  34,    1,   34,  39 },
    {  2031,  162,  38,  34,    1,   34,  41 },
    {  2193,   97,  22,  35,    2,   25,  26 },
    {  2290,  176,  32,  44,    0,   44,  33 },
    {  2466,  176,  32,  44,    0,   44,  33 },
    {  2642,  176,  32,  44,    0,   44,  33 },
    {  2818,  172,  32,  43,    0,   43,  33 },
    {  2990,  176,  32,  44,    0,   44,  33 },
    {  3166,  184,  32,  46,    0,   46,  33 },
    {  3350,  192,  45,  34,    0,   34,  47 },
    {  3542,  171,  31,  44,    1,   34,  34 },
    {  3713,  127,  23,  44,    3,   44,  28 },
    {  3840,  127,  23,  44,    3,   44,  28 },
    {  3967,  127,  23,  44,    3,   44,  28 },
    {  4094,  127,  23,  44,    3,   44,  28 },
    {  4221,   61,  11,  44,   -1,   44,  13 },
    {  4282,   55,  10,  44,    3,   44,  13 },
    {  4337,   99,  18,  44,   -3,   44,  13 },
    {  4436,   99,  18,  44,   -3,   44,  13 },
    {  4535,  141,  33,  34,    0,   34,  35 },
    {  4676,  151,  28,  43,    3,   43,  34 },
    {  4827,  180,  32,  45,    1,   44,  35 },
    {  5007,  180,  32,  45,    1,   44,  35 },
    {  5187,  180,  32,  45,    1,   44,  35 },
    {  5367,  176,  32,  44,    1,   43,  35 },
    {  5543,  180,  32,  45,    1,   44,  35 },
    {  5723,   72,  24,  24,    3,   25,  31 },
    {  5795,  148,  32,  37,    1,   35,  35 },
    {  5943,  164,  29,  45,    2,   44,  34 },
    {  6107,  164,  29,  45,    2,   44,  34 },
    {  6271,  164,  29,  45,    2,   44,  34 },
    {  6435,  164,  29,  45,    2,   44,  34 },
    {  6599,  176,  32,  44,    0,   44,  32 },
    {  6775,  107,  25,  34,    2,   34,  30 },
    {  6882,  107,  25,  34,    3,   34,  29 },
    {  6989,   99,  22,  36,    1,   35,  26 },
    {  7088,   99,  22,  36,    1,   35,  26 },
    {  7187,   99,  22,  36,    1,   35,  26 },
    {  7286,   97,  22,  35,    1,   34,  26 },
    {  7383,   99,  22,  36,    1,   35,  26 },
    {  7482,  108,  22,  39,    1,   38,  26 },
    {  7590,  127,  39,  26,    1,   25,  42 },
    {  7717,  105,  24,  35,    1,   25,  26 },
    {  7822,  108,  24,  36,    1,   35,  27 },
    {  7930,  108,  24,  36,    1,   35,  27 },
    {  8038,  108,  24,  36,    1,   35,  27 },
    {  8146,  108,  24,  36,    1,   35,  27 },
    {  8254,   49,  11,  35,   -2,   35,  12 },
    {  8303,   49,  11,  35,    2,   35,  12 },
    {  8352,   75,  17,  35,   -3,   35,  12 },
    {  8427,   75,  17,  35,   -3,   35,  12 },
    {  8502,  111,  24,  37,    1,   36,  27 },
    {  8613,   98,  23,  34,    2,   34,  28 },
    {  8711,  113,  25,  36,    1,   35,  28 },
    {  8824,  113,  25,  36,    1,   35,  28 },
    {  8937,  113,  25,  36,    1,   35,  28 },
    {  9050,  110,  25,  35,    1,   34,  28 },
    {  9160,  113,  25,  36,    1,   35,  28 },
    {  9273,   75,  23,  26,    4,   26,  31 },
    {  9348,   88,  25,  28,    1,   26,  28 },
    {  9436,  104,  23,  36,    2,   35,  28 },
    {  9540,  104,  23,  36,    2,   35,  28 },
    {  9644,  104,  23,  36,    2,   35,  28 },
    {  9748,  104,  23,  36,    2,   35,  28 },
    {  9852,  147,  26,  45,    0,   35,  26 },
    {  9999,  138,  25,  44,    2,   34,  28 },
    { 10137,  147,  26,  45,    0,   35,  26 },
};

const uint8_t kInter46SemiBold_ext_bitmaps[] = {
    0x1C, 0x7E, 0x7F, 0x7F, 0x7F, 0x7E, 0x3E, 0x00, 0x00, 0x00, 0x00, 0x3E, 0x3E, 0x3E, 0x3E, 0x3E,
    0x3E, 0x3E, 0x3E, 0x3E, 0x7E, 0x7E, 0x7E, 0x7E, 0x7E, 0x7E, 0x7E, 0x7E, 0x7E, 0x7E, 0x7E, 0x7E,
    0x7F, 0x7F, 0x00, 0x00, 0x00, 0x00, 0x1C, 0x00, 0x00, 0x1C, 0x00, 0x00, 0x1C, 0x00, 0x00, 0x1C,
    0x00, 0x00, 0xFF, 0x80, 0x03, 0xFF, 0xE0, 0x07, 0xFF, 0xF0, 0x0F, 0xFF, 0xF8, 0x1F, 0xFF, 0xFC,
    0x3F, 0x9C, 0xFC, 0x3F, 0x1C, 0x7E, 0x7F, 0x1C, 0x7E, 0x7E, 0x1C, 0x20, 0x7E, 0x1C, 0x00, 0x7E,
    0x1C, 0x00, 0x7E, 0x1C, 0x00, 0x7E, 0x1C, 0x00, 0x7E, 0x1C, 0x00, 0x7E, 0x1C, 0x00, 0x7E, 0x1C,
    0x00, 0x7E, 0x1C, 0x3E, 0x3F, 0x1C, 0x7E, 0x3F, 0x1C, 0xFE, 0x1F, 0xDD, 0xFC, 0x1F, 0xFF, 0xFC,
    0x0F, 0xFF, 0xF8, 0x07, 0xFF, 0xF0, 0x01, 0xFF, 0xC0, 0x00, 0x7F, 0x00, 0x00, 0x1C, 0x00, 0x00,
    0x1C, 0x00, 0x00, 0x1C, 0x00, 0x00, 0x1C, 0x00, 0x00, 0x1F, 0xC0, 0x00, 0x1F, 0xFC, 0x00, 0x1F,
    0xFF, 0xC0, 0x0F, 0xFF, 0xF8, 0x03, 0xFF, 0xFF, 0x01, 0xFC, 0x1F, 0xC0, 0x7E, 0x03, 0xF8, 0x3F,
    0x00, 0x7E, 0x0F, 0xC0, 0x1F, 0x83, 0xF0, 0x03, 0xE0, 0xFC, 0x00, 0x00, 0x3F, 0x00, 0x00, 0x0F,
    0xC0, 0x00, 0x03, 0xF0, 0x00, 0x00, 0xFC, 0x00, 0x01, 0xFF, 0xFF, 0x80, 0x7F, 0xFF, 0xE0, 0x1F,
    0xFF, 0xF8, 0x07, 0xFF, 0xFE, 0x01, 0xFF, 0xFF, 0x80, 0x0F, 0xC0, 0x00, 0x03, 0xF0, 0x00, 0x00,
    0xFC, 0x00, 0x00, 0x3F, 0x00, 0x00, 0x07, 0xC0, 0x00, 0x01, 0xF0, 0x00, 0x00, 0xFC, 0x00, 0xF8,
    0x3E, 0x00, 0x3E, 0x1F, 0x00, 0x0F, 0x9F, 0xFF, 0xFF, 0xE7, 0xFF, 0xFF, 0xF9, 0xFF, 0xFF, 0xFC,
    0x7F, 0xFF, 0xFF, 0x1F, 0xFF, 0xFF, 0x00, 0x00, 0x00, 0x00, 0x00, 0x40, 0x3E, 0x01, 0x83, 0x87,
    0xFF, 0x0F, 0x1F, 0x7F, 0xFF, 0x7E, 0x7F, 0xFF, 0xFF, 0xF8, 0xFF, 0xE1, 0xFF, 0xC1, 0xFC, 0x00,
    0xFE, 0x07, 0xE0, 0x01, 0xF0, 0x1F, 0x00, 0x03, 0xE0, 0xF8, 0x00, 0x07, 0x83, 0xC0, 0x00, 0x1F,
    0x0F, 0x00, 0x00, 0x3C, 0x3C, 0x00, 0x00, 0xF1, 0xE0, 0x00, 0x03, 0xC7, 0x80, 0x00, 0x0F, 0x1E,
    0x00, 0x00, 0x3C, 0x78, 0x00, 0x00, 0xF1, 0xE0, 0x00, 0x03, 0xC3, 0xC0, 0x00, 0x0F, 0x0F, 0x00,
    0x00, 0x3C, 0x3E, 0x00, 0x01, 0xF0, 0x78, 0x00, 0x0F, 0x81, 0xF0, 0x00, 0x3E, 0x03, 0xE0, 0x01,
    0xF0, 0x1F, 0xE0, 0x1F, 0xE0, 0xFF, 0xFF, 0xFF, 0xC7, 0xFF, 0xFF, 0xFF, 0x8F, 0x3F, 0xFF, 0x3C,
    0x18, 0x3F, 0xF0, 0x60, 0x00, 0x00, 0x00, 0x00, 0x00, 0x00, 0x00, 0x7F, 0x00, 0x1F, 0xDF, 0x80,
    0x0F, 0xC7, 0xE0, 0x0F, 0xE3, 0xF0, 0x07, 0xE0, 0xFC, 0x03, 0xF0, 0x7E, 0x03, 0xF0, 0x1F, 0x81,
    0xF8, 0x0F, 0xC1, 0xF8, 0x03, 0xE0, 0xFC, 0x01, 0xF8, 0xFC, 0x00, 0x7C, 0x7E, 0x00, 0x3F, 0x3E,
    0x00, 0x1F, 0xBF, 0x00, 0x07, 0xFF, 0x00, 0x03, 0xFF, 0x80, 0x00, 0xFF, 0x80, 0x1F, 0xFF, 0xFE,
    0x0F, 0xFF, 0xFF, 0x07, 0xFF, 0xFF, 0x83, 0xFF, 0xFF, 0xC0, 0x01, 0xF8, 0x00, 0x00, 0xFC, 0x00,
    0x7F, 0xFF, 0xF8, 0x3F, 0xFF, 0xFC, 0x1F, 0xFF, 0xFE, 0x0F, 0xFF, 0xFF, 0x00, 0x07, 0xE0, 0x00,
    0x03, 0xF0, 0x00, 0x01, 0xF8, 0x00, 0x00, 0xFC, 0x00, 0x00, 0x7E, 0x00, 0x00, 0x3F, 0x00, 0x00,
    0x1F, 0x80, 0x00, 0x03, 0xFF, 0xFF, 0xFF, 0xFF, 0xFF, 0xFF, 0xFF, 0xFF, 0xFF, 0xFF, 0xFF, 0x00,
    0x00, 0x00, 0x00, 0x00, 0x00, 0x03, 0xFF, 0xFF, 0xFF, 0xFF, 0xFF, 0xFF, 0xFF, 0xFF, 0xFF, 0xFF,
    0xFF, 0x00, 0x00, 0xFE, 0x00, 0x07, 0xFF, 0x00, 0x1F, 0xFF, 0x00, 0x7F, 0xFF, 0x01, 0xFF, 0xFF,
    0x03, 0xF0, 0x7E, 0x07, 0xC0, 0x7E, 0x0F, 0x80, 0x7C, 0x1F, 0x00, 0x00, 0x3E, 0x00, 0x00, 0x7E,
    0x00, 0x00, 0x7F, 0x00, 0x00, 0xFF, 0x80, 0x00, 0xFF, 0xC0, 0x03, 0xFF, 0xE0, 0x1F, 0xFF, 0xF0,
    0x3C, 0x1F, 0xF0, 0xF8, 0x0F, 0xF1, 0xF0, 0x07, 0xF3, 0xE0, 0x03, 0xE7, 0xC0, 0x07, 0xCF, 0xC0,
    0x07, 0x8F, 0xC0, 0x0F, 0x1F, 0xF0, 0x3E, 0x1F, 0xF8, 0x78, 0x0F, 0xFF, 0xF0, 0x0F, 0xFF, 0x80,
    0x07, 0xFE, 0x00, 0x01, 0xFE, 0x00, 0x00, 0xFE, 0x00, 0x00, 0xFC, 0x00, 0x00, 0xFC, 0x06, 0x01,
    0xF8, 0x7C, 0x03, 0xF0, 0xFC, 0x07, 0xE1, 0xFC, 0x1F, 0x81, 0xFF, 0xFF, 0x01, 0xFF, 0xFC, 0x03,
    0xFF, 0xF0, 0x01, 0xFF, 0xC0, 0x00, 0x7C, 0x00, 0x00, 0x00, 0x1E, 0x0F, 0x9F, 0x87, 0xDF, 0xC7,
    0xF7, 0xE3, 0xFB, 0xE0, 0xF8, 0xF0, 0x38, 0x00, 0x00, 0x00, 0x03, 0xFC, 0x00, 0x00, 0x03, 0xFF,
    0xF0, 0x00, 0x01, 0xFF, 0xFF, 0x80, 0x00, 0xFF, 0xFF, 0xF8, 0x00, 0x3F, 0xFF, 0xFF, 0x80, 0x0F,
    0xF8, 0x07, 0xF8, 0x03, 0xF8, 0x00, 0x3F, 0x80, 0xFE, 0x00, 0x03, 0xF8, 0x1F, 0x83, 0xF8, 0x1F,
    0x87, 0xE0, 0xFF, 0xC3, 0xF0, 0xF8, 0x7F, 0xFC, 0x3F, 0x3F, 0x1F, 0xFF, 0xC3, 0xE7, 0xC3, 0xF0,
    0xFC, 0x7C, 0xF8, 0xF8, 0x0F, 0x87, 0xDF, 0x1F, 0x00, 0xF8, 0xFB, 0xC3, 0xC0, 0x00, 0x1F, 0xF8,
    0x78, 0x00, 0x03, 0xFF, 0x1F, 0x00, 0x00, 0x7F, 0xE1, 0xE0, 0x00, 0x0F, 0xBC, 0x3C, 0x01, 0xF1,
    0xF7, 0xC7, 0xC0, 0x7C, 0x3E, 0xF8, 0xFC, 0x0F, 0x8F, 0x9F, 0x0F, 0xFF, 0xE1, 0xF1, 0xF0, 0xFF,
    0xFC, 0x7E, 0x3F, 0x0F, 0xFF, 0x0F, 0x83, 0xE0, 0xFF, 0x83, 0xF0, 0x7E, 0x03, 0xC0, 0xFC, 0x07,
    0xF0, 0x00, 0x3F, 0x80, 0x7F, 0x00, 0x1F, 0xE0, 0x07, 0xFE, 0x1F, 0xF8, 0x00, 0x7F, 0xFF, 0xFE,
    0x00, 0x07, 0xFF, 0xFF, 0x00, 0x00, 0x3F, 0xFF, 0xC0, 0x00, 0x01, 0xFF, 0xE0, 0x00, 0x00, 0x01,
    0x00, 0x00, 0x00, 0x00, 0x00, 0x00, 0xFE, 0x00, 0xFF, 0xE0, 0xFF, 0xFC, 0x3F, 0xFF, 0x9F, 0x03,
    0xE7, 0xC0, 0xF8, 0x00, 0x1E, 0x00, 0x0F, 0x81, 0xFF, 0xE1, 0xFF, 0xF9, 0xFF, 0xDE, 0x7E, 0x07,
    0xBE, 0x01, 0xEF, 0x80, 0xFB, 0xE0, 0x3E, 0xFC, 0x1F, 0x9F, 0xFF, 0xE3, 0xFF, 0x78, 0x7F, 0x9E,
    0x03, 0x00, 0x00, 0x00, 0x7F, 0x1F, 0xC0, 0x3F, 0x8F, 0xE0, 0x1F, 0xC7, 0xF0, 0x07, 0xE1, 0xF8,
    0x03, 0xF0, 0xFC, 0x01, 0xF8, 0x7E, 0x00, 0xFE, 0x3F, 0x80, 0x7F, 0x1F, 0xC0, 0x3F, 0x8F, 0xE0,
    0x0F, 0xC3, 0xF0, 0x07, 0xE1, 0xF8, 0x01, 0xFC, 0x7F, 0x00, 0x3F, 0x8F, 0xE0, 0x07, 0xF1, 0xFC,
    0x00, 0xFC, 0x3F, 0x00, 0x1F, 0x87, 0xE0, 0x03, 0xF0, 0xFC, 0x00, 0x7E, 0x1F, 0x80, 0x1F, 0xC7,
    0xF0, 0x03, 0xF8, 0xFE, 0x00, 0x7F, 0x1F, 0xC0, 0x00, 0x00, 0x03, 0xFF, 0xFF, 0xDF, 0xFF, 0xFE,
    0xFF, 0xFF, 0xF7, 0xFF, 0xFF, 0x80, 0x00, 0x7C, 0x00, 0x03, 0xE0, 0x00, 0x1F, 0x00, 0x00, 0xF8,
    0x00, 0x07, 0xC0, 0x00, 0x3E, 0x00, 0x00, 0x00, 0x00, 0xFE, 0x00, 0x07, 0xFF, 0x80, 0x3F, 0xFF,
    0x80, 0xFF, 0xFF, 0x83, 0xFF, 0xFF, 0x87, 0xF0, 0x7F, 0x1F, 0xC0, 0x7F, 0x3F, 0x00, 0x7E, 0x7C,
    0x00, 0xFC, 0xF8, 0x01, 0xF8, 0x00, 0x03, 0xF0, 0x00, 0x07, 0xE0, 0x00, 0x1F, 0xC0, 0x00, 0x7F,
    0x00, 0x01, 0xFC, 0x00, 0x0F, 0xF0, 0x00, 0x3F, 0xC0, 0x00, 0xFF, 0x00, 0x01, 0xF8, 0x00, 0x07,
    0xE0, 0x00, 0x0F, 0xC0, 0x00, 0x1F, 0x80, 0x00, 0x3E, 0x00, 0x00, 0x7C, 0x00, 0x00, 0x00, 0x00,
    0x00, 0x00, 0x00, 0x00, 0x00, 0x00, 0x01, 0x80, 0x00, 0x0F, 0x80, 0x00, 0x3F, 0x80, 0x00, 0x7F,
    0x00, 0x00, 0xFE, 0x00, 0x00, 0xFC, 0x00, 0x01, 0xF0, 0x00, 0x00, 0x00, 0x00, 0x00, 0x1F, 0x80,
    0x00, 0x1F, 0xFE, 0x00, 0x0F, 0xFF, 0xE0, 0x03, 0xFC, 0xFF, 0x00, 0xFC, 0x03, 0xF0, 0x3E, 0x00,
    0x1E, 0x07, 0x80, 0x01, 0xE1, 0xE3, 0xFC, 0x1E, 0x38, 0x7F, 0xC3, 0xCF, 0x0F, 0xFC, 0x39, 0xE1,
    0xC3, 0x87, 0xB8, 0x38, 0x70, 0xF7, 0x07, 0x1E, 0x0E, 0xE0, 0xFF, 0x81, 0xDC, 0x1F, 0xE0, 0x3B,
    0x83, 0x9E, 0x0F, 0x78, 0x71, 0xC1, 0xE7, 0x0E, 0x3C, 0x38, 0xF1, 0xC3, 0x8F, 0x0F, 0x00, 0x0B,
    0xC1, 0xF0, 0x00, 0xF8, 0x1F, 0x00, 0x3E, 0x01, 0xF8, 0x1F, 0x80, 0x1F, 0xFF, 0xE0, 0x01, 0xFF,
    0xF0, 0x00, 0x07, 0xF8, 0x00, 0x00, 0x00, 0x00, 0x00, 0xFF, 0xFB, 0xFF, 0xEF, 0xFF, 0xBF, 0xFE,
    0x00, 0x00, 0x03, 0xC0, 0x07, 0xF8, 0x07, 0xFF, 0x07, 0xFF, 0xC7, 0xF7, 0xE3, 0xE0, 0xF9, 0xE0,
    0x3D, 0xF0, 0x1E, 0xF8, 0x0F, 0x7C, 0x07, 0x9E, 0x07, 0xCF, 0xC7, 0xC3, 0xFF, 0xE0, 0xFF, 0xE0,
    0x3F, 0xE0, 0x07, 0xC0, 0x00, 0x3E, 0x00, 0x00, 0x3E, 0x00, 0x00, 0x3E, 0x00, 0x00, 0x3E, 0x00,
    0x00, 0x3E, 0x00, 0x00, 0x3E, 0x00, 0x7F, 0xFF, 0xFE, 0x7F, 0xFF, 0xFE, 0x7F, 0xFF, 0xFE, 0x7F,
    0xFF, 0xFE, 0x7F, 0xFF, 0xFE, 0x00, 0x3E, 0x00, 0x00, 0x3E, 0x00, 0x00, 0x3E, 0x00, 0x00, 0x3E,
    0x00, 0x00, 0x3E, 0x00, 0x00, 0x3E, 0x00, 0x00, 0x00, 0x00, 0x00, 0x00, 0x00, 0x00, 0x00, 0x00,
    0x7F, 0xFF, 0xFE, 0x7F, 0xFF, 0xFE, 0x7F, 0xFF, 0xFE, 0x7F, 0xFF, 0xFE, 0x7F, 0xFF, 0xFE, 0x00,
    0x00, 0x07, 0xFC, 0x07, 0xFF, 0x07, 0xFF, 0xC7, 0xE3, 0xF3, 0xE0, 0xF9, 0xE0, 0x3C, 0x00, 0x3E,
    0x00, 0x1F, 0x00, 0x1F, 0x00, 0x3F, 0x00, 0x3F, 0x00, 0x3F, 0x00, 0x7E, 0x00, 0x7E, 0x00, 0x7F,
    0xFE, 0x7F, 0xFF, 0x3F, 0xFF, 0x9F, 0xFF, 0xC0, 0x00, 0x00, 0x00, 0x00, 0x01, 0xFE, 0x01, 0xFF,
    0xE0, 0xFF, 0xFC, 0x3E, 0x1F, 0x1F, 0x03, 0xC0, 0x00, 0xF0, 0x00, 0x7C, 0x01, 0xFE, 0x00, 0x7E,
    0x00, 0x1F, 0xE0, 0x01, 0xFC, 0x00, 0x0F, 0x9F, 0x03, 0xE7, 0xC0, 0xF9, 0xF8, 0x7E, 0x3F, 0xFF,
    0x07, 0xFF, 0x80, 0xFF, 0xC0, 0x03, 0x00, 0x00, 0x03, 0xF1, 0xF8, 0x7C, 0x3E, 0x0F, 0x07, 0xC1,
    0xE0, 0x00, 0x00, 0x00, 0x1F, 0x80, 0x1F, 0x07, 0xE0, 0x07, 0xC1, 0xF8, 0x01, 0xF0, 0x7E, 0x00,
    0x7C, 0x1F, 0x80, 0x1F, 0x07, 0xE0, 0x07, 0xC1, 0xF8, 0x01, 0xF0, 0x7E, 0x00, 0x7C, 0x1F, 0x80,
    0x1F, 0x07, 0xE0, 0x07, 0xC1, 0xF8, 0x01, 0xF0, 0x7E, 0x00, 0x7C, 0x1F, 0x80, 0x1F, 0x07, 0xE0,
    0x07, 0xC1, 0xF8, 0x01, 0xF0, 0x7E, 0x00, 0xFC, 0x1F, 0x80, 0x3F, 0x07, 0xE0, 0x0F, 0xC1, 0xFC,
    0x07, 0xF8, 0x7F, 0xEF, 0xFF, 0x9F, 0xFF, 0xFF, 0xE7, 0xFF, 0xF3, 0xF9, 0xFB, 0xFC, 0x7E, 0x7E,
    0x7C, 0x0F, 0x9F, 0x80, 0x00, 0x07, 0xE0, 0x00, 0x01, 0xF8, 0x00, 0x00, 0x7E, 0x00, 0x00, 0x1F,
    0x80, 0x00, 0x07, 0xE0, 0x00, 0x01, 0xF8, 0x00, 0x00, 0x7E, 0x00, 0x00, 0x1F, 0x80, 0x00, 0x00,
    0x00, 0x00, 0x00, 0x00, 0x00, 0x00, 0x03, 0xFF, 0xFC, 0x1F, 0xFF, 0xF8, 0x7F, 0xFF, 0xF1, 0xFF,
    0xFF, 0xE7, 0xFF, 0x87, 0xDF, 0xFF, 0x0F, 0xBF, 0xFE, 0x1F, 0x7F, 0xFC, 0x3E, 0xFF, 0xF8, 0x7D,
    0xFF, 0xF0, 0xFB, 0xFF, 0xE1, 0xF7, 0xFF, 0xC3, 0xEF, 0xFF, 0x87, 0xDF, 0xFF, 0x0F, 0xBF, 0xFE,
    0x1F, 0x3F, 0xFC, 0x3E, 0x3F, 0xF8, 0x7C, 0x7F, 0xF0, 0xF8, 0x3F, 0xE1, 0xF0, 0x3F, 0xC3, 0xE0,
    0x07, 0x87, 0xC0, 0x00, 0x0F, 0x80, 0x00, 0x1F, 0x00, 0x00, 0x3E, 0x00, 0x00, 0x7C, 0x00, 0x00,
    0xF8, 0x00, 0x01, 0xF0, 0x00, 0x03, 0xE0, 0x00, 0x07, 0xC0, 0x00, 0x0F, 0x80, 0x00, 0x1F, 0x00,
    0x00, 0x3E, 0x00, 0x00, 0x7C, 0x18, 0x3E, 0x7F, 0x7F, 0x7F, 0x7E, 0x3E, 0x00, 0x00, 0x18, 0x0C,
    0x06, 0x03, 0xE3, 0xF8, 0x1E, 0x0F, 0x07, 0xFF, 0xBF, 0x80, 0x00, 0x00, 0x01, 0xF8, 0x7F, 0x3F,
    0xE7, 0xFC, 0xE7, 0x98, 0xF2, 0x1E, 0x03, 0xC0, 0x78, 0x0F, 0x01, 0xE0, 0x3C, 0x07, 0x80, 0xF0,
    0x1E, 0x03, 0xC0, 0x78, 0x0F, 0x00, 0x00, 0x00, 0x00, 0x00, 0x3F, 0x80, 0x0F, 0xFE, 0x01, 0xFF,
    0xF8, 0x3F, 0xFF, 0x83, 0xF0, 0xFC, 0x7C, 0x07, 0xE7, 0xC0, 0x3E, 0x78, 0x03, 0xEF, 0x80, 0x3E,
    0xF8, 0x03, 0xEF, 0x80, 0x3E, 0xF8, 0x03, 0xE7, 0xC0, 0x3E, 0x7C, 0x03, 0xE7, 0xE0, 0x7C, 0x3F,
    0x1F, 0xC1, 0xFF, 0xF8, 0x0F, 0xFF, 0x00, 0x7F, 0xE0, 0x00, 0xE0, 0x00, 0xFE, 0x3F, 0x80, 0x1F,
    0xC7, 0xF0, 0x03, 0xF0, 0xFC, 0x00, 0x7E, 0x1F, 0x80, 0x0F, 0xC3, 0xF0, 0x01, 0xF8, 0x7E, 0x00,
    0x7F, 0x1F, 0xC0, 0x0F, 0xE3, 0xF8, 0x01, 0xF8, 0x7E, 0x00, 0x3F, 0x0F, 0xC0, 0x07, 0xE1, 0xF8,
    0x03, 0xF0, 0xFC, 0x01, 0xFC, 0x7F, 0x00, 0xFE, 0x3F, 0x80, 0x7F, 0x1F, 0xC0, 0x1F, 0x87, 0xE0,
    0x0F, 0xC3, 0xF0, 0x07, 0xE1, 0xF8, 0x03, 0xF8, 0xFE, 0x01, 0xFC, 0x7F, 0x00, 0xFE, 0x3F, 0x80,
    0x00, 0x00, 0x00, 0x00, 0x00, 0x03, 0xF0, 0x00, 0x0F, 0x80, 0xFE, 0x00, 0x03, 0xE0, 0x7F, 0xC0,
    0x00, 0xF8, 0x0F, 0x78, 0x00, 0x1E, 0x01, 0xCF, 0x00, 0x07, 0xC0, 0x21, 0xE0, 0x01, 0xF0, 0x00,
    0x3C, 0x00, 0x3C, 0x00, 0x07, 0x80, 0x0F, 0x00, 0x00, 0xF0, 0x03, 0xE0, 0x00, 0x1E, 0x00, 0x78,
    0x00, 0x03, 0xC0, 0x1E, 0x00, 0x00, 0x78, 0x07, 0xC0, 0x00, 0x0F, 0x00, 0xF0, 0x00, 0x01, 0xE0,
    0x3C, 0x00, 0x00, 0x3C, 0x0F, 0x80, 0x00, 0x07, 0x83, 0xE0, 0x3E, 0x00, 0xF0, 0x78, 0x0F, 0xC0,
    0x1E, 0x1F, 0x03, 0xF8, 0x00, 0x07, 0xC0, 0x7F, 0x00, 0x00, 0xF0, 0x1F, 0xE0, 0x00, 0x3E, 0x07,
    0xBC, 0x00, 0x0F, 0x80, 0xF7, 0x80, 0x01, 0xE0, 0x3C, 0xF0, 0x00, 0x78, 0x0F, 0x1E, 0x00, 0x1F,
    0x01, 0xE3, 0xC0, 0x03, 0xC0, 0x78, 0x78, 0x00, 0xF0, 0x0F, 0xFF, 0xE0, 0x3E, 0x01, 0xFF, 0xFC,
    0x07, 0x80, 0x3F, 0xFF, 0x81, 0xE0, 0x07, 0xFF, 0xF0, 0x7C, 0x00, 0x00, 0xF0, 0x1F, 0x00, 0x00,
    0x1E, 0x07, 0xC0, 0x00, 0x03, 0xC0, 0x00, 0x00, 0x00, 0x00, 0x01, 0xF8, 0x00, 0x07, 0xC0, 0x3F,
    0x80, 0x00, 0xF8, 0x0F, 0xF8, 0x00, 0x1F, 0x00, 0xF7, 0x80, 0x01, 0xE0, 0x0E, 0x78, 0x00, 0x3E,
    0x00, 0x87, 0x80, 0x07, 0xC0, 0x00, 0x78, 0x00, 0x78, 0x00, 0x07, 0x80, 0x0F, 0x00, 0x00, 0x78,
    0x01, 0xF0, 0x00, 0x07, 0x80, 0x1E, 0x00, 0x00, 0x78, 0x03, 0xC0, 0x00, 0x07, 0x80, 0x7C, 0x00,
    0x00, 0x78, 0x07, 0x80, 0x00, 0x07, 0x80, 0xF0, 0x00, 0x00, 0x78, 0x1F, 0x03, 0xC0, 0x07, 0x83,
    0xE0, 0xFF, 0x80, 0x78, 0x3C, 0x1F, 0xFC, 0x07, 0x87, 0xC3, 0xFF, 0xC0, 0x00, 0xF8, 0x3C, 0x3E,
    0x00, 0x0F, 0x03, 0xC1, 0xE0, 0x01, 0xF0, 0x00, 0x1E, 0x00, 0x3E, 0x00, 0x01, 0xE0, 0x03, 0xC0,
    0x00, 0x3C, 0x00, 0x78, 0x00, 0x07, 0xC0, 0x0F, 0x80, 0x00, 0xF8, 0x00, 0xF0, 0x00, 0x1F, 0x00,
    0x1E, 0x00, 0x03, 0xE0, 0x03, 0xE0, 0x00, 0x7C, 0x00, 0x3C, 0x00, 0x1F, 0x80, 0x07, 0x80, 0x03,
    0xF0, 0x00, 0xF8, 0x00, 0x3F, 0xFE, 0x1F, 0x00, 0x03, 0xFF, 0xE3, 0xE0, 0x00, 0x3F, 0xFE, 0x03,
    0xC0, 0x00, 0x00, 0x00, 0x7F, 0xC0, 0x00, 0x1F, 0x03, 0xFF, 0x80, 0x00, 0xF8, 0x0F, 0xFF, 0x00,
    0x07, 0xC0, 0x7C, 0x3C, 0x00, 0x1E, 0x01, 0xE0, 0xF0, 0x00, 0xF8, 0x00, 0x03, 0xC0, 0x07, 0xC0,
    0x00, 0x1F, 0x00, 0x1E, 0x00, 0x03, 0xF8, 0x00, 0xF0, 0x00, 0x0F, 0x80, 0x07, 0xC0, 0x00, 0x3F,
    0x80, 0x1E, 0x00, 0x00, 0x1F, 0x00, 0xF0, 0x00, 0x00, 0x3E, 0x07, 0xC0, 0x00, 0x00, 0x78, 0x1E,
    0x00, 0x07, 0x83, 0xE0, 0xF0, 0x00, 0x1F, 0x1F, 0x87, 0xC0, 0x00, 0x3F, 0xFC, 0x3E, 0x03, 0xE0,
    0xFF, 0xE0, 0xF0, 0x1F, 0x80, 0xFF, 0x07, 0xC0, 0xFE, 0x00, 0x00, 0x3E, 0x03, 0xF8, 0x00, 0x00,
    0xF0, 0x1F, 0xE0, 0x00, 0x07, 0xC0, 0xF7, 0x80, 0x00, 0x3E, 0x03, 0xDE, 0x00, 0x00, 0xF0, 0x1E,
    0x78, 0x00, 0x07, 0x80, 0xF1, 0xE0, 0x00, 0x3E, 0x03, 0xC7, 0x80, 0x00, 0xF0, 0x1E, 0x1E, 0x00,
    0x07, 0x80, 0x7F, 0xFF, 0x00, 0x3E, 0x01, 0xFF, 0xFC, 0x00, 0xF0, 0x07, 0xFF, 0xF0, 0x07, 0x80,
    0x1F, 0xFF, 0xC0, 0x3E, 0x00, 0x00, 0x78, 0x01, 0xF0, 0x00, 0x01, 0xE0, 0x0F, 0x80, 0x00, 0x07,
    0x80, 0x00, 0x38, 0x00, 0x01, 0xF0, 0x00, 0x0F, 0xE0, 0x00, 0x3F, 0x80, 0x00, 0xFE, 0x00, 0x03,
    0xF8, 0x00, 0x07, 0xC0, 0x00, 0x00, 0x00, 0x00, 0x00, 0x00, 0x00, 0x00, 0x00, 0x00, 0x00, 0x00,
    0x1F, 0x00, 0x00, 0x7C, 0x00, 0x01, 0xF0, 0x00, 0x0F, 0xC0, 0x00, 0x7F, 0x00, 0x03, 0xF8, 0x00,
    0x1F, 0xE0, 0x00, 0xFF, 0x00, 0x0F, 0xF0, 0x00, 0x3F, 0x80, 0x01, 0xFC, 0x00, 0x07, 0xE0, 0x00,
    0x3F, 0x00, 0x00, 0xFC, 0x00, 0x03, 0xF0, 0x03, 0xFF, 0xC0, 0x0F, 0xBF, 0x00, 0x7E, 0x7E, 0x03,
    0xF9, 0xFE, 0x1F, 0xC3, 0xFF, 0xFF, 0x0F, 0xFF, 0xF8, 0x0F, 0xFF, 0xC0, 0x1F, 0xFC, 0x00, 0x07,
    0x00, 0x00, 0x00, 0x00, 0x00, 0x00, 0x00, 0x7F, 0x00, 0x00, 0x00, 0x1F, 0x00, 0x00, 0x00, 0x1F,
    0x80, 0x00, 0x00, 0x0F, 0x80, 0x00, 0x00, 0x07, 0xC0, 0x00, 0x00, 0x03, 0xC0, 0x00, 0x00, 0x03,
    0xE0, 0x00, 0x00, 0x00, 0x00, 0x00, 0x00, 0x00, 0x00, 0x00, 0x00, 0x00, 0x00, 0x00, 0x00, 0x0F,
    0xF0, 0x00, 0x00, 0x0F, 0xF8, 0x00, 0x00, 0x1F, 0xF8, 0x00, 0x00, 0x1F, 0xF8, 0x00, 0x00, 0x1F,
    0xFC, 0x00, 0x00, 0x3F, 0x7C, 0x00, 0x00, 0x3F, 0x7C, 0x00, 0x00, 0x3E, 0x7E, 0x00, 0x00, 0x7E,
    0x7E, 0x00, 0x00, 0x7E, 0x3F, 0x00, 0x00, 0x7E, 0x3F, 0x00, 0x00, 0xFC, 0x3F, 0x00, 0x00, 0xFC,
    0x1F, 0x80, 0x00, 0xFC, 0x1F, 0x80, 0x01, 0xF8, 0x1F, 0x80, 0x01, 0xF8, 0x1F, 0xC0, 0x03, 0xF8,
    0x0F, 0xC0, 0x03, 0xF0, 0x0F, 0xC0, 0x03, 0xF0, 0x07, 0xE0, 0x07, 0xF0, 0x07, 0xE0, 0x07, 0xFF,
    0xFF, 0xE0, 0x07, 0xFF, 0xFF, 0xF0, 0x0F, 0xFF, 0xFF, 0xF0, 0x0F, 0xFF, 0xFF, 0xF8, 0x0F, 0xFF,
    0xFF, 0xF8, 0x1F, 0xC0, 0x01, 0xF8, 0x1F, 0x80, 0x01, 0xFC, 0x1F, 0x80, 0x00, 0xFC, 0x3F, 0x80,
    0x00, 0xFC, 0x3F, 0x00, 0x00, 0xFE, 0x3F, 0x00, 0x00, 0x7E, 0x7F, 0x00, 0x00, 0x7E, 0x7E, 0x00,
    0x00, 0x7F, 0x00, 0x00, 0x00, 0x00, 0x00, 0x00, 0x7E, 0x00, 0x00, 0x00, 0xFC, 0x00, 0x00, 0x00,
    0xF8, 0x00, 0x00, 0x01, 0xF0, 0x00, 0x00, 0x01, 0xE0, 0x00, 0x00, 0x03, 0xE0, 0x00, 0x00, 0x03,
    0xC0, 0x00, 0x00, 0x00, 0x00, 0x00, 0x00, 0x00, 0x00, 0x00, 0x00, 0x00, 0x00, 0x00, 0x00, 0x0F,
    0xF0, 0x00, 0x00, 0x0F, 0xF8, 0x00, 0x00, 0x1F, 0xF8, 0x00, 0x00, 0x1F, 0xF8, 0x00, 0x00, 0x1F,
    0xFC, 0x00, 0x00, 0x3F, 0x7C, 0x00, 0x00, 0x3F, 0x7C, 0x00, 0x00, 0x3E, 0x7E, 0x00, 0x00, 0x7E,
    0x7E, 0x00, 0x00, 0x7E, 0x3F, 0x00, 0x00, 0x7E, 0x3F, 0x00, 0x00, 0xFC, 0x3F, 0x00, 0x00, 0xFC,
    0x1F, 0x80, 0x00, 0xFC, 0x1F, 0x80, 0x01, 0xF8, 0x1F, 0x80, 0x01, 0xF8, 0x1F, 0xC0, 0x03, 0xF8,
    0x0F, 0xC0, 0x03, 0xF0, 0x0F, 0xC0, 0x03, 0xF0, 0x07, 0xE0, 0x07, 0xF0, 0x07, 0xE0, 0x07, 0xFF,
    0xFF, 0xE0, 0x07, 0xFF, 0xFF, 0xF0, 0x0F, 0xFF, 0xFF, 0xF0, 0x0F, 0xFF, 0xFF, 0xF8, 0x0F, 0xFF,
    0xFF, 0xF8, 0x1F, 0xC0, 0x01, 0xF8, 0x1F, 0x80, 0x01, 0xFC, 0x1F, 0x80, 0x00, 0xFC, 0x3F, 0x80,
    0x00, 0xFC, 0x3F, 0x00, 0x00, 0xFE, 0x3F, 0x00, 0x00, 0x7E, 0x7F, 0x00, 0x00, 0x7E, 0x7E, 0x00,
    0x00, 0x7F, 0x00, 0x00, 0x00, 0x00, 0x00, 0x03, 0xF0, 0x00, 0x00, 0x07, 0xF8, 0x00, 0x00, 0x0F,
    0xF8, 0x00, 0x00, 0x1F, 0x3C, 0x00, 0x00, 0x3E, 0x3E, 0x00, 0x00, 0x7C, 0x1F, 0x00, 0x00, 0x00,
    0x00, 0x80, 0x00, 0x00, 0x00, 0x00, 0x00, 0x00, 0x00, 0x00, 0x00, 0x00, 0x00, 0x00, 0x00, 0x0F,
    0xF0, 0x00, 0x00, 0x0F, 0xF8, 0x00, 0x00, 0x1F, 0xF8, 0x00, 0x00, 0x1F, 0xF8, 0x00, 0x00, 0x1F,
    0xFC, 0x00, 0x00, 0x3F, 0x7C, 0x00, 0x00, 0x3F, 0x7C, 0x00, 0x00, 0x3E, 0x7E, 0x00, 0x00, 0x7E,
    0x7E, 0x00, 0x00, 0x7E, 0x3F, 0x00, 0x00, 0x7E, 0x3F, 0x00, 0x00, 0xFC, 0x3F, 0x00, 0x00, 0xFC,
    0x1F, 0x80, 0x00, 0xFC, 0x1F, 0x80, 0x01, 0xF8, 0x1F, 0x80, 0x01, 0xF8, 0x1F, 0xC0, 0x03, 0xF8,
    0x0F, 0xC0, 0x03, 0xF0, 0x0F, 0xC0, 0x03, 0xF0, 0x07, 0xE0, 0x07, 0xF0, 0x07, 0xE0, 0x07, 0xFF,
    0xFF, 0xE0, 0x07, 0xFF, 0xFF, 0xF0, 0x0F, 0xFF, 0xFF, 0xF0, 0x0F, 0xFF, 0xFF, 0xF8, 0x0F, 0xFF,
    0xFF, 0xF8, 0x1F, 0xC0, 0x01, 0xF8, 0x1F, 0x80, 0x01, 0xFC, 0x1F, 0x80, 0x00, 0xFC, 0x3F, 0x80,
    0x00, 0xFC, 0x3F, 0x00, 0x00, 0xFE, 0x3F, 0x00, 0x00, 0x7E, 0x7F, 0x00, 0x00, 0x7E, 0x7E, 0x00,
    0x00, 0x7F, 0x00, 0x1E, 0x0F, 0x00, 0x00, 0x3F, 0x8F, 0x00, 0x00, 0x3F, 0xFE, 0x00, 0x00, 0x7F,
    0xFE, 0x00, 0x00, 0x78, 0xFC, 0x00, 0x00, 0x70, 0x38, 0x00, 0x00, 0x00, 0x00, 0x00, 0x00, 0x00,
    0x00, 0x00, 0x00, 0x00, 0x00, 0x00, 0x00, 0x00, 0x00, 0x00, 0x00, 0x0F, 0xF0, 0x00, 0x00, 0x0F,
    0xF8, 0x00, 0x00, 0x1F, 0xF8, 0x00, 0x00, 0x1F, 0xF8, 0x00, 0x00, 0x1F, 0xFC, 0x00, 0x00, 0x3F,
    0x7C, 0x00, 0x00, 0x3F, 0x7C, 0x00, 0x00, 0x3E, 0x7E, 0x00, 0x00, 0x7E, 0x7E, 0x00, 0x00, 0x7E,
    0x3F, 0x00, 0x00, 0x7E, 0x3F, 0x00, 0x00, 0xFC, 0x3F, 0x00, 0x00, 0xFC, 0x1F, 0x80, 0x00, 0xFC,
    0x1F, 0x80, 0x01, 0xF8, 0x1F, 0x80, 0x01, 0xF8, 0x1F, 0xC0, 0x03, 0xF8, 0x0F, 0xC0, 0x03, 0xF0,
    0x0F, 0xC0, 0x03, 0xF0, 0x07, 0xE0, 0x07, 0xF0, 0x07, 0xE0, 0x07, 0xFF, 0xFF, 0xE0, 0x07, 0xFF,
    0xFF, 0xF0, 0x0F, 0xFF, 0xFF, 0xF0, 0x0F, 0xFF, 0xFF, 0xF8, 0x0F, 0xFF, 0xFF, 0xF8, 0x1F, 0xC0,
    0x01, 0xF8, 0x1F, 0x80, 0x01, 0xFC, 0x1F, 0x80, 0x00, 0xFC, 0x3F, 0x80, 0x00, 0xFC, 0x3F, 0x00,
    0x00, 0xFE, 0x3F, 0x00, 0x00, 0x7E, 0x7F, 0x00, 0x00, 0x7E, 0x7E, 0x00, 0x00, 0x7F, 0x00, 0x00,
    0x00, 0x00, 0x00, 0x3C, 0x1F, 0x00, 0x00, 0x7E, 0x1F, 0x00, 0x00, 0xFE, 0x3F, 0x80, 0x00, 0x7E,
    0x3F, 0x80, 0x00, 0x7C, 0x1F, 0x00, 0x00, 0x3C, 0x0E, 0x00, 0x00, 0x00, 0x00, 0x00, 0x00, 0x00,
    0x00, 0x00, 0x00, 0x00, 0x00, 0x00, 0x00, 0x00, 0x00, 0x00, 0x00, 0x0F, 0xF0, 0x00, 0x00, 0x0F,
    0xF8, 0x00, 0x00, 0x1F, 0xF8, 0x00, 0x00, 0x1F, 0xF8, 0x00, 0x00, 0x1F, 0xFC, 0x00, 0x00, 0x3F,
    0x7C, 0x00, 0x00, 0x3F, 0x7C, 0x00, 0x00, 0x3E, 0x7E, 0x00, 0x00, 0x7E, 0x7E, 0x00, 0x00, 0x7E,
    0x3F, 0x00, 0x00, 0x7E, 0x3F, 0x00, 0x00, 0xFC, 0x3F, 0x00, 0x00, 0xFC, 0x1F, 0x80, 0x00, 0xFC,
    0x1F, 0x80, 0x01, 0xF8, 0x1F, 0x80, 0x01, 0xF8, 0x1F, 0xC0, 0x03, 0xF8, 0x0F, 0xC0, 0x03, 0xF0,
    0x0F, 0xC0, 0x03, 0xF0, 0x07, 0xE0, 0x07, 0xF0, 0x07, 0xE0, 0x07, 0xFF, 0xFF, 0xE0, 0x07, 0xFF,
    0xFF, 0xF0, 0x0F, 0xFF, 0xFF, 0xF0, 0x0F, 0xFF, 0xFF, 0xF8, 0x0F, 0xFF, 0xFF, 0xF8, 0x1F, 0xC0,
    0x01, 0xF8, 0x1F, 0x80, 0x01, 0xFC, 0x1F, 0x80, 0x00, 0xFC, 0x3F, 0x80, 0x00, 0xFC, 0x3F, 0x00,
    0x00, 0xFE, 0x3F, 0x00, 0x00, 0x7E, 0x7F, 0x00, 0x00, 0x7E, 0x7E, 0x00, 0x00, 0x7F, 0x00, 0x01,
    0xE0, 0x00, 0x00, 0x07, 0xF8, 0x00, 0x00, 0x0F, 0xFC, 0x00, 0x00, 0x1E, 0x3C, 0x00, 0x00, 0x1C,
    0x1C, 0x00, 0x00, 0x1C, 0x1E, 0x00, 0x00, 0x1C, 0x1C, 0x00, 0x00, 0x1E, 0x3C, 0x00, 0x00, 0x0F,
    0xFC, 0x00, 0x00, 0x07, 0xF8, 0x00, 0x00, 0x01, 0xE0, 0x00, 0x00, 0x00, 0x00, 0x00, 0x00, 0x00,
    0x00, 0x00, 0x00, 0x0F, 0xF0, 0x00, 0x00, 0x0F, 0xF8, 0x00, 0x00, 0x1F, 0xF8, 0x00, 0x00, 0x1F,
    0xF8, 0x00, 0x00, 0x1F, 0xFC, 0x00, 0x00, 0x3F, 0x7C, 0x00, 0x00, 0x3F, 0x7C, 0x00, 0x00, 0x3E,
    0x7E, 0x00, 0x00, 0x7E, 0x7E, 0x00, 0x00, 0x7E, 0x3F, 0x00, 0x00, 0x7E, 0x3F, 0x00, 0x00, 0xFC,
    0x3F, 0x00, 0x00, 0xFC, 0x1F, 0x80, 0x00, 0xFC, 0x1F, 0x80, 0x01, 0xF8, 0x1F, 0x80, 0x01, 0xF8,
    0x1F, 0xC0, 0x03, 0xF8, 0x0F, 0xC0, 0x03, 0xF0, 0x0F, 0xC0, 0x03, 0xF0, 0x07, 0xE0, 0x07, 0xF0,
    0x07, 0xE0, 0x07, 0xFF, 0xFF, 0xE0, 0x07, 0xFF, 0xFF, 0xF0, 0x0F, 0xFF, 0xFF, 0xF0, 0x0F, 0xFF,
    0xFF, 0xF8, 0x0F, 0xFF, 0xFF, 0xF8, 0x1F, 0xC0, 0x01, 0xF8, 0x1F, 0x80, 0x01, 0xFC, 0x1F, 0x80,
    0x00, 0xFC, 0x3F, 0x80, 0x00, 0xFC, 0x3F, 0x00, 0x00, 0xFE, 0x3F, 0x00, 0x00, 0x7E, 0x7F, 0x00,
    0x00, 0x7E, 0x7E, 0x00, 0x00, 0x7F, 0x00, 0x00, 0x00, 0x00, 0x00, 0x00, 0x00, 0x0F, 0xFF, 0xFF,
    0xFF, 0x80, 0x00, 0xFF, 0xFF, 0xFF, 0xFC, 0x00, 0x07, 0xFF, 0xFF, 0xFF, 0xE0, 0x00, 0x3F, 0xFF,
    0xFF, 0xFF, 0x00, 0x03, 0xF1, 0xFF, 0xFF, 0xF8, 0x00, 0x1F, 0x8F, 0xC0, 0x00, 0x00, 0x01, 0xF8,
    0x7E, 0x00, 0x00, 0x00, 0x0F, 0xC3, 0xF0, 0x00, 0x00, 0x00, 0xFC, 0x1F, 0x80, 0x00, 0x00, 0x07,
    0xE0, 0xFC, 0x00, 0x00, 0x00, 0x3F, 0x07, 0xE0, 0x00, 0x00, 0x03, 0xF0, 0x3F, 0x00, 0x00, 0x00,
    0x1F, 0x81, 0xF8, 0x00, 0x00, 0x01, 0xF8, 0x0F, 0xC0, 0x00, 0x00, 0x0F, 0xC0, 0x7F, 0xFF, 0xFC,
    0x00, 0xFC, 0x03, 0xFF, 0xFF, 0xE0, 0x07, 0xE0, 0x1F, 0xFF, 0xFF, 0x00, 0x7F, 0x00, 0xFF, 0xFF,
    0xF8, 0x03, 0xF0, 0x07, 0xFF, 0xFF, 0xC0, 0x1F, 0x80, 0x3F, 0x00, 0x00, 0x01, 0xFF, 0xFF, 0xF8,
    0x00, 0x00, 0x0F, 0xFF, 0xFF, 0xC0, 0x00, 0x00, 0xFF, 0xFF, 0xFE, 0x00, 0x00, 0x07, 0xFF, 0xFF,
    0xF0, 0x00, 0x00, 0x7F, 0x00, 0x1F, 0x80, 0x00, 0x03, 0xF0, 0x00, 0xFC, 0x00, 0x00, 0x1F, 0x80,
    0x07, 0xE0, 0x00, 0x01, 0xF8, 0x00, 0x3F, 0x00, 0x00, 0x0F, 0xC0, 0x01, 0xFF, 0xFF, 0xF8, 0xFE,
    0x00, 0x0F, 0xFF, 0xFF, 0xC7, 0xE0, 0x00, 0x7F, 0xFF, 0xFE, 0x7F, 0x00, 0x03, 0xFF, 0xFF, 0xF3,
    0xF0, 0x00, 0x1F, 0xFF, 0xFF, 0x80, 0x00, 0x0F, 0xF0, 0x00, 0x00, 0x7F, 0xFC, 0x00, 0x03, 0xFF,
    0xFE, 0x00, 0x0F, 0xFF, 0xFE, 0x00, 0x7F, 0xFF, 0xFE, 0x00, 0xFF, 0xC7, 0xFE, 0x03, 0xFC, 0x01,
    0xFE, 0x0F, 0xF0, 0x01, 0xFC, 0x1F, 0xC0, 0x01, 0xFC, 0x7F, 0x00, 0x01, 0xF8, 0xFC, 0x00, 0x03,
    0xF9, 0xF8, 0x00, 0x03, 0xF7, 0xF0, 0x00, 0x00, 0x0F, 0xC0, 0x00, 0x00, 0x1F, 0x80, 0x00, 0x00,
    0x3F, 0x00, 0x00, 0x00, 0x7E, 0x00, 0x00, 0x00, 0xFC, 0x00, 0x00, 0x01, 0xF8, 0x00, 0x00, 0x03,
    0xF0, 0x00, 0x00, 0x07, 0xE0, 0x00, 0x00, 0x0F, 0xC0, 0x00, 0x00, 0x0F, 0xC0, 0x00, 0x00, 0x1F,
    0x80, 0x00, 0x3F, 0x3F, 0x80, 0x00, 0xFC, 0x3F, 0x00, 0x01, 0xF8, 0x7F, 0x00, 0x07, 0xF0, 0x7F,
    0x00, 0x1F, 0xC0, 0xFF, 0x80, 0xFF, 0x00, 0xFF, 0xFF, 0xFE, 0x00, 0xFF, 0xFF, 0xF8, 0x00, 0xFF,
    0xFF, 0xE0, 0x00, 0x7F, 0xFF, 0x00, 0x00, 0x3F, 0xF8, 0x00, 0x00, 0x06, 0x00, 0x00, 0x00, 0x0C,
    0x00, 0x00, 0x00, 0x1F, 0x00, 0x00, 0x00, 0x7F, 0x00, 0x00, 0x00, 0x0F, 0x00, 0x00, 0x00, 0x1E,
    0x00, 0x00, 0x00, 0x3C, 0x00, 0x00, 0x0F, 0xF0, 0x00, 0x00, 0x1F, 0xC0, 0x00, 0x00, 0x00, 0x00,
    0x00, 0x00, 0x00, 0x00, 0x1F, 0xC0, 0x00, 0x0F, 0x80, 0x00, 0x1F, 0x80, 0x00, 0x1F, 0x00, 0x00,
    0x1F, 0x00, 0x00, 0x1E, 0x00, 0x00, 0x3E, 0x00, 0x00, 0x00, 0x00, 0x00, 0x00, 0x00, 0x00, 0x00,
    0x07, 0xFF, 0xFF, 0xFF, 0xFF, 0xFF, 0xFF, 0xFF, 0xFF, 0xFF, 0xFF, 0xFF, 0xFF, 0xFF, 0xFF, 0xFC,
    0x00, 0x01, 0xF8, 0x00, 0x03, 0xF0, 0x00, 0x07, 0xE0, 0x00, 0x0F, 0xC0, 0x00, 0x1F, 0x80, 0x00,
    0x3F, 0x00, 0x00, 0x7E, 0x00, 0x00, 0xFC, 0x00, 0x01, 0xFF, 0xFF, 0xF3, 0xFF, 0xFF, 0xE7, 0xFF,
    0xFF, 0xCF, 0xFF, 0xFF, 0x9F, 0xFF, 0xFF, 0x3F, 0x00, 0x00, 0x7E, 0x00, 0x00, 0xFC, 0x00, 0x01,
    0xF8, 0x00, 0x03, 0xF0, 0x00, 0x07, 0xE0, 0x00, 0x0F, 0xC0, 0x00, 0x1F, 0x80, 0x00, 0x3F, 0x00,
    0x00, 0x7F, 0xFF, 0xFF, 0xFF, 0xFF, 0xFF, 0xFF, 0xFF, 0xFF, 0xFF, 0xFF, 0xFF, 0xFF, 0xFF, 0xF0,
    0x00, 0x00, 0x00, 0x00, 0x1F, 0x80, 0x00, 0x7E, 0x00, 0x00, 0xF8, 0x00, 0x03, 0xE0, 0x00, 0x07,
    0x80, 0x00, 0x1F, 0x00, 0x00, 0x3C, 0x00, 0x00, 0x00, 0x00, 0x00, 0x00, 0x00, 0x00, 0x00, 0x07,
    0xFF, 0xFF, 0xFF, 0xFF, 0xFF, 0xFF, 0xFF, 0xFF, 0xFF, 0xFF, 0xFF, 0xFF, 0xFF, 0xFF, 0xFC, 0x00,
    0x01, 0xF8, 0x00, 0x03, 0xF0, 0x00, 0x07, 0xE0, 0x00, 0x0F, 0xC0, 0x00, 0x1F, 0x80, 0x00, 0x3F,
    0x00, 0x00, 0x7E, 0x00, 0x00, 0xFC, 0x00, 0x01, 0xFF, 0xFF, 0xF3, 0xFF, 0xFF, 0xE7, 0xFF, 0xFF,
    0xCF, 0xFF, 0xFF, 0x9F, 0xFF, 0xFF, 0x3F, 0x00, 0x00, 0x7E, 0x00, 0x00, 0xFC, 0x00, 0x01, 0xF8,
    0x00, 0x03, 0xF0, 0x00, 0x07, 0xE0, 0x00, 0x0F, 0xC0, 0x00, 0x1F, 0x80, 0x00, 0x3F, 0x00, 0x00,
    0x7F, 0xFF, 0xFF, 0xFF, 0xFF, 0xFF, 0xFF, 0xFF, 0xFF, 0xFF, 0xFF, 0xFF, 0xFF, 0xFF, 0xF0, 0x00,
    0x00, 0x00, 0x00, 0xFC, 0x00, 0x03, 0xFC, 0x00, 0x0F, 0xF8, 0x00, 0x3E, 0x78, 0x00, 0xF8, 0xF8,
    0x03, 0xE0, 0xF8, 0x00, 0x00, 0x08, 0x00, 0x00, 0x00, 0x00, 0x00, 0x00, 0x00, 0x00, 0x07, 0xFF,
    0xFF, 0xFF, 0xFF, 0xFF, 0xFF, 0xFF, 0xFF, 0xFF, 0xFF, 0xFF, 0xFF, 0xFF, 0xFF, 0xFC, 0x00, 0x01,
    0xF8, 0x00, 0x03, 0xF0, 0x00, 0x07, 0xE0, 0x00, 0x0F, 0xC0, 0x00, 0x1F, 0x80, 0x00, 0x3F, 0x00,
    0x00, 0x7E, 0x00, 0x00, 0xFC, 0x00, 0x01, 0xFF, 0xFF, 0xF3, 0xFF, 0xFF, 0xE7, 0xFF, 0xFF, 0xCF,
    0xFF, 0xFF, 0x9F, 0xFF, 0xFF, 0x3F, 0x00, 0x00, 0x7E, 0x00, 0x00, 0xFC, 0x00, 0x01, 0xF8, 0x00,
    0x03, 0xF0, 0x00, 0x07, 0xE0, 0x00, 0x0F, 0xC0, 0x00, 0x1F, 0x80, 0x00, 0x3F, 0x00, 0x00, 0x7F,
    0xFF, 0xFF, 0xFF, 0xFF, 0xFF, 0xFF, 0xFF, 0xFF, 0xFF, 0xFF, 0xFF, 0xFF, 0xFF, 0xF0, 0x00, 0x00,
    0x00, 0x0F, 0x07, 0xC0, 0x3F, 0x0F, 0x80, 0xFE, 0x3F, 0x80, 0xFC, 0x7F, 0x01, 0xF0, 0x7C, 0x01,
    0xE0, 0x70, 0x00, 0x00, 0x00, 0x00, 0x00, 0x00, 0x00, 0x00, 0x00, 0x00, 0x00, 0x07, 0xFF, 0xFF,
    0xFF, 0xFF, 0xFF, 0xFF, 0xFF, 0xFF, 0xFF, 0xFF, 0xFF, 0xFF, 0xFF, 0xFF, 0xFC, 0x00, 0x01, 0xF8,
    0x00, 0x03, 0xF0, 0x00, 0x07, 0xE0, 0x00, 0x0F, 0xC0, 0x00, 0x1F, 0x80, 0x00, 0x3F, 0x00, 0x00,
    0x7E, 0x00, 0x00, 0xFC, 0x00, 0x01, 0xFF, 0xFF, 0xF3, 0xFF, 0xFF, 0xE7, 0xFF, 0xFF, 0xCF, 0xFF,
    0xFF, 0x9F, 0xFF, 0xFF, 0x3F, 0x00, 0x00, 0x7E, 0x00, 0x00, 0xFC, 0x00, 0x01, 0xF8, 0x00, 0x03,
    0xF0, 0x00, 0x07, 0xE0, 0x00, 0x0F, 0xC0, 0x00, 0x1F, 0x80, 0x00, 0x3F, 0x00, 0x00, 0x7F, 0xFF,
    0xFF, 0xFF, 0xFF, 0xFF, 0xFF, 0xFF, 0xFF, 0xFF, 0xFF, 0xFF, 0xFF, 0xFF, 0xF0, 0x00, 0x1F, 0xC0,
    0xF8, 0x1F, 0x81, 0xF0, 0x1F, 0x01, 0xE0, 0x3E, 0x00, 0x00, 0x00, 0x00, 0x07, 0xE0, 0xFC, 0x1F,
    0x83, 0xF0, 0x7E, 0x0F, 0xC1, 0xF8, 0x3F, 0x07, 0xE0, 0xFC, 0x1F, 0x83, 0xF0, 0x7E, 0x0F, 0xC1,
    0xF8, 0x3F, 0x07, 0xE0, 0xFC, 0x1F, 0x83, 0xF0, 0x7E, 0x0F, 0xC1, 0xF8, 0x3F, 0x07, 0xE0, 0xFC,
    0x1F, 0x83, 0xF0, 0x7E, 0x0F, 0xC1, 0xF8, 0x3F, 0x07, 0xE0, 0x00, 0x03, 0xF1, 0xF8, 0x7C, 0x3E,
    0x0F, 0x07, 0xC1, 0xE0, 0x00, 0x00, 0x00, 0x03, 0xF0, 0xFC, 0x3F, 0x0F, 0xC3, 0xF0, 0xFC, 0x3F,
    0x0F, 0xC3, 0xF0, 0xFC, 0x3F, 0x0F, 0xC3, 0xF0, 0xFC, 0x3F, 0x0F, 0xC3, 0xF0, 0xFC, 0x3F, 0x0F,
    0xC3, 0xF0, 0xFC, 0x3F, 0x0F, 0xC3, 0xF0, 0xFC, 0x3F, 0x0F, 0xC3, 0xF0, 0xFC, 0x3F, 0x0F, 0xC3,
    0xF0, 0x00, 0x00, 0x00, 0xFC, 0x00, 0x7F, 0x80, 0x3F, 0xE0, 0x1F, 0x3C, 0x0F, 0x8F, 0x87, 0xC1,
    0xF0, 0x00, 0x02, 0x00, 0x00, 0x00, 0x00, 0x00, 0x00, 0x00, 0x0F, 0xC0, 0x03, 0xF0, 0x00, 0xFC,
    0x00, 0x3F, 0x00, 0x0F, 0xC0, 0x03, 0xF0, 0x00, 0xFC, 0x00, 0x3F, 0x00, 0x0F, 0xC0, 0x03, 0xF0,
    0x00, 0xFC, 0x00, 0x3F, 0x00, 0x0F, 0xC0, 0x03, 0xF0, 0x00, 0xFC, 0x00, 0x3F, 0x00, 0x0F, 0xC0,
    0x03, 0xF0, 0x00, 0xFC, 0x00, 0x3F, 0x00, 0x0F, 0xC0, 0x03, 0xF0, 0x00, 0xFC, 0x00, 0x3F, 0x00,
    0x0F, 0xC0, 0x03, 0xF0, 0x00, 0xFC, 0x00, 0x3F, 0x00, 0x0F, 0xC0, 0x03, 0xF0, 0x00, 0xFC, 0x00,
    0x3F, 0x00, 0x0F, 0xC0, 0x00, 0x00, 0x0F, 0x07, 0xC7, 0xE1, 0xF3, 0xF8, 0xFE, 0x7E, 0x3F, 0x9F,
    0x07, 0xC3, 0xC0, 0xE0, 0x00, 0x00, 0x00, 0x00, 0x00, 0x00, 0x00, 0x00, 0x00, 0x0F, 0xC0, 0x03,
    0xF0, 0x00, 0xFC, 0x00, 0x3F, 0x00, 0x0F, 0xC0, 0x03, 0xF0, 0x00, 0xFC, 0x00, 0x3F, 0x00, 0x0F,
    0xC0, 0x03, 0xF0, 0x00, 0xFC, 0x00, 0x3F, 0x00, 0x0F, 0xC0, 0x03, 0xF0, 0x00, 0xFC, 0x00, 0x3F,
    0x00, 0x0F, 0xC0, 0x03, 0xF0, 0x00, 0xFC, 0x00, 0x3F, 0x00, 0x0F, 0xC0, 0x03, 0xF0, 0x00, 0xFC,
    0x00, 0x3F, 0x00, 0x0F, 0xC0, 0x03, 0xF0, 0x00, 0xFC, 0x00, 0x3F, 0x00, 0x0F, 0xC0, 0x03, 0xF0,
    0x00, 0xFC, 0x00, 0x3F, 0x00, 0x0F, 0xC0, 0x00, 0x00, 0x00, 0x00, 0x03, 0xFF, 0xFF, 0x00, 0x01,
    0xFF, 0xFF, 0xE0, 0x00, 0xFF, 0xFF, 0xFC, 0x00, 0x7F, 0xFF, 0xFF, 0x00, 0x3F, 0xFF, 0xFF, 0xC0,
    0x1F, 0x80, 0x1F, 0xF0, 0x0F, 0xC0, 0x03, 0xF8, 0x07, 0xE0, 0x00, 0xFE, 0x03, 0xF0, 0x00, 0x3F,
    0x01, 0xF8, 0x00, 0x1F, 0xC0, 0xFC, 0x00, 0x07, 0xE0, 0x7E, 0x00, 0x03, 0xF0, 0x3F, 0x00, 0x01,
    0xF8, 0x1F, 0x80, 0x00, 0xFD, 0xFF, 0xFF, 0x80, 0x3F, 0xFF, 0xFF, 0xC0, 0x1F, 0xFF, 0xFF, 0xE0,
    0x0F, 0xFF, 0xFF, 0xF0, 0x07, 0xE0, 0xFC, 0x00, 0x03, 0xF0, 0x7E, 0x00, 0x03, 0xF0, 0x3F, 0x00,
    0x01, 0xF8, 0x1F, 0x80, 0x00, 0xFC, 0x0F, 0xC0, 0x00, 0x7E, 0x07, 0xE0, 0x00, 0x7E, 0x03, 0xF0,
    0x00, 0x7F, 0x01, 0xF8, 0x00, 0x7F, 0x80, 0xFC, 0x00, 0x7F, 0x80, 0x7E, 0x01, 0xFF, 0x80, 0x3F,
    0xFF, 0xFF, 0x80, 0x1F, 0xFF, 0xFF, 0x80, 0x0F, 0xFF, 0xFF, 0x80, 0x07, 0xFF, 0xFF, 0x00, 0x03,
    0xFF, 0xFC, 0x00, 0x00, 0x00, 0x78, 0x3C, 0x00, 0x0F, 0xE3, 0xC0, 0x00, 0xFF, 0xF8, 0x00, 0x1F,
    0xFF, 0x80, 0x01, 0xE3, 0xF0, 0x00, 0x1C, 0x0E, 0x00, 0x00, 0x00, 0x00, 0x00, 0x00, 0x00, 0x00,
    0x00, 0x00, 0x00, 0x00, 0x00, 0x00, 0x00, 0xFE, 0x00, 0x03, 0xFF, 0xF0, 0x00, 0x3F, 0xFF, 0x00,
    0x03, 0xFF, 0xF8, 0x00, 0x3F, 0xFF, 0xC0, 0x03, 0xFF, 0xFC, 0x00, 0x3F, 0xFF, 0xE0, 0x03, 0xFF,
    0xFF, 0x00, 0x3F, 0xFF, 0xF0, 0x03, 0xFF, 0xDF, 0x80, 0x3F, 0xFD, 0xFC, 0x03, 0xFF, 0xCF, 0xC0,
    0x3F, 0xFC, 0x7E, 0x03, 0xFF, 0xC7, 0xE0, 0x3F, 0xFC, 0x3F, 0x03, 0xFF, 0xC3, 0xF8, 0x3F, 0xFC,
    0x1F, 0x83, 0xFF, 0xC0, 0xFC, 0x3F, 0xFC, 0x0F, 0xE3, 0xFF, 0xC0, 0x7E, 0x3F, 0xFC, 0x07, 0xF3,
    0xFF, 0xC0, 0x3F, 0x3F, 0xFC, 0x01, 0xFB, 0xFF, 0xC0, 0x1F, 0xBF, 0xFC, 0x00, 0xFF, 0xFF, 0xC0,
    0x07, 0xFF, 0xFC, 0x00, 0x7F, 0xFF, 0xC0, 0x03, 0xFF, 0xFC, 0x00, 0x3F, 0xFF, 0xC0, 0x01, 0xFF,
    0xFC, 0x00, 0x0F, 0xFF, 0xC0, 0x00, 0xFF, 0xFC, 0x00, 0x07, 0xF0, 0x00, 0x00, 0x00, 0x00, 0x00,
    0x7F, 0x00, 0x00, 0x00, 0x1F, 0x00, 0x00, 0x00, 0x1F, 0x80, 0x00, 0x00, 0x0F, 0x80, 0x00, 0x00,
    0x07, 0xC0, 0x00, 0x00, 0x03, 0xC0, 0x00, 0x00, 0x03, 0xE0, 0x00, 0x00, 0x00, 0x00, 0x00, 0x00,
    0x00, 0x00, 0x00, 0x00, 0x0F, 0xF0, 0x00, 0x00, 0x3F, 0xFE, 0x00, 0x00, 0xFF, 0xFF, 0x80, 0x01,
    0xFF, 0xFF, 0xC0, 0x03, 0xFF, 0xFF, 0xE0, 0x07, 0xFE, 0x3F, 0xF0, 0x0F, 0xF0, 0x07, 0xF8, 0x1F,
    0xE0, 0x03, 0xFC, 0x1F, 0xC0, 0x01, 0xFC, 0x3F, 0x80, 0x00, 0xFC, 0x3F, 0x00, 0x00, 0x7E, 0x3F,
    0x00, 0x00, 0x7E, 0x7F, 0x00, 0x00, 0x7E, 0x7E, 0x00, 0x00, 0x3F, 0x7E, 0x00, 0x00, 0x3F, 0x7E,
    0x00, 0x00, 0x3F, 0x7E, 0x00, 0x00, 0x3F, 0x7E, 0x00, 0x00, 0x3F, 0x7E, 0x00, 0x00, 0x3F, 0x7E,
    0x00, 0x00, 0x3F, 0x7E, 0x00, 0x00, 0x3F, 0x7E, 0x00, 0x00, 0x7F, 0x3F, 0x00, 0x00, 0x7E, 0x3F,
    0x00, 0x00, 0x7E, 0x3F, 0x80, 0x00, 0xFE, 0x1F, 0x80, 0x00, 0xFC, 0x1F, 0xC0, 0x01, 0xFC, 0x0F,
    0xE0, 0x03, 0xF8, 0x0F, 0xF8, 0x0F, 0xF8, 0x07, 0xFF, 0xFF, 0xF0, 0x03, 0xFF, 0xFF, 0xE0, 0x01,
    0xFF, 0xFF, 0xC0, 0x00, 0x7F, 0xFF, 0x00, 0x00, 0x1F, 0xFC, 0x00, 0x00, 0x01, 0x00, 0x00, 0x00,
    0x00, 0x00, 0x00, 0x00, 0x00, 0x7E, 0x00, 0x00, 0x00, 0xFC, 0x00, 0x00, 0x00, 0xF8, 0x00, 0x00,
    0x01, 0xF0, 0x00, 0x00, 0x01, 0xE0, 0x00, 0x00, 0x03, 0xE0, 0x00, 0x00, 0x03, 0xC0, 0x00, 0x00,
    0x00, 0x00, 0x00, 0x00, 0x00, 0x00, 0x00, 0x00, 0x0F, 0xF0, 0x00, 0x00, 0x3F, 0xFE, 0x00, 0x00,
    0xFF, 0xFF, 0x80, 0x01, 0xFF, 0xFF, 0xC0, 0x03, 0xFF, 0xFF, 0xE0, 0x07, 0xFE, 0x3F, 0xF0, 0x0F,
    0xF0, 0x07, 0xF8, 0x1F, 0xE0, 0x03, 0xFC, 0x1F, 0xC0, 0x01, 0xFC, 0x3F, 0x80, 0x00, 0xFC, 0x3F,
    0x00, 0x00, 0x7E, 0x3F, 0x00, 0x00, 0x7E, 0x7F, 0x00, 0x00, 0x7E, 0x7E, 0x00, 0x00, 0x3F, 0x7E,
    0x00, 0x00, 0x3F, 0x7E, 0x00, 0x00, 0x3F, 0x7E, 0x00, 0x00, 0x3F, 0x7E, 0x00, 0x00, 0x3F, 0x7E,
    0x00, 0x00, 0x3F, 0x7E, 0x00, 0x00, 0x3F, 0x7E, 0x00, 0x00, 0x3F, 0x7E, 0x00, 0x00, 0x7F, 0x3F,
    0x00, 0x00, 0x7E, 0x3F, 0x00, 0x00, 0x7E, 0x3F, 0x80, 0x00, 0xFE, 0x1F, 0x80, 0x00, 0xFC, 0x1F,
    0xC0, 0x01, 0xFC, 0x0F, 0xE0, 0x03, 0xF8, 0x0F, 0xF8, 0x0F, 0xF8, 0x07, 0xFF, 0xFF, 0xF0, 0x03,
    0xFF, 0xFF, 0xE0, 0x01, 0xFF, 0xFF, 0xC0, 0x00, 0x7F, 0xFF, 0x00, 0x00, 0x1F, 0xFC, 0x00, 0x00,
    0x01, 0x00, 0x00, 0x00, 0x00, 0x00, 0x00, 0x00, 0x03, 0xF0, 0x00, 0x00, 0x07, 0xF8, 0x00, 0x00,
    0x0F, 0xF8, 0x00, 0x00, 0x1F, 0x3C, 0x00, 0x00, 0x3E, 0x3E, 0x00, 0x00, 0x7C, 0x1F, 0x00, 0x00,
    0x00, 0x00, 0x80, 0x00, 0x00, 0x00, 0x00, 0x00, 0x00, 0x00, 0x00, 0x00, 0x0F, 0xF0, 0x00, 0x00,
    0x3F, 0xFE, 0x00, 0x00, 0xFF, 0xFF, 0x80, 0x01, 0xFF, 0xFF, 0xC0, 0x03, 0xFF, 0xFF, 0xE0, 0x07,
    0xFE, 0x3F, 0xF0, 0x0F, 0xF0, 0x07, 0xF8, 0x1F, 0xE0, 0x03, 0xFC, 0x1F, 0xC0, 0x01, 0xFC, 0x3F,
    0x80, 0x00, 0xFC, 0x3F, 0x00, 0x00, 0x7E, 0x3F, 0x00, 0x00, 0x7E, 0x7F, 0x00, 0x00, 0x7E, 0x7E,
    0x00, 0x00, 0x3F, 0x7E, 0x00, 0x00, 0x3F, 0x7E, 0x00, 0x00, 0x3F, 0x7E, 0x00, 0x00, 0x3F, 0x7E,
    0x00, 0x00, 0x3F, 0x7E, 0x00, 0x00, 0x3F, 0x7E, 0x00, 0x00, 0x3F, 0x7E, 0x00, 0x00, 0x3F, 0x7E,
    0x00, 0x00, 0x7F, 0x3F, 0x00, 0x00, 0x7E, 0x3F, 0x00, 0x00, 0x7E, 0x3F, 0x80, 0x00, 0xFE, 0x1F,
    0x80, 0x00, 0xFC, 0x1F, 0xC0, 0x01, 0xFC, 0x0F, 0xE0, 0x03, 0xF8, 0x0F, 0xF8, 0x0F, 0xF8, 0x07,
    0xFF, 0xFF, 0xF0, 0x03, 0xFF, 0xFF, 0xE0, 0x01, 0xFF, 0xFF, 0xC0, 0x00, 0x7F, 0xFF, 0x00, 0x00,
    0x1F, 0xFC, 0x00, 0x00, 0x01, 0x00, 0x00, 0x00, 0x1E, 0x0F, 0x00, 0x00, 0x3F, 0x8F, 0x00, 0x00,
    0x3F, 0xFE, 0x00, 0x00, 0x7F, 0xFE, 0x00, 0x00, 0x78, 0xFC, 0x00, 0x00, 0x70, 0x38, 0x00, 0x00,
    0x00, 0x00, 0x00, 0x00, 0x00, 0x00, 0x00, 0x00, 0x00, 0x00, 0x00, 0x00, 0x0F, 0xF0, 0x00, 0x00,
    0x3F, 0xFE, 0x00, 0x00, 0xFF, 0xFF, 0x80, 0x01, 0xFF, 0xFF, 0xC0, 0x03, 0xFF, 0xFF, 0xE0, 0x07,
    0xFE, 0x3F, 0xF0, 0x0F, 0xF0, 0x07, 0xF8, 0x1F, 0xE0, 0x03, 0xFC, 0x1F, 0xC0, 0x01, 0xFC, 0x3F,
    0x80, 0x00, 0xFC, 0x3F, 0x00, 0x00, 0x7E, 0x3F, 0x00, 0x00, 0x7E, 0x7F, 0x00, 0x00, 0x7E, 0x7E,
    0x00, 0x00, 0x3F, 0x7E, 0x00, 0x00, 0x3F, 0x7E, 0x00, 0x00, 0x3F, 0x7E, 0x00, 0x00, 0x3F, 0x7E,
    0x00, 0x00, 0x3F, 0x7E, 0x00, 0x00, 0x3F, 0x7E, 0x00, 0x00, 0x3F, 0x7E, 0x00, 0x00, 0x3F, 0x7E,
    0x00, 0x00, 0x7F, 0x3F, 0x00, 0x00, 0x7E, 0x3F, 0x00, 0x00, 0x7E, 0x3F, 0x80, 0x00, 0xFE, 0x1F,
    0x80, 0x00, 0xFC, 0x1F, 0xC0, 0x01, 0xFC, 0x0F, 0xE0, 0x03, 0xF8, 0x0F, 0xF8, 0x0F, 0xF8, 0x07,
    0xFF, 0xFF, 0xF0, 0x03, 0xFF, 0xFF, 0xE0, 0x01, 0xFF, 0xFF, 0xC0, 0x00, 0x7F, 0xFF, 0x00, 0x00,
    0x1F, 0xFC, 0x00, 0x00, 0x01, 0x00, 0x00, 0x00, 0x00, 0x00, 0x00, 0x00, 0x3C, 0x1F, 0x00, 0x00,
    0x7E, 0x1F, 0x00, 0x00, 0xFE, 0x3F, 0x80, 0x00, 0x7E, 0x3F, 0x80, 0x00, 0x7C, 0x1F, 0x00, 0x00,
    0x3C, 0x0E, 0x00, 0x00, 0x00, 0x00, 0x00, 0x00, 0x00, 0x00, 0x00, 0x00, 0x00, 0x00, 0x00, 0x00,
    0x0F, 0xF0, 0x00, 0x00, 0x3F, 0xFE, 0x00, 0x00, 0xFF, 0xFF, 0x80, 0x01, 0xFF, 0xFF, 0xC0, 0x03,
    0xFF, 0xFF, 0xE0, 0x07, 0xFE, 0x3F, 0xF0, 0x0F, 0xF0, 0x07, 0xF8, 0x1F, 0xE0, 0x03, 0xFC, 0x1F,
    0xC0, 0x01, 0xFC, 0x3F, 0x80, 0x00, 0xFC, 0x3F, 0x00, 0x00, 0x7E, 0x3F, 0x00, 0x00, 0x7E, 0x7F,
    0x00, 0x00, 0x7E, 0x7E, 0x00, 0x00, 0x3F, 0x7E, 0x00, 0x00, 0x3F, 0x7E, 0x00, 0x00, 0x3F, 0x7E,
    0x00, 0x00, 0x3F, 0x7E, 0x00, 0x00, 0x3F, 0x7E, 0x00, 0x00, 0x3F, 0x7E, 0x00, 0x00, 0x3F, 0x7E,
    0x00, 0x00, 0x3F, 0x7E, 0x00, 0x00, 0x7F, 0x3F, 0x00, 0x00, 0x7E, 0x3F, 0x00, 0x00, 0x7E, 0x3F,
    0x80, 0x00, 0xFE, 0x1F, 0x80, 0x00, 0xFC, 0x1F, 0xC0, 0x01, 0xFC, 0x0F, 0xE0, 0x03, 0xF8, 0x0F,
    0xF8, 0x0F, 0xF8, 0x07, 0xFF, 0xFF, 0xF0, 0x03, 0xFF, 0xFF, 0xE0, 0x01, 0xFF, 0xFF, 0xC0, 0x00,
    0x7F, 0xFF, 0x00, 0x00, 0x1F, 0xFC, 0x00, 0x00, 0x01, 0x00, 0x00, 0x08, 0x00, 0x10, 0x1C, 0x00,
    0x18, 0x3E, 0x00, 0x3C, 0x7F, 0x00, 0x7E, 0x7F, 0x80, 0xFF, 0x3F, 0xC1, 0xFC, 0x1F, 0xE3, 0xF8,
    0x0F, 0xF7, 0xF0, 0x07, 0xFF, 0xE0, 0x03, 0xFF, 0xC0, 0x01, 0xFF, 0x80, 0x00, 0xFF, 0x00, 0x00,
    0xFF, 0x80, 0x01, 0xFF, 0xC0, 0x03, 0xFF, 0xE0, 0x07, 0xFF, 0xF0, 0x0F, 0xE7, 0xF8, 0x1F, 0xC3,
    0xFC, 0x3F, 0x81, 0xFE, 0x7F, 0x00, 0xFF, 0x3E, 0x00, 0x7E, 0x1C, 0x00, 0x3C, 0x08, 0x00, 0x18,
    0x00, 0x00, 0x00, 0x00, 0x00, 0x00, 0x08, 0x00, 0x0F, 0xF0, 0x1C, 0x00, 0x3F, 0xFE, 0x3E, 0x00,
    0xFF, 0xFF, 0xFE, 0x01, 0xFF, 0xFF, 0xFC, 0x03, 0xFF, 0xFF, 0xF8, 0x07, 0xFE, 0x3F, 0xF0, 0x0F,
    0xF0, 0x07, 0xF8, 0x1F, 0xE0, 0x07, 0xFC, 0x1F, 0xC0, 0x07, 0xFC, 0x3F, 0x80, 0x0F, 0xFC, 0x3F,
    0x00, 0x1F, 0xFE, 0x3F, 0x00, 0x3F, 0x7E, 0x7F, 0x00, 0x3E, 0x7E, 0x7E, 0x00, 0x7C, 0x3F, 0x7E,
    0x00, 0xF8, 0x3F, 0x7E, 0x01, 0xF8, 0x3F, 0x7E, 0x03, 0xF0, 0x3F, 0x7E, 0x03, 0xE0, 0x3F, 0x7E,
    0x07, 0xC0, 0x3F, 0x7E, 0x0F, 0x80, 0x3F, 0x7E, 0x1F, 0x80, 0x3F, 0x7E, 0x3F, 0x00, 0x7F, 0x3F,
    0x3E, 0x00, 0x7E, 0x3F, 0x7C, 0x00, 0x7E, 0x3F, 0xFC, 0x00, 0xFE, 0x1F, 0xF8, 0x00, 0xFC, 0x1F,
    0xF0, 0x01, 0xFC, 0x0F, 0xE0, 0x03, 0xF8, 0x0F, 0xF8, 0x0F, 0xF8, 0x0F, 0xFF, 0xFF, 0xF0, 0x1F,
    0xFF, 0xFF, 0xE0, 0x1F, 0xFF, 0xFF, 0xC0, 0x3E, 0x7F, 0xFF, 0x00, 0x1C, 0x1F, 0xFC, 0x00, 0x0C,
    0x01, 0x00, 0x00, 0x00, 0x00, 0x00, 0x00, 0x00, 0x00, 0x00, 0x00, 0x0F, 0xE0, 0x00, 0x00, 0x1F,
    0x00, 0x00, 0x00, 0xFC, 0x00, 0x00, 0x03, 0xE0, 0x00, 0x00, 0x0F, 0x80, 0x00, 0x00, 0x3C, 0x00,
    0x00, 0x01, 0xF0, 0x00, 0x00, 0x00, 0x00, 0x00, 0x00, 0x00, 0x00, 0x00, 0x00, 0x00, 0x00, 0xFC,
    0x00, 0x07, 0xE7, 0xE0, 0x00, 0x3F, 0x3F, 0x00, 0x01, 0xF9, 0xF8, 0x00, 0x0F, 0xCF, 0xC0, 0x00,
    0x7E, 0x7E, 0x00, 0x03, 0xF3, 0xF0, 0x00, 0x1F, 0x9F, 0x80, 0x00, 0xFC, 0xFC, 0x00, 0x07, 0xE7,
    0xE0, 0x00, 0x3F, 0x3F, 0x00, 0x01, 0xF9, 0xF8, 0x00, 0x0F, 0xCF, 0xC0, 0x00, 0x7E, 0x7E, 0x00,
    0x03, 0xF3, 0xF0, 0x00, 0x1F, 0x9F, 0x80, 0x00, 0xFC, 0xFC, 0x00, 0x07, 0xE7, 0xE0, 0x00, 0x3F,
    0x3F, 0x00, 0x01, 0xF9, 0xF8, 0x00, 0x0F, 0xCF, 0xC0, 0x00, 0x7E, 0x7E, 0x00, 0x03, 0xF3, 0xF0,
    0x00, 0x1F, 0x9F, 0x80, 0x00, 0xFC, 0xFE, 0x00, 0x0F, 0xE3, 0xF0, 0x00, 0x7E, 0x1F, 0xC0, 0x07,
    0xF0, 0x7F, 0x80, 0xFF, 0x03, 0xFF, 0xFF, 0xF8, 0x0F, 0xFF, 0xFF, 0x80, 0x3F, 0xFF, 0xF8, 0x00,
    0x7F, 0xFF, 0x00, 0x00, 0xFF, 0xE0, 0x00, 0x00, 0x20, 0x00, 0x00, 0x00, 0x00, 0x00, 0x00, 0x00,
    0x07, 0xE0, 0x00, 0x00, 0x7E, 0x00, 0x00, 0x03, 0xE0, 0x00, 0x00, 0x3E, 0x00, 0x00, 0x01, 0xE0,
    0x00, 0x00, 0x1F, 0x00, 0x00, 0x00, 0xF0, 0x00, 0x00, 0x00, 0x00, 0x00, 0x00, 0x00, 0x00, 0x00,
    0x00, 0x00, 0x00, 0xFC, 0x00, 0x07, 0xE7, 0xE0, 0x00, 0x3F, 0x3F, 0x00, 0x01, 0xF9, 0xF8, 0x00,
    0x0F, 0xCF, 0xC0, 0x00, 0x7E, 0x7E, 0x00, 0x03, 0xF3, 0xF0, 0x00, 0x1F, 0x9F, 0x80, 0x00, 0xFC,
    0xFC, 0x00, 0x07, 0xE7, 0xE0, 0x00, 0x3F, 0x3F, 0x00, 0x01, 0xF9, 0xF8, 0x00, 0x0F, 0xCF, 0xC0,
    0x00, 0x7E, 0x7E, 0x00, 0x03, 0xF3, 0xF0, 0x00, 0x1F, 0x9F, 0x80, 0x00, 0xFC, 0xFC, 0x00, 0x07,
    0xE7, 0xE0, 0x00, 0x3F, 0x3F, 0x00, 0x01, 0xF9, 0xF8, 0x00, 0x0F, 0xCF, 0xC0, 0x00, 0x7E, 0x7E,
    0x00, 0x03, 0xF3, 0xF0, 0x00, 0x1F, 0x9F, 0x80, 0x00, 0xFC, 0xFE, 0x00, 0x0F, 0xE3, 0xF0, 0x00,
    0x7E, 0x1F, 0xC0, 0x07, 0xF0, 0x7F, 0x80, 0xFF, 0x03, 0xFF, 0xFF, 0xF8, 0x0F, 0xFF, 0xFF, 0x80,
    0x3F, 0xFF, 0xF8, 0x00, 0x7F, 0xFF, 0x00, 0x00, 0xFF, 0xE0, 0x00, 0x00, 0x20, 0x00, 0x00, 0x00,
    0x00, 0x00, 0x00, 0x00, 0x7E, 0x00, 0x00, 0x07, 0xF8, 0x00, 0x00, 0x7F, 0xC0, 0x00, 0x07, 0xCF,
    0x00, 0x00, 0x7C, 0x7C, 0x00, 0x07, 0xC1, 0xF0, 0x00, 0x00, 0x00, 0x40, 0x00, 0x00, 0x00, 0x00,
    0x00, 0x00, 0x00, 0x00, 0x00, 0x00, 0x00, 0xFC, 0x00, 0x07, 0xE7, 0xE0, 0x00, 0x3F, 0x3F, 0x00,
    0x01, 0xF9, 0xF8, 0x00, 0x0F, 0xCF, 0xC0, 0x00, 0x7E, 0x7E, 0x00, 0x03, 0xF3, 0xF0, 0x00, 0x1F,
    0x9F, 0x80, 0x00, 0xFC, 0xFC, 0x00, 0x07, 0xE7, 0xE0, 0x00, 0x3F, 0x3F, 0x00, 0x01, 0xF9, 0xF8,
    0x00, 0x0F, 0xCF, 0xC0, 0x00, 0x7E, 0x7E, 0x00, 0x03, 0xF3, 0xF0, 0x00, 0x1F, 0x9F, 0x80, 0x00,
    0xFC, 0xFC, 0x00, 0x07, 0xE7, 0xE0, 0x00, 0x3F, 0x3F, 0x00, 0x01, 0xF9, 0xF8, 0x00, 0x0F, 0xCF,
    0xC0, 0x00, 0x7E, 0x7E, 0x00, 0x03, 0xF3, 0xF0, 0x00, 0x1F, 0x9F, 0x80, 0x00, 0xFC, 0xFE, 0x00,
    0x0F, 0xE3, 0xF0, 0x00, 0x7E, 0x1F, 0xC0, 0x07, 0xF0, 0x7F, 0x80, 0xFF, 0x03, 0xFF, 0xFF, 0xF8,
    0x0F, 0xFF, 0xFF, 0x80, 0x3F, 0xFF, 0xF8, 0x00, 0x7F, 0xFF, 0x00, 0x00, 0xFF, 0xE0, 0x00, 0x00,
    0x20, 0x00, 0x00, 0x00, 0x00, 0x00, 0x00, 0x07, 0x83, 0xE0, 0x00, 0x7E, 0x1F, 0x00, 0x07, 0xF1,
    0xFC, 0x00, 0x1F, 0x8F, 0xE0, 0x00, 0xF8, 0x3E, 0x00, 0x03, 0xC0, 0xE0, 0x00, 0x00, 0x00, 0x00,
    0x00, 0x00, 0x00, 0x00, 0x00, 0x00, 0x00, 0x00, 0x00, 0x00, 0x00, 0xFC, 0x00, 0x07, 0xE7, 0xE0,
    0x00, 0x3F, 0x3F, 0x00, 0x01, 0xF9, 0xF8, 0x00, 0x0F, 0xCF, 0xC0, 0x00, 0x7E, 0x7E, 0x00, 0x03,
    0xF3, 0xF0, 0x00, 0x1F, 0x9F, 0x80, 0x00, 0xFC, 0xFC, 0x00, 0x07, 0xE7, 0xE0, 0x00, 0x3F, 0x3F,
    0x00, 0x01, 0xF9, 0xF8, 0x00, 0x0F, 0xCF, 0xC0, 0x00, 0x7E, 0x7E, 0x00, 0x03, 0xF3, 0xF0, 0x00,
    0x1F, 0x9F, 0x80, 0x00, 0xFC, 0xFC, 0x00, 0x07, 0xE7, 0xE0, 0x00, 0x3F, 0x3F, 0x00, 0x01, 0xF9,
    0xF8, 0x00, 0x0F, 0xCF, 0xC0, 0x00, 0x7E, 0x7E, 0x00, 0x03, 0xF3, 0xF0, 0x00, 0x1F, 0x9F, 0x80,
    0x00, 0xFC, 0xFE, 0x00, 0x0F, 0xE3, 0xF0, 0x00, 0x7E, 0x1F, 0xC0, 0x07, 0xF0, 0x7F, 0x80, 0xFF,
    0x03, 0xFF, 0xFF, 0xF8, 0x0F, 0xFF, 0xFF, 0x80, 0x3F, 0xFF, 0xF8, 0x00, 0x7F, 0xFF, 0x00, 0x00,
    0xFF, 0xE0, 0x00, 0x00, 0x20, 0x00, 0x00, 0x00, 0x00, 0x00, 0x00, 0x00, 0x00, 0x7E, 0x00, 0x00,
    0x00, 0xFC, 0x00, 0x00, 0x00, 0xF8, 0x00, 0x00, 0x01, 0xF0, 0x00, 0x00, 0x01, 0xE0, 0x00, 0x00,
    0x03, 0xE0, 0x00, 0x00, 0x03, 0xC0, 0x00, 0x00, 0x00, 0x00, 0x00, 0x00, 0x00, 0x00, 0x00, 0x00,
    0x00, 0x00, 0x00, 0x7F, 0x00, 0x00, 0xFE, 0x3F, 0x80, 0x01, 0xFC, 0x3F, 0x80, 0x01, 0xF8, 0x1F,
    0xC0, 0x03, 0xF8, 0x0F, 0xC0, 0x07, 0xF0, 0x0F, 0xE0, 0x07, 0xF0, 0x07, 0xF0, 0x0F, 0xE0, 0x07,
    0xF0, 0x0F, 0xC0, 0x03, 0xF8, 0x1F, 0xC0, 0x01, 0xF8, 0x1F, 0x80, 0x01, 0xFC, 0x3F, 0x80, 0x00,
    0xFC, 0x3F, 0x00, 0x00, 0xFE, 0x7E, 0x00, 0x00, 0x7E, 0x7E, 0x00, 0x00, 0x3F, 0xFC, 0x00, 0x00,
    0x3F, 0xFC, 0x00, 0x00, 0x1F, 0xF8, 0x00, 0x00, 0x1F, 0xF0, 0x00, 0x00, 0x0F, 0xF0, 0x00, 0x00,
    0x07, 0xE0, 0x00, 0x00, 0x07, 0xE0, 0x00, 0x00, 0x07, 0xE0, 0x00, 0x00, 0x07, 0xE0, 0x00, 0x00,
    0x07, 0xE0, 0x00, 0x00, 0x07, 0xE0, 0x00, 0x00, 0x07, 0xE0, 0x00, 0x00, 0x07, 0xE0, 0x00, 0x00,
    0x07, 0xE0, 0x00, 0x00, 0x07, 0xE0, 0x00, 0x00, 0x07, 0xE0, 0x00, 0x00, 0x07, 0xE0, 0x00, 0x00,
    0x07, 0xE0, 0x00, 0x00, 0x07, 0xE0, 0x00, 0x00, 0x00, 0x00, 0x3F, 0x00, 0x00, 0x1F, 0x80, 0x00,
    0x0F, 0xC0, 0x00, 0x07, 0xE0, 0x00, 0x03, 0xF0, 0x00, 0x01, 0xF8, 0x00, 0x00, 0xFF, 0xFF, 0x00,
    0x7F, 0xFF, 0xE0, 0x3F, 0xFF, 0xFC, 0x1F, 0xFF, 0xFF, 0x0F, 0xFF, 0xFF, 0xC7, 0xE0, 0x0F, 0xE3,
    0xF0, 0x03, 0xF9, 0xF8, 0x00, 0xFC, 0xFC, 0x00, 0x7E, 0x7E, 0x00, 0x1F, 0x3F, 0x00, 0x0F, 0x9F,
    0x80, 0x0F, 0xCF, 0xC0, 0x07, 0xE7, 0xE0, 0x07, 0xF3, 0xF0, 0x07, 0xF1, 0xFF, 0xFF, 0xF8, 0xFF,
    0xFF, 0xF8, 0x7F, 0xFF, 0xF8, 0x3F, 0xFF, 0xF0, 0x1F, 0xFF, 0xC0, 0x0F, 0xC0, 0x00, 0x07, 0xE0,
    0x00, 0x03, 0xF0, 0x00, 0x01, 0xF8, 0x00, 0x00, 0xFC, 0x00, 0x00, 0x7E, 0x00, 0x00, 0x3F, 0x00,
    0x00, 0x00, 0x01, 0xFE, 0x00, 0x03, 0xFF, 0xC0, 0x07, 0xFF, 0xF8, 0x07, 0xFF, 0xFE, 0x07, 0xFF,
    0xFF, 0x83, 0xFC, 0x3F, 0xC3, 0xF8, 0x07, 0xF1, 0xF8, 0x03, 0xF8, 0xFC, 0x00, 0xFC, 0x7E, 0x00,
    0x7E, 0x3F, 0x00, 0x3F, 0x1F, 0x80, 0x1F, 0x8F, 0xC0, 0x1F, 0x87, 0xE0, 0x0F, 0xC3, 0xF0, 0x1F,
    0xC1, 0xF8, 0x7F, 0x80, 0xFC, 0x3F, 0x80, 0x7E, 0x1F, 0xF8, 0x3F, 0x0F, 0xFF, 0x1F, 0x80, 0x7F,
    0xCF, 0xC0, 0x0F, 0xE7, 0xE0, 0x03, 0xFB, 0xF0, 0x00, 0xFD, 0xF8, 0x00, 0x7E, 0xFC, 0x00, 0x3F,
    0x7E, 0x00, 0x1F, 0xBF, 0x00, 0x0F, 0xDF, 0x80, 0x0F, 0xEF, 0xC0, 0x0F, 0xE7, 0xE1, 0xFF, 0xF3,
    0xF0, 0xFF, 0xF1, 0xF8, 0x7F, 0xF0, 0xFC, 0x3F, 0xF0, 0x7E, 0x1F, 0xC0, 0x00, 0x00, 0x00, 0x00,
    0x3F, 0x80, 0x00, 0x3E, 0x00, 0x00, 0xFC, 0x00, 0x01, 0xF0, 0x00, 0x03, 0xE0, 0x00, 0x07, 0x80,
    0x00, 0x1F, 0x00, 0x00, 0x00, 0x00, 0x00, 0x00, 0x00, 0x07, 0xC0, 0x00, 0xFF, 0xF0, 0x0F, 0xFF,
    0xE0, 0x7F, 0xFF, 0xC3, 0xFF, 0xFF, 0x8F, 0xE0, 0x7E, 0x3E, 0x00, 0xFD, 0xF8, 0x03, 0xF0, 0x00,
    0x0F, 0xC0, 0x00, 0x3F, 0x00, 0x0F, 0xFC, 0x0F, 0xFF, 0xF0, 0xFF, 0xFF, 0xCF, 0xFF, 0xFF, 0x3F,
    0xE0, 0xFD, 0xFC, 0x03, 0xF7, 0xE0, 0x0F, 0xDF, 0x00, 0x3F, 0x7C, 0x00, 0xFD, 0xF8, 0x07, 0xF7,
    0xF0, 0x7F, 0xDF, 0xFF, 0xFF, 0x3F, 0xFE, 0xFC, 0x7F, 0xFB, 0xF0, 0xFF, 0x8F, 0xC0, 0x00, 0x00,
    0x00, 0x00, 0x00, 0x00, 0x1F, 0x80, 0x00, 0xFC, 0x00, 0x03, 0xE0, 0x00, 0x1F, 0x00, 0x00, 0x78,
    0x00, 0x03, 0xE0, 0x00, 0x0F, 0x00, 0x00, 0x00, 0x00, 0x00, 0x00, 0x00, 0x07, 0xC0, 0x00, 0xFF,
    0xF0, 0x0F, 0xFF, 0xE0, 0x7F, 0xFF, 0xC3, 0xFF, 0xFF, 0x8F, 0xE0, 0x7E, 0x3E, 0x00, 0xFD, 0xF8,
    0x03, 0xF0, 0x00, 0x0F, 0xC0, 0x00, 0x3F, 0x00, 0x0F, 0xFC, 0x0F, 0xFF, 0xF0, 0xFF, 0xFF, 0xCF,
    0xFF, 0xFF, 0x3F, 0xE0, 0xFD, 0xFC, 0x03, 0xF7, 0xE0, 0x0F, 0xDF, 0x00, 0x3F, 0x7C, 0x00, 0xFD,
    0xF8, 0x07, 0xF7, 0xF0, 0x7F, 0xDF, 0xFF, 0xFF, 0x3F, 0xFE, 0xFC, 0x7F, 0xFB, 0xF0, 0xFF, 0x8F,
    0xC0, 0x00, 0x00, 0x00, 0x00, 0x00, 0x01, 0xF8, 0x00, 0x0F, 0xF0, 0x00, 0x7F, 0xC0, 0x03, 0xE7,
    0x80, 0x1F, 0x1F, 0x00, 0xF8, 0x3E, 0x00, 0x00, 0x04, 0x00, 0x00, 0x00, 0x00, 0x00, 0x00, 0x07,
    0xC0, 0x00, 0xFF, 0xF0, 0x0F, 0xFF, 0xE0, 0x7F, 0xFF, 0xC3, 0xFF, 0xFF, 0x8F, 0xE0, 0x7E, 0x3E,
    0x00, 0xFD, 0xF8, 0x03, 0xF0, 0x00, 0x0F, 0xC0, 0x00, 0x3F, 0x00, 0x0F, 0xFC, 0x0F, 0xFF, 0xF0,
    0xFF, 0xFF, 0xCF, 0xFF, 0xFF, 0x3F, 0xE0, 0xFD, 0xFC, 0x03, 0xF7, 0xE0, 0x0F, 0xDF, 0x00, 0x3F,
    0x7C, 0x00, 0xFD, 0xF8, 0x07, 0xF7, 0xF0, 0x7F, 0xDF, 0xFF, 0xFF, 0x3F, 0xFE, 0xFC, 0x7F, 0xFB,
    0xF0, 0xFF, 0x8F, 0xC0, 0x00, 0x00, 0x03, 0xC1, 0xE0, 0x1F, 0xC7, 0x80, 0x7F, 0xFC, 0x03, 0xFF,
    0xF0, 0x0F, 0x1F, 0x80, 0x38, 0x1C, 0x00, 0x00, 0x00, 0x00, 0x00, 0x00, 0x00, 0x00, 0x00, 0x01,
    0xF0, 0x00, 0x3F, 0xFC, 0x03, 0xFF, 0xF8, 0x1F, 0xFF, 0xF0, 0xFF, 0xFF, 0xE3, 0xF8, 0x1F, 0x8F,
    0x80, 0x3F, 0x7E, 0x00, 0xFC, 0x00, 0x03, 0xF0, 0x00, 0x0F, 0xC0, 0x03, 0xFF, 0x03, 0xFF, 0xFC,
    0x3F, 0xFF, 0xF3, 0xFF, 0xFF, 0xCF, 0xF8, 0x3F, 0x7F, 0x00, 0xFD, 0xF8, 0x03, 0xF7, 0xC0, 0x0F,
    0xDF, 0x00, 0x3F, 0x7E, 0x01, 0xFD, 0xFC, 0x1F, 0xF7, 0xFF, 0xFF, 0xCF, 0xFF, 0xBF, 0x1F, 0xFE,
    0xFC, 0x3F, 0xE3, 0xF0, 0x00, 0x00, 0x00, 0x00, 0x00, 0x00, 0x1E, 0x0F, 0x80, 0xFC, 0x3E, 0x07,
    0xF1, 0xFC, 0x0F, 0xC7, 0xF0, 0x3E, 0x0F, 0x80, 0x78, 0x1C, 0x00, 0x00, 0x00, 0x00, 0x00, 0x00,
    0x00, 0x00, 0x00, 0x07, 0xC0, 0x00, 0xFF, 0xF0, 0x0F, 0xFF, 0xE0, 0x7F, 0xFF, 0xC3, 0xFF, 0xFF,
    0x8F, 0xE0, 0x7E, 0x3E, 0x00, 0xFD, 0xF8, 0x03, 0xF0, 0x00, 0x0F, 0xC0, 0x00, 0x3F, 0x00, 0x0F,
    0xFC, 0x0F, 0xFF, 0xF0, 0xFF, 0xFF, 0xCF, 0xFF, 0xFF, 0x3F, 0xE0, 0xFD, 0xFC, 0x03, 0xF7, 0xE0,
    0x0F, 0xDF, 0x00, 0x3F, 0x7C, 0x00, 0xFD, 0xF8, 0x07, 0xF7, 0xF0, 0x7F, 0xDF, 0xFF, 0xFF, 0x3F,
    0xFE, 0xFC, 0x7F, 0xFB, 0xF0, 0xFF, 0x8F, 0xC0, 0x00, 0x00, 0x00, 0x00, 0x00, 0x01, 0xF0, 0x00,
    0x0F, 0xF0, 0x00, 0x7F, 0xE0, 0x03, 0xC7, 0x80, 0x0E, 0x0E, 0x00, 0x38, 0x3C, 0x00, 0xF0, 0xE0,
    0x03, 0xC7, 0x80, 0x07, 0xFC, 0x00, 0x0F, 0xF0, 0x00, 0x0F, 0x00, 0x00, 0x00, 0x00, 0x01, 0xF0,
    0x00, 0x3F, 0xFC, 0x03, 0xFF, 0xF8, 0x1F, 0xFF, 0xF0, 0xFF, 0xFF, 0xE3, 0xF8, 0x1F, 0x8F, 0x80,
    0x3F, 0x7E, 0x00, 0xFC, 0x00, 0x03, 0xF0, 0x00, 0x0F, 0xC0, 0x03, 0xFF, 0x03, 0xFF, 0xFC, 0x3F,
    0xFF, 0xF3, 0xFF, 0xFF, 0xCF, 0xF8, 0x3F, 0x7F, 0x00, 0xFD, 0xF8, 0x03, 0xF7, 0xC0, 0x0F, 0xDF,
    0x00, 0x3F, 0x7E, 0x01, 0xFD, 0xFC, 0x1F, 0xF7, 0xFF, 0xFF, 0xCF, 0xFF, 0xBF, 0x1F, 0xFE, 0xFC,
    0x3F, 0xE3, 0xF0, 0x00, 0x00, 0x00, 0x00, 0x7C, 0x00, 0x7C, 0x00, 0x07, 0xFF, 0x07, 0xFF, 0x00,
    0x3F, 0xFF, 0x1F, 0xFF, 0x00, 0xFF, 0xFF, 0xFF, 0xFF, 0x01, 0xFF, 0xFF, 0xFF, 0xFF, 0x07, 0xF0,
    0x3F, 0xE0, 0x7F, 0x0F, 0x80, 0x3F, 0x80, 0x7E, 0x3F, 0x00, 0x7E, 0x00, 0x7E, 0x00, 0x00, 0xFC,
    0x00, 0x7C, 0x00, 0x01, 0xF0, 0x00, 0xF8, 0x00, 0x7F, 0xFF, 0xFF, 0xF0, 0x1F, 0xFF, 0xFF, 0xFF,
    0xF0, 0xFF, 0xFF, 0xFF, 0xFF, 0xE7, 0xFF, 0xFF, 0xFF, 0xFF, 0xCF, 0xF0, 0x3E, 0x00, 0x00, 0x3F,
    0x80, 0x7C, 0x00, 0x00, 0x7E, 0x00, 0xFC, 0x00, 0x00, 0xF8, 0x01, 0xF8, 0x00, 0x01, 0xF0, 0x07,
    0xF0, 0x01, 0xF3, 0xF0, 0x0F, 0xF0, 0x07, 0xE7, 0xF0, 0x7F, 0xF8, 0x3F, 0x8F, 0xFF, 0xFB, 0xFF,
    0xFF, 0x0F, 0xFF, 0xE3, 0xFF, 0xFC, 0x0F, 0xFF, 0x83, 0xFF, 0xF0, 0x07, 0xFC, 0x01, 0xFF, 0x80,
    0x00, 0x00, 0x00, 0x20, 0x00, 0x00, 0x3E, 0x00, 0x01, 0xFF, 0xC0, 0x07, 0xFF, 0xF0, 0x0F, 0xFF,
    0xF8, 0x1F, 0xFF, 0xFC, 0x1F, 0xC1, 0xFC, 0x3F, 0x80, 0xFE, 0x3F, 0x00, 0x7E, 0x7E, 0x00, 0x3E,
    0x7E, 0x00, 0x00, 0x7E, 0x00, 0x00, 0x7E, 0x00, 0x00, 0x7E, 0x00, 0x00, 0x7E, 0x00, 0x00, 0x7E,
    0x00, 0x00, 0x7E, 0x00, 0x00, 0x7E, 0x00, 0x20, 0x7E, 0x00, 0x7E, 0x3F, 0x00, 0x7E, 0x3F, 0x80,
    0xFE, 0x1F, 0xE3, 0xFC, 0x1F, 0xFF, 0xF8, 0x0F, 0xFF, 0xF0, 0x03, 0xFF, 0xE0, 0x01, 0xFF, 0x80,
    0x00, 0x18, 0x00, 0x00, 0x18, 0x00, 0x00, 0x1F, 0x00, 0x00, 0x3F, 0x80, 0x00, 0x03, 0xC0, 0x00,
    0x03, 0xC0, 0x00, 0x03, 0xC0, 0x00, 0x7F, 0x80, 0x00, 0x7F, 0x00, 0x00, 0x00, 0x00, 0x00, 0x00,
    0x00, 0x07, 0xF0, 0x00, 0x01, 0xF0, 0x00, 0x01, 0xF8, 0x00, 0x00, 0xF8, 0x00, 0x00, 0x7C, 0x00,
    0x00, 0x3C, 0x00, 0x00, 0x3E, 0x00, 0x00, 0x00, 0x00, 0x00, 0x00, 0x00, 0x00, 0x3E, 0x00, 0x01,
    0xFF, 0xC0, 0x07, 0xFF, 0xE0, 0x0F, 0xFF, 0xF0, 0x1F, 0xFF, 0xF8, 0x1F, 0x81, 0xFC, 0x3F, 0x00,
    0xFC, 0x3E, 0x00, 0x7E, 0x7E, 0x00, 0x3E, 0x7E, 0x00, 0x3E, 0x7F, 0xFF, 0xFF, 0x7F, 0xFF, 0xFF,
    0x7F, 0xFF, 0xFF, 0x7F, 0xFF, 0xFF, 0x7C, 0x00, 0x00, 0x7C, 0x00, 0x00, 0x7E, 0x00, 0x00, 0x7E,
    0x00, 0x00, 0x3F, 0x00, 0x3E, 0x3F, 0x00, 0x7E, 0x1F, 0xC1, 0xFC, 0x1F, 0xFF, 0xFC, 0x0F, 0xFF,
    0xF8, 0x03, 0xFF, 0xF0, 0x01, 0xFF, 0xC0, 0x00, 0x08, 0x00, 0x00, 0x00, 0x00, 0x00, 0x07, 0xE0,
    0x00, 0x0F, 0xC0, 0x00, 0x0F, 0x80, 0x00, 0x1F, 0x00, 0x00, 0x1E, 0x00, 0x00, 0x3E, 0x00, 0x00,
    0x3C, 0x00, 0x00, 0x00, 0x00, 0x00, 0x00, 0x00, 0x00, 0x3E, 0x00, 0x01, 0xFF, 0xC0, 0x07, 0xFF,
    0xE0, 0x0F, 0xFF, 0xF0, 0x1F, 0xFF, 0xF8, 0x1F, 0x81, 0xFC, 0x3F, 0x00, 0xFC, 0x3E, 0x00, 0x7E,
    0x7E, 0x00, 0x3E, 0x7E, 0x00, 0x3E, 0x7F, 0xFF, 0xFF, 0x7F, 0xFF, 0xFF, 0x7F, 0xFF, 0xFF, 0x7F,
    0xFF, 0xFF, 0x7C, 0x00, 0x00, 0x7C, 0x00, 0x00, 0x7E, 0x00, 0x00, 0x7E, 0x00, 0x00, 0x3F, 0x00,
    0x3E, 0x3F, 0x00, 0x7E, 0x1F, 0xC1, 0xFC, 0x1F, 0xFF, 0xFC, 0x0F, 0xFF, 0xF8, 0x03, 0xFF, 0xF0,
    0x01, 0xFF, 0xC0, 0x00, 0x08, 0x00, 0x00, 0x00, 0x00, 0x00, 0x3F, 0x00, 0x00, 0x7F, 0x80, 0x00,
    0xFF, 0x80, 0x01, 0xF3, 0xC0, 0x03, 0xE3, 0xE0, 0x07, 0xC1, 0xF0, 0x00, 0x00, 0x08, 0x00, 0x00,
    0x00, 0x00, 0x00, 0x00, 0x00, 0x3E, 0x00, 0x01, 0xFF, 0xC0, 0x07, 0xFF, 0xE0, 0x0F, 0xFF, 0xF0,
    0x1F, 0xFF, 0xF8, 0x1F, 0x81, 0xFC, 0x3F, 0x00, 0xFC, 0x3E, 0x00, 0x7E, 0x7E, 0x00, 0x3E, 0x7E,
    0x00, 0x3E, 0x7F, 0xFF, 0xFF, 0x7F, 0xFF, 0xFF, 0x7F, 0xFF, 0xFF, 0x7F, 0xFF, 0xFF, 0x7C, 0x00,
    0x00, 0x7C, 0x00, 0x00, 0x7E, 0x00, 0x00, 0x7E, 0x00, 0x00, 0x3F, 0x00, 0x3E, 0x3F, 0x00, 0x7E,
    0x1F, 0xC1, 0xFC, 0x1F, 0xFF, 0xFC, 0x0F, 0xFF, 0xF8, 0x03, 0xFF, 0xF0, 0x01, 0xFF, 0xC0, 0x00,
    0x08, 0x00, 0x00, 0x00, 0x00, 0x03, 0xC1, 0xF0, 0x07, 0xE1, 0xF0, 0x0F, 0xE3, 0xF8, 0x07, 0xE3,
    0xF8, 0x07, 0xC1, 0xF0, 0x03, 0xC0, 0xE0, 0x00, 0x00, 0x00, 0x00, 0x00, 0x00, 0x00, 0x00, 0x00,
    0x00, 0x3E, 0x00, 0x01, 0xFF, 0xC0, 0x07, 0xFF, 0xE0, 0x0F, 0xFF, 0xF0, 0x1F, 0xFF, 0xF8, 0x1F,
    0x81, 0xFC, 0x3F, 0x00, 0xFC, 0x3E, 0x00, 0x7E, 0x7E, 0x00, 0x3E, 0x7E, 0x00, 0x3E, 0x7F, 0xFF,
    0xFF, 0x7F, 0xFF, 0xFF, 0x7F, 0xFF, 0xFF, 0x7F, 0xFF, 0xFF, 0x7C, 0x00, 0x00, 0x7C, 0x00, 0x00,
    0x7E, 0x00, 0x00, 0x7E, 0x00, 0x00, 0x3F, 0x00, 0x3E, 0x3F, 0x00, 0x7E, 0x1F, 0xC1, 0xFC, 0x1F,
    0xFF, 0xFC, 0x0F, 0xFF, 0xF8, 0x03, 0xFF, 0xF0, 0x01, 0xFF, 0xC0, 0x00, 0x08, 0x00, 0x00, 0x1F,
    0xC0, 0xF8, 0x1F, 0x81, 0xF0, 0x1F, 0x01, 0xE0, 0x3E, 0x00, 0x00, 0x00, 0x00, 0x03, 0xF0, 0x7E,
    0x0F, 0xC1, 0xF8, 0x3F, 0x07, 0xE0, 0xFC, 0x1F, 0x83, 0xF0, 0x7E, 0x0F, 0xC1, 0xF8, 0x3F, 0x07,
    0xE0, 0xFC, 0x1F, 0x83, 0xF0, 0x7E, 0x0F, 0xC1, 0xF8, 0x3F, 0x07, 0xE0, 0xFC, 0x1F, 0x80, 0x00,
    0x00, 0xFC, 0x3F, 0x07, 0xC1, 0xF0, 0x3C, 0x0F, 0x81, 0xE0, 0x00, 0x00, 0x00, 0x00, 0x3F, 0x07,
    0xE0, 0xFC, 0x1F, 0x83, 0xF0, 0x7E, 0x0F, 0xC1, 0xF8, 0x3F, 0x07, 0xE0, 0xFC, 0x1F, 0x83, 0xF0,
    0x7E, 0x0F, 0xC1, 0xF8, 0x3F, 0x07, 0xE0, 0xFC, 0x1F, 0x83, 0xF0, 0x7E, 0x0F, 0xC1, 0xF8, 0x00,
    0x00, 0x00, 0x01, 0xF8, 0x01, 0xFE, 0x01, 0xFF, 0x01, 0xF3, 0xC1, 0xF1, 0xF1, 0xF0, 0x7C, 0x00,
    0x01, 0x00, 0x00, 0x00, 0x00, 0x00, 0x00, 0x00, 0x7E, 0x00, 0x3F, 0x00, 0x1F, 0x80, 0x0F, 0xC0,
    0x07, 0xE0, 0x03, 0xF0, 0x01, 0xF8, 0x00, 0xFC, 0x00, 0x7E, 0x00, 0x3F, 0x00, 0x1F, 0x80, 0x0F,
    0xC0, 0x07, 0xE0, 0x03, 0xF0, 0x01, 0xF8, 0x00, 0xFC, 0x00, 0x7E, 0x00, 0x3F, 0x00, 0x1F, 0x80,
    0x0F, 0xC0, 0x07, 0xE0, 0x03, 0xF0, 0x01, 0xF8, 0x00, 0xFC, 0x00, 0x00, 0x00, 0x1E, 0x0F, 0x9F,
    0x87, 0xDF, 0xC7, 0xF7, 0xE3, 0xFB, 0xE0, 0xF8, 0xF0, 0x38, 0x00, 0x00, 0x00, 0x00, 0x00, 0x00,
    0x00, 0x00, 0x00, 0x7E, 0x00, 0x3F, 0x00, 0x1F, 0x80, 0x0F, 0xC0, 0x07, 0xE0, 0x03, 0xF0, 0x01,
    0xF8, 0x00, 0xFC, 0x00, 0x7E, 0x00, 0x3F, 0x00, 0x1F, 0x80, 0x0F, 0xC0, 0x07, 0xE0, 0x03, 0xF0,
    0x01, 0xF8, 0x00, 0xFC, 0x00, 0x7E, 0x00, 0x3F, 0x00, 0x1F, 0x80, 0x0F, 0xC0, 0x07, 0xE0, 0x03,
    0xF0, 0x01, 0xF8, 0x00, 0xFC, 0x00, 0x00, 0x00, 0x00, 0x03, 0x00, 0x20, 0x03, 0xC0, 0x70, 0x07,
    0xF1, 0xF0, 0x03, 0xFF, 0xF0, 0x00, 0xFF, 0xC0, 0x00, 0x7F, 0x00, 0x01, 0xFF, 0x80, 0x07, 0xFF,
    0xC0, 0x07, 0xC7, 0xE0, 0x07, 0x03, 0xF0, 0x04, 0x01, 0xF0, 0x00, 0x00, 0xF8, 0x01, 0xFC, 0x7C,
    0x07, 0xFF, 0x7C, 0x0F, 0xFF, 0xBE, 0x1F, 0xFF, 0xFE, 0x3F, 0x80, 0xFE, 0x3F, 0x00, 0x7E, 0x3E,
    0x00, 0x7F, 0x7E, 0x00, 0x3F, 0x7E, 0x00, 0x3F, 0x7C, 0x00, 0x3F, 0x7C, 0x00, 0x3F, 0x7C, 0x00,
    0x3F, 0x7C, 0x00, 0x3F, 0x7C, 0x00, 0x3F, 0x7E, 0x00, 0x3E, 0x7E, 0x00, 0x3E, 0x3F, 0x00, 0x7E,
    0x3F, 0x00, 0xFC, 0x1F, 0xC1, 0xFC, 0x1F, 0xFF, 0xF8, 0x0F, 0xFF, 0xF0, 0x07, 0xFF, 0xE0, 0x01,
    0xFF, 0x80, 0x00, 0x08, 0x00, 0x03, 0xC1, 0xE0, 0x0F, 0xE3, 0xC0, 0x1F, 0xFF, 0x00, 0x7F, 0xFE,
    0x00, 0xF1, 0xF8, 0x01, 0xC0, 0xE0, 0x00, 0x00, 0x00, 0x00, 0x00, 0x00, 0x00, 0x00, 0x00, 0x00,
    0x1E, 0x01, 0xF1, 0xFF, 0x83, 0xE7, 0xFF, 0x87, 0xDF, 0xFF, 0x8F, 0xBF, 0xFF, 0x1F, 0xF0, 0xFF,
    0x3F, 0x80, 0xFE, 0x7E, 0x00, 0xFC, 0xFC, 0x01, 0xF9, 0xF8, 0x01, 0xF3, 0xF0, 0x03, 0xE7, 0xE0,
    0x07, 0xCF, 0xC0, 0x0F, 0x9F, 0x80, 0x1F, 0x3F, 0x00, 0x3E, 0x7E, 0x00, 0x7C, 0xFC, 0x00, 0xF9,
    0xF8, 0x01, 0xF3, 0xF0, 0x03, 0xE7, 0xE0, 0x07, 0xCF, 0xC0, 0x0F, 0x9F, 0x80, 0x1F, 0x3F, 0x00,
    0x3E, 0x7E, 0x00, 0x7C, 0xFC, 0x00, 0xF8, 0x00, 0x00, 0x00, 0x03, 0xF8, 0x00, 0x00, 0x7C, 0x00,
    0x00, 0x3F, 0x00, 0x00, 0x0F, 0x80, 0x00, 0x03, 0xE0, 0x00, 0x00, 0xF0, 0x00, 0x00, 0x7C, 0x00,
    0x00, 0x00, 0x00, 0x00, 0x00, 0x00, 0x00, 0x0F, 0x80, 0x00, 0x3F, 0xF8, 0x00, 0x7F, 0xFF, 0x00,
    0x7F, 0xFF, 0xC0, 0x7F, 0xFF, 0xF0, 0x3F, 0x83, 0xF8, 0x3F, 0x80, 0xFE, 0x1F, 0x80, 0x3F, 0x1F,
    0x80, 0x0F, 0xCF, 0xC0, 0x07, 0xE7, 0xE0, 0x03, 0xF3, 0xF0, 0x01, 0xF9, 0xF8, 0x00, 0xFC, 0xFC,
    0x00, 0x7E, 0x7E, 0x00, 0x3F, 0x3F, 0x00, 0x1F, 0x9F, 0x80, 0x0F, 0xCF, 0xC0, 0x07, 0xE3, 0xF0,
    0x07, 0xE1, 0xFC, 0x07, 0xF0, 0x7F, 0x8F, 0xF0, 0x3F, 0xFF, 0xF8, 0x0F, 0xFF, 0xF8, 0x01, 0xFF,
    0xF0, 0x00, 0x7F, 0xF0, 0x00, 0x01, 0x00, 0x00, 0x00, 0x00, 0x00, 0x00, 0x01, 0xF8, 0x00, 0x01,
    0xF8, 0x00, 0x00, 0xF8, 0x00, 0x00, 0xF8, 0x00, 0x00, 0x78, 0x00, 0x00, 0x7C, 0x00, 0x00, 0x3C,
    0x00, 0x00, 0x00, 0x00, 0x00, 0x00, 0x00, 0x00, 0x0F, 0x80, 0x00, 0x3F, 0xF8, 0x00, 0x7F, 0xFF,
    0x00, 0x7F, 0xFF, 0xC0, 0x7F, 0xFF, 0xF0, 0x3F, 0x83, 0xF8, 0x3F, 0x80, 0xFE, 0x1F, 0x80, 0x3F,
    0x1F, 0x80, 0x0F, 0xCF, 0xC0, 0x07, 0xE7, 0xE0, 0x03, 0xF3, 0xF0, 0x01, 0xF9, 0xF8, 0x00, 0xFC,
    0xFC, 0x00, 0x7E, 0x7E, 0x00, 0x3F, 0x3F, 0x00, 0x1F, 0x9F, 0x80, 0x0F, 0xCF, 0xC0, 0x07, 0xE3,
    0xF0, 0x07, 0xE1, 0xFC, 0x07, 0xF0, 0x7F, 0x8F, 0xF0, 0x3F, 0xFF, 0xF8, 0x0F, 0xFF, 0xF8, 0x01,
    0xFF, 0xF0, 0x00, 0x7F, 0xF0, 0x00, 0x01, 0x00, 0x00, 0x00, 0x00, 0x00, 0x00, 0x1F, 0x80, 0x00,
    0x1F, 0xE0, 0x00, 0x1F, 0xF0, 0x00, 0x1F, 0x3C, 0x00, 0x1F, 0x1F, 0x00, 0x1F, 0x07, 0xC0, 0x00,
    0x00, 0x10, 0x00, 0x00, 0x00, 0x00, 0x00, 0x00, 0x00, 0x0F, 0x80, 0x00, 0x3F, 0xF8, 0x00, 0x7F,
    0xFF, 0x00, 0x7F, 0xFF, 0xC0, 0x7F, 0xFF, 0xF0, 0x3F, 0x83, 0xF8, 0x3F, 0x80, 0xFE, 0x1F, 0x80,
    0x3F, 0x1F, 0x80, 0x0F, 0xCF, 0xC0, 0x07, 0xE7, 0xE0, 0x03, 0xF3, 0xF0, 0x01, 0xF9, 0xF8, 0x00,
    0xFC, 0xFC, 0x00, 0x7E, 0x7E, 0x00, 0x3F, 0x3F, 0x00, 0x1F, 0x9F, 0x80, 0x0F, 0xCF, 0xC0, 0x07,
    0xE3, 0xF0, 0x07, 0xE1, 0xFC, 0x07, 0xF0, 0x7F, 0x8F, 0xF0, 0x3F, 0xFF, 0xF8, 0x0F, 0xFF, 0xF8,
    0x01, 0xFF, 0xF0, 0x00, 0x7F, 0xF0, 0x00, 0x01, 0x00, 0x00, 0x01, 0xE0, 0xF0, 0x01, 0xFC, 0x78,
    0x00, 0xFF, 0xF8, 0x00, 0xFF, 0xFC, 0x00, 0x78, 0xFC, 0x00, 0x38, 0x1C, 0x00, 0x00, 0x00, 0x00,
    0x00, 0x00, 0x00, 0x00, 0x00, 0x00, 0x00, 0x1F, 0x00, 0x00, 0x7F, 0xF0, 0x00, 0xFF, 0xFE, 0x00,
    0xFF, 0xFF, 0x80, 0xFF, 0xFF, 0xE0, 0x7F, 0x07, 0xF0, 0x7F, 0x01, 0xFC, 0x3F, 0x00, 0x7E, 0x3F,
    0x00, 0x1F, 0x9F, 0x80, 0x0F, 0xCF, 0xC0, 0x07, 0xE7, 0xE0, 0x03, 0xF3, 0xF0, 0x01, 0xF9, 0xF8,
    0x00, 0xFC, 0xFC, 0x00, 0x7E, 0x7E, 0x00, 0x3F, 0x3F, 0x00, 0x1F, 0x9F, 0x80, 0x0F, 0xC7, 0xE0,
    0x0F, 0xC3, 0xF8, 0x0F, 0xE0, 0xFF, 0x1F, 0xE0, 0x7F, 0xFF, 0xF0, 0x1F, 0xFF, 0xF0, 0x03, 0xFF,
    0xE0, 0x00, 0xFF, 0xE0, 0x00, 0x02, 0x00, 0x00, 0x00, 0x00, 0x00, 0x01, 0xE0, 0xF8, 0x01, 0xF8,
    0x7C, 0x01, 0xFC, 0x7F, 0x00, 0x7E, 0x3F, 0x80, 0x3E, 0x0F, 0x80, 0x0F, 0x03, 0x80, 0x00, 0x00,
    0x00, 0x00, 0x00, 0x00, 0x00, 0x00, 0x00, 0x00, 0x0F, 0x80, 0x00, 0x3F, 0xF8, 0x00, 0x7F, 0xFF,
    0x00, 0x7F, 0xFF, 0xC0, 0x7F, 0xFF, 0xF0, 0x3F, 0x83, 0xF8, 0x3F, 0x80, 0xFE, 0x1F, 0x80, 0x3F,
    0x1F, 0x80, 0x0F, 0xCF, 0xC0, 0x07, 0xE7, 0xE0, 0x03, 0xF3, 0xF0, 0x01, 0xF9, 0xF8, 0x00, 0xFC,
    0xFC, 0x00, 0x7E, 0x7E, 0x00, 0x3F, 0x3F, 0x00, 0x1F, 0x9F, 0x80, 0x0F, 0xCF, 0xC0, 0x07, 0xE3,
    0xF0, 0x07, 0xE1, 0xFC, 0x07, 0xF0, 0x7F, 0x8F, 0xF0, 0x3F, 0xFF, 0xF8, 0x0F, 0xFF, 0xF8, 0x01,
    0xFF, 0xF0, 0x00, 0x7F, 0xF0, 0x00, 0x01, 0x00, 0x00, 0x00, 0x30, 0x00, 0x01, 0xF8, 0x00, 0x03,
    0xF0, 0x00, 0x07, 0xF0, 0x00, 0x0F, 0xE0, 0x00, 0x1F, 0x80, 0x00, 0x1E, 0x00, 0x00, 0x00, 0x00,
    0x00, 0x00, 0x00, 0x00, 0x00, 0x03, 0xFF, 0xFF, 0xF7, 0xFF, 0xFF, 0xEF, 0xFF, 0xFF, 0xDF, 0xFF,
    0xFF, 0xBF, 0xFF, 0xFF, 0x00, 0x00, 0x00, 0x00, 0x00, 0x00, 0x00, 0x00, 0x00, 0x01, 0xE0, 0x00,
    0x07, 0xE0, 0x00, 0x0F, 0xC0, 0x00, 0x1F, 0xC0, 0x00, 0x3F, 0x80, 0x00, 0x7E, 0x00, 0x00, 0x78,
    0x00, 0x00, 0x00, 0x00, 0x00, 0x00, 0x00, 0x00, 0x1F, 0x03, 0x00, 0x7F, 0xF3, 0xC0, 0xFF, 0xFF,
    0xF0, 0xFF, 0xFF, 0xE0, 0xFF, 0xFF, 0xE0, 0x7F, 0x07, 0xF0, 0x7F, 0x01, 0xFC, 0x3F, 0x01, 0xFE,
    0x3F, 0x01, 0xFF, 0x9F, 0x81, 0xFF, 0xCF, 0xC1, 0xF7, 0xE7, 0xE0, 0xF3, 0xF3, 0xF0, 0xF1, 0xF9,
    0xF8, 0xF0, 0xFC, 0xFC, 0xF0, 0x7E, 0x7E, 0xF0, 0x3F, 0x3F, 0xF0, 0x1F, 0x9F, 0xF0, 0x0F, 0xC7,
    0xF8, 0x0F, 0xC3, 0xF8, 0x0F, 0xE0, 0xFF, 0x1F, 0xE0, 0x7F, 0xFF, 0xF0, 0x7F, 0xFF, 0xF0, 0x7B,
    0xFF, 0xE0, 0x78, 0xFF, 0xE0, 0x08, 0x02, 0x00, 0x00, 0x00, 0x00, 0x00, 0x00, 0x00, 0x00, 0x1F,
    0xC0, 0x00, 0x0F, 0x80, 0x00, 0x1F, 0x80, 0x00, 0x1F, 0x00, 0x00, 0x1F, 0x00, 0x00, 0x1E, 0x00,
    0x00, 0x3E, 0x00, 0x00, 0x00, 0x00, 0x00, 0x00, 0x00, 0x00, 0x00, 0x03, 0xF0, 0x03, 0xE7, 0xE0,
    0x07, 0xCF, 0xC0, 0x0F, 0x9F, 0x80, 0x1F, 0x3F, 0x00, 0x3E, 0x7E, 0x00, 0x7C, 0xFC, 0x00, 0xF9,
    0xF8, 0x01, 0xF3, 0xF0, 0x03, 0xE7, 0xE0, 0x07, 0xCF, 0xC0, 0x0F, 0x9F, 0x80, 0x1F, 0x3F, 0x00,
    0x3E, 0x7E, 0x00, 0x7C, 0xFC, 0x00, 0xF9, 0xF8, 0x03, 0xF3, 0xF0, 0x07, 0xE7, 0xE0, 0x1F, 0xCF,
    0xE0, 0x7F, 0x8F, 0xFF, 0xFF, 0x1F, 0xFF, 0xBE, 0x1F, 0xFF, 0x7C, 0x1F, 0xFC, 0xF8, 0x1F, 0xE1,
    0xF0, 0x00, 0x00, 0x00, 0x00, 0x00, 0x00, 0x00, 0x0F, 0xC0, 0x00, 0x3F, 0x00, 0x00, 0x7C, 0x00,
    0x01, 0xF0, 0x00, 0x03, 0xC0, 0x00, 0x0F, 0x80, 0x00, 0x1E, 0x00, 0x00, 0x00, 0x00, 0x00, 0x00,
    0x00, 0x00, 0x00, 0x03, 0xF0, 0x03, 0xE7, 0xE0, 0x07, 0xCF, 0xC0, 0x0F, 0x9F, 0x80, 0x1F, 0x3F,
    0x00, 0x3E, 0x7E, 0x00, 0x7C, 0xFC, 0x00, 0xF9, 0xF8, 0x01, 0xF3, 0xF0, 0x03, 0xE7, 0xE0, 0x07,
    0xCF, 0xC0, 0x0F, 0x9F, 0x80, 0x1F, 0x3F, 0x00, 0x3E, 0x7E, 0x00, 0x7C, 0xFC, 0x00, 0xF9, 0xF8,
    0x03, 0xF3, 0xF0, 0x07, 0xE7, 0xE0, 0x1F, 0xCF, 0xE0, 0x7F, 0x8F, 0xFF, 0xFF, 0x1F, 0xFF, 0xBE,
    0x1F, 0xFF, 0x7C, 0x1F, 0xFC, 0xF8, 0x1F, 0xE1, 0xF0, 0x00, 0x00, 0x00, 0x00, 0x00, 0x00, 0x00,
    0xFC, 0x00, 0x03, 0xFC, 0x00, 0x0F, 0xF8, 0x00, 0x3E, 0x78, 0x00, 0xF8, 0xF8, 0x03, 0xE0, 0xF8,
    0x00, 0x00, 0x08, 0x00, 0x00, 0x00, 0x00, 0x00, 0x00, 0x00, 0x00, 0x03, 0xF0, 0x03, 0xE7, 0xE0,
    0x07, 0xCF, 0xC0, 0x0F, 0x9F, 0x80, 0x1F, 0x3F, 0x00, 0x3E, 0x7E, 0x00, 0x7C, 0xFC, 0x00, 0xF9,
    0xF8, 0x01, 0xF3, 0xF0, 0x03, 0xE7, 0xE0, 0x07, 0xCF, 0xC0, 0x0F, 0x9F, 0x80, 0x1F, 0x3F, 0x00,
    0x3E, 0x7E, 0x00, 0x7C, 0xFC, 0x00, 0xF9, 0xF8, 0x03, 0xF3, 0xF0, 0x07, 0xE7, 0xE0, 0x1F, 0xCF,
    0xE0, 0x7F, 0x8F, 0xFF, 0xFF, 0x1F, 0xFF, 0xBE, 0x1F, 0xFF, 0x7C, 0x1F, 0xFC, 0xF8, 0x1F, 0xE1,
    0xF0, 0x00, 0x00, 0x00, 0x00, 0x00, 0x00, 0x0F, 0x07, 0xC0, 0x3F, 0x0F, 0x80, 0xFE, 0x3F, 0x80,
    0xFC, 0x7F, 0x01, 0xF0, 0x7C, 0x01, 0xE0, 0x70, 0x00, 0x00, 0x00, 0x00, 0x00, 0x00, 0x00, 0x00,
    0x00, 0x00, 0x00, 0x03, 0xF0, 0x03, 0xE7, 0xE0, 0x07, 0xCF, 0xC0, 0x0F, 0x9F, 0x80, 0x1F, 0x3F,
    0x00, 0x3E, 0x7E, 0x00, 0x7C, 0xFC, 0x00, 0xF9, 0xF8, 0x01, 0xF3, 0xF0, 0x03, 0xE7, 0xE0, 0x07,
    0xCF, 0xC0, 0x0F, 0x9F, 0x80, 0x1F, 0x3F, 0x00, 0x3E, 0x7E, 0x00, 0x7C, 0xFC, 0x00, 0xF9, 0xF8,
    0x03, 0xF3, 0xF0, 0x07, 0xE7, 0xE0, 0x1F, 0xCF, 0xE0, 0x7F, 0x8F, 0xFF, 0xFF, 0x1F, 0xFF, 0xBE,
    0x1F, 0xFF, 0x7C, 0x1F, 0xFC, 0xF8, 0x1F, 0xE1, 0xF0, 0x00, 0x00, 0x00, 0x00, 0x00, 0x00, 0x00,
    0x00, 0xFC, 0x00, 0x00, 0x7E, 0x00, 0x00, 0x1F, 0x00, 0x00, 0x0F, 0x80, 0x00, 0x03, 0xC0, 0x00,
    0x01, 0xF0, 0x00, 0x00, 0x78, 0x00, 0x00, 0x00, 0x00, 0x00, 0x00, 0x00, 0x00, 0x00, 0x00, 0x01,
    0xF8, 0x00, 0x7E, 0x7E, 0x00, 0x1F, 0x8F, 0xC0, 0x0F, 0xC3, 0xF0, 0x03, 0xF0, 0xFC, 0x01, 0xF8,
    0x1F, 0x80, 0x7E, 0x07, 0xE0, 0x1F, 0x80, 0xF8, 0x0F, 0xC0, 0x3F, 0x03, 0xF0, 0x0F, 0xC0, 0xF8,
    0x01, 0xF0, 0x7E, 0x00, 0x7E, 0x1F, 0x80, 0x0F, 0x87, 0xC0, 0x03, 0xE3, 0xF0, 0x00, 0xFC, 0xFC,
    0x00, 0x1F, 0x3E, 0x00, 0x07, 0xDF, 0x80, 0x01, 0xFF, 0xC0, 0x00, 0x3F, 0xF0, 0x00, 0x0F, 0xFC,
    0x00, 0x01, 0xFE, 0x00, 0x00, 0x7F, 0x80, 0x00, 0x1F, 0xC0, 0x00, 0x03, 0xF0, 0x00, 0x00, 0xFC,
    0x00, 0x00, 0x7E, 0x00, 0x00, 0x1F, 0x80, 0x00, 0x07, 0xE0, 0x00, 0x07, 0xF0, 0x00, 0x1F, 0xFC,
    0x00, 0x07, 0xFE, 0x00, 0x01, 0xFF, 0x00, 0x00, 0x7F, 0x80, 0x00, 0x00, 0x00, 0x00, 0x00, 0x00,
    0x00, 0x00, 0x3F, 0x00, 0x00, 0x1F, 0x80, 0x00, 0x0F, 0xC0, 0x00, 0x07, 0xE0, 0x00, 0x03, 0xF0,
    0x00, 0x01, 0xF8, 0x00, 0x00, 0xFC, 0x00, 0x00, 0x7E, 0x00, 0x00, 0x3F, 0x07, 0x80, 0x1F, 0x9F,
    0xF8, 0x0F, 0xDF, 0xFE, 0x07, 0xFF, 0xFF, 0x83, 0xFF, 0xFF, 0xE1, 0xFF, 0x07, 0xF0, 0xFE, 0x01,
    0xFC, 0x7F, 0x00, 0x7E, 0x3F, 0x00, 0x3F, 0x9F, 0x80, 0x0F, 0xCF, 0xC0, 0x07, 0xE7, 0xC0, 0x03,
    0xF3, 0xE0, 0x01, 0xF9, 0xF0, 0x00, 0xFC, 0xF8, 0x00, 0x7E, 0x7E, 0x00, 0x3F, 0x3F, 0x00, 0x1F,
    0x9F, 0x80, 0x1F, 0xCF, 0xE0, 0x0F, 0xC7, 0xF8, 0x0F, 0xE3, 0xFF, 0x1F, 0xE1, 0xFF, 0xFF, 0xF0,
    0xFD, 0xFF, 0xF0, 0x7E, 0xFF, 0xF0, 0x3F, 0x1F, 0xE0, 0x1F, 0x80, 0x00, 0x0F, 0xC0, 0x00, 0x07,
    0xE0, 0x00, 0x03, 0xF0, 0x00, 0x01, 0xF8, 0x00, 0x00, 0xFC, 0x00, 0x00, 0x7E, 0x00, 0x00, 0x3F,
    0x00, 0x00, 0x1F, 0x80, 0x00, 0x00, 0x00, 0x00, 0x00, 0x00, 0x00, 0x00, 0x00, 0xF0, 0x7C, 0x00,
    0x7E, 0x1F, 0x00, 0x3F, 0x8F, 0xE0, 0x07, 0xE3, 0xF8, 0x01, 0xF0, 0x7C, 0x00, 0x3C, 0x0E, 0x00,
    0x00, 0x00, 0x00, 0x00, 0x00, 0x00, 0x00, 0x00, 0x00, 0x00, 0x00, 0x00, 0x01, 0xF8, 0x00, 0x7E,
    0x7E, 0x00, 0x1F, 0x8F, 0xC0, 0x0F, 0xC3, 0xF0, 0x03, 0xF0, 0xFC, 0x01, 0xF8, 0x1F, 0x80, 0x7E,
    0x07, 0xE0, 0x1F, 0x80, 0xF8, 0x0F, 0xC0, 0x3F, 0x03, 0xF0, 0x0F, 0xC0, 0xF8, 0x01, 0xF0, 0x7E,
    0x00, 0x7E, 0x1F, 0x80, 0x0F, 0x87, 0xC0, 0x03, 0xE3, 0xF0, 0x00, 0xFC, 0xFC, 0x00, 0x1F, 0x3E,
    0x00, 0x07, 0xDF, 0x80, 0x01, 0xFF, 0xC0, 0x00, 0x3F, 0xF0, 0x00, 0x0F, 0xFC, 0x00, 0x01, 0xFE,
    0x00, 0x00, 0x7F, 0x80, 0x00, 0x1F, 0xC0, 0x00, 0x03, 0xF0, 0x00, 0x00, 0xFC, 0x00, 0x00, 0x7E,
    0x00, 0x00, 0x1F, 0x80, 0x00, 0x07, 0xE0, 0x00, 0x07, 0xF0, 0x00, 0x1F, 0xFC, 0x00, 0x07, 0xFE,
    0x00, 0x01, 0xFF, 0x00, 0x00, 0x7F, 0x80, 0x00, 0x00, 0x00, 0x00, 0x00
};

const epaper_font::GlyphRange kInter46SemiBold_ext = {
    0xA0,
    0xFF,
    kInter46SemiBold_ext_glyphs,
    kInter46SemiBold_ext_bitmaps,
};

const epaper_font::GlyphBitmap kInter46Bold_ext_glyphs[] = {
    {     0,    0,   0,   0,    0,    0,  11 },
    {     0,   39,   9,  34,    2,   25,  14 },
    {    39,  102,  24,  34,    1,   34,  27 },
    {   141,  115,  27,  34,    1,   34,  29 },
    {   256,  113,  30,  30,    2,   29,  35 },
    {   369,  111,  26,  34,    0,   34,  26 },
    {   480,   36,   7,  41,    4,   34,  15 },
    {   516,  118,  23,  41,    1,   34,  26 },
    {   634,   18,  18,   8,    5,   35,  28 },
    {   652,  154,  35,  35,    3,   34,  42 },
    {   806,   48,  18,  21,    1,   35,  21 },
    {   854,   74,  28,  21,    1,   24,  30 },
    {   928,   33,  22,  12,    4,   18,  31 },
    {   961,  101,  23,  35,    1,   34,  26 },
    {  1062,   92,  27,  27,    1,   34,  30 },
    {  1154,    9,  14,   5,    2,   33,  19 },
    {  1163,   37,  17,  17,    2,   34,  21 },
    {  1200,   75,  24,  25,    3,   26,  31 },
    {  1275,   43,  17,  20,    1,   39,  20 },
    {  1318,   45,  18,  20,    1,   39,  21 },
    {  1363,   11,  11,   8,    2,   35,  16 },
    {  1374,  119,  27,  35,    2,   25,  29 },
    {  1493,  102,  24,  34,    1,   34,  27 },
    {  1595,    9,   9,   8,    2,   20,  14 },
    {  1604,   13,   9,  11,    5,    1,  17 },
    {  1617,   28,  11,  20,    1,   39,  14 },
    {  1645,   53,  20,  21,    1,   35,  22 },
    {  1698,   71,  27,  21,    1,   24,  30 },
    {  1769,  153,  36,  34,    1,   34,  38 },
    {  1922,  158,  37,  34,    1,   34,  39 },
    {  2080,  166,  39,  34,    1,   34,  42 },
    {  2246,  101,  23,  35,    2,   25,  26 },
    {  2347,  182,  33,  44,    0,   44,  34 },
    {  2529,  182,  33,  44,    0,   44,  34 },
    {  2711,  182,  33,  44,    0,   44,  34 },
    {  2893,  182,  33,  44,    0,   44,  34 },
    {  3075,  182,  33,  44,    0,   44,  34 },
    {  3257,  190,  33,  46,    0,   46,  34 },
    {  3447,  192,  45,  34,    0,   34,  47 },
    {  3639,  176,  32,  44,    1,   34,  34 },
    {  3815,  138,  25,  44,    2,   44,  28 },
    {  3953,  138,  25,  44,    2,   44,  28 },
    {  4091,  138,  25,  44,    2,   44,  28 },
    {  4229,  138,  25,  44,    2,   44,  28 },
    {  4367,   66,  12,  44,   -2,   44,  13 },
    {  4433,   66,  12,  44,    2,   44,  13 },
    {  4499,   99,  18,  44,   -3,   44,  13 },
    {  4598,   99,  18,  44,   -3,   44,  13 },
    {  4697,  141,  33,  34,    0,   34,  35 },
    {  4838,  165,  30,  44,    2,   44,  35 },
    {  5003,  186,  33,  45,    1,   44,  35 },
    {  5189,  186,  33,  45,    1,   44,  35 },
    {  5375,  186,  33,  45,    1,   44,  35 },
    {  5561,  186,  33,  45,    1,   44,  35 },
    {  5747,  186,  33,  45,    1,   44,  35 },
    {  5933,   79,  25,  25,    3,   26,  31 },
    {  6012,  153,  33,  37,    1,   35,  35 },
    {  6165,  164,  29,  45,    2,   44,  33 },
    {  6329,  164,  29,  45,    2,   44,  33 },
    {  6493,  164,  29,  45,    2,   44,  33 },
    {  6657,  164,  29,  45,    2,   44,  33 },
    {  6821,  176,  32,  44,    0,   44,  33 },
    {  6997,  107,  25,  34,    2,   34,  31 },
    {  7104,  115,  27,  34,    2,   34,  30 },
    {  7219,  104,  23,  36,    1,   35,  26 },
    {  7323,  104,  23,  36,    1,   35,  26 },
    {  7427,  104,  23,  36,    1,   35,  26 },
    {  7531,  104,  23,  36,    1,   35,  26 },
    {  7635,  104,  23,  36,    1,   35,  26 },
    {  7739,  113,  23,  39,    1,   38,  26 },
    {  7852,  127,  39,  26,    1,   25,  42 },
    {  7979,  105,  24,  35,    1,   25,  27 },
    {  8084,  113,  25,  36,    1,   35,  27 },
    {  8197,  113,  25,  36,    1,   35,  27 },
    {  8310,  113,  25,  36,    1,   35,  27 },
    {  8423,  113,  25,  36,    1,   35,  27 },
    {  8536,   53,  12,  35,   -2,   35,  12 },
    {  8589,   53,  12,  35,    2,   35,  12 },
    {  8642,   79,  18,  35,   -3,   35,  12 },
    {  8721,   79,  18,  35,   -3,   35,  12 },
    {  8800,  116,  25,  37,    1,   36,  27 },
    {  8916,  105,  24,  35,    2,   35,  28 },
    {  9021,  113,  25,  36,    1,   35,  28 },
    {  9134,  113,  25,  36,    1,   35,  28 },
    {  9247,  113,  25,  36,    1,   35,  28 },
    {  9360,  113,  25,  36,    1,   35,  28 },
    {  9473,  113,  25,  36,    1,   35,  28 },
    {  9586,   81,  24,  27,    3,   27,  31 },
    {  9667,   88,  25,  28,    1,   26,  28 },
    {  9755,  108,  24,  36,    2,   35,  28 },
    {  9863,  108,  24,  36,    2,   35,  28 },
    {  9971,  108,  24,  36,    2,   35,  28 },
    { 10079,  108,  24,  36,    2,   35,  28 },
    { 10187,  152,  27,  45,    0,   35,  27 },
    { 10339,  138,  25,  44,    2,   34,  29 },
    { 10477,  152,  27,  45,    0,   35,  27 },
};

const uint8_t kInter46Bold_ext_bitmaps[] = {
    0x1C, 0x1F, 0x9F, 0xCF, 0xF7, 0xFB, 0xF8, 0xFC, 0x38, 0x00, 0x00, 0x00, 0x07, 0xE3, 0xF1, 0xF8,
    0xFC, 0xFE, 0x7F, 0x3F, 0x9F, 0xCF, 0xE7, 0xF3, 0xF9, 0xFC, 0xFE, 0x7F, 0x3F, 0x9F, 0xCF, 0xE7,
    0xF3, 0xF9, 0xFC, 0xFE, 0x7F, 0x3F, 0x80, 0x00, 0x00, 0x00, 0x00, 0x1C, 0x00, 0x00, 0x1C, 0x00,
    0x00, 0x1C, 0x00, 0x00, 0x1C, 0x00, 0x00, 0xFF, 0x80, 0x03, 0xFF, 0xE0, 0x07, 0xFF, 0xF8, 0x0F,
    0xFF, 0xFC, 0x1F, 0xFF, 0xFC, 0x3F, 0xDD, 0xFE, 0x3F, 0x9C, 0xFE, 0x7F, 0x1C, 0x7F, 0x7F, 0x1C,
    0x7F, 0x7F, 0x1C, 0x00, 0x7E, 0x1C, 0x00, 0x7E, 0x1C, 0x00, 0x7E, 0x1C, 0x00, 0x7E, 0x1C, 0x00,
    0x7E, 0x1C, 0x00, 0x7F, 0x1C, 0x60, 0x7F, 0x1C, 0x7F, 0x7F, 0x9C, 0x7E, 0x3F, 0xDC, 0xFE, 0x3F,
    0xFF, 0xFE, 0x1F, 0xFF, 0xFC, 0x0F, 0xFF, 0xF8, 0x07, 0xFF, 0xF0, 0x01, 0xFF, 0xE0, 0x00, 0x7F,
    0x00, 0x00, 0x1C, 0x00, 0x00, 0x1C, 0x00, 0x00, 0x1C, 0x00, 0x00, 0x1C, 0x00, 0x00, 0x1F, 0xC0,
    0x00, 0x0F, 0xFF, 0x00, 0x07, 0xFF, 0xF0, 0x01, 0xFF, 0xFF, 0x00, 0x3F, 0xFF, 0xF0, 0x0F, 0xFF,
    0xFF, 0x03, 0xFC, 0x0F, 0xE0, 0x7F, 0x00, 0xFC, 0x0F, 0xE0, 0x1F, 0xC1, 0xF8, 0x03, 0xF8, 0x3F,
    0x00, 0x30, 0x07, 0xE0, 0x00, 0x00, 0xFC, 0x00, 0x00, 0x1F, 0x80, 0x00, 0x03, 0xF0, 0x00, 0x03,
    0xFF, 0xFF, 0x00, 0x7F, 0xFF, 0xE0, 0x0F, 0xFF, 0xFC, 0x01, 0xFF, 0xFF, 0x80, 0x3F, 0xFF, 0xF0,
    0x00, 0xFE, 0x00, 0x00, 0x1F, 0xC0, 0x00, 0x03, 0xF8, 0x00, 0x00, 0x7F, 0x00, 0x00, 0x0F, 0xE0,
    0x00, 0x01, 0xFC, 0x00, 0x00, 0x3F, 0x00, 0x3F, 0x0F, 0xC0, 0x07, 0xE7, 0xFF, 0xFF, 0xFC, 0xFF,
    0xFF, 0xFF, 0x9F, 0xFF, 0xFF, 0xE3, 0xFF, 0xFF, 0xFC, 0x7F, 0xFF, 0xFF, 0x0F, 0xFF, 0xFF, 0x80,
    0x00, 0x00, 0x00, 0x00, 0x60, 0x1F, 0x00, 0xC3, 0xC3, 0xFF, 0x87, 0x9F, 0xBF, 0xFF, 0xBF, 0x7F,
    0xFF, 0xFF, 0xF8, 0xFF, 0xF3, 0xFF, 0xC1, 0xFE, 0x00, 0xFE, 0x03, 0xE0, 0x01, 0xF8, 0x1F, 0x00,
    0x03, 0xE0, 0x78, 0x00, 0x07, 0xC3, 0xE0, 0x00, 0x0F, 0x0F, 0x00, 0x00, 0x3C, 0x3C, 0x00, 0x00,
    0xF8, 0xF0, 0x00, 0x01, 0xE3, 0xC0, 0x00, 0x07, 0x9F, 0x00, 0x00, 0x1E, 0x3C, 0x00, 0x00, 0x78,
    0xF0, 0x00, 0x01, 0xE3, 0xC0, 0x00, 0x0F, 0x8F, 0x00, 0x00, 0x3C, 0x3E, 0x00, 0x01, 0xF0, 0x7C,
    0x00, 0x07, 0xC1, 0xF8, 0x00, 0x3E, 0x03, 0xF0, 0x01, 0xF8, 0x1F, 0xE0, 0x1F, 0xF0, 0xFF, 0xFF,
    0xFF, 0xE7, 0xFF, 0xFF, 0xFF, 0xCF, 0x3F, 0xFF, 0x1E, 0x18, 0x3F, 0xF0, 0x30, 0x40, 0x00, 0x00,
    0x80, 0x00, 0x00, 0x00, 0x3F, 0xC0, 0x0F, 0xE7, 0xF0, 0x07, 0xF0, 0xFE, 0x01, 0xFC, 0x3F, 0x80,
    0x7E, 0x07, 0xE0, 0x3F, 0x81, 0xFC, 0x0F, 0xE0, 0x3F, 0x07, 0xF0, 0x0F, 0xE1, 0xFC, 0x01, 0xF8,
    0x7E, 0x00, 0x7F, 0x3F, 0x80, 0x1F, 0xCF, 0xC0, 0x03, 0xF7, 0xF0, 0x00, 0xFF, 0xF8, 0x00, 0x1F,
    0xFE, 0x00, 0x07, 0xFF, 0x00, 0x00, 0xFF, 0xC0, 0x0F, 0xFF, 0xFF, 0x83, 0xFF, 0xFF, 0xE0, 0xFF,
    0xFF, 0xF8, 0x3F, 0xFF, 0xFE, 0x00, 0x1F, 0xC0, 0x00, 0x07, 0xF0, 0x00, 0xFF, 0xFF, 0xF8, 0x3F,
    0xFF, 0xFE, 0x0F, 0xFF, 0xFF, 0x83, 0xFF, 0xFF, 0xE0, 0x01, 0xFC, 0x00, 0x00, 0x7F, 0x00, 0x00,
    0x1F, 0xC0, 0x00, 0x07, 0xF0, 0x00, 0x01, 0xFC, 0x00, 0x00, 0x7F, 0x00, 0x00, 0x1F, 0xC0, 0x00,
    0x01, 0xFB, 0xF7, 0xEF, 0xDF, 0xBF, 0x7E, 0xFD, 0xFB, 0xF7, 0xEF, 0xDF, 0xBF, 0x7E, 0x00, 0x00,
    0x00, 0x00, 0x00, 0x00, 0x00, 0x01, 0xFB, 0xF7, 0xEF, 0xDF, 0xBF, 0x7E, 0xFD, 0xFB, 0xF7, 0xEF,
    0xDF, 0xBF, 0x7E, 0x00, 0x00, 0xFE, 0x00, 0x07, 0xFF, 0x00, 0x3F, 0xFF, 0x80, 0xFF, 0xFF, 0x01,
    0xFF, 0xFF, 0x03, 0xF8, 0xFF, 0x0F, 0xE0, 0xFE, 0x1F, 0x80, 0xFC, 0x3F, 0x01, 0x80, 0x7E, 0x00,
    0x00, 0xFE, 0x00, 0x00, 0xFF, 0x00, 0x00, 0xFF, 0x80, 0x01, 0xFF, 0xE0, 0x00, 0xFF, 0xF0, 0x0F,
    0xFF, 0xF8, 0x3E, 0x3F, 0xF8, 0xF8, 0x1F, 0xF9, 0xF0, 0x0F, 0xF3, 0xE0, 0x07, 0xF7, 0xC0, 0x07,
    0xEF, 0xC0, 0x0F, 0xDF, 0xE0, 0x1F, 0x1F, 0xF0, 0x3E, 0x1F, 0xFC, 0xF8, 0x1F, 0xFF, 0xE0, 0x1F,
    0xFF, 0x00, 0x07, 0xFF, 0x00, 0x03, 0xFF, 0x00, 0x00, 0xFF, 0x00, 0x00, 0xFE, 0x00, 0x00, 0xFC,
    0x3E, 0x01, 0xF8, 0xFE, 0x03, 0xF0, 0xFE, 0x0F, 0xE1, 0xFF, 0xFF, 0xC1, 0xFF, 0xFF, 0x03, 0xFF,
    0xFE, 0x03, 0xFF, 0xF8, 0x01, 0xFF, 0xC0, 0x00, 0x7C, 0x00, 0x00, 0x00, 0x1F, 0x07, 0xC7, 0xE1,
    0xFB, 0xF8, 0xFE, 0xFE, 0x3F, 0x9F, 0x87, 0xE7, 0xC1, 0xF0, 0x00, 0x00, 0x00, 0x03, 0xFC, 0x00,
    0x00, 0x03, 0xFF, 0xF0, 0x00, 0x01, 0xFF, 0xFF, 0x80, 0x00, 0xFF, 0xFF, 0xF8, 0x00, 0x3F, 0xFF,
    0xFF, 0x80, 0x0F, 0xFE, 0x1F, 0xF8, 0x03, 0xFE, 0x00, 0x7F, 0x80, 0x7F, 0x00, 0x03, 0xF8, 0x1F,
    0xC1, 0xF8, 0x3F, 0x87, 0xF0, 0xFF, 0xC3, 0xF0, 0xFC, 0x3F, 0xFC, 0x3F, 0x3F, 0x0F, 0xFF, 0xC7,
    0xE7, 0xE3, 0xFF, 0xFC, 0x7C, 0xF8, 0xFC, 0x0F, 0x8F, 0xDF, 0x1F, 0x00, 0xF1, 0xFB, 0xE3, 0xE0,
    0x01, 0x1F, 0x7C, 0x78, 0x00, 0x03, 0xFF, 0x8F, 0x00, 0x00, 0x7D, 0xF1, 0xE0, 0x00, 0x0F, 0xBE,
    0x3E, 0x01, 0xE3, 0xF7, 0xC7, 0xE0, 0x7C, 0x7E, 0xFC, 0x7E, 0x1F, 0x8F, 0x9F, 0x8F, 0xFF, 0xE3,
    0xF1, 0xF8, 0xFF, 0xFC, 0x7E, 0x3F, 0x0F, 0xFF, 0x1F, 0x83, 0xF0, 0x7F, 0x87, 0xF0, 0x7F, 0x01,
    0x01, 0xFC, 0x07, 0xF8, 0x00, 0x7F, 0x80, 0x7F, 0xC0, 0x3F, 0xE0, 0x07, 0xFF, 0xFF, 0xF8, 0x00,
    0x7F, 0xFF, 0xFE, 0x00, 0x07, 0xFF, 0xFF, 0x00, 0x00, 0x3F, 0xFF, 0xC0, 0x00, 0x01, 0xFF, 0xE0,
    0x00, 0x00, 0x01, 0x00, 0x00, 0x00, 0x00, 0x00, 0x00, 0xFE, 0x00, 0xFF, 0xE0, 0xFF, 0xFC, 0x3F,
    0xFF, 0x9F, 0x83, 0xE7, 0xC0, 0xFC, 0x00, 0x3F, 0x00, 0x1F, 0xC1, 0xFF, 0xF3, 0xFF, 0xFD, 0xFF,
    0xFF, 0x7F, 0x0F, 0xFF, 0x03, 0xFF, 0x80, 0xFF, 0xE0, 0x3F, 0xFE, 0x3F, 0xDF, 0xFF, 0xF7, 0xFF,
    0x7C, 0x7F, 0x9F, 0x02, 0x00, 0x00, 0x00, 0x7F, 0x8F, 0xF0, 0x0F, 0xF1, 0xFE, 0x01, 0xFE, 0x3F,
    0xC0, 0x1F, 0xC3, 0xF8, 0x03, 0xF8, 0x7F, 0x00, 0x7F, 0x0F, 0xE0, 0x0F, 0xE1, 0xFC, 0x01, 0xFE,
    0x3F, 0xC0, 0x3F, 0xC7, 0xF8, 0x03, 0xF8, 0x7F, 0x00, 0x7F, 0x0F, 0xE0, 0x07, 0xF8, 0xFF, 0x00,
    0x3F, 0xC7, 0xF8, 0x01, 0xFC, 0x3F, 0x80, 0x0F, 0xE1, 0xFC, 0x00, 0x7F, 0x0F, 0xE0, 0x03, 0xF8,
    0x7F, 0x00, 0x3F, 0xC7, 0xF8, 0x01, 0xFE, 0x3F, 0xC0, 0x0F, 0xE1, 0xFC, 0x00, 0x7F, 0x8F, 0xF0,
    0x7F, 0xFF, 0xF9, 0xFF, 0xFF, 0xE7, 0xFF, 0xFF, 0x9F, 0xFF, 0xFE, 0x7F, 0xFF, 0xF9, 0xFF, 0xFF,
    0xE0, 0x00, 0x1F, 0x80, 0x00, 0x7E, 0x00, 0x01, 0xF8, 0x00, 0x07, 0xE0, 0x00, 0x1F, 0x80, 0x00,
    0x00, 0x00, 0xFF, 0x00, 0x07, 0xFF, 0x80, 0x3F, 0xFF, 0xC0, 0xFF, 0xFF, 0xC3, 0xFF, 0xFF, 0xC7,
    0xFF, 0xFF, 0x9F, 0xE0, 0x7F, 0xBF, 0x80, 0x7F, 0x7E, 0x00, 0xFE, 0xFC, 0x01, 0xFC, 0x00, 0x03,
    0xF8, 0x00, 0x07, 0xF0, 0x00, 0x1F, 0xC0, 0x00, 0x7F, 0x80, 0x01, 0xFE, 0x00, 0x0F, 0xF8, 0x00,
    0x3F, 0xE0, 0x00, 0xFF, 0x80, 0x01, 0xFC, 0x00, 0x07, 0xF0, 0x00, 0x0F, 0xE0, 0x00, 0x1F, 0x80,
    0x00, 0x3F, 0x00, 0x00, 0x7E, 0x00, 0x00, 0x00, 0x00, 0x00, 0x00, 0x00, 0x00, 0x00, 0x00, 0x03,
    0xC0, 0x00, 0x0F, 0xC0, 0x00, 0x3F, 0xC0, 0x00, 0x7F, 0x80, 0x00, 0xFF, 0x00, 0x00, 0xFE, 0x00,
    0x00, 0xF8, 0x00, 0x00, 0x00, 0x00, 0x00, 0x1F, 0x80, 0x00, 0x1F, 0xFE, 0x00, 0x0F, 0xFF, 0xE0,
    0x03, 0xFF, 0xFF, 0x00, 0xFC, 0x03, 0xF0, 0x3E, 0x00, 0x1F, 0x07, 0x80, 0x01, 0xE1, 0xE3, 0xFC,
    0x1E, 0x38, 0x7F, 0xC3, 0xCF, 0x0F, 0xFC, 0x39, 0xE1, 0xC3, 0x87, 0xB8, 0x38, 0x70, 0xF7, 0x07,
    0x1E, 0x0E, 0xE0, 0xFF, 0xC1, 0xDC, 0x1F, 0xE0, 0x7B, 0xC3, 0x9E, 0x0F, 0x78, 0x71, 0xC1, 0xE7,
    0x0E, 0x3C, 0x38, 0xF1, 0xC3, 0x8F, 0x0F, 0x00, 0x0B, 0xC1, 0xF0, 0x00, 0xF8, 0x1F, 0x00, 0x3E,
    0x01, 0xFC, 0x3F, 0x80, 0x1F, 0xFF, 0xE0, 0x01, 0xFF, 0xF0, 0x00, 0x07, 0xF8, 0x00, 0x00, 0x00,
    0x00, 0x00, 0x7F, 0xFD, 0xFF, 0xF7, 0xFF, 0xDF, 0xFF, 0x00, 0x00, 0x01, 0xC0, 0x07, 0xF8, 0x07,
    0xFF, 0x07, 0xFF, 0xC7, 0xFF, 0xE3, 0xE1, 0xF9, 0xE0, 0x7D, 0xF0, 0x1E, 0xF8, 0x0F, 0x7C, 0x07,
    0x9F, 0x07, 0xCF, 0xCF, 0xE3, 0xFF, 0xE1, 0xFF, 0xE0, 0x7F, 0xE0, 0x0F, 0xE0, 0x00, 0x00, 0x00,
    0x00, 0x7E, 0x00, 0x00, 0x7E, 0x00, 0x00, 0x7E, 0x00, 0x00, 0x7E, 0x00, 0x00, 0x7E, 0x00, 0x00,
    0x7E, 0x00, 0x7F, 0xFF, 0xFF, 0x7F, 0xFF, 0xFF, 0x7F, 0xFF, 0xFF, 0x7F, 0xFF, 0xFF, 0x7F, 0xFF,
    0xFF, 0x00, 0x7E, 0x00, 0x00, 0x7E, 0x00, 0x00, 0x7E, 0x00, 0x00, 0x7E, 0x00, 0x00, 0x7E, 0x00,
    0x00, 0x7E, 0x00, 0x00, 0x00, 0x00, 0x00, 0x00, 0x00, 0x7F, 0xFF, 0xFF, 0x7F, 0xFF, 0xFF, 0x7F,
    0xFF, 0xFF, 0x7F, 0xFF, 0xFF, 0x7F, 0xFF, 0xFF, 0x7F, 0xFF, 0xFF, 0x00, 0x80, 0x07, 0xFC, 0x07,
    0xFF, 0x87, 0xFF, 0xE7, 0xF7, 0xF3, 0xE0, 0xF9, 0xF0, 0x7C, 0x00, 0x3E, 0x00, 0x1F, 0x00, 0x3F,
    0x00, 0x3F, 0x80, 0x3F, 0x00, 0x7F, 0x00, 0x7F, 0x00, 0x7E, 0x00, 0xFF, 0xFF, 0x7F, 0xFF, 0xBF,
    0xFF, 0xDF, 0xFF, 0xE0, 0x00, 0x00, 0x00, 0xC0, 0x03, 0xFF, 0x01, 0xFF, 0xE0, 0xFF, 0xFC, 0x3F,
    0x3F, 0x9F, 0x03, 0xE0, 0x00, 0xF8, 0x00, 0x7C, 0x01, 0xFE, 0x00, 0x7E, 0x00, 0x1F, 0xE0, 0x07,
    0xFE, 0x00, 0x0F, 0x9F, 0x03, 0xE7, 0xC0, 0xF9, 0xFC, 0xFE, 0x3F, 0xFF, 0x87, 0xFF, 0xC0, 0xFF,
    0xC0, 0x03, 0x80, 0x00, 0x01, 0xFC, 0x7E, 0x0F, 0x83, 0xF0, 0x7C, 0x1F, 0x03, 0xC0, 0x00, 0x00,
    0x00, 0x0F, 0xC0, 0x1F, 0xC1, 0xF8, 0x03, 0xF8, 0x3F, 0x00, 0x7F, 0x07, 0xE0, 0x0F, 0xE0, 0xFC,
    0x01, 0xFC, 0x1F, 0x80, 0x3F, 0x83, 0xF0, 0x07, 0xF0, 0x7E, 0x00, 0xFE, 0x0F, 0xC0, 0x1F, 0xC1,
    0xF8, 0x03, 0xF8, 0x3F, 0x00, 0x7F, 0x07, 0xE0, 0x0F, 0xE0, 0xFC, 0x01, 0xFC, 0x1F, 0x80, 0x3F,
    0x83, 0xF0, 0x07, 0xF0, 0x7E, 0x00, 0xFE, 0x0F, 0xE0, 0x1F, 0xC1, 0xFC, 0x07, 0xF8, 0x3F, 0xE1,
    0xFF, 0x87, 0xFF, 0xFF, 0xFC, 0xFF, 0xFF, 0xFF, 0x9F, 0xBF, 0xCF, 0xF3, 0xF3, 0xF0, 0xFE, 0x7E,
    0x3C, 0x0F, 0xCF, 0xC0, 0x00, 0x01, 0xF8, 0x00, 0x00, 0x3F, 0x00, 0x00, 0x07, 0xE0, 0x00, 0x00,
    0xFC, 0x00, 0x00, 0x1F, 0x80, 0x00, 0x03, 0xF0, 0x00, 0x00, 0x7E, 0x00, 0x00, 0x0F, 0xC0, 0x00,
    0x00, 0x00, 0x00, 0x00, 0x00, 0x00, 0x00, 0x00, 0x03, 0xFF, 0xFE, 0x07, 0xFF, 0xFE, 0x1F, 0xFF,
    0xFE, 0x3F, 0xFF, 0xFE, 0x3F, 0xFF, 0xFE, 0x7F, 0xFC, 0x3E, 0x7F, 0xFC, 0x3E, 0x7F, 0xFC, 0x3E,
    0xFF, 0xFC, 0x3E, 0xFF, 0xFC, 0x3E, 0xFF, 0xFC, 0x3E, 0xFF, 0xFC, 0x3E, 0x7F, 0xFC, 0x3E, 0x7F,
    0xFC, 0x3E, 0x7F, 0xFC, 0x3E, 0x3F, 0xFC, 0x3E, 0x3F, 0xFC, 0x3E, 0x1F, 0xFC, 0x3E, 0x0F, 0xFC,
    0x3E, 0x03, 0xFC, 0x3E, 0x00, 0x3C, 0x3E, 0x00, 0x00, 0x3E, 0x00, 0x00, 0x3E, 0x00, 0x00, 0x3E,
    0x00, 0x00, 0x3E, 0x00, 0x00, 0x3E, 0x00, 0x00, 0x3E, 0x00, 0x00, 0x3E, 0x00, 0x00, 0x3E, 0x00,
    0x00, 0x3E, 0x00, 0x00, 0x3E, 0x00, 0x00, 0x3E, 0x00, 0x00, 0x3E, 0x00, 0x1F, 0x1F, 0xCF, 0xE7,
    0xF3, 0xF9, 0xFC, 0x7C, 0x30, 0x38, 0x1C, 0x0F, 0xC7, 0xF0, 0x38, 0x1E, 0x1F, 0xFF, 0x7F, 0x00,
    0x00, 0x00, 0x01, 0xFC, 0xFF, 0xBF, 0xF7, 0xFE, 0xFF, 0xD9, 0xFA, 0x3F, 0x07, 0xE0, 0xFC, 0x1F,
    0x83, 0xF0, 0x7E, 0x0F, 0xC1, 0xF8, 0x3F, 0x07, 0xE0, 0xFC, 0x1F, 0x80, 0x00, 0x00, 0x00, 0x00,
    0x3F, 0x80, 0x0F, 0xFF, 0x01, 0xFF, 0xF8, 0x3F, 0xFF, 0xC3, 0xF1, 0xFC, 0x7E, 0x07, 0xE7, 0xC0,
    0x3E, 0xFC, 0x03, 0xEF, 0xC0, 0x3F, 0xFC, 0x03, 0xFF, 0xC0, 0x3F, 0xFC, 0x03, 0xF7, 0xC0, 0x3E,
    0x7E, 0x07, 0xE7, 0xF0, 0xFE, 0x3F, 0xFF, 0xC1, 0xFF, 0xF8, 0x0F, 0xFF, 0x00, 0x7F, 0xE0, 0x00,
    0xF0, 0x00, 0xFF, 0x1F, 0xE0, 0x0F, 0xE1, 0xFC, 0x00, 0xFE, 0x1F, 0xC0, 0x0F, 0xE1, 0xFC, 0x00,
    0xFE, 0x1F, 0xC0, 0x1F, 0xE3, 0xFC, 0x01, 0xFE, 0x3F, 0xC0, 0x1F, 0xE3, 0xFC, 0x01, 0xFC, 0x3F,
    0x80, 0x1F, 0xC3, 0xF8, 0x01, 0xFC, 0x3F, 0x80, 0x7F, 0x0F, 0xE0, 0x1F, 0xC3, 0xF8, 0x07, 0xF8,
    0xFF, 0x01, 0xFE, 0x3F, 0xC0, 0x3F, 0x87, 0xF0, 0x0F, 0xE1, 0xFC, 0x03, 0xF8, 0x7F, 0x00, 0xFE,
    0x1F, 0xC0, 0x3F, 0xC7, 0xF8, 0x0F, 0xF1, 0xFE, 0x00, 0x0F, 0x80, 0x00, 0x00, 0x01, 0xF8, 0x00,
    0x07, 0xC0, 0x7F, 0x80, 0x00, 0xF8, 0x0F, 0xF8, 0x00, 0x0F, 0x00, 0xF7, 0x80, 0x01, 0xF0, 0x0E,
    0x78, 0x00, 0x3E, 0x00, 0x87, 0x80, 0x03, 0xC0, 0x00, 0x78, 0x00, 0x7C, 0x00, 0x07, 0x80, 0x0F,
    0x80, 0x00, 0x78, 0x01, 0xF0, 0x00, 0x07, 0x80, 0x1F, 0x00, 0x00, 0x78, 0x03, 0xE0, 0x00, 0x07,
    0x80, 0x7C, 0x00, 0x00, 0x78, 0x07, 0xC0, 0x00, 0x07, 0x80, 0xF8, 0x00, 0x00, 0x78, 0x1F, 0x01,
    0xF8, 0x07, 0x81, 0xE0, 0x3F, 0x80, 0x78, 0x3E, 0x03, 0xF8, 0x07, 0x87, 0xC0, 0x7F, 0x80, 0x00,
    0x78, 0x0F, 0xF8, 0x00, 0x0F, 0x80, 0xFF, 0x80, 0x01, 0xF0, 0x1E, 0xF8, 0x00, 0x1E, 0x01, 0xEF,
    0x80, 0x03, 0xE0, 0x3C, 0xF8, 0x00, 0x7C, 0x07, 0xCF, 0x80, 0x0F, 0x80, 0x78, 0xF8, 0x00, 0xF8,
    0x0F, 0x0F, 0x80, 0x1F, 0x01, 0xFF, 0xFE, 0x03, 0xE0, 0x1F, 0xFF, 0xE0, 0x3E, 0x01, 0xFF, 0xFE,
    0x07, 0xC0, 0x1F, 0xFF, 0xE0, 0xF8, 0x00, 0x00, 0xF8, 0x0F, 0x00, 0x00, 0x0F, 0x81, 0xF0, 0x00,
    0x00, 0xF8, 0x0F, 0x80, 0x00, 0x00, 0x00, 0xFC, 0x00, 0x03, 0xE0, 0x1F, 0xE0, 0x00, 0x3E, 0x01,
    0xFF, 0x00, 0x01, 0xE0, 0x0F, 0x78, 0x00, 0x1F, 0x00, 0x73, 0xC0, 0x01, 0xF0, 0x02, 0x1E, 0x00,
    0x0F, 0x00, 0x00, 0xF0, 0x00, 0xF8, 0x00, 0x07, 0x80, 0x0F, 0x80, 0x00, 0x3C, 0x00, 0xF8, 0x00,
    0x01, 0xE0, 0x07, 0xC0, 0x00, 0x0F, 0x00, 0x7C, 0x00, 0x00, 0x78, 0x07, 0xC0, 0x00, 0x03, 0xC0,
    0x3E, 0x00, 0x00, 0x1E, 0x03, 0xE0, 0x00, 0x00, 0xF0, 0x3E, 0x03, 0xE0, 0x07, 0x81, 0xE0, 0x7F,
    0xC0, 0x3C, 0x1F, 0x07, 0xFF, 0x01, 0xE1, 0xF0, 0x7F, 0xFC, 0x00, 0x0F, 0x03, 0xC3, 0xE0, 0x00,
    0xF8, 0x1E, 0x0F, 0x00, 0x0F, 0x81, 0x00, 0x78, 0x00, 0x78, 0x00, 0x07, 0xC0, 0x07, 0xC0, 0x00,
    0x3C, 0x00, 0x7C, 0x00, 0x03, 0xE0, 0x07, 0xC0, 0x00, 0x3E, 0x00, 0x3E, 0x00, 0x03, 0xE0, 0x03,
    0xE0, 0x00, 0x7E, 0x00, 0x3E, 0x00, 0x07, 0xE0, 0x01, 0xF0, 0x00, 0x7E, 0x00, 0x1F, 0x00, 0x07,
    0xFF, 0xC1, 0xF0, 0x00, 0x3F, 0xFE, 0x0F, 0x00, 0x01, 0xFF, 0xF0, 0xF8, 0x00, 0x0F, 0xFF, 0x80,
    0x07, 0xC0, 0x00, 0x00, 0x00, 0x3F, 0xE0, 0x00, 0x0F, 0x80, 0xFF, 0xE0, 0x00, 0x3E, 0x03, 0xFF,
    0xE0, 0x00, 0x78, 0x07, 0xC3, 0xC0, 0x01, 0xF0, 0x0F, 0x07, 0xC0, 0x07, 0xC0, 0x00, 0x0F, 0x00,
    0x0F, 0x00, 0x00, 0x3E, 0x00, 0x3E, 0x00, 0x03, 0xF8, 0x00, 0xF8, 0x00, 0x07, 0xC0, 0x03, 0xE0,
    0x00, 0x0F, 0xF0, 0x07, 0xC0, 0x00, 0x03, 0xF0, 0x1F, 0x00, 0x00, 0x03, 0xE0, 0x7C, 0x00, 0x0F,
    0x07, 0xC0, 0xF8, 0x00, 0x1E, 0x0F, 0x83, 0xE0, 0x00, 0x3F, 0x3F, 0x0F, 0x80, 0xFC, 0x3F, 0xFC,
    0x1E, 0x03, 0xF8, 0x7F, 0xF0, 0x7C, 0x07, 0xF0, 0x3F, 0xC1, 0xF0, 0x1F, 0xE0, 0x00, 0x03, 0xC0,
    0x7F, 0xC0, 0x00, 0x0F, 0x80, 0xFF, 0x80, 0x00, 0x3E, 0x03, 0xDF, 0x00, 0x00, 0x78, 0x07, 0xBE,
    0x00, 0x01, 0xF0, 0x1E, 0x7C, 0x00, 0x07, 0xC0, 0x7C, 0xF8, 0x00, 0x1F, 0x00, 0xF1, 0xF0, 0x00,
    0x3E, 0x03, 0xC3, 0xE0, 0x00, 0xF8, 0x0F, 0xFF, 0xF0, 0x03, 0xE0, 0x1F, 0xFF, 0xE0, 0x07, 0xC0,
    0x3F, 0xFF, 0xC0, 0x1F, 0x00, 0x7F, 0xFF, 0x80, 0x7C, 0x00, 0x00, 0x7C, 0x00, 0xF0, 0x00, 0x00,
    0xF8, 0x03, 0xE0, 0x00, 0x01, 0xF0, 0x00, 0x38, 0x00, 0x00, 0xFC, 0x00, 0x03, 0xF8, 0x00, 0x07,
    0xF8, 0x00, 0x0F, 0xF0, 0x00, 0x1F, 0xC0, 0x00, 0x1F, 0x80, 0x00, 0x1C, 0x00, 0x00, 0x00, 0x00,
    0x00, 0x00, 0x00, 0x00, 0x00, 0x00, 0x03, 0xF0, 0x00, 0x07, 0xE0, 0x00, 0x0F, 0xC0, 0x00, 0x3F,
    0x80, 0x00, 0xFE, 0x00, 0x03, 0xFC, 0x00, 0x0F, 0xF0, 0x00, 0x7F, 0xE0, 0x01, 0xFF, 0x00, 0x03,
    0xFC, 0x00, 0x0F, 0xF0, 0x00, 0x1F, 0xC0, 0x00, 0x7F, 0x00, 0x00, 0xFE, 0x00, 0xFD, 0xFC, 0x01,
    0xFB, 0xF8, 0x07, 0xF7, 0xF0, 0x0F, 0xE7, 0xF8, 0x3F, 0xCF, 0xFF, 0xFF, 0x0F, 0xFF, 0xFC, 0x1F,
    0xFF, 0xF8, 0x0F, 0xFF, 0xC0, 0x0F, 0xFF, 0x00, 0x01, 0xE0, 0x00, 0x00, 0x00, 0x00, 0x00, 0x00,
    0x3F, 0x80, 0x00, 0x00, 0x07, 0xE0, 0x00, 0x00, 0x01, 0xF0, 0x00, 0x00, 0x00, 0xFC, 0x00, 0x00,
    0x00, 0x3E, 0x00, 0x00, 0x00, 0x0F, 0x80, 0x00, 0x00, 0x03, 0xC0, 0x00, 0x00, 0x00, 0x00, 0x00,
    0x00, 0x00, 0x00, 0x00, 0x00, 0x00, 0x00, 0x00, 0x00, 0x01, 0xFF, 0x00, 0x00, 0x00, 0xFF, 0xC0,
    0x00, 0x00, 0xFF, 0xE0, 0x00, 0x00, 0x7F, 0xF8, 0x00, 0x00, 0x7F, 0xFC, 0x00, 0x00, 0x3F, 0xFE,
    0x00, 0x00, 0x1F, 0xBF, 0x80, 0x00, 0x1F, 0xDF, 0xC0, 0x00, 0x0F, 0xE7, 0xE0, 0x00, 0x07, 0xF3,
    0xF8, 0x00, 0x07, 0xF1, 0xFC, 0x00, 0x03, 0xF8, 0xFE, 0x00, 0x01, 0xFC, 0x3F, 0x80, 0x01, 0xFC,
    0x1F, 0xC0, 0x00, 0xFE, 0x0F, 0xE0, 0x00, 0x7F, 0x03, 0xF8, 0x00, 0x7F, 0x81, 0xFC, 0x00, 0x3F,
    0x80, 0xFE, 0x00, 0x1F, 0xC0, 0x3F, 0x80, 0x1F, 0xE0, 0x1F, 0xC0, 0x0F, 0xFF, 0xFF, 0xF0, 0x07,
    0xFF, 0xFF, 0xF8, 0x07, 0xFF, 0xFF, 0xFC, 0x03, 0xFF, 0xFF, 0xFF, 0x01, 0xFF, 0xFF, 0xFF, 0x81,
    0xFF, 0xFF, 0xFF, 0xC0, 0xFE, 0x00, 0x0F, 0xF0, 0x7F, 0x00, 0x07, 0xF8, 0x7F, 0x80, 0x01, 0xFC,
    0x3F, 0x80, 0x00, 0xFF, 0x3F, 0xC0, 0x00, 0x7F, 0x9F, 0xE0, 0x00, 0x1F, 0xCF, 0xE0, 0x00, 0x0F,
    0xF0, 0x00, 0x00, 0x00, 0x00, 0x00, 0x00, 0x1F, 0xC0, 0x00, 0x00, 0x1F, 0x80, 0x00, 0x00, 0x0F,
    0x80, 0x00, 0x00, 0x0F, 0xC0, 0x00, 0x00, 0x07, 0xC0, 0x00, 0x00, 0x07, 0xC0, 0x00, 0x00, 0x03,
    0xC0, 0x00, 0x00, 0x00, 0x00, 0x00, 0x00, 0x00, 0x00, 0x00, 0x00, 0x00, 0x00, 0x00, 0x00, 0x01,
    0xFF, 0x00, 0x00, 0x00, 0xFF, 0xC0, 0x00, 0x00, 0xFF, 0xE0, 0x00, 0x00, 0x7F, 0xF8, 0x00, 0x00,
    0x7F, 0xFC, 0x00, 0x00, 0x3F, 0xFE, 0x00, 0x00, 0x1F, 0xBF, 0x80, 0x00, 0x1F, 0xDF, 0xC0, 0x00,
    0x0F, 0xE7, 0xE0, 0x00, 0x07, 0xF3, 0xF8, 0x00, 0x07, 0xF1, 0xFC, 0x00, 0x03, 0xF8, 0xFE, 0x00,
    0x01, 0xFC, 0x3F, 0x80, 0x01, 0xFC, 0x1F, 0xC0, 0x00, 0xFE, 0x0F, 0xE0, 0x00, 0x7F, 0x03, 0xF8,
    0x00, 0x7F, 0x81, 0xFC, 0x00, 0x3F, 0x80, 0xFE, 0x00, 0x1F, 0xC0, 0x3F, 0x80, 0x1F, 0xE0, 0x1F,
    0xC0, 0x0F, 0xFF, 0xFF, 0xF0, 0x07, 0xFF, 0xFF, 0xF8, 0x07, 0xFF, 0xFF, 0xFC, 0x03, 0xFF, 0xFF,
    0xFF, 0x01, 0xFF, 0xFF, 0xFF, 0x81, 0xFF, 0xFF, 0xFF, 0xC0, 0xFE, 0x00, 0x0F, 0xF0, 0x7F, 0x00,
    0x07, 0xF8, 0x7F, 0x80, 0x01, 0xFC, 0x3F, 0x80, 0x00, 0xFF, 0x3F, 0xC0, 0x00, 0x7F, 0x9F, 0xE0,
    0x00, 0x1F, 0xCF, 0xE0, 0x00, 0x0F, 0xF0, 0x00, 0x00, 0x00, 0x00, 0x00, 0x03, 0xF8, 0x00, 0x00,
    0x01, 0xFE, 0x00, 0x00, 0x01, 0xFF, 0x80, 0x00, 0x01, 0xF3, 0xE0, 0x00, 0x01, 0xF1, 0xF8, 0x00,
    0x01, 0xF8, 0x7E, 0x00, 0x01, 0x00, 0x00, 0x00, 0x00, 0x00, 0x00, 0x00, 0x00, 0x00, 0x00, 0x00,
    0x00, 0x00, 0x00, 0x00, 0x00, 0x01, 0xFF, 0x00, 0x00, 0x00, 0xFF, 0xC0, 0x00, 0x00, 0xFF, 0xE0,
    0x00, 0x00, 0x7F, 0xF8, 0x00, 0x00, 0x7F, 0xFC, 0x00, 0x00, 0x3F, 0xFE, 0x00, 0x00, 0x1F, 0xBF,
    0x80, 0x00, 0x1F, 0xDF, 0xC0, 0x00, 0x0F, 0xE7, 0xE0, 0x00, 0x07, 0xF3, 0xF8, 0x00, 0x07, 0xF1,
    0xFC, 0x00, 0x03, 0xF8, 0xFE, 0x00, 0x01, 0xFC, 0x3F, 0x80, 0x01, 0xFC, 0x1F, 0xC0, 0x00, 0xFE,
    0x0F, 0xE0, 0x00, 0x7F, 0x03, 0xF8, 0x00, 0x7F, 0x81, 0xFC, 0x00, 0x3F, 0x80, 0xFE, 0x00, 0x1F,
    0xC0, 0x3F, 0x80, 0x1F, 0xE0, 0x1F, 0xC0, 0x0F, 0xFF, 0xFF, 0xF0, 0x07, 0xFF, 0xFF, 0xF8, 0x07,
    0xFF, 0xFF, 0xFC, 0x03, 0xFF, 0xFF, 0xFF, 0x01, 0xFF, 0xFF, 0xFF, 0x81, 0xFF, 0xFF, 0xFF, 0xC0,
    0xFE, 0x00, 0x0F, 0xF0, 0x7F, 0x00, 0x07, 0xF8, 0x7F, 0x80, 0x01, 0xFC, 0x3F, 0x80, 0x00, 0xFF,
    0x3F, 0xC0, 0x00, 0x7F, 0x9F, 0xE0, 0x00, 0x1F, 0xCF, 0xE0, 0x00, 0x0F, 0xF0, 0x00, 0x00, 0x00,
    0x00, 0x00, 0x0F, 0x87, 0x80, 0x00, 0x0F, 0xE3, 0xC0, 0x00, 0x0F, 0xFF, 0xE0, 0x00, 0x07, 0xFF,
    0xE0, 0x00, 0x03, 0xC7, 0xF0, 0x00, 0x01, 0xC1, 0xE0, 0x00, 0x00, 0x00, 0x00, 0x00, 0x00, 0x00,
    0x00, 0x00, 0x00, 0x00, 0x00, 0x00, 0x00, 0x00, 0x00, 0x00, 0x00, 0x01, 0xFF, 0x00, 0x00, 0x00,
    0xFF, 0xC0, 0x00, 0x00, 0xFF, 0xE0, 0x00, 0x00, 0x7F, 0xF8, 0x00, 0x00, 0x7F, 0xFC, 0x00, 0x00,
    0x3F, 0xFE, 0x00, 0x00, 0x1F, 0xBF, 0x80, 0x00, 0x1F, 0xDF, 0xC0, 0x00, 0x0F, 0xE7, 0xE0, 0x00,
    0x07, 0xF3, 0xF8, 0x00, 0x07, 0xF1, 0xFC, 0x00, 0x03, 0xF8, 0xFE, 0x00, 0x01, 0xFC, 0x3F, 0x80,
    0x01, 0xFC, 0x1F, 0xC0, 0x00, 0xFE, 0x0F, 0xE0, 0x00, 0x7F, 0x03, 0xF8, 0x00, 0x7F, 0x81, 0xFC,
    0x00, 0x3F, 0x80, 0xFE, 0x00, 0x1F, 0xC0, 0x3F, 0x80, 0x1F, 0xE0, 0x1F, 0xC0, 0x0F, 0xFF, 0xFF,
    0xF0, 0x07, 0xFF, 0xFF, 0xF8, 0x07, 0xFF, 0xFF, 0xFC, 0x03, 0xFF, 0xFF, 0xFF, 0x01, 0xFF, 0xFF,
    0xFF, 0x81, 0xFF, 0xFF, 0xFF, 0xC0, 0xFE, 0x00, 0x0F, 0xF0, 0x7F, 0x00, 0x07, 0xF8, 0x7F, 0x80,
    0x01, 0xFC, 0x3F, 0x80, 0x00, 0xFF, 0x3F, 0xC0, 0x00, 0x7F, 0x9F, 0xE0, 0x00, 0x1F, 0xCF, 0xE0,
    0x00, 0x0F, 0xF0, 0x00, 0x00, 0x00, 0x00, 0x00, 0x3E, 0x0F, 0x80, 0x00, 0x1F, 0x87, 0xE0, 0x00,
    0x1F, 0xC7, 0xF0, 0x00, 0x0F, 0xE3, 0xF8, 0x00, 0x03, 0xF0, 0xFC, 0x00, 0x01, 0xF0, 0x7C, 0x00,
    0x00, 0x00, 0x00, 0x00, 0x00, 0x00, 0x00, 0x00, 0x00, 0x00, 0x00, 0x00, 0x00, 0x00, 0x00, 0x00,
    0x00, 0x01, 0xFF, 0x00, 0x00, 0x00, 0xFF, 0xC0, 0x00, 0x00, 0xFF, 0xE0, 0x00, 0x00, 0x7F, 0xF8,
    0x00, 0x00, 0x7F, 0xFC, 0x00, 0x00, 0x3F, 0xFE, 0x00, 0x00, 0x1F, 0xBF, 0x80, 0x00, 0x1F, 0xDF,
    0xC0, 0x00, 0x0F, 0xE7, 0xE0, 0x00, 0x07, 0xF3, 0xF8, 0x00, 0x07, 0xF1, 0xFC, 0x00, 0x03, 0xF8,
    0xFE, 0x00, 0x01, 0xFC, 0x3F, 0x80, 0x01, 0xFC, 0x1F, 0xC0, 0x00, 0xFE, 0x0F, 0xE0, 0x00, 0x7F,
    0x03, 0xF8, 0x00, 0x7F, 0x81, 0xFC, 0x00, 0x3F, 0x80, 0xFE, 0x00, 0x1F, 0xC0, 0x3F, 0x80, 0x1F,
    0xE0, 0x1F, 0xC0, 0x0F, 0xFF, 0xFF, 0xF0, 0x07, 0xFF, 0xFF, 0xF8, 0x07, 0xFF, 0xFF, 0xFC, 0x03,
    0xFF, 0xFF, 0xFF, 0x01, 0xFF, 0xFF, 0xFF, 0x81, 0xFF, 0xFF, 0xFF, 0xC0, 0xFE, 0x00, 0x0F, 0xF0,
    0x7F, 0x00, 0x07, 0xF8, 0x7F, 0x80, 0x01, 0xFC, 0x3F, 0x80, 0x00, 0xFF, 0x3F, 0xC0, 0x00, 0x7F,
    0x9F, 0xE0, 0x00, 0x1F, 0xCF, 0xE0, 0x00, 0x0F, 0xF0, 0x00, 0x03, 0xC0, 0x00, 0x00, 0x07, 0xF8,
    0x00, 0x00, 0x07, 0xFE, 0x00, 0x00, 0x03, 0xC7, 0x80, 0x00, 0x01, 0xC1, 0xC0, 0x00, 0x01, 0xE0,
    0xE0, 0x00, 0x00, 0x70, 0x70, 0x00, 0x00, 0x3C, 0x78, 0x00, 0x00, 0x1F, 0xF8, 0x00, 0x00, 0x07,
    0xF8, 0x00, 0x00, 0x00, 0xF8, 0x00, 0x00, 0x00, 0x00, 0x00, 0x00, 0x00, 0x00, 0x00, 0x00, 0x00,
    0x7F, 0xC0, 0x00, 0x00, 0x3F, 0xF0, 0x00, 0x00, 0x3F, 0xF8, 0x00, 0x00, 0x1F, 0xFE, 0x00, 0x00,
    0x1F, 0xFF, 0x00, 0x00, 0x0F, 0xFF, 0x80, 0x00, 0x07, 0xEF, 0xE0, 0x00, 0x07, 0xF7, 0xF0, 0x00,
    0x03, 0xF9, 0xF8, 0x00, 0x01, 0xFC, 0xFE, 0x00, 0x01, 0xFC, 0x7F, 0x00, 0x00, 0xFE, 0x3F, 0x80,
    0x00, 0x7F, 0x0F, 0xE0, 0x00, 0x7F, 0x07, 0xF0, 0x00, 0x3F, 0x83, 0xF8, 0x00, 0x1F, 0xC0, 0xFE,
    0x00, 0x1F, 0xE0, 0x7F, 0x00, 0x0F, 0xE0, 0x3F, 0x80, 0x07, 0xF0, 0x0F, 0xE0, 0x07, 0xF8, 0x07,
    0xF0, 0x03, 0xFF, 0xFF, 0xFC, 0x01, 0xFF, 0xFF, 0xFE, 0x01, 0xFF, 0xFF, 0xFF, 0x00, 0xFF, 0xFF,
    0xFF, 0xC0, 0x7F, 0xFF, 0xFF, 0xE0, 0x7F, 0xFF, 0xFF, 0xF0, 0x3F, 0x80, 0x03, 0xFC, 0x1F, 0xC0,
    0x01, 0xFE, 0x1F, 0xE0, 0x00, 0x7F, 0x0F, 0xE0, 0x00, 0x3F, 0xCF, 0xF0, 0x00, 0x1F, 0xE7, 0xF8,
    0x00, 0x07, 0xF3, 0xF8, 0x00, 0x03, 0xFC, 0x00, 0x00, 0x00, 0x00, 0x00, 0x00, 0x00, 0x1F, 0xFF,
    0xFF, 0xFF, 0xC0, 0x00, 0xFF, 0xFF, 0xFF, 0xFE, 0x00, 0x07, 0xFF, 0xFF, 0xFF, 0xF0, 0x00, 0x7F,
    0xFF, 0xFF, 0xFF, 0x80, 0x03, 0xFF, 0xFF, 0xFF, 0xFC, 0x00, 0x3F, 0x8F, 0xE0, 0x00, 0x00, 0x01,
    0xFC, 0x7F, 0x00, 0x00, 0x00, 0x1F, 0xC3, 0xF8, 0x00, 0x00, 0x00, 0xFE, 0x1F, 0xC0, 0x00, 0x00,
    0x07, 0xF0, 0xFE, 0x00, 0x00, 0x00, 0x7F, 0x07, 0xF0, 0x00, 0x00, 0x03, 0xF8, 0x3F, 0x80, 0x00,
    0x00, 0x3F, 0x81, 0xFC, 0x00, 0x00, 0x01, 0xFC, 0x0F, 0xFF, 0xFF, 0xC0, 0x1F, 0xE0, 0x7F, 0xFF,
    0xFE, 0x00, 0xFE, 0x03, 0xFF, 0xFF, 0xF0, 0x07, 0xF0, 0x1F, 0xFF, 0xFF, 0x80, 0x7F, 0x00, 0xFF,
    0xFF, 0xFC, 0x03, 0xF8, 0x07, 0xFF, 0xFF, 0xE0, 0x3F, 0x80, 0x3F, 0x80, 0x00, 0x01, 0xFF, 0xFF,
    0xFC, 0x00, 0x00, 0x1F, 0xFF, 0xFF, 0xE0, 0x00, 0x00, 0xFF, 0xFF, 0xFF, 0x00, 0x00, 0x07, 0xFF,
    0xFF, 0xF8, 0x00, 0x00, 0x7F, 0xFF, 0xFF, 0xC0, 0x00, 0x03, 0xF8, 0x00, 0xFE, 0x00, 0x00, 0x3F,
    0xC0, 0x07, 0xF0, 0x00, 0x01, 0xFC, 0x00, 0x3F, 0xFF, 0xFF, 0x8F, 0xE0, 0x01, 0xFF, 0xFF, 0xFC,
    0xFE, 0x00, 0x0F, 0xFF, 0xFF, 0xE7, 0xF0, 0x00, 0x7F, 0xFF, 0xFF, 0x7F, 0x80, 0x03, 0xFF, 0xFF,
    0xFB, 0xF8, 0x00, 0x1F, 0xFF, 0xFF, 0xC0, 0x00, 0x0F, 0xF8, 0x00, 0x00, 0x3F, 0xFE, 0x00, 0x00,
    0xFF, 0xFF, 0x80, 0x03, 0xFF, 0xFF, 0xE0, 0x07, 0xFF, 0xFF, 0xF0, 0x0F, 0xFF, 0xFF, 0xF0, 0x0F,
    0xFC, 0x1F, 0xF8, 0x1F, 0xF0, 0x07, 0xFC, 0x1F, 0xE0, 0x03, 0xFC, 0x3F, 0xC0, 0x01, 0xFC, 0x3F,
    0x80, 0x00, 0xFE, 0x7F, 0x80, 0x00, 0xFE, 0x7F, 0x00, 0x00, 0x00, 0x7F, 0x00, 0x00, 0x00, 0x7F,
    0x00, 0x00, 0x00, 0x7F, 0x00, 0x00, 0x00, 0x7F, 0x00, 0x00, 0x00, 0x7F, 0x00, 0x00, 0x00, 0x7F,
    0x00, 0x00, 0x00, 0x7F, 0x00, 0x00, 0x00, 0x7F, 0x00, 0x00, 0x00, 0x7F, 0x00, 0x00, 0x00, 0x7F,
    0x00, 0x00, 0xFE, 0x3F, 0x80, 0x00, 0xFE, 0x3F, 0x80, 0x01, 0xFE, 0x3F, 0xC0, 0x01, 0xFC, 0x1F,
    0xE0, 0x03, 0xFC, 0x1F, 0xF8, 0x0F, 0xF8, 0x0F, 0xFF, 0xFF, 0xF8, 0x07, 0xFF, 0xFF, 0xF0, 0x03,
    0xFF, 0xFF, 0xE0, 0x01, 0xFF, 0xFF, 0xC0, 0x00, 0x7F, 0xFF, 0x00, 0x00, 0x1F, 0xFC, 0x00, 0x00,
    0x03, 0x80, 0x00, 0x00, 0x03, 0x80, 0x00, 0x00, 0x03, 0xF0, 0x00, 0x00, 0x03, 0xF8, 0x00, 0x00,
    0x00, 0x38, 0x00, 0x00, 0x00, 0x3C, 0x00, 0x00, 0x00, 0x7C, 0x00, 0x00, 0x07, 0xF8, 0x00, 0x00,
    0x07, 0xF0, 0x00, 0x00, 0x00, 0x00, 0x00, 0x00, 0x00, 0x00, 0x03, 0xF8, 0x00, 0x00, 0x7E, 0x00,
    0x00, 0x1F, 0x00, 0x00, 0x0F, 0xC0, 0x00, 0x03, 0xE0, 0x00, 0x00, 0xF8, 0x00, 0x00, 0x3C, 0x00,
    0x00, 0x00, 0x00, 0x00, 0x00, 0x00, 0x00, 0x00, 0x00, 0x0F, 0xFF, 0xFF, 0xE7, 0xFF, 0xFF, 0xF3,
    0xFF, 0xFF, 0xF9, 0xFF, 0xFF, 0xFC, 0xFF, 0xFF, 0xFE, 0x7F, 0x00, 0x00, 0x3F, 0x80, 0x00, 0x1F,
    0xC0, 0x00, 0x0F, 0xE0, 0x00, 0x07, 0xF0, 0x00, 0x03, 0xF8, 0x00, 0x01, 0xFC, 0x00, 0x00, 0xFE,
    0x00, 0x00, 0x7F, 0xFF, 0xFE, 0x3F, 0xFF, 0xFF, 0x1F, 0xFF, 0xFF, 0x8F, 0xFF, 0xFF, 0xC7, 0xFF,
    0xFF, 0xE3, 0xFF, 0xFF, 0xF1, 0xFC, 0x00, 0x00, 0xFE, 0x00, 0x00, 0x7F, 0x00, 0x00, 0x3F, 0x80,
    0x00, 0x1F, 0xC0, 0x00, 0x0F, 0xE0, 0x00, 0x07, 0xF0, 0x00, 0x03, 0xF8, 0x00, 0x01, 0xFF, 0xFF,
    0xFC, 0xFF, 0xFF, 0xFE, 0x7F, 0xFF, 0xFF, 0x3F, 0xFF, 0xFF, 0x9F, 0xFF, 0xFF, 0xCF, 0xFF, 0xFF,
    0xE0, 0x00, 0x00, 0x00, 0x00, 0x03, 0xF8, 0x00, 0x03, 0xF0, 0x00, 0x01, 0xF0, 0x00, 0x01, 0xF8,
    0x00, 0x00, 0xF8, 0x00, 0x00, 0xF8, 0x00, 0x00, 0x78, 0x00, 0x00, 0x00, 0x00, 0x00, 0x00, 0x00,
    0x00, 0x00, 0x00, 0x0F, 0xFF, 0xFF, 0xE7, 0xFF, 0xFF, 0xF3, 0xFF, 0xFF, 0xF9, 0xFF, 0xFF, 0xFC,
    0xFF, 0xFF, 0xFE, 0x7F, 0x00, 0x00, 0x3F, 0x80, 0x00, 0x1F, 0xC0, 0x00, 0x0F, 0xE0, 0x00, 0x07,
    0xF0, 0x00, 0x03, 0xF8, 0x00, 0x01, 0xFC, 0x00, 0x00, 0xFE, 0x00, 0x00, 0x7F, 0xFF, 0xFE, 0x3F,
    0xFF, 0xFF, 0x1F, 0xFF, 0xFF, 0x8F, 0xFF, 0xFF, 0xC7, 0xFF, 0xFF, 0xE3, 0xFF, 0xFF, 0xF1, 0xFC,
    0x00, 0x00, 0xFE, 0x00, 0x00, 0x7F, 0x00, 0x00, 0x3F, 0x80, 0x00, 0x1F, 0xC0, 0x00, 0x0F, 0xE0,
    0x00, 0x07, 0xF0, 0x00, 0x03, 0xF8, 0x00, 0x01, 0xFF, 0xFF, 0xFC, 0xFF, 0xFF, 0xFE, 0x7F, 0xFF,
    0xFF, 0x3F, 0xFF, 0xFF, 0x9F, 0xFF, 0xFF, 0xCF, 0xFF, 0xFF, 0xE0, 0x00, 0x00, 0x00, 0x00, 0x7F,
    0x00, 0x00, 0x3F, 0xC0, 0x00, 0x3F, 0xF0, 0x00, 0x3E, 0x7C, 0x00, 0x3E, 0x3F, 0x00, 0x3F, 0x0F,
    0xC0, 0x20, 0x00, 0x00, 0x00, 0x00, 0x00, 0x00, 0x00, 0x00, 0x00, 0x00, 0x00, 0x0F, 0xFF, 0xFF,
    0xE7, 0xFF, 0xFF, 0xF3, 0xFF, 0xFF, 0xF9, 0xFF, 0xFF, 0xFC, 0xFF, 0xFF, 0xFE, 0x7F, 0x00, 0x00,
    0x3F, 0x80, 0x00, 0x1F, 0xC0, 0x00, 0x0F, 0xE0, 0x00, 0x07, 0xF0, 0x00, 0x03, 0xF8, 0x00, 0x01,
    0xFC, 0x00, 0x00, 0xFE, 0x00, 0x00, 0x7F, 0xFF, 0xFE, 0x3F, 0xFF, 0xFF, 0x1F, 0xFF, 0xFF, 0x8F,
    0xFF, 0xFF, 0xC7, 0xFF, 0xFF, 0xE3, 0xFF, 0xFF, 0xF1, 0xFC, 0x00, 0x00, 0xFE, 0x00, 0x00, 0x7F,
    0x00, 0x00, 0x3F, 0x80, 0x00, 0x1F, 0xC0, 0x00, 0x0F, 0xE0, 0x00, 0x07, 0xF0, 0x00, 0x03, 0xF8,
    0x00, 0x01, 0xFF, 0xFF, 0xFC, 0xFF, 0xFF, 0xFE, 0x7F, 0xFF, 0xFF, 0x3F, 0xFF, 0xFF, 0x9F, 0xFF,
    0xFF, 0xCF, 0xFF, 0xFF, 0xE0, 0x00, 0x00, 0x00, 0x03, 0xE0, 0xF8, 0x01, 0xF8, 0x7E, 0x01, 0xFC,
    0x7F, 0x00, 0xFE, 0x3F, 0x80, 0x3F, 0x0F, 0xC0, 0x1F, 0x07, 0xC0, 0x00, 0x00, 0x00, 0x00, 0x00,
    0x00, 0x00, 0x00, 0x00, 0x00, 0x00, 0x00, 0x0F, 0xFF, 0xFF, 0xE7, 0xFF, 0xFF, 0xF3, 0xFF, 0xFF,
    0xF9, 0xFF, 0xFF, 0xFC, 0xFF, 0xFF, 0xFE, 0x7F, 0x00, 0x00, 0x3F, 0x80, 0x00, 0x1F, 0xC0, 0x00,
    0x0F, 0xE0, 0x00, 0x07, 0xF0, 0x00, 0x03, 0xF8, 0x00, 0x01, 0xFC, 0x00, 0x00, 0xFE, 0x00, 0x00,
    0x7F, 0xFF, 0xFE, 0x3F, 0xFF, 0xFF, 0x1F, 0xFF, 0xFF, 0x8F, 0xFF, 0xFF, 0xC7, 0xFF, 0xFF, 0xE3,
    0xFF, 0xFF, 0xF1, 0xFC, 0x00, 0x00, 0xFE, 0x00, 0x00, 0x7F, 0x00, 0x00, 0x3F, 0x80, 0x00, 0x1F,
    0xC0, 0x00, 0x0F, 0xE0, 0x00, 0x07, 0xF0, 0x00, 0x03, 0xF8, 0x00, 0x01, 0xFF, 0xFF, 0xFC, 0xFF,
    0xFF, 0xFE, 0x7F, 0xFF, 0xFF, 0x3F, 0xFF, 0xFF, 0x9F, 0xFF, 0xFF, 0xCF, 0xFF, 0xFF, 0xE0, 0x00,
    0x0F, 0xE0, 0x3F, 0x01, 0xF0, 0x1F, 0x80, 0xF8, 0x07, 0xC0, 0x3C, 0x00, 0x00, 0x00, 0x00, 0x00,
    0x7F, 0x07, 0xF0, 0x7F, 0x07, 0xF0, 0x7F, 0x07, 0xF0, 0x7F, 0x07, 0xF0, 0x7F, 0x07, 0xF0, 0x7F,
    0x07, 0xF0, 0x7F, 0x07, 0xF0, 0x7F, 0x07, 0xF0, 0x7F, 0x07, 0xF0, 0x7F, 0x07, 0xF0, 0x7F, 0x07,
    0xF0, 0x7F, 0x07, 0xF0, 0x7F, 0x07, 0xF0, 0x7F, 0x07, 0xF0, 0x7F, 0x07, 0xF0, 0x7F, 0x07, 0xF0,
    0x7F, 0x00, 0x00, 0x7F, 0x0F, 0xC0, 0xF8, 0x1F, 0x81, 0xF0, 0x3E, 0x03, 0xC0, 0x00, 0x00, 0x00,
    0x00, 0x07, 0xF0, 0x7F, 0x07, 0xF0, 0x7F, 0x07, 0xF0, 0x7F, 0x07, 0xF0, 0x7F, 0x07, 0xF0, 0x7F,
    0x07, 0xF0, 0x7F, 0x07, 0xF0, 0x7F, 0x07, 0xF0, 0x7F, 0x07, 0xF0, 0x7F, 0x07, 0xF0, 0x7F, 0x07,
    0xF0, 0x7F, 0x07, 0xF0, 0x7F, 0x07, 0xF0, 0x7F, 0x07, 0xF0, 0x7F, 0x07, 0xF0, 0x7F, 0x07, 0xF0,
    0x7F, 0x07, 0xF0, 0x00, 0x00, 0x01, 0xFC, 0x00, 0x7F, 0x80, 0x3F, 0xF0, 0x1F, 0x3E, 0x0F, 0x8F,
    0xC7, 0xE1, 0xFA, 0x00, 0x00, 0x00, 0x00, 0x00, 0x00, 0x00, 0x00, 0x00, 0x0F, 0xE0, 0x03, 0xF8,
    0x00, 0xFE, 0x00, 0x3F, 0x80, 0x0F, 0xE0, 0x03, 0xF8, 0x00, 0xFE, 0x00, 0x3F, 0x80, 0x0F, 0xE0,
    0x03, 0xF8, 0x00, 0xFE, 0x00, 0x3F, 0x80, 0x0F, 0xE0, 0x03, 0xF8, 0x00, 0xFE, 0x00, 0x3F, 0x80,
    0x0F, 0xE0, 0x03, 0xF8, 0x00, 0xFE, 0x00, 0x3F, 0x80, 0x0F, 0xE0, 0x03, 0xF8, 0x00, 0xFE, 0x00,
    0x3F, 0x80, 0x0F, 0xE0, 0x03, 0xF8, 0x00, 0xFE, 0x00, 0x3F, 0x80, 0x0F, 0xE0, 0x03, 0xF8, 0x00,
    0xFE, 0x00, 0x3F, 0x80, 0x0F, 0xE0, 0x00, 0x00, 0x1F, 0x07, 0xC7, 0xE1, 0xFB, 0xF8, 0xFE, 0xFE,
    0x3F, 0x9F, 0x87, 0xE7, 0xC1, 0xF0, 0x00, 0x00, 0x00, 0x00, 0x00, 0x00, 0x00, 0x00, 0x00, 0x0F,
    0xE0, 0x03, 0xF8, 0x00, 0xFE, 0x00, 0x3F, 0x80, 0x0F, 0xE0, 0x03, 0xF8, 0x00, 0xFE, 0x00, 0x3F,
    0x80, 0x0F, 0xE0, 0x03, 0xF8, 0x00, 0xFE, 0x00, 0x3F, 0x80, 0x0F, 0xE0, 0x03, 0xF8, 0x00, 0xFE,
    0x00, 0x3F, 0x80, 0x0F, 0xE0, 0x03, 0xF8, 0x00, 0xFE, 0x00, 0x3F, 0x80, 0x0F, 0xE0, 0x03, 0xF8,
    0x00, 0xFE, 0x00, 0x3F, 0x80, 0x0F, 0xE0, 0x03, 0xF8, 0x00, 0xFE, 0x00, 0x3F, 0x80, 0x0F, 0xE0,
    0x03, 0xF8, 0x00, 0xFE, 0x00, 0x3F, 0x80, 0x0F, 0xE0, 0x00, 0x00, 0x00, 0x00, 0x03, 0xFF, 0xFF,
    0x00, 0x01, 0xFF, 0xFF, 0xE0, 0x00, 0xFF, 0xFF, 0xFC, 0x00, 0x7F, 0xFF, 0xFF, 0x00, 0x3F, 0xFF,
    0xFF, 0xC0, 0x1F, 0xC0, 0xFF, 0xF0, 0x0F, 0xE0, 0x0F, 0xF8, 0x07, 0xF0, 0x01, 0xFE, 0x03, 0xF8,
    0x00, 0x7F, 0x01, 0xFC, 0x00, 0x1F, 0xC0, 0xFE, 0x00, 0x0F, 0xE0, 0x7F, 0x00, 0x07, 0xF0, 0x3F,
    0x80, 0x01, 0xFC, 0x1F, 0xC0, 0x00, 0xFF, 0xFF, 0xFF, 0x80, 0x7F, 0xFF, 0xFF, 0xC0, 0x3F, 0xFF,
    0xFF, 0xE0, 0x1F, 0xFF, 0xFF, 0xF0, 0x0F, 0xFF, 0xFF, 0xF8, 0x07, 0xF0, 0x7F, 0x00, 0x03, 0xF8,
    0x3F, 0x80, 0x01, 0xFC, 0x1F, 0xC0, 0x01, 0xFC, 0x0F, 0xE0, 0x00, 0xFE, 0x07, 0xF0, 0x00, 0xFF,
    0x03, 0xF8, 0x00, 0x7F, 0x01, 0xFC, 0x00, 0xFF, 0x80, 0xFE, 0x01, 0xFF, 0x80, 0x7F, 0xFF, 0xFF,
    0x80, 0x3F, 0xFF, 0xFF, 0xC0, 0x1F, 0xFF, 0xFF, 0x80, 0x0F, 0xFF, 0xFF, 0x80, 0x07, 0xFF, 0xFF,
    0x00, 0x03, 0xFF, 0xFC, 0x00, 0x00, 0x00, 0x00, 0x00, 0x00, 0x00, 0xF8, 0x78, 0x00, 0x07, 0xF1,
    0xE0, 0x00, 0x3F, 0xFF, 0x80, 0x00, 0xFF, 0xFC, 0x00, 0x03, 0xC7, 0xF0, 0x00, 0x0E, 0x0F, 0x00,
    0x00, 0x00, 0x00, 0x00, 0x00, 0x00, 0x00, 0x00, 0x00, 0x00, 0x00, 0x00, 0x00, 0x00, 0x00, 0x1F,
    0xE0, 0x00, 0xFE, 0x7F, 0x80, 0x03, 0xF9, 0xFF, 0x00, 0x0F, 0xE7, 0xFE, 0x00, 0x3F, 0x9F, 0xF8,
    0x00, 0xFE, 0x7F, 0xF0, 0x03, 0xF9, 0xFF, 0xE0, 0x0F, 0xE7, 0xFF, 0x80, 0x3F, 0x9F, 0xFF, 0x00,
    0xFE, 0x7E, 0xFC, 0x03, 0xF9, 0xFB, 0xF8, 0x0F, 0xE7, 0xF7, 0xF0, 0x3F, 0x9F, 0xDF, 0xC0, 0xFE,
    0x7F, 0x3F, 0x83, 0xF9, 0xFC, 0xFF, 0x0F, 0xE7, 0xF1, 0xFC, 0x3F, 0x9F, 0xC3, 0xF8, 0xFE, 0x7F,
    0x0F, 0xE3, 0xF9, 0xFC, 0x1F, 0xCF, 0xE7, 0xF0, 0x7F, 0x9F, 0x9F, 0xC0, 0xFE, 0x7E, 0x7F, 0x01,
    0xFD, 0xF9, 0xFC, 0x07, 0xF7, 0xE7, 0xF0, 0x0F, 0xFF, 0x9F, 0xC0, 0x1F, 0xFE, 0x7F, 0x00, 0x7F,
    0xF9, 0xFC, 0x00, 0xFF, 0xE7, 0xF0, 0x03, 0xFF, 0x9F, 0xC0, 0x07, 0xFE, 0x7F, 0x00, 0x0F, 0xF9,
    0xFC, 0x00, 0x3F, 0xE7, 0xF0, 0x00, 0x7F, 0x9F, 0xC0, 0x00, 0xFE, 0x00, 0x00, 0x00, 0x00, 0x00,
    0x3F, 0x80, 0x00, 0x00, 0x07, 0xE0, 0x00, 0x00, 0x01, 0xF0, 0x00, 0x00, 0x00, 0xFC, 0x00, 0x00,
    0x00, 0x3E, 0x00, 0x00, 0x00, 0x0F, 0x80, 0x00, 0x00, 0x03, 0xC0, 0x00, 0x00, 0x00, 0x00, 0x00,
    0x00, 0x00, 0x00, 0x00, 0x00, 0x03, 0xFC, 0x00, 0x00, 0x07, 0xFF, 0xC0, 0x00, 0x0F, 0xFF, 0xF8,
    0x00, 0x1F, 0xFF, 0xFE, 0x00, 0x1F, 0xFF, 0xFF, 0xC0, 0x0F, 0xFF, 0xFF, 0xE0, 0x0F, 0xFC, 0x1F,
    0xF8, 0x0F, 0xF8, 0x03, 0xFE, 0x07, 0xF8, 0x00, 0xFF, 0x07, 0xF8, 0x00, 0x3F, 0xC3, 0xF8, 0x00,
    0x0F, 0xE3, 0xFC, 0x00, 0x07, 0xF1, 0xFC, 0x00, 0x01, 0xFC, 0xFE, 0x00, 0x00, 0xFE, 0x7F, 0x00,
    0x00, 0x7F, 0x3F, 0x80, 0x00, 0x3F, 0x9F, 0xC0, 0x00, 0x1F, 0xCF, 0xE0, 0x00, 0x0F, 0xE7, 0xF0,
    0x00, 0x07, 0xF3, 0xF8, 0x00, 0x03, 0xF9, 0xFC, 0x00, 0x01, 0xFC, 0xFE, 0x00, 0x00, 0xFE, 0x7F,
    0x00, 0x00, 0xFF, 0x1F, 0xC0, 0x00, 0x7F, 0x0F, 0xE0, 0x00, 0x7F, 0x87, 0xF8, 0x00, 0x3F, 0xC1,
    0xFE, 0x00, 0x3F, 0xC0, 0xFF, 0xC0, 0x7F, 0xC0, 0x3F, 0xFF, 0xFF, 0xE0, 0x0F, 0xFF, 0xFF, 0xE0,
    0x03, 0xFF, 0xFF, 0xE0, 0x00, 0xFF, 0xFF, 0xE0, 0x00, 0x1F, 0xFF, 0xC0, 0x00, 0x03, 0xFF, 0x80,
    0x00, 0x00, 0x10, 0x00, 0x00, 0x00, 0x00, 0x00, 0x00, 0x00, 0x00, 0x3F, 0x80, 0x00, 0x00, 0x3F,
    0x00, 0x00, 0x00, 0x1F, 0x00, 0x00, 0x00, 0x1F, 0x80, 0x00, 0x00, 0x0F, 0x80, 0x00, 0x00, 0x0F,
    0x80, 0x00, 0x00, 0x07, 0x80, 0x00, 0x00, 0x00, 0x00, 0x00, 0x00, 0x00, 0x00, 0x00, 0x00, 0x03,
    0xFC, 0x00, 0x00, 0x07, 0xFF, 0xC0, 0x00, 0x0F, 0xFF, 0xF8, 0x00, 0x1F, 0xFF, 0xFE, 0x00, 0x1F,
    0xFF, 0xFF, 0xC0, 0x0F, 0xFF, 0xFF, 0xE0, 0x0F, 0xFC, 0x1F, 0xF8, 0x0F, 0xF8, 0x03, 0xFE, 0x07,
    0xF8, 0x00, 0xFF, 0x07, 0xF8, 0x00, 0x3F, 0xC3, 0xF8, 0x00, 0x0F, 0xE3, 0xFC, 0x00, 0x07, 0xF1,
    0xFC, 0x00, 0x01, 0xFC, 0xFE, 0x00, 0x00, 0xFE, 0x7F, 0x00, 0x00, 0x7F, 0x3F, 0x80, 0x00, 0x3F,
    0x9F, 0xC0, 0x00, 0x1F, 0xCF, 0xE0, 0x00, 0x0F, 0xE7, 0xF0, 0x00, 0x07, 0xF3, 0xF8, 0x00, 0x03,
    0xF9, 0xFC, 0x00, 0x01, 0xFC, 0xFE, 0x00, 0x00, 0xFE, 0x7F, 0x00, 0x00, 0xFF, 0x1F, 0xC0, 0x00,
    0x7F, 0x0F, 0xE0, 0x00, 0x7F, 0x87, 0xF8, 0x00, 0x3F, 0xC1, 0xFE, 0x00, 0x3F, 0xC0, 0xFF, 0xC0,
    0x7F, 0xC0, 0x3F, 0xFF, 0xFF, 0xE0, 0x0F, 0xFF, 0xFF, 0xE0, 0x03, 0xFF, 0xFF, 0xE0, 0x00, 0xFF,
    0xFF, 0xE0, 0x00, 0x1F, 0xFF, 0xC0, 0x00, 0x03, 0xFF, 0x80, 0x00, 0x00, 0x10, 0x00, 0x00, 0x00,
    0x00, 0x00, 0x00, 0x00, 0x03, 0xF8, 0x00, 0x00, 0x01, 0xFE, 0x00, 0x00, 0x01, 0xFF, 0x80, 0x00,
    0x01, 0xF3, 0xE0, 0x00, 0x01, 0xF1, 0xF8, 0x00, 0x01, 0xF8, 0x7E, 0x00, 0x01, 0x00, 0x00, 0x00,
    0x00, 0x00, 0x00, 0x00, 0x00, 0x00, 0x00, 0x00, 0x00, 0x03, 0xFC, 0x00, 0x00, 0x07, 0xFF, 0xC0,
    0x00, 0x0F, 0xFF, 0xF8, 0x00, 0x1F, 0xFF, 0xFE, 0x00, 0x1F, 0xFF, 0xFF, 0xC0, 0x0F, 0xFF, 0xFF,
    0xE0, 0x0F, 0xFC, 0x1F, 0xF8, 0x0F, 0xF8, 0x03, 0xFE, 0x07, 0xF8, 0x00, 0xFF, 0x07, 0xF8, 0x00,
    0x3F, 0xC3, 0xF8, 0x00, 0x0F, 0xE3, 0xFC, 0x00, 0x07, 0xF1, 0xFC, 0x00, 0x01, 0xFC, 0xFE, 0x00,
    0x00, 0xFE, 0x7F, 0x00, 0x00, 0x7F, 0x3F, 0x80, 0x00, 0x3F, 0x9F, 0xC0, 0x00, 0x1F, 0xCF, 0xE0,
    0x00, 0x0F, 0xE7, 0xF0, 0x00, 0x07, 0xF3, 0xF8, 0x00, 0x03, 0xF9, 0xFC, 0x00, 0x01, 0xFC, 0xFE,
    0x00, 0x00, 0xFE, 0x7F, 0x00, 0x00, 0xFF, 0x1F, 0xC0, 0x00, 0x7F, 0x0F, 0xE0, 0x00, 0x7F, 0x87,
    0xF8, 0x00, 0x3F, 0xC1, 0xFE, 0x00, 0x3F, 0xC0, 0xFF, 0xC0, 0x7F, 0xC0, 0x3F, 0xFF, 0xFF, 0xE0,
    0x0F, 0xFF, 0xFF, 0xE0, 0x03, 0xFF, 0xFF, 0xE0, 0x00, 0xFF, 0xFF, 0xE0, 0x00, 0x1F, 0xFF, 0xC0,
    0x00, 0x03, 0xFF, 0x80, 0x00, 0x00, 0x10, 0x00, 0x00, 0x00, 0x00, 0x00, 0x00, 0x00, 0x0F, 0x87,
    0x80, 0x00, 0x0F, 0xE3, 0xC0, 0x00, 0x0F, 0xFF, 0xE0, 0x00, 0x07, 0xFF, 0xE0, 0x00, 0x03, 0xC7,
    0xF0, 0x00, 0x01, 0xC1, 0xE0, 0x00, 0x00, 0x00, 0x00, 0x00, 0x00, 0x00, 0x00, 0x00, 0x00, 0x00,
    0x00, 0x00, 0x00, 0x03, 0xFC, 0x00, 0x00, 0x07, 0xFF, 0xC0, 0x00, 0x0F, 0xFF, 0xF8, 0x00, 0x1F,
    0xFF, 0xFE, 0x00, 0x1F, 0xFF, 0xFF, 0xC0, 0x0F, 0xFF, 0xFF, 0xE0, 0x0F, 0xFC, 0x1F, 0xF8, 0x0F,
    0xF8, 0x03, 0xFE, 0x07, 0xF8, 0x00, 0xFF, 0x07, 0xF8, 0x00, 0x3F, 0xC3, 0xF8, 0x00, 0x0F, 0xE3,
    0xFC, 0x00, 0x07, 0xF1, 0xFC, 0x00, 0x01, 0xFC, 0xFE, 0x00, 0x00, 0xFE, 0x7F, 0x00, 0x00, 0x7F,
    0x3F, 0x80, 0x00, 0x3F, 0x9F, 0xC0, 0x00, 0x1F, 0xCF, 0xE0, 0x00, 0x0F, 0xE7, 0xF0, 0x00, 0x07,
    0xF3, 0xF8, 0x00, 0x03, 0xF9, 0xFC, 0x00, 0x01, 0xFC, 0xFE, 0x00, 0x00, 0xFE, 0x7F, 0x00, 0x00,
    0xFF, 0x1F, 0xC0, 0x00, 0x7F, 0x0F, 0xE0, 0x00, 0x7F, 0x87, 0xF8, 0x00, 0x3F, 0xC1, 0xFE, 0x00,
    0x3F, 0xC0, 0xFF, 0xC0, 0x7F, 0xC0, 0x3F, 0xFF, 0xFF, 0xE0, 0x0F, 0xFF, 0xFF, 0xE0, 0x03, 0xFF,
    0xFF, 0xE0, 0x00, 0xFF, 0xFF, 0xE0, 0x00, 0x1F, 0xFF, 0xC0, 0x00, 0x03, 0xFF, 0x80, 0x00, 0x00,
    0x10, 0x00, 0x00, 0x00, 0x00, 0x00, 0x00, 0x00, 0x3E, 0x0F, 0x80, 0x00, 0x1F, 0x87, 0xE0, 0x00,
    0x1F, 0xC7, 0xF0, 0x00, 0x0F, 0xE3, 0xF8, 0x00, 0x03, 0xF0, 0xFC, 0x00, 0x01, 0xF0, 0x7C, 0x00,
    0x00, 0x00, 0x00, 0x00, 0x00, 0x00, 0x00, 0x00, 0x00, 0x00, 0x00, 0x00, 0x00, 0x03, 0xFC, 0x00,
    0x00, 0x07, 0xFF, 0xC0, 0x00, 0x0F, 0xFF, 0xF8, 0x00, 0x1F, 0xFF, 0xFE, 0x00, 0x1F, 0xFF, 0xFF,
    0xC0, 0x0F, 0xFF, 0xFF, 0xE0, 0x0F, 0xFC, 0x1F, 0xF8, 0x0F, 0xF8, 0x03, 0xFE, 0x07, 0xF8, 0x00,
    0xFF, 0x07, 0xF8, 0x00, 0x3F, 0xC3, 0xF8, 0x00, 0x0F, 0xE3, 0xFC, 0x00, 0x07, 0xF1, 0xFC, 0x00,
    0x01, 0xFC, 0xFE, 0x00, 0x00, 0xFE, 0x7F, 0x00, 0x00, 0x7F, 0x3F, 0x80, 0x00, 0x3F, 0x9F, 0xC0,
    0x00, 0x1F, 0xCF, 0xE0, 0x00, 0x0F, 0xE7, 0xF0, 0x00, 0x07, 0xF3, 0xF8, 0x00, 0x03, 0xF9, 0xFC,
    0x00, 0x01, 0xFC, 0xFE, 0x00, 0x00, 0xFE, 0x7F, 0x00, 0x00, 0xFF, 0x1F, 0xC0, 0x00, 0x7F, 0x0F,
    0xE0, 0x00, 0x7F, 0x87, 0xF8, 0x00, 0x3F, 0xC1, 0xFE, 0x00, 0x3F, 0xC0, 0xFF, 0xC0, 0x7F, 0xC0,
    0x3F, 0xFF, 0xFF, 0xE0, 0x0F, 0xFF, 0xFF, 0xE0, 0x03, 0xFF, 0xFF, 0xE0, 0x00, 0xFF, 0xFF, 0xE0,
    0x00, 0x1F, 0xFF, 0xC0, 0x00, 0x03, 0xFF, 0x80, 0x00, 0x00, 0x10, 0x00, 0x00, 0x00, 0x00, 0x00,
    0x04, 0x00, 0x0C, 0x07, 0x00, 0x0F, 0x07, 0xC0, 0x0F, 0xC7, 0xF0, 0x0F, 0xF3, 0xFC, 0x0F, 0xF8,
    0xFF, 0x0F, 0xF8, 0x3F, 0xCF, 0xF8, 0x0F, 0xFF, 0xF8, 0x03, 0xFF, 0xF8, 0x00, 0xFF, 0xF8, 0x00,
    0x3F, 0xF8, 0x00, 0x0F, 0xF8, 0x00, 0x0F, 0xFC, 0x00, 0x0F, 0xFF, 0x00, 0x0F, 0xFF, 0xC0, 0x0F,
    0xFF, 0xF0, 0x0F, 0xFB, 0xFC, 0x0F, 0xF8, 0xFF, 0x0F, 0xF8, 0x3F, 0xC7, 0xF8, 0x0F, 0xF1, 0xF8,
    0x03, 0xF0, 0x78, 0x00, 0xF0, 0x18, 0x00, 0x30, 0x00, 0x00, 0x00, 0x00, 0x00, 0x00, 0x00, 0x08,
    0x00, 0x07, 0xF8, 0x0E, 0x00, 0x0F, 0xFF, 0x8F, 0x80, 0x1F, 0xFF, 0xFF, 0xE0, 0x3F, 0xFF, 0xFF,
    0xC0, 0x3F, 0xFF, 0xFF, 0xE0, 0x1F, 0xFF, 0xFF, 0xE0, 0x1F, 0xF8, 0x3F, 0xF0, 0x1F, 0xF0, 0x07,
    0xFC, 0x0F, 0xF0, 0x03, 0xFE, 0x0F, 0xF0, 0x03, 0xFF, 0x87, 0xF0, 0x03, 0xFF, 0xC7, 0xF8, 0x03,
    0xFF, 0xE3, 0xF8, 0x03, 0xF3, 0xF9, 0xFC, 0x01, 0xF1, 0xFC, 0xFE, 0x01, 0xF8, 0xFE, 0x7F, 0x01,
    0xF8, 0x7F, 0x3F, 0x81, 0xF8, 0x3F, 0x9F, 0xC1, 0xF8, 0x1F, 0xCF, 0xE0, 0xFC, 0x0F, 0xE7, 0xF0,
    0xFC, 0x07, 0xF3, 0xF8, 0xFC, 0x03, 0xF9, 0xFC, 0xFC, 0x01, 0xFC, 0xFE, 0x7C, 0x01, 0xFE, 0x3F,
    0xFE, 0x00, 0xFE, 0x1F, 0xFE, 0x00, 0xFF, 0x0F, 0xFE, 0x00, 0x7F, 0x83, 0xFE, 0x00, 0x7F, 0x81,
    0xFF, 0x80, 0xFF, 0x80, 0x7F, 0xFF, 0xFF, 0xC0, 0x3F, 0xFF, 0xFF, 0xC0, 0x3F, 0xFF, 0xFF, 0xC0,
    0x3F, 0xFF, 0xFF, 0xC0, 0x1F, 0x3F, 0xFF, 0x80, 0x1F, 0x87, 0xFF, 0x00, 0x01, 0x80, 0x20, 0x00,
    0x00, 0x80, 0x00, 0x00, 0x00, 0x00, 0x00, 0x00, 0x00, 0x0F, 0xE0, 0x00, 0x00, 0x1F, 0x80, 0x00,
    0x00, 0x7C, 0x00, 0x00, 0x03, 0xF0, 0x00, 0x00, 0x0F, 0x80, 0x00, 0x00, 0x3E, 0x00, 0x00, 0x00,
    0xF0, 0x00, 0x00, 0x00, 0x00, 0x00, 0x00, 0x00, 0x00, 0x00, 0x00, 0x00, 0x00, 0xFE, 0x00, 0x0F,
    0xE7, 0xF0, 0x00, 0x7F, 0x3F, 0x80, 0x03, 0xF9, 0xFC, 0x00, 0x1F, 0xCF, 0xE0, 0x00, 0xFE, 0x7F,
    0x00, 0x07, 0xF3, 0xF8, 0x00, 0x3F, 0x9F, 0xC0, 0x01, 0xFC, 0xFE, 0x00, 0x0F, 0xE7, 0xF0, 0x00,
    0x7F, 0x3F, 0x80, 0x03, 0xF9, 0xFC, 0x00, 0x1F, 0xCF, 0xE0, 0x00, 0xFE, 0x7F, 0x00, 0x07, 0xF3,
    0xF8, 0x00, 0x3F, 0x9F, 0xC0, 0x01, 0xFC, 0xFE, 0x00, 0x0F, 0xE7, 0xF0, 0x00, 0x7F, 0x3F, 0x80,
    0x03, 0xF9, 0xFC, 0x00, 0x1F, 0xCF, 0xE0, 0x00, 0xFE, 0x7F, 0x00, 0x07, 0xF3, 0xF8, 0x00, 0x3F,
    0x9F, 0xC0, 0x01, 0xFC, 0xFF, 0x00, 0x1F, 0xE7, 0xF8, 0x00, 0xFF, 0x1F, 0xF0, 0x1F, 0xF0, 0xFF,
    0xFF, 0xFF, 0x83, 0xFF, 0xFF, 0xF8, 0x0F, 0xFF, 0xFF, 0x80, 0x3F, 0xFF, 0xF8, 0x00, 0xFF, 0xFF,
    0x80, 0x00, 0xFF, 0xE0, 0x00, 0x00, 0x20, 0x00, 0x00, 0x00, 0x00, 0x00, 0x00, 0x00, 0x0F, 0xE0,
    0x00, 0x00, 0xFC, 0x00, 0x00, 0x07, 0xC0, 0x00, 0x00, 0x7E, 0x00, 0x00, 0x03, 0xE0, 0x00, 0x00,
    0x3E, 0x00, 0x00, 0x01, 0xE0, 0x00, 0x00, 0x00, 0x00, 0x00, 0x00, 0x00, 0x00, 0x00, 0x00, 0x00,
    0x00, 0xFE, 0x00, 0x0F, 0xE7, 0xF0, 0x00, 0x7F, 0x3F, 0x80, 0x03, 0xF9, 0xFC, 0x00, 0x1F, 0xCF,
    0xE0, 0x00, 0xFE, 0x7F, 0x00, 0x07, 0xF3, 0xF8, 0x00, 0x3F, 0x9F, 0xC0, 0x01, 0xFC, 0xFE, 0x00,
    0x0F, 0xE7, 0xF0, 0x00, 0x7F, 0x3F, 0x80, 0x03, 0xF9, 0xFC, 0x00, 0x1F, 0xCF, 0xE0, 0x00, 0xFE,
    0x7F, 0x00, 0x07, 0xF3, 0xF8, 0x00, 0x3F, 0x9F, 0xC0, 0x01, 0xFC, 0xFE, 0x00, 0x0F, 0xE7, 0xF0,
    0x00, 0x7F, 0x3F, 0x80, 0x03, 0xF9, 0xFC, 0x00, 0x1F, 0xCF, 0xE0, 0x00, 0xFE, 0x7F, 0x00, 0x07,
    0xF3, 0xF8, 0x00, 0x3F, 0x9F, 0xC0, 0x01, 0xFC, 0xFF, 0x00, 0x1F, 0xE7, 0xF8, 0x00, 0xFF, 0x1F,
    0xF0, 0x1F, 0xF0, 0xFF, 0xFF, 0xFF, 0x83, 0xFF, 0xFF, 0xF8, 0x0F, 0xFF, 0xFF, 0x80, 0x3F, 0xFF,
    0xF8, 0x00, 0xFF, 0xFF, 0x80, 0x00, 0xFF, 0xE0, 0x00, 0x00, 0x20, 0x00, 0x00, 0x00, 0x00, 0x00,
    0x00, 0x00, 0xFE, 0x00, 0x00, 0x07, 0xF8, 0x00, 0x00, 0x7F, 0xE0, 0x00, 0x07, 0xCF, 0x80, 0x00,
    0x7C, 0x7E, 0x00, 0x07, 0xE1, 0xF8, 0x00, 0x40, 0x00, 0x00, 0x00, 0x00, 0x00, 0x00, 0x00, 0x00,
    0x00, 0x00, 0x00, 0x00, 0x00, 0xFE, 0x00, 0x0F, 0xE7, 0xF0, 0x00, 0x7F, 0x3F, 0x80, 0x03, 0xF9,
    0xFC, 0x00, 0x1F, 0xCF, 0xE0, 0x00, 0xFE, 0x7F, 0x00, 0x07, 0xF3, 0xF8, 0x00, 0x3F, 0x9F, 0xC0,
    0x01, 0xFC, 0xFE, 0x00, 0x0F, 0xE7, 0xF0, 0x00, 0x7F, 0x3F, 0x80, 0x03, 0xF9, 0xFC, 0x00, 0x1F,
    0xCF, 0xE0, 0x00, 0xFE, 0x7F, 0x00, 0x07, 0xF3, 0xF8, 0x00, 0x3F, 0x9F, 0xC0, 0x01, 0xFC, 0xFE,
    0x00, 0x0F, 0xE7, 0xF0, 0x00, 0x7F, 0x3F, 0x80, 0x03, 0xF9, 0xFC, 0x00, 0x1F, 0xCF, 0xE0, 0x00,
    0xFE, 0x7F, 0x00, 0x07, 0xF3, 0xF8, 0x00, 0x3F, 0x9F, 0xC0, 0x01, 0xFC, 0xFF, 0x00, 0x1F, 0xE7,
    0xF8, 0x00, 0xFF, 0x1F, 0xF0, 0x1F, 0xF0, 0xFF, 0xFF, 0xFF, 0x83, 0xFF, 0xFF, 0xF8, 0x0F, 0xFF,
    0xFF, 0x80, 0x3F, 0xFF, 0xF8, 0x00, 0xFF, 0xFF, 0x80, 0x00, 0xFF, 0xE0, 0x00, 0x00, 0x20, 0x00,
    0x00, 0x00, 0x00, 0x00, 0x00, 0x0F, 0x83, 0xE0, 0x00, 0x7E, 0x1F, 0x80, 0x07, 0xF1, 0xFC, 0x00,
    0x3F, 0x8F, 0xE0, 0x00, 0xFC, 0x3F, 0x00, 0x07, 0xC1, 0xF0, 0x00, 0x00, 0x00, 0x00, 0x00, 0x00,
    0x00, 0x00, 0x00, 0x00, 0x00, 0x00, 0x00, 0x00, 0x00, 0xFE, 0x00, 0x0F, 0xE7, 0xF0, 0x00, 0x7F,
    0x3F, 0x80, 0x03, 0xF9, 0xFC, 0x00, 0x1F, 0xCF, 0xE0, 0x00, 0xFE, 0x7F, 0x00, 0x07, 0xF3, 0xF8,
    0x00, 0x3F, 0x9F, 0xC0, 0x01, 0xFC, 0xFE, 0x00, 0x0F, 0xE7, 0xF0, 0x00, 0x7F, 0x3F, 0x80, 0x03,
    0xF9, 0xFC, 0x00, 0x1F, 0xCF, 0xE0, 0x00, 0xFE, 0x7F, 0x00, 0x07, 0xF3, 0xF8, 0x00, 0x3F, 0x9F,
    0xC0, 0x01, 0xFC, 0xFE, 0x00, 0x0F, 0xE7, 0xF0, 0x00, 0x7F, 0x3F, 0x80, 0x03, 0xF9, 0xFC, 0x00,
    0x1F, 0xCF, 0xE0, 0x00, 0xFE, 0x7F, 0x00, 0x07, 0xF3, 0xF8, 0x00, 0x3F, 0x9F, 0xC0, 0x01, 0xFC,
    0xFF, 0x00, 0x1F, 0xE7, 0xF8, 0x00, 0xFF, 0x1F, 0xF0, 0x1F, 0xF0, 0xFF, 0xFF, 0xFF, 0x83, 0xFF,
    0xFF, 0xF8, 0x0F, 0xFF, 0xFF, 0x80, 0x3F, 0xFF, 0xF8, 0x00, 0xFF, 0xFF, 0x80, 0x00, 0xFF, 0xE0,
    0x00, 0x00, 0x20, 0x00, 0x00, 0x00, 0x00, 0x00, 0x00, 0x00, 0x00, 0x7F, 0x00, 0x00, 0x00, 0xFC,
    0x00, 0x00, 0x00, 0xF8, 0x00, 0x00, 0x01, 0xF8, 0x00, 0x00, 0x01, 0xF0, 0x00, 0x00, 0x03, 0xE0,
    0x00, 0x00, 0x03, 0xC0, 0x00, 0x00, 0x00, 0x00, 0x00, 0x00, 0x00, 0x00, 0x00, 0x00, 0x00, 0x00,
    0x00, 0x7F, 0x80, 0x00, 0xFF, 0x3F, 0xC0, 0x01, 0xFE, 0x3F, 0xC0, 0x03, 0xFC, 0x1F, 0xE0, 0x03,
    0xFC, 0x0F, 0xE0, 0x07, 0xF8, 0x0F, 0xF0, 0x07, 0xF8, 0x07, 0xF0, 0x0F, 0xF0, 0x07, 0xF8, 0x0F,
    0xE0, 0x03, 0xFC, 0x1F, 0xE0, 0x01, 0xFC, 0x1F, 0xC0, 0x01, 0xFE, 0x3F, 0xC0, 0x00, 0xFE, 0x3F,
    0x80, 0x00, 0xFF, 0x7F, 0x00, 0x00, 0x7F, 0x7F, 0x00, 0x00, 0x7F, 0xFE, 0x00, 0x00, 0x3F, 0xFE,
    0x00, 0x00, 0x1F, 0xFC, 0x00, 0x00, 0x1F, 0xF8, 0x00, 0x00, 0x0F, 0xF8, 0x00, 0x00, 0x0F, 0xF0,
    0x00, 0x00, 0x07, 0xF0, 0x00, 0x00, 0x07, 0xF0, 0x00, 0x00, 0x07, 0xF0, 0x00, 0x00, 0x07, 0xF0,
    0x00, 0x00, 0x07, 0xF0, 0x00, 0x00, 0x07, 0xF0, 0x00, 0x00, 0x07, 0xF0, 0x00, 0x00, 0x07, 0xF0,
    0x00, 0x00, 0x07, 0xF0, 0x00, 0x00, 0x07, 0xF0, 0x00, 0x00, 0x07, 0xF0, 0x00, 0x00, 0x07, 0xF0,
    0x00, 0x00, 0x07, 0xF0, 0x00, 0x00, 0x00, 0x00, 0x3F, 0x00, 0x00, 0x1F, 0x80, 0x00, 0x0F, 0xC0,
    0x00, 0x07, 0xE0, 0x00, 0x03, 0xF0, 0x00, 0x01, 0xF8, 0x00, 0x00, 0xFF, 0xFF, 0x80, 0x7F, 0xFF,
    0xF0, 0x3F, 0xFF, 0xFC, 0x1F, 0xFF, 0xFF, 0x8F, 0xFF, 0xFF, 0xC7, 0xE0, 0x1F, 0xF3, 0xF0, 0x03,
    0xF9, 0xF8, 0x00, 0xFE, 0xFC, 0x00, 0x7F, 0x7E, 0x00, 0x3F, 0xBF, 0x00, 0x1F, 0xDF, 0x80, 0x0F,
    0xEF, 0xC0, 0x07, 0xF7, 0xE0, 0x07, 0xF3, 0xF0, 0x0F, 0xF9, 0xFF, 0xFF, 0xF8, 0xFF, 0xFF, 0xF8,
    0x7F, 0xFF, 0xF8, 0x3F, 0xFF, 0xF8, 0x1F, 0xFF, 0xE0, 0x0F, 0xC0, 0x00, 0x07, 0xE0, 0x00, 0x03,
    0xF0, 0x00, 0x01, 0xF8, 0x00, 0x00, 0xFC, 0x00, 0x00, 0x7E, 0x00, 0x00, 0x3F, 0x00, 0x00, 0x00,
    0x00, 0xFF, 0x00, 0x00, 0x7F, 0xFC, 0x00, 0x3F, 0xFF, 0xE0, 0x0F, 0xFF, 0xFE, 0x03, 0xFF, 0xFF,
    0xC0, 0x7F, 0xFF, 0xFC, 0x1F, 0xE0, 0x7F, 0x83, 0xF8, 0x07, 0xF8, 0x7F, 0x00, 0x7F, 0x0F, 0xE0,
    0x0F, 0xE1, 0xF8, 0x01, 0xFC, 0x3F, 0x00, 0x3F, 0x87, 0xE0, 0x0F, 0xE0, 0xFC, 0x03, 0xFC, 0x1F,
    0x87, 0xFF, 0x03, 0xF0, 0xFF, 0x80, 0x7E, 0x1F, 0xE0, 0x0F, 0xC3, 0xFF, 0x81, 0xF8, 0x7F, 0xFC,
    0x3F, 0x0F, 0xFF, 0xC7, 0xE0, 0x07, 0xF8, 0xFC, 0x00, 0x7F, 0x9F, 0x80, 0x07, 0xF3, 0xF0, 0x00,
    0xFE, 0x7E, 0x00, 0x1F, 0xCF, 0xC0, 0x03, 0xF9, 0xF8, 0x00, 0x7F, 0x3F, 0x00, 0x1F, 0xE7, 0xE1,
    0xFF, 0xF8, 0xFC, 0x3F, 0xFF, 0x1F, 0x87, 0xFF, 0xC3, 0xF0, 0xFF, 0xF0, 0x7E, 0x1F, 0xFC, 0x0F,
    0xC3, 0xFC, 0x00, 0x00, 0x00, 0x00, 0x1F, 0xC0, 0x00, 0x0F, 0xC0, 0x00, 0x0F, 0x80, 0x00, 0x1F,
    0x80, 0x00, 0x1F, 0x00, 0x00, 0x1F, 0x00, 0x00, 0x1E, 0x00, 0x00, 0x00, 0x00, 0x00, 0x00, 0x00,
    0x01, 0xF8, 0x00, 0x1F, 0xFE, 0x00, 0xFF, 0xFF, 0x03, 0xFF, 0xFF, 0x0F, 0xFF, 0xFE, 0x1F, 0xE1,
    0xFE, 0x3F, 0x01, 0xFC, 0xFE, 0x01, 0xF8, 0x00, 0x03, 0xF0, 0x00, 0x0F, 0xE0, 0x01, 0xFF, 0xC0,
    0x7F, 0xFF, 0x87, 0xFF, 0xFF, 0x1F, 0xFF, 0xFE, 0x7F, 0xF8, 0xFC, 0xFF, 0x01, 0xF9, 0xF8, 0x03,
    0xF3, 0xF0, 0x07, 0xEF, 0xE0, 0x1F, 0xCF, 0xC0, 0x7F, 0x9F, 0xE3, 0xFF, 0x3F, 0xFF, 0xFE, 0x3F,
    0xFE, 0xFC, 0x3F, 0xF9, 0xF8, 0x3F, 0xE3, 0xF0, 0x00, 0x00, 0x00, 0x00, 0x00, 0x00, 0x00, 0x0F,
    0xE0, 0x00, 0x3F, 0x00, 0x00, 0x7C, 0x00, 0x01, 0xF8, 0x00, 0x03, 0xE0, 0x00, 0x0F, 0x80, 0x00,
    0x1E, 0x00, 0x00, 0x00, 0x00, 0x00, 0x00, 0x00, 0x01, 0xF8, 0x00, 0x1F, 0xFE, 0x00, 0xFF, 0xFF,
    0x03, 0xFF, 0xFF, 0x0F, 0xFF, 0xFE, 0x1F, 0xE1, 0xFE, 0x3F, 0x01, 0xFC, 0xFE, 0x01, 0xF8, 0x00,
    0x03, 0xF0, 0x00, 0x0F, 0xE0, 0x01, 0xFF, 0xC0, 0x7F, 0xFF, 0x87, 0xFF, 0xFF, 0x1F, 0xFF, 0xFE,
    0x7F, 0xF8, 0xFC, 0xFF, 0x01, 0xF9, 0xF8, 0x03, 0xF3, 0xF0, 0x07, 0xEF, 0xE0, 0x1F, 0xCF, 0xC0,
    0x7F, 0x9F, 0xE3, 0xFF, 0x3F, 0xFF, 0xFE, 0x3F, 0xFE, 0xFC, 0x3F, 0xF9, 0xF8, 0x3F, 0xE3, 0xF0,
    0x00, 0x00, 0x00, 0x00, 0x00, 0x00, 0x01, 0xFC, 0x00, 0x03, 0xFC, 0x00, 0x0F, 0xFC, 0x00, 0x3E,
    0x7C, 0x00, 0xF8, 0xFC, 0x03, 0xF0, 0xFC, 0x08, 0x00, 0x00, 0x00, 0x00, 0x00, 0x00, 0x00, 0x00,
    0x01, 0xF8, 0x00, 0x1F, 0xFE, 0x00, 0xFF, 0xFF, 0x03, 0xFF, 0xFF, 0x0F, 0xFF, 0xFE, 0x1F, 0xE1,
    0xFE, 0x3F, 0x01, 0xFC, 0xFE, 0x01, 0xF8, 0x00, 0x03, 0xF0, 0x00, 0x0F, 0xE0, 0x01, 0xFF, 0xC0,
    0x7F, 0xFF, 0x87, 0xFF, 0xFF, 0x1F, 0xFF, 0xFE, 0x7F, 0xF8, 0xFC, 0xFF, 0x01, 0xF9, 0xF8, 0x03,
    0xF3, 0xF0, 0x07, 0xEF, 0xE0, 0x1F, 0xCF, 0xC0, 0x7F, 0x9F, 0xE3, 0xFF, 0x3F, 0xFF, 0xFE, 0x3F,
    0xFE, 0xFC, 0x3F, 0xF9, 0xF8, 0x3F, 0xE3, 0xF0, 0x00, 0x00, 0x00, 0x00, 0x00, 0x00, 0x03, 0xE1,
    0xE0, 0x0F, 0xE3, 0xC0, 0x3F, 0xFF, 0x80, 0x7F, 0xFE, 0x00, 0xF1, 0xFC, 0x01, 0xC1, 0xE0, 0x00,
    0x00, 0x00, 0x00, 0x00, 0x00, 0x00, 0x00, 0x00, 0x01, 0xF8, 0x00, 0x1F, 0xFE, 0x00, 0xFF, 0xFF,
    0x03, 0xFF, 0xFF, 0x0F, 0xFF, 0xFE, 0x1F, 0xE1, 0xFE, 0x3F, 0x01, 0xFC, 0xFE, 0x01, 0xF8, 0x00,
    0x03, 0xF0, 0x00, 0x0F, 0xE0, 0x01, 0xFF, 0xC0, 0x7F, 0xFF, 0x87, 0xFF, 0xFF, 0x1F, 0xFF, 0xFE,
    0x7F, 0xF8, 0xFC, 0xFF, 0x01, 0xF9, 0xF8, 0x03, 0xF3, 0xF0, 0x07, 0xEF, 0xE0, 0x1F, 0xCF, 0xC0,
    0x7F, 0x9F, 0xE3, 0xFF, 0x3F, 0xFF, 0xFE, 0x3F, 0xFE, 0xFC, 0x3F, 0xF9, 0xF8, 0x3F, 0xE3, 0xF0,
    0x00, 0x00, 0x00, 0x00, 0x00, 0x00, 0x1F, 0x07, 0xC0, 0x3F, 0x0F, 0xC0, 0xFE, 0x3F, 0x81, 0xFC,
    0x7F, 0x01, 0xF8, 0x7E, 0x03, 0xE0, 0xF8, 0x00, 0x00, 0x00, 0x00, 0x00, 0x00, 0x00, 0x00, 0x00,
    0x01, 0xF8, 0x00, 0x1F, 0xFE, 0x00, 0xFF, 0xFF, 0x03, 0xFF, 0xFF, 0x0F, 0xFF, 0xFE, 0x1F, 0xE1,
    0xFE, 0x3F, 0x01, 0xFC, 0xFE, 0x01, 0xF8, 0x00, 0x03, 0xF0, 0x00, 0x0F, 0xE0, 0x01, 0xFF, 0xC0,
    0x7F, 0xFF, 0x87, 0xFF, 0xFF, 0x1F, 0xFF, 0xFE, 0x7F, 0xF8, 0xFC, 0xFF, 0x01, 0xF9, 0xF8, 0x03,
    0xF3, 0xF0, 0x07, 0xEF, 0xE0, 0x1F, 0xCF, 0xC0, 0x7F, 0x9F, 0xE3, 0xFF, 0x3F, 0xFF, 0xFE, 0x3F,
    0xFE, 0xFC, 0x3F, 0xF9, 0xF8, 0x3F, 0xE3, 0xF0, 0x00, 0x00, 0x00, 0x00, 0x00, 0x00, 0x00, 0xFC,
    0x00, 0x03, 0xFE, 0x00, 0x0F, 0xFC, 0x00, 0x1E, 0x3C, 0x00, 0x38, 0x38, 0x00, 0xF0, 0x70, 0x00,
    0xE1, 0xE0, 0x01, 0xE7, 0xC0, 0x03, 0xFF, 0x00, 0x03, 0xFC, 0x00, 0x01, 0xE0, 0x00, 0x00, 0x00,
    0x00, 0x0F, 0xC0, 0x00, 0xFF, 0xF0, 0x07, 0xFF, 0xF8, 0x1F, 0xFF, 0xF8, 0x7F, 0xFF, 0xF0, 0xFF,
    0x0F, 0xF1, 0xF8, 0x0F, 0xE7, 0xF0, 0x0F, 0xC0, 0x00, 0x1F, 0x80, 0x00, 0x7F, 0x00, 0x0F, 0xFE,
    0x03, 0xFF, 0xFC, 0x3F, 0xFF, 0xF8, 0xFF, 0xFF, 0xF3, 0xFF, 0xC7, 0xE7, 0xF8, 0x0F, 0xCF, 0xC0,
    0x1F, 0x9F, 0x80, 0x3F, 0x7F, 0x00, 0xFE, 0x7E, 0x03, 0xFC, 0xFF, 0x1F, 0xF9, 0xFF, 0xFF, 0xF1,
    0xFF, 0xF7, 0xE1, 0xFF, 0xCF, 0xC1, 0xFF, 0x1F, 0x80, 0x00, 0x00, 0x00, 0x00, 0x7E, 0x00, 0x7C,
    0x00, 0x07, 0xFF, 0x07, 0xFF, 0x00, 0x3F, 0xFF, 0xBF, 0xFF, 0x00, 0xFF, 0xFF, 0xFF, 0xFF, 0x03,
    0xFF, 0xFF, 0xFF, 0xFF, 0x07, 0xF8, 0x7F, 0xF8, 0xFF, 0x0F, 0xC0, 0x7F, 0xC0, 0x7F, 0x3F, 0x80,
    0x7F, 0x00, 0xFE, 0x00, 0x00, 0xFC, 0x00, 0xFC, 0x00, 0x01, 0xF8, 0x01, 0xF8, 0x01, 0xFF, 0xFF,
    0xFF, 0xF8, 0x3F, 0xFF, 0xFF, 0xFF, 0xF1, 0xFF, 0xFF, 0xFF, 0xFF, 0xE7, 0xFF, 0xFF, 0xFF, 0xFF,
    0xDF, 0xFF, 0xFF, 0xFF, 0xFF, 0xBF, 0x80, 0x7E, 0x00, 0x00, 0x7E, 0x00, 0xFC, 0x00, 0x00, 0xFC,
    0x01, 0xF8, 0x02, 0x03, 0xF8, 0x07, 0xF8, 0x03, 0xFB, 0xF0, 0x1F, 0xF8, 0x0F, 0xE7, 0xF8, 0xFF,
    0xFF, 0xFF, 0x8F, 0xFF, 0xFB, 0xFF, 0xFF, 0x0F, 0xFF, 0xE7, 0xFF, 0xFC, 0x0F, 0xFF, 0x83, 0xFF,
    0xF0, 0x0F, 0xFC, 0x03, 0xFF, 0x80, 0x00, 0x00, 0x00, 0x20, 0x00, 0x00, 0x3E, 0x00, 0x01, 0xFF,
    0xC0, 0x07, 0xFF, 0xF0, 0x0F, 0xFF, 0xF8, 0x1F, 0xFF, 0xFC, 0x3F, 0xFF, 0xFE, 0x3F, 0xC0, 0xFE,
    0x7F, 0x80, 0x7E, 0x7F, 0x00, 0x7F, 0x7F, 0x00, 0x70, 0x7F, 0x00, 0x00, 0x7E, 0x00, 0x00, 0x7E,
    0x00, 0x00, 0x7E, 0x00, 0x00, 0x7E, 0x00, 0x00, 0x7F, 0x00, 0x00, 0x7F, 0x00, 0x7F, 0x7F, 0x00,
    0x7F, 0x3F, 0x80, 0xFE, 0x3F, 0xC1, 0xFE, 0x1F, 0xFF, 0xFC, 0x1F, 0xFF, 0xFC, 0x0F, 0xFF, 0xF8,
    0x03, 0xFF, 0xF0, 0x01, 0xFF, 0xC0, 0x00, 0x1C, 0x00, 0x00, 0x1C, 0x00, 0x00, 0x1F, 0x80, 0x00,
    0x1F, 0xC0, 0x00, 0x01, 0xC0, 0x00, 0x01, 0xE0, 0x00, 0x03, 0xE0, 0x00, 0x3F, 0xC0, 0x00, 0x3F,
    0x80, 0x00, 0x00, 0x00, 0x00, 0x00, 0x00, 0x03, 0xF8, 0x00, 0x00, 0x7E, 0x00, 0x00, 0x1F, 0x00,
    0x00, 0x0F, 0xC0, 0x00, 0x03, 0xE0, 0x00, 0x00, 0xF8, 0x00, 0x00, 0x3C, 0x00, 0x00, 0x00, 0x00,
    0x00, 0x00, 0x00, 0x00, 0x0F, 0x80, 0x00, 0x3F, 0xF8, 0x00, 0x7F, 0xFF, 0x00, 0x7F, 0xFF, 0xC0,
    0x7F, 0xFF, 0xF0, 0x3F, 0xC7, 0xF8, 0x3F, 0x80, 0xFE, 0x1F, 0x80, 0x3F, 0x1F, 0xC0, 0x1F, 0xCF,
    0xC0, 0x07, 0xE7, 0xFF, 0xFF, 0xF3, 0xFF, 0xFF, 0xF9, 0xFF, 0xFF, 0xFC, 0xFF, 0xFF, 0xFE, 0x7F,
    0xFF, 0xFF, 0x3F, 0x00, 0x00, 0x1F, 0x80, 0x00, 0x0F, 0xE0, 0x00, 0x03, 0xF0, 0x07, 0xF1, 0xFC,
    0x07, 0xF0, 0x7F, 0xFF, 0xF8, 0x3F, 0xFF, 0xF8, 0x0F, 0xFF, 0xF8, 0x01, 0xFF, 0xF8, 0x00, 0x7F,
    0xF0, 0x00, 0x01, 0x00, 0x00, 0x00, 0x00, 0x00, 0x00, 0x03, 0xF8, 0x00, 0x03, 0xF0, 0x00, 0x01,
    0xF0, 0x00, 0x01, 0xF8, 0x00, 0x00, 0xF8, 0x00, 0x00, 0xF8, 0x00, 0x00, 0x78, 0x00, 0x00, 0x00,
    0x00, 0x00, 0x00, 0x00, 0x00, 0x0F, 0x80, 0x00, 0x3F, 0xF8, 0x00, 0x7F, 0xFF, 0x00, 0x7F, 0xFF,
    0xC0, 0x7F, 0xFF, 0xF0, 0x3F, 0xC7, 0xF8, 0x3F, 0x80, 0xFE, 0x1F, 0x80, 0x3F, 0x1F, 0xC0, 0x1F,
    0xCF, 0xC0, 0x07, 0xE7, 0xFF, 0xFF, 0xF3, 0xFF, 0xFF, 0xF9, 0xFF, 0xFF, 0xFC, 0xFF, 0xFF, 0xFE,
    0x7F, 0xFF, 0xFF, 0x3F, 0x00, 0x00, 0x1F, 0x80, 0x00, 0x0F, 0xE0, 0x00, 0x03, 0xF0, 0x07, 0xF1,
    0xFC, 0x07, 0xF0, 0x7F, 0xFF, 0xF8, 0x3F, 0xFF, 0xF8, 0x0F, 0xFF, 0xF8, 0x01, 0xFF, 0xF8, 0x00,
    0x7F, 0xF0, 0x00, 0x01, 0x00, 0x00, 0x00, 0x00, 0x00, 0x00, 0x7F, 0x00, 0x00, 0x3F, 0xC0, 0x00,
    0x3F, 0xF0, 0x00, 0x3E, 0x7C, 0x00, 0x3E, 0x3F, 0x00, 0x3F, 0x0F, 0xC0, 0x20, 0x00, 0x00, 0x00,
    0x00, 0x00, 0x00, 0x00, 0x00, 0x00, 0x0F, 0x80, 0x00, 0x3F, 0xF8, 0x00, 0x7F, 0xFF, 0x00, 0x7F,
    0xFF, 0xC0, 0x7F, 0xFF, 0xF0, 0x3F, 0xC7, 0xF8, 0x3F, 0x80, 0xFE, 0x1F, 0x80, 0x3F, 0x1F, 0xC0,
    0x1F, 0xCF, 0xC0, 0x07, 0xE7, 0xFF, 0xFF, 0xF3, 0xFF, 0xFF, 0xF9, 0xFF, 0xFF, 0xFC, 0xFF, 0xFF,
    0xFE, 0x7F, 0xFF, 0xFF, 0x3F, 0x00, 0x00, 0x1F, 0x80, 0x00, 0x0F, 0xE0, 0x00, 0x03, 0xF0, 0x07,
    0xF1, 0xFC, 0x07, 0xF0, 0x7F, 0xFF, 0xF8, 0x3F, 0xFF, 0xF8, 0x0F, 0xFF, 0xF8, 0x01, 0xFF, 0xF8,
    0x00, 0x7F, 0xF0, 0x00, 0x01, 0x00, 0x00, 0x00, 0x00, 0x00, 0x07, 0xC1, 0xF0, 0x03, 0xF0, 0xFC,
    0x03, 0xF8, 0xFE, 0x01, 0xFC, 0x7F, 0x00, 0x7E, 0x1F, 0x80, 0x3E, 0x0F, 0x80, 0x00, 0x00, 0x00,
    0x00, 0x00, 0x00, 0x00, 0x00, 0x00, 0x00, 0x0F, 0x80, 0x00, 0x3F, 0xF8, 0x00, 0x7F, 0xFF, 0x00,
    0x7F, 0xFF, 0xC0, 0x7F, 0xFF, 0xF0, 0x3F, 0xC7, 0xF8, 0x3F, 0x80, 0xFE, 0x1F, 0x80, 0x3F, 0x1F,
    0xC0, 0x1F, 0xCF, 0xC0, 0x07, 0xE7, 0xFF, 0xFF, 0xF3, 0xFF, 0xFF, 0xF9, 0xFF, 0xFF, 0xFC, 0xFF,
    0xFF, 0xFE, 0x7F, 0xFF, 0xFF, 0x3F, 0x00, 0x00, 0x1F, 0x80, 0x00, 0x0F, 0xE0, 0x00, 0x03, 0xF0,
    0x07, 0xF1, 0xFC, 0x07, 0xF0, 0x7F, 0xFF, 0xF8, 0x3F, 0xFF, 0xF8, 0x0F, 0xFF, 0xF8, 0x01, 0xFF,
    0xF8, 0x00, 0x7F, 0xF0, 0x00, 0x01, 0x00, 0x00, 0x00, 0x0F, 0xE0, 0x3F, 0x01, 0xF0, 0x1F, 0x80,
    0xF8, 0x07, 0xC0, 0x3C, 0x00, 0x00, 0x00, 0x00, 0x00, 0x7E, 0x07, 0xE0, 0x7E, 0x07, 0xE0, 0x7E,
    0x07, 0xE0, 0x7E, 0x07, 0xE0, 0x7E, 0x07, 0xE0, 0x7E, 0x07, 0xE0, 0x7E, 0x07, 0xE0, 0x7E, 0x07,
    0xE0, 0x7E, 0x07, 0xE0, 0x7E, 0x07, 0xE0, 0x7E, 0x07, 0xE0, 0x7E, 0x07, 0xE0, 0x00, 0x00, 0x7F,
    0x0F, 0xC0, 0xF8, 0x1F, 0x81, 0xF0, 0x3E, 0x03, 0xC0, 0x00, 0x00, 0x00, 0x00, 0x07, 0xE0, 0x7E,
    0x07, 0xE0, 0x7E, 0x07, 0xE0, 0x7E, 0x07, 0xE0, 0x7E, 0x07, 0xE0, 0x7E, 0x07, 0xE0, 0x7E, 0x07,
    0xE0, 0x7E, 0x07, 0xE0, 0x7E, 0x07, 0xE0, 0x7E, 0x07, 0xE0, 0x7E, 0x07, 0xE0, 0x7E, 0x07, 0xE0,
    0x7E, 0x00, 0x00, 0x00, 0x01, 0xFC, 0x00, 0x7F, 0x80, 0x3F, 0xF0, 0x1F, 0x3E, 0x0F, 0x8F, 0xC7,
    0xE1, 0xFA, 0x00, 0x00, 0x00, 0x00, 0x00, 0x00, 0x00, 0x00, 0x00, 0x0F, 0xC0, 0x03, 0xF0, 0x00,
    0xFC, 0x00, 0x3F, 0x00, 0x0F, 0xC0, 0x03, 0xF0, 0x00, 0xFC, 0x00, 0x3F, 0x00, 0x0F, 0xC0, 0x03,
    0xF0, 0x00, 0xFC, 0x00, 0x3F, 0x00, 0x0F, 0xC0, 0x03, 0xF0, 0x00, 0xFC, 0x00, 0x3F, 0x00, 0x0F,
    0xC0, 0x03, 0xF0, 0x00, 0xFC, 0x00, 0x3F, 0x00, 0x0F, 0xC0, 0x03, 0xF0, 0x00, 0xFC, 0x00, 0x3F,
    0x00, 0x00, 0x00, 0x1F, 0x07, 0xC7, 0xE1, 0xFB, 0xF8, 0xFE, 0xFE, 0x3F, 0x9F, 0x87, 0xE7, 0xC1,
    0xF0, 0x00, 0x00, 0x00, 0x00, 0x00, 0x00, 0x00, 0x00, 0x00, 0x0F, 0xC0, 0x03, 0xF0, 0x00, 0xFC,
    0x00, 0x3F, 0x00, 0x0F, 0xC0, 0x03, 0xF0, 0x00, 0xFC, 0x00, 0x3F, 0x00, 0x0F, 0xC0, 0x03, 0xF0,
    0x00, 0xFC, 0x00, 0x3F, 0x00, 0x0F, 0xC0, 0x03, 0xF0, 0x00, 0xFC, 0x00, 0x3F, 0x00, 0x0F, 0xC0,
    0x03, 0xF0, 0x00, 0xFC, 0x00, 0x3F, 0x00, 0x0F, 0xC0, 0x03, 0xF0, 0x00, 0xFC, 0x00, 0x3F, 0x00,
    0x00, 0x00, 0x00, 0x03, 0x80, 0x08, 0x01, 0xF0, 0x1C, 0x00, 0xFE, 0x3E, 0x00, 0x7F, 0xFF, 0x00,
    0x0F, 0xFE, 0x00, 0x01, 0xFC, 0x00, 0x01, 0xFF, 0x80, 0x03, 0xFF, 0xE0, 0x07, 0xE3, 0xF0, 0x01,
    0xC0, 0xFC, 0x00, 0x80, 0x3F, 0x00, 0x00, 0x0F, 0xC0, 0x0F, 0xE7, 0xE0, 0x1F, 0xFD, 0xF8, 0x1F,
    0xFF, 0xFC, 0x1F, 0xFF, 0xFE, 0x1F, 0xE0, 0xFF, 0x8F, 0xE0, 0x3F, 0xCF, 0xE0, 0x0F, 0xE7, 0xF0,
    0x03, 0xF3, 0xF0, 0x01, 0xF9, 0xF8, 0x00, 0xFC, 0xFC, 0x00, 0x7E, 0x7E, 0x00, 0x3F, 0x3F, 0x00,
    0x1F, 0x9F, 0x80, 0x0F, 0xCF, 0xC0, 0x07, 0xE7, 0xF0, 0x07, 0xF3, 0xFC, 0x03, 0xF0, 0xFF, 0x03,
    0xF8, 0x7F, 0xFF, 0xF8, 0x1F, 0xFF, 0xFC, 0x07, 0xFF, 0xFC, 0x01, 0xFF, 0xF8, 0x00, 0x3F, 0xF8,
    0x00, 0x00, 0x80, 0x00, 0x00, 0x00, 0x00, 0x03, 0xE1, 0xE0, 0x07, 0xF1, 0xE0, 0x0F, 0xFF, 0xE0,
    0x0F, 0xFF, 0xC0, 0x0F, 0x1F, 0xC0, 0x0E, 0x0F, 0x00, 0x00, 0x00, 0x00, 0x00, 0x00, 0x00, 0x00,
    0x00, 0x00, 0x00, 0x07, 0x80, 0x7E, 0x3F, 0xE0, 0x7E, 0x7F, 0xF8, 0x7E, 0xFF, 0xF8, 0x7F, 0xFF,
    0xFC, 0x7F, 0xFF, 0xFC, 0x7F, 0xC3, 0xFE, 0x7F, 0x01, 0xFE, 0x7F, 0x00, 0xFE, 0x7E, 0x00, 0xFE,
    0x7E, 0x00, 0xFE, 0x7E, 0x00, 0xFE, 0x7E, 0x00, 0xFE, 0x7E, 0x00, 0xFE, 0x7E, 0x00, 0xFE, 0x7E,
    0x00, 0xFE, 0x7E, 0x00, 0xFE, 0x7E, 0x00, 0xFE, 0x7E, 0x00, 0xFE, 0x7E, 0x00, 0xFE, 0x7E, 0x00,
    0xFE, 0x7E, 0x00, 0xFE, 0x7E, 0x00, 0xFE, 0x7E, 0x00, 0xFE, 0x7E, 0x00, 0xFE, 0x00, 0x00, 0x00,
    0x03, 0xF8, 0x00, 0x00, 0x7E, 0x00, 0x00, 0x1F, 0x00, 0x00, 0x0F, 0xC0, 0x00, 0x03, 0xE0, 0x00,
    0x00, 0xF8, 0x00, 0x00, 0x3C, 0x00, 0x00, 0x00, 0x00, 0x00, 0x00, 0x00, 0x00, 0x0F, 0xC0, 0x00,
    0x3F, 0xF8, 0x00, 0x7F, 0xFF, 0x00, 0x7F, 0xFF, 0xC0, 0x7F, 0xFF, 0xF0, 0x7F, 0xFF, 0xFC, 0x3F,
    0xC0, 0xFE, 0x3F, 0xC0, 0x3F, 0x9F, 0xC0, 0x1F, 0xCF, 0xE0, 0x07, 0xE7, 0xF0, 0x03, 0xFB, 0xF0,
    0x01, 0xFD, 0xF8, 0x00, 0xFE, 0xFC, 0x00, 0x7F, 0x7E, 0x00, 0x3F, 0xBF, 0x80, 0x1F, 0xDF, 0xC0,
    0x0F, 0xCF, 0xE0, 0x0F, 0xE3, 0xF8, 0x0F, 0xF1, 0xFE, 0x0F, 0xF0, 0x7F, 0xFF, 0xF8, 0x3F, 0xFF,
    0xF8, 0x0F, 0xFF, 0xF8, 0x01, 0xFF, 0xF8, 0x00, 0x7F, 0xF0, 0x00, 0x01, 0x00, 0x00, 0x00, 0x00,
    0x00, 0x00, 0x03, 0xF8, 0x00, 0x03, 0xF0, 0x00, 0x01, 0xF0, 0x00, 0x01, 0xF8, 0x00, 0x00, 0xF8,
    0x00, 0x00, 0xF8, 0x00, 0x00, 0x78, 0x00, 0x00, 0x00, 0x00, 0x00, 0x00, 0x00, 0x00, 0x0F, 0xC0,
    0x00, 0x3F, 0xF8, 0x00, 0x7F, 0xFF, 0x00, 0x7F, 0xFF, 0xC0, 0x7F, 0xFF, 0xF0, 0x7F, 0xFF, 0xFC,
    0x3F, 0xC0, 0xFE, 0x3F, 0xC0, 0x3F, 0x9F, 0xC0, 0x1F, 0xCF, 0xE0, 0x07, 0xE7, 0xF0, 0x03, 0xFB,
    0xF0, 0x01, 0xFD, 0xF8, 0x00, 0xFE, 0xFC, 0x00, 0x7F, 0x7E, 0x00, 0x3F, 0xBF, 0x80, 0x1F, 0xDF,
    0xC0, 0x0F, 0xCF, 0xE0, 0x0F, 0xE3, 0xF8, 0x0F, 0xF1, 0xFE, 0x0F, 0xF0, 0x7F, 0xFF, 0xF8, 0x3F,
    0xFF, 0xF8, 0x0F, 0xFF, 0xF8, 0x01, 0xFF, 0xF8, 0x00, 0x7F, 0xF0, 0x00, 0x01, 0x00, 0x00, 0x00,
    0x00, 0x00, 0x00, 0x3F, 0x80, 0x00, 0x1F, 0xE0, 0x00, 0x1F, 0xF8, 0x00, 0x1F, 0x3E, 0x00, 0x1F,
    0x1F, 0x80, 0x1F, 0x87, 0xE0, 0x10, 0x00, 0x00, 0x00, 0x00, 0x00, 0x00, 0x00, 0x00, 0x00, 0x0F,
    0xC0, 0x00, 0x3F, 0xF8, 0x00, 0x7F, 0xFF, 0x00, 0x7F, 0xFF, 0xC0, 0x7F, 0xFF, 0xF0, 0x7F, 0xFF,
    0xFC, 0x3F, 0xC0, 0xFE, 0x3F, 0xC0, 0x3F, 0x9F, 0xC0, 0x1F, 0xCF, 0xE0, 0x07, 0xE7, 0xF0, 0x03,
    0xFB, 0xF0, 0x01, 0xFD, 0xF8, 0x00, 0xFE, 0xFC, 0x00, 0x7F, 0x7E, 0x00, 0x3F, 0xBF, 0x80, 0x1F,
    0xDF, 0xC0, 0x0F, 0xCF, 0xE0, 0x0F, 0xE3, 0xF8, 0x0F, 0xF1, 0xFE, 0x0F, 0xF0, 0x7F, 0xFF, 0xF8,
    0x3F, 0xFF, 0xF8, 0x0F, 0xFF, 0xF8, 0x01, 0xFF, 0xF8, 0x00, 0x7F, 0xF0, 0x00, 0x01, 0x00, 0x00,
    0x00, 0x00, 0x00, 0x00, 0xF8, 0x78, 0x00, 0xFE, 0x3C, 0x00, 0xFF, 0xFE, 0x00, 0x7F, 0xFE, 0x00,
    0x3C, 0x7F, 0x00, 0x1C, 0x1E, 0x00, 0x00, 0x00, 0x00, 0x00, 0x00, 0x00, 0x00, 0x00, 0x00, 0x00,
    0x0F, 0xC0, 0x00, 0x3F, 0xF8, 0x00, 0x7F, 0xFF, 0x00, 0x7F, 0xFF, 0xC0, 0x7F, 0xFF, 0xF0, 0x7F,
    0xFF, 0xFC, 0x3F, 0xC0, 0xFE, 0x3F, 0xC0, 0x3F, 0x9F, 0xC0, 0x1F, 0xCF, 0xE0, 0x07, 0xE7, 0xF0,
    0x03, 0xFB, 0xF0, 0x01, 0xFD, 0xF8, 0x00, 0xFE, 0xFC, 0x00, 0x7F, 0x7E, 0x00, 0x3F, 0xBF, 0x80,
    0x1F, 0xDF, 0xC0, 0x0F, 0xCF, 0xE0, 0x0F, 0xE3, 0xF8, 0x0F, 0xF1, 0xFE, 0x0F, 0xF0, 0x7F, 0xFF,
    0xF8, 0x3F, 0xFF, 0xF8, 0x0F, 0xFF, 0xF8, 0x01, 0xFF, 0xF8, 0x00, 0x7F, 0xF0, 0x00, 0x01, 0x00,
    0x00, 0x00, 0x00, 0x00, 0x03, 0xE0, 0xF8, 0x01, 0xF8, 0x7E, 0x01, 0xFC, 0x7F, 0x00, 0xFE, 0x3F,
    0x80, 0x3F, 0x0F, 0xC0, 0x1F, 0x07, 0xC0, 0x00, 0x00, 0x00, 0x00, 0x00, 0x00, 0x00, 0x00, 0x00,
    0x00, 0x0F, 0xC0, 0x00, 0x3F, 0xF8, 0x00, 0x7F, 0xFF, 0x00, 0x7F, 0xFF, 0xC0, 0x7F, 0xFF, 0xF0,
    0x7F, 0xFF, 0xFC, 0x3F, 0xC0, 0xFE, 0x3F, 0xC0, 0x3F, 0x9F, 0xC0, 0x1F, 0xCF, 0xE0, 0x07, 0xE7,
    0xF0, 0x03, 0xFB, 0xF0, 0x01, 0xFD, 0xF8, 0x00, 0xFE, 0xFC, 0x00, 0x7F, 0x7E, 0x00, 0x3F, 0xBF,
    0x80, 0x1F, 0xDF, 0xC0, 0x0F, 0xCF, 0xE0, 0x0F, 0xE3, 0xF8, 0x0F, 0xF1, 0xFE, 0x0F, 0xF0, 0x7F,
    0xFF, 0xF8, 0x3F, 0xFF, 0xF8, 0x0F, 0xFF, 0xF8, 0x01, 0xFF, 0xF8, 0x00, 0x7F, 0xF0, 0x00, 0x01,
    0x00, 0x00, 0x00, 0x00, 0x00, 0x00, 0x3E, 0x00, 0x00, 0x7F, 0x00, 0x00, 0x7F, 0x00, 0x00, 0xFF,
    0x00, 0x00, 0x7F, 0x00, 0x00, 0x7F, 0x00, 0x00, 0x3E, 0x00, 0x00, 0x00, 0x00, 0x00, 0x00, 0x00,
    0x00, 0x00, 0x00, 0x7F, 0xFF, 0xFF, 0x7F, 0xFF, 0xFF, 0x7F, 0xFF, 0xFF, 0x7F, 0xFF, 0xFF, 0x7F,
    0xFF, 0xFF, 0x00, 0x00, 0x00, 0x00, 0x00, 0x00, 0x00, 0x00, 0x00, 0x00, 0x3C, 0x00, 0x00, 0x7E,
    0x00, 0x00, 0x7F, 0x00, 0x00, 0xFF, 0x00, 0x00, 0x7F, 0x00, 0x00, 0x7F, 0x00, 0x00, 0x3E, 0x00,
    0x00, 0x08, 0x00, 0x00, 0x00, 0x00, 0x00, 0x1F, 0x81, 0x80, 0x7F, 0xF1, 0xE0, 0xFF, 0xFF, 0xE0,
    0xFF, 0xFF, 0xE0, 0xFF, 0xFF, 0xE0, 0xFF, 0xFF, 0xF8, 0x7F, 0x81, 0xFC, 0x7F, 0x81, 0xFF, 0x3F,
    0x81, 0xFF, 0x9F, 0xC0, 0xFF, 0xCF, 0xE0, 0xF7, 0xF7, 0xE0, 0xF3, 0xFB, 0xF0, 0xF1, 0xFD, 0xF8,
    0xF0, 0xFE, 0xFC, 0xF0, 0x7F, 0x7F, 0xF0, 0x3F, 0xBF, 0xF8, 0x1F, 0x9F, 0xF8, 0x1F, 0xC7, 0xF8,
    0x1F, 0xE3, 0xFC, 0x1F, 0xE0, 0xFF, 0xFF, 0xF0, 0x7F, 0xFF, 0xF0, 0x7F, 0xFF, 0xF0, 0x7B, 0xFF,
    0xF0, 0x78, 0xFF, 0xE0, 0x08, 0x02, 0x00, 0x00, 0x00, 0x00, 0x00, 0x00, 0x00, 0x00, 0x0F, 0xE0,
    0x00, 0x03, 0xF0, 0x00, 0x01, 0xF0, 0x00, 0x01, 0xF8, 0x00, 0x00, 0xF8, 0x00, 0x00, 0x7C, 0x00,
    0x00, 0x3C, 0x00, 0x00, 0x00, 0x00, 0x00, 0x00, 0x00, 0x00, 0x00, 0x00, 0x7E, 0x00, 0xFE, 0x7E,
    0x00, 0xFE, 0x7E, 0x00, 0xFE, 0x7E, 0x00, 0xFE, 0x7E, 0x00, 0xFE, 0x7E, 0x00, 0xFE, 0x7E, 0x00,
    0xFE, 0x7E, 0x00, 0xFE, 0x7E, 0x00, 0xFE, 0x7E, 0x00, 0xFE, 0x7E, 0x00, 0xFE, 0x7E, 0x00, 0xFE,
    0x7E, 0x00, 0xFE, 0x7E, 0x00, 0xFE, 0x7E, 0x00, 0xFE, 0x7E, 0x00, 0xFE, 0x7F, 0x00, 0xFE, 0x7F,
    0x01, 0xFE, 0x7F, 0xC7, 0xFE, 0x7F, 0xFF, 0xFE, 0x3F, 0xFF, 0x7E, 0x1F, 0xFE, 0x7E, 0x1F, 0xFC,
    0x7E, 0x07, 0xF8, 0x7E, 0x00, 0x00, 0x00, 0x00, 0x00, 0x00, 0x00, 0x07, 0xF0, 0x00, 0x0F, 0xC0,
    0x00, 0x0F, 0x80, 0x00, 0x1F, 0x80, 0x00, 0x1F, 0x00, 0x00, 0x3E, 0x00, 0x00, 0x3C, 0x00, 0x00,
    0x00, 0x00, 0x00, 0x00, 0x00, 0x00, 0x00, 0x00, 0x7E, 0x00, 0xFE, 0x7E, 0x00, 0xFE, 0x7E, 0x00,
    0xFE, 0x7E, 0x00, 0xFE, 0x7E, 0x00, 0xFE, 0x7E, 0x00, 0xFE, 0x7E, 0x00, 0xFE, 0x7E, 0x00, 0xFE,
    0x7E, 0x00, 0xFE, 0x7E, 0x00, 0xFE, 0x7E, 0x00, 0xFE, 0x7E, 0x00, 0xFE, 0x7E, 0x00, 0xFE, 0x7E,
    0x00, 0xFE, 0x7E, 0x00, 0xFE, 0x7E, 0x00, 0xFE, 0x7F, 0x00, 0xFE, 0x7F, 0x01, 0xFE, 0x7F, 0xC7,
    0xFE, 0x7F, 0xFF, 0xFE, 0x3F, 0xFF, 0x7E, 0x1F, 0xFE, 0x7E, 0x1F, 0xFC, 0x7E, 0x07, 0xF8, 0x7E,
    0x00, 0x00, 0x00, 0x00, 0x00, 0x00, 0x00, 0xFE, 0x00, 0x00, 0xFF, 0x00, 0x01, 0xFF, 0x80, 0x03,
    0xE7, 0xC0, 0x07, 0xC7, 0xE0, 0x0F, 0xC3, 0xF0, 0x10, 0x00, 0x00, 0x00, 0x00, 0x00, 0x00, 0x00,
    0x00, 0x00, 0x00, 0x00, 0x7E, 0x00, 0xFE, 0x7E, 0x00, 0xFE, 0x7E, 0x00, 0xFE, 0x7E, 0x00, 0xFE,
    0x7E, 0x00, 0xFE, 0x7E, 0x00, 0xFE, 0x7E, 0x00, 0xFE, 0x7E, 0x00, 0xFE, 0x7E, 0x00, 0xFE, 0x7E,
    0x00, 0xFE, 0x7E, 0x00, 0xFE, 0x7E, 0x00, 0xFE, 0x7E, 0x00, 0xFE, 0x7E, 0x00, 0xFE, 0x7E, 0x00,
    0xFE, 0x7E, 0x00, 0xFE, 0x7F, 0x00, 0xFE, 0x7F, 0x01, 0xFE, 0x7F, 0xC7, 0xFE, 0x7F, 0xFF, 0xFE,
    0x3F, 0xFF, 0x7E, 0x1F, 0xFE, 0x7E, 0x1F, 0xFC, 0x7E, 0x07, 0xF8, 0x7E, 0x00, 0x00, 0x00, 0x00,
    0x00, 0x00, 0x0F, 0x83, 0xE0, 0x0F, 0xC3, 0xF0, 0x1F, 0xC7, 0xF0, 0x1F, 0xC7, 0xF0, 0x0F, 0xC3,
    0xF0, 0x0F, 0x83, 0xE0, 0x00, 0x00, 0x00, 0x00, 0x00, 0x00, 0x00, 0x00, 0x00, 0x00, 0x00, 0x00,
    0x7E, 0x00, 0xFE, 0x7E, 0x00, 0xFE, 0x7E, 0x00, 0xFE, 0x7E, 0x00, 0xFE, 0x7E, 0x00, 0xFE, 0x7E,
    0x00, 0xFE, 0x7E, 0x00, 0xFE, 0x7E, 0x00, 0xFE, 0x7E, 0x00, 0xFE, 0x7E, 0x00, 0xFE, 0x7E, 0x00,
    0xFE, 0x7E, 0x00, 0xFE, 0x7E, 0x00, 0xFE, 0x7E, 0x00, 0xFE, 0x7E, 0x00, 0xFE, 0x7E, 0x00, 0xFE,
    0x7F, 0x00, 0xFE, 0x7F, 0x01, 0xFE, 0x7F, 0xC7, 0xFE, 0x7F, 0xFF, 0xFE, 0x3F, 0xFF, 0x7E, 0x1F,
    0xFE, 0x7E, 0x1F, 0xFC, 0x7E, 0x07, 0xF8, 0x7E, 0x00, 0x00, 0x00, 0x00, 0x00, 0x00, 0x00, 0x00,
    0x7F, 0x00, 0x00, 0x1F, 0x80, 0x00, 0x03, 0xE0, 0x00, 0x00, 0xFC, 0x00, 0x00, 0x1F, 0x00, 0x00,
    0x07, 0xC0, 0x00, 0x00, 0xF0, 0x00, 0x00, 0x00, 0x00, 0x00, 0x00, 0x00, 0x00, 0x00, 0x00, 0x00,
    0x7F, 0x80, 0x0F, 0xE7, 0xF0, 0x03, 0xF8, 0x7E, 0x00, 0x7F, 0x0F, 0xE0, 0x0F, 0xE1, 0xFC, 0x03,
    0xF8, 0x1F, 0x80, 0x7F, 0x03, 0xF8, 0x0F, 0xC0, 0x7F, 0x03, 0xF8, 0x07, 0xE0, 0x7F, 0x00, 0xFE,
    0x0F, 0xC0, 0x0F, 0xC3, 0xF8, 0x01, 0xF8, 0x7E, 0x00, 0x3F, 0x8F, 0xC0, 0x03, 0xF3, 0xF8, 0x00,
    0x7E, 0x7E, 0x00, 0x0F, 0xEF, 0xC0, 0x00, 0xFD, 0xF8, 0x00, 0x1F, 0xFE, 0x00, 0x01, 0xFF, 0xC0,
    0x00, 0x3F, 0xF0, 0x00, 0x07, 0xFE, 0x00, 0x00, 0x7F, 0xC0, 0x00, 0x0F, 0xF0, 0x00, 0x00, 0xFE,
    0x00, 0x00, 0x1F, 0xC0, 0x00, 0x07, 0xF0, 0x00, 0x00, 0xFE, 0x00, 0x00, 0x3F, 0x80, 0x00, 0xFF,
    0xF0, 0x00, 0x1F, 0xFC, 0x00, 0x03, 0xFF, 0x80, 0x00, 0x7F, 0xE0, 0x00, 0x0F, 0xF0, 0x00, 0x00,
    0x00, 0x00, 0x00, 0x00, 0x00, 0x00, 0x3F, 0x00, 0x00, 0x1F, 0x80, 0x00, 0x0F, 0xC0, 0x00, 0x07,
    0xE0, 0x00, 0x03, 0xF0, 0x00, 0x01, 0xF8, 0x00, 0x00, 0xFC, 0x00, 0x00, 0x7E, 0x00, 0x00, 0x3F,
    0x07, 0xC0, 0x1F, 0x8F, 0xF8, 0x0F, 0xCF, 0xFF, 0x07, 0xEF, 0xFF, 0xC3, 0xFF, 0xFF, 0xE1, 0xFF,
    0xFF, 0xF8, 0xFF, 0x83, 0xFC, 0x7F, 0x80, 0xFF, 0x3F, 0x80, 0x3F, 0x9F, 0xC0, 0x1F, 0xCF, 0xC0,
    0x07, 0xF7, 0xE0, 0x03, 0xFB, 0xF0, 0x01, 0xFD, 0xF8, 0x00, 0xFE, 0xFC, 0x00, 0x7F, 0x7E, 0x00,
    0x3F, 0x3F, 0x80, 0x3F, 0x9F, 0xC0, 0x1F, 0xCF, 0xF0, 0x1F, 0xE7, 0xFC, 0x1F, 0xE3, 0xFF, 0xFF,
    0xF1, 0xFB, 0xFF, 0xF0, 0xFD, 0xFF, 0xF0, 0x7E, 0x7F, 0xF0, 0x3F, 0x1F, 0xF0, 0x1F, 0x80, 0x00,
    0x0F, 0xC0, 0x00, 0x07, 0xE0, 0x00, 0x03, 0xF0, 0x00, 0x01, 0xF8, 0x00, 0x00, 0xFC, 0x00, 0x00,
    0x7E, 0x00, 0x00, 0x3F, 0x00, 0x00, 0x1F, 0x80, 0x00, 0x00, 0x00, 0x00, 0x00, 0x00, 0x00, 0x00,
    0x00, 0xF8, 0x3E, 0x00, 0x1F, 0x87, 0xE0, 0x07, 0xF1, 0xFC, 0x00, 0xFE, 0x3F, 0x80, 0x0F, 0xC3,
    0xF0, 0x01, 0xF0, 0x7C, 0x00, 0x00, 0x00, 0x00, 0x00, 0x00, 0x00, 0x00, 0x00, 0x00, 0x00, 0x00,
    0x00, 0x00, 0x7F, 0x80, 0x0F, 0xE7, 0xF0, 0x03, 0xF8, 0x7E, 0x00, 0x7F, 0x0F, 0xE0, 0x0F, 0xE1,
    0xFC, 0x03, 0xF8, 0x1F, 0x80, 0x7F, 0x03, 0xF8, 0x0F, 0xC0, 0x7F, 0x03, 0xF8, 0x07, 0xE0, 0x7F,
    0x00, 0xFE, 0x0F, 0xC0, 0x0F, 0xC3, 0xF8, 0x01, 0xF8, 0x7E, 0x00, 0x3F, 0x8F, 0xC0, 0x03, 0xF3,
    0xF8, 0x00, 0x7E, 0x7E, 0x00, 0x0F, 0xEF, 0xC0, 0x00, 0xFD, 0xF8, 0x00, 0x1F, 0xFE, 0x00, 0x01,
    0xFF, 0xC0, 0x00, 0x3F, 0xF0, 0x00, 0x07, 0xFE, 0x00, 0x00, 0x7F, 0xC0, 0x00, 0x0F, 0xF0, 0x00,
    0x00, 0xFE, 0x00, 0x00, 0x1F, 0xC0, 0x00, 0x07, 0xF0, 0x00, 0x00, 0xFE, 0x00, 0x00, 0x3F, 0x80,
    0x00, 0xFF, 0xF0, 0x00, 0x1F, 0xFC, 0x00, 0x03, 0xFF, 0x80, 0x00, 0x7F, 0xE0, 0x00, 0x0F, 0xF0,
    0x00, 0x00, 0x00, 0x00, 0x00
};

const epaper_font::GlyphRange kInter46Bold_ext = {
    0xA0,
    0xFF,
    kInter46Bold_ext_glyphs,
    kInter46Bold_ext_bitmaps,
};

const epaper_font::GlyphBitmap kInter46Black_ext_glyphs[] = {
    {     0,    0,   0,   0,    0,    0,   9 },
    {     0,   47,  11,  34,    2,   25,  15 },
    {    47,  111,  26,  34,    1,   34,  28 },
    {   158,  123,  28,  35,    1,   35,  30 },
    {   281,  117,  31,  30,    3,   29,  37 },
    {   398,  115,  27,  34,    0,   34,  27 },
    {   513,   47,   9,  41,    4,   34,  18 },
    {   560,  126,  24,  42,    1,   35,  26 },
    {   686,   23,  20,   9,    5,   35,  30 },
    {   709,  158,  36,  35,    3,   34,  42 },
    {   867,   53,  20,  21,    0,   35,  22 },
    {   920,   82,  31,  21,    1,   24,  33 },
    {  1002,   38,  23,  13,    4,   19,  32 },
    {  1040,  110,  25,  35,    1,   34,  28 },
    {  1150,   95,  28,  27,    1,   34,  30 },
    {  1245,   11,  14,   6,    2,   34,  18 },
    {  1256,   39,  17,  18,    2,   34,  21 },
    {  1295,   82,  25,  26,    3,   27,  32 },
    {  1377,   45,  18,  20,    1,   39,  21 },
    {  1422,   48,  19,  20,    1,   39,  21 },
    {  1470,   13,  13,   8,    2,   35,  17 },
    {  1483,  123,  28,  35,    2,   25,  30 },
    {  1606,  111,  26,  34,    0,   34,  27 },
    {  1717,   13,  10,  10,    2,   21,  15 },
    {  1730,   14,  10,  11,    6,    1,  21 },
    {  1744,   30,  12,  20,    1,   39,  15 },
    {  1774,   56,  21,  21,    1,   35,  23 },
    {  1830,   82,  31,  21,    1,   24,  33 },
    {  1912,  162,  38,  34,    1,   34,  40 },
    {  2074,  166,  39,  34,    1,   34,  41 },
    {  2240,  179,  42,  34,    1,   34,  44 },
    {  2419,  114,  26,  35,    1,   25,  28 },
    {  2533,  198,  36,  44,    0,   44,  36 },
    {  2731,  198,  36,  44,    0,   44,  36 },
    {  2929,  198,  36,  44,    0,   44,  36 },
    {  3127,  198,  36,  44,    0,   44,  36 },
    {  3325,  198,  36,  44,    0,   44,  36 },
    {  3523,  207,  36,  46,    0,   46,  36 },
    {  3730,  200,  47,  34,    0,   34,  49 },
    {  3930,  176,  32,  44,    1,   34,  34 },
    {  4106,  149,  27,  44,    1,   44,  29 },
    {  4255,  149,  27,  44,    1,   44,  29 },
    {  4404,  149,  27,  44,    1,   44,  29 },
    {  4553,  149,  27,  44,    1,   44,  29 },
    {  4702,   83,  15,  44,   -3,   44,  14 },
    {  4785,   83,  15,  44,    1,   44,  14 },
    {  4868,  116,  21,  44,   -4,   44,  14 },
    {  4984,  110,  20,  44,   -3,   44,  14 },
    {  5094,  149,  35,  34,    0,   34,  36 },
    {  5243,  176,  32,  44,    1,   44,  35 },
    {  5419,  186,  33,  45,    1,   44,  35 },
    {  5605,  186,  33,  45,    1,   44,  35 },
    {  5791,  186,  33,  45,    1,   44,  35 },
    {  5977,  186,  33,  45,    1,   44,  35 },
    {  6163,  186,  33,  45,    1,   44,  35 },
    {  6349,   92,  27,  27,    2,   27,  32 },
    {  6441,  157,  33,  38,    1,   36,  35 },
    {  6598,  169,  30,  45,    1,   44,  33 },
    {  6767,  169,  30,  45,    1,   44,  33 },
    {  6936,  169,  30,  45,    1,   44,  33 },
    {  7105,  169,  30,  45,    1,   44,  33 },
    {  7274,  193,  35,  44,    0,   44,  35 },
    {  7467,  119,  28,  34,    1,   34,  32 },
    {  7586,  128,  30,  34,    1,   34,  32 },
    {  7714,  108,  24,  36,    1,   35,  28 },
    {  7822,  108,  24,  36,    1,   35,  28 },
    {  7930,  108,  24,  36,    1,   35,  28 },
    {  8038,  108,  24,  36,    1,   35,  28 },
    {  8146,  108,  24,  36,    1,   35,  28 },
    {  8254,  117,  24,  39,    1,   38,  28 },
    {  8371,  130,  40,  26,    1,   25,  42 },
    {  8501,  114,  26,  35,    1,   25,  28 },
    {  8615,  117,  26,  36,    1,   35,  28 },
    {  8732,  117,  26,  36,    1,   35,  28 },
    {  8849,  117,  26,  36,    1,   35,  28 },
    {  8966,  117,  26,  36,    1,   35,  28 },
    {  9083,   66,  15,  35,   -3,   35,  14 },
    {  9149,   62,  14,  35,    2,   35,  14 },
    {  9211,   92,  21,  35,   -4,   35,  14 },
    {  9303,   88,  20,  35,   -3,   35,  14 },
    {  9391,  121,  26,  37,    1,   36,  28 },
    {  9512,  110,  25,  35,    2,   35,  30 },
    {  9622,  122,  27,  36,    1,   35,  29 },
    {  9744,  122,  27,  36,    1,   35,  29 },
    {  9866,  122,  27,  36,    1,   35,  29 },
    {  9988,  122,  27,  36,    1,   35,  29 },
    { 10110,  122,  27,  36,    1,   35,  29 },
    { 10232,   91,  25,  29,    3,   28,  32 },
    { 10323,   95,  27,  28,    1,   26,  29 },
    { 10418,  113,  25,  36,    2,   35,  30 },
    { 10531,  113,  25,  36,    2,   35,  30 },
    { 10644,  113,  25,  36,    2,   35,  30 },
    { 10757,  113,  25,  36,    2,   35,  30 },
    { 10870,  164,  29,  45,    0,   35,  29 },
    { 11034,  149,  27,  44,    2,   34,  30 },
    { 11183,  164,  29,  45,    0,   35,  29 },
};

const uint8_t kInter46Black_ext_bitmaps[] = {
    0x1E, 0x07, 0xF1, 0xFF, 0x3F, 0xE7, 0xFC, 0xFF, 0x9F, 0xF1, 0xFC, 0x1F, 0x00, 0x00, 0x00, 0x3F,
    0xC7, 0xF8, 0xFF, 0x1F, 0xE3, 0xFC, 0x7F, 0xCF, 0xF9, 0xFF, 0x3F, 0xE7, 0xFC, 0xFF, 0x9F, 0xF3,
    0xFE, 0x7F, 0xCF, 0xF9, 0xFF, 0x3F, 0xE7, 0xFC, 0xFF, 0x9F, 0xF3, 0xFE, 0x7F, 0xCF, 0xF8, 0x00,
    0x00, 0x00, 0x00, 0x03, 0x00, 0x00, 0x00, 0xC0, 0x00, 0x00, 0x30, 0x00, 0x00, 0x0C, 0x00, 0x00,
    0x3F, 0xF0, 0x00, 0x3F, 0xFF, 0x00, 0x3F, 0xFF, 0xF0, 0x1F, 0xFF, 0xFE, 0x0F, 0xFF, 0xFF, 0x83,
    0xFF, 0xFF, 0xF1, 0xFF, 0xFF, 0xFC, 0x7F, 0xEC, 0xFF, 0x9F, 0xF3, 0x3F, 0xEF, 0xFC, 0xCF, 0xFB,
    0xFE, 0x30, 0x00, 0xFF, 0x8C, 0x00, 0x3F, 0xE3, 0x00, 0x0F, 0xF8, 0xC0, 0x03, 0xFF, 0x31, 0xE0,
    0x7F, 0xCC, 0xFF, 0x9F, 0xF3, 0x3F, 0xE7, 0xFE, 0xDF, 0xF8, 0xFF, 0xFF, 0xFC, 0x3F, 0xFF, 0xFF,
    0x07, 0xFF, 0xFF, 0x80, 0xFF, 0xFF, 0xC0, 0x1F, 0xFF, 0xE0, 0x01, 0xFF, 0xE0, 0x00, 0x1F, 0xC0,
    0x00, 0x00, 0xC0, 0x00, 0x00, 0x30, 0x00, 0x00, 0x0C, 0x00, 0x00, 0x03, 0x00, 0x00, 0x00, 0x00,
    0x00, 0x00, 0x01, 0xFE, 0x00, 0x00, 0x7F, 0xFC, 0x00, 0x1F, 0xFF, 0xE0, 0x03, 0xFF, 0xFF, 0x00,
    0x7F, 0xFF, 0xF8, 0x07, 0xFF, 0xFF, 0xC0, 0xFF, 0xFF, 0xFC, 0x0F, 0xFC, 0x7F, 0xE1, 0xFF, 0x83,
    0xFE, 0x1F, 0xF0, 0x1F, 0xE1, 0xFF, 0x01, 0xFE, 0x1F, 0xF0, 0x20, 0x01, 0xFF, 0x00, 0x00, 0x1F,
    0xF0, 0x00, 0x01, 0xFF, 0x00, 0x00, 0xFF, 0xFF, 0xE0, 0x0F, 0xFF, 0xFE, 0x00, 0xFF, 0xFF, 0xE0,
    0x0F, 0xFF, 0xFE, 0x00, 0xFF, 0xFF, 0xE0, 0x0F, 0xFF, 0xFE, 0x00, 0x0F, 0xF0, 0x00, 0x00, 0xFF,
    0x00, 0x00, 0x0F, 0xF0, 0x00, 0x00, 0xFF, 0x00, 0x00, 0x0F, 0xE0, 0x1F, 0xF3, 0xFC, 0x01, 0xFF,
    0xFF, 0xFF, 0xFF, 0xFF, 0xFF, 0xFF, 0xFE, 0xFF, 0xFF, 0xFF, 0xEF, 0xFF, 0xFF, 0xFE, 0xFF, 0xFF,
    0xFF, 0xCF, 0xFF, 0xFF, 0xF8, 0xFF, 0xFF, 0xFE, 0x00, 0x10, 0x00, 0x00, 0x20, 0x30, 0x0F, 0x80,
    0xE0, 0xF1, 0xFF, 0xE3, 0xE3, 0xFF, 0xFF, 0xFF, 0xEF, 0xFF, 0xFF, 0xFF, 0xC7, 0xFF, 0xFF, 0xFF,
    0x07, 0xFC, 0x0F, 0xFC, 0x0F, 0xE0, 0x07, 0xF0, 0x1F, 0x00, 0x03, 0xE0, 0x7E, 0x00, 0x03, 0xE0,
    0xF8, 0x00, 0x07, 0xC1, 0xE0, 0x00, 0x07, 0xC7, 0xC0, 0x00, 0x0F, 0x8F, 0x80, 0x00, 0x1F, 0x1F,
    0x00, 0x00, 0x1E, 0x3E, 0x00, 0x00, 0x3C, 0x7C, 0x00, 0x00, 0xF8, 0xF8, 0x00, 0x01, 0xF1, 0xF0,
    0x00, 0x03, 0xE1, 0xF0, 0x00, 0x07, 0x83, 0xE0, 0x00, 0x1F, 0x07, 0xE0, 0x00, 0x7E, 0x07, 0xE0,
    0x01, 0xF8, 0x0F, 0xE0, 0x07, 0xF0, 0x3F, 0xF8, 0x7F, 0xF0, 0xFF, 0xFF, 0xFF, 0xF3, 0xFF, 0xFF,
    0xFF, 0xF3, 0xE7, 0xFF, 0xE7, 0xC3, 0x83, 0xFF, 0x07, 0x02, 0x00, 0x00, 0x04, 0x00, 0x00, 0x00,
    0x00, 0x1F, 0xF8, 0x0F, 0xF9, 0xFF, 0x03, 0xFE, 0x1F, 0xF0, 0x7F, 0xC3, 0xFE, 0x0F, 0xF0, 0x3F,
    0xC3, 0xFE, 0x07, 0xFC, 0x7F, 0xC0, 0xFF, 0x8F, 0xF0, 0x0F, 0xF3, 0xFE, 0x01, 0xFF, 0x7F, 0x80,
    0x1F, 0xFF, 0xF0, 0x03, 0xFF, 0xFC, 0x00, 0x3F, 0xFF, 0x80, 0x07, 0xFF, 0xF0, 0x00, 0xFF, 0xFC,
    0x00, 0x0F, 0xFF, 0x80, 0x3F, 0xFF, 0xFF, 0x07, 0xFF, 0xFF, 0xE0, 0xFF, 0xFF, 0xFC, 0x1F, 0xFF,
    0xFF, 0x83, 0xFF, 0xFF, 0xF0, 0x00, 0xFF, 0x80, 0x00, 0x1F, 0xF0, 0x01, 0xFF, 0xFF, 0xF8, 0x3F,
    0xFF, 0xFF, 0x07, 0xFF, 0xFF, 0xE0, 0xFF, 0xFF, 0xFC, 0x1F, 0xFF, 0xFF, 0x80, 0x07, 0xFC, 0x00,
    0x00, 0xFF, 0x80, 0x00, 0x1F, 0xF0, 0x00, 0x03, 0xFE, 0x00, 0x00, 0x7F, 0xC0, 0x00, 0x0F, 0xF8,
    0x00, 0x00, 0x3F, 0xDF, 0xEF, 0xF7, 0xFB, 0xFD, 0xFE, 0xFF, 0x7F, 0xBF, 0xDF, 0xEF, 0xF7, 0xFB,
    0xFD, 0xFE, 0xFF, 0x00, 0x00, 0x00, 0x00, 0x00, 0x00, 0x00, 0x00, 0x00, 0x7F, 0xBF, 0xDF, 0xEF,
    0xF7, 0xFB, 0xFD, 0xFE, 0xFF, 0x7F, 0xBF, 0xDF, 0xEF, 0xF7, 0xFB, 0xFD, 0xFE, 0xFF, 0x00, 0x00,
    0x00, 0x00, 0x00, 0x01, 0xFE, 0x00, 0x07, 0xFF, 0xC0, 0x0F, 0xFF, 0xE0, 0x1F, 0xFF, 0xF0, 0x3F,
    0xFF, 0xF8, 0x3F, 0xFF, 0xF8, 0x7F, 0xFF, 0xF8, 0x7F, 0x87, 0xFC, 0x7F, 0x83, 0xFC, 0x7F, 0x80,
    0x00, 0x7F, 0x80, 0x00, 0x7F, 0xE0, 0x00, 0x3F, 0xFE, 0x00, 0x3F, 0xFF, 0xE0, 0x1F, 0xFF, 0xF8,
    0x0F, 0xFF, 0xFC, 0x0F, 0xFF, 0xFC, 0x3F, 0xFF, 0xFE, 0x7E, 0x07, 0xFE, 0xFE, 0x01, 0xFE, 0xFE,
    0x00, 0xFE, 0xFF, 0x00, 0xFE, 0xFF, 0xC0, 0xFC, 0x7F, 0xFF, 0xF8, 0x7F, 0xFF, 0xE0, 0x3F, 0xFF,
    0xE0, 0x1F, 0xFF, 0xF8, 0x07, 0xFF, 0xF8, 0x00, 0x7F, 0xFC, 0x00, 0x0F, 0xFC, 0x00, 0x03, 0xFC,
    0x01, 0x01, 0xFC, 0x7F, 0x83, 0xFC, 0x7F, 0xC7, 0xFC, 0x7F, 0xFF, 0xFC, 0x3F, 0xFF, 0xFC, 0x3F,
    0xFF, 0xF8, 0x1F, 0xFF, 0xF0, 0x0F, 0xFF, 0xE0, 0x03, 0xFF, 0xC0, 0x00, 0x7C, 0x00, 0x18, 0x03,
    0x07, 0xE0, 0xFC, 0x7F, 0x1F, 0xEF, 0xF1, 0xFE, 0xFF, 0xBF, 0xEF, 0xF1, 0xFE, 0x7F, 0x1F, 0xC3,
    0xE0, 0xFC, 0x00, 0x00, 0x00, 0x00, 0x03, 0xFC, 0x00, 0x00, 0x01, 0xFF, 0xF8, 0x00, 0x00, 0x7F,
    0xFF, 0xE0, 0x00, 0x1F, 0xFF, 0xFF, 0x00, 0x03, 0xFF, 0xFF, 0xF8, 0x00, 0x7F, 0xFF, 0xFF, 0xC0,
    0x0F, 0xFF, 0xFF, 0xFE, 0x00, 0xFF, 0x80, 0x3F, 0xF0, 0x1F, 0xF0, 0x60, 0xFF, 0x83, 0xFC, 0x3F,
    0xC7, 0xF8, 0x3F, 0xCF, 0xFF, 0x3F, 0xC3, 0xF9, 0xFF, 0xF9, 0xFC, 0x7F, 0x3F, 0xFF, 0x9F, 0xC7,
    0xF3, 0xFF, 0xFC, 0xFE, 0x7E, 0x3F, 0x0F, 0xCF, 0xE7, 0xE7, 0xE0, 0x7C, 0xFE, 0x7E, 0x7C, 0x00,
    0x0F, 0xE7, 0xE7, 0xC0, 0x00, 0x7E, 0x7E, 0x7E, 0x00, 0x0F, 0xE7, 0xE7, 0xE0, 0x7C, 0xFE, 0x7F,
    0x3F, 0x0F, 0xCF, 0xE7, 0xF3, 0xFF, 0xFC, 0xFE, 0x7F, 0x9F, 0xFF, 0x9F, 0xC3, 0xF8, 0xFF, 0xF1,
    0xFC, 0x3F, 0xC7, 0xFE, 0x3F, 0x81, 0xFE, 0x1F, 0x87, 0xF8, 0x1F, 0xF0, 0x01, 0xFF, 0x00, 0xFF,
    0xE0, 0x7F, 0xF0, 0x07, 0xFF, 0xFF, 0xFE, 0x00, 0x3F, 0xFF, 0xFF, 0xC0, 0x01, 0xFF, 0xFF, 0xF8,
    0x00, 0x0F, 0xFF, 0xFF, 0x00, 0x00, 0x3F, 0xFF, 0xC0, 0x00, 0x00, 0xFF, 0xF0, 0x00, 0x00, 0x00,
    0x40, 0x00, 0x00, 0x00, 0x00, 0x00, 0x1F, 0xE0, 0x07, 0xFF, 0x81, 0xFF, 0xFC, 0x1F, 0xFF, 0xE3,
    0xFF, 0xFE, 0x3F, 0x07, 0xF0, 0x00, 0x7F, 0x00, 0x0F, 0xF0, 0x7F, 0xFF, 0x1F, 0xFF, 0xF3, 0xFF,
    0xFF, 0x7F, 0xE7, 0xF7, 0xF0, 0x7F, 0x7E, 0x07, 0xF7, 0xF0, 0xFF, 0x7F, 0xFF, 0xF7, 0xFF, 0xFF,
    0x3F, 0xF7, 0xF1, 0xFE, 0x7F, 0x01, 0x00, 0x00, 0x00, 0x7F, 0xE7, 0xFE, 0x01, 0xFF, 0x9F, 0xF8,
    0x07, 0xFE, 0x7F, 0xE0, 0x0F, 0xF8, 0xFF, 0x80, 0x3F, 0xE3, 0xFE, 0x00, 0xFF, 0x8F, 0xF8, 0x03,
    0xFF, 0x3F, 0xF0, 0x0F, 0xFC, 0xFF, 0xC0, 0x3F, 0xF3, 0xFF, 0x00, 0xFF, 0xCF, 0xFC, 0x01, 0xFF,
    0x1F, 0xF0, 0x03, 0xFF, 0x3F, 0xF0, 0x03, 0xFF, 0x3F, 0xF0, 0x03, 0xFF, 0x3F, 0xF0, 0x03, 0xFF,
    0x3F, 0xF0, 0x03, 0xFE, 0x3F, 0xE0, 0x03, 0xFE, 0x3F, 0xE0, 0x07, 0xFE, 0x7F, 0xE0, 0x07, 0xFE,
    0x7F, 0xE0, 0x07, 0xFE, 0x7F, 0xE0, 0x07, 0xFE, 0x7F, 0xE0, 0x00, 0x00, 0x00, 0xFF, 0xFF, 0xF9,
    0xFF, 0xFF, 0xF3, 0xFF, 0xFF, 0xE7, 0xFF, 0xFF, 0xCF, 0xFF, 0xFF, 0x9F, 0xFF, 0xFF, 0x3F, 0xFF,
    0xFE, 0x00, 0x01, 0xFC, 0x00, 0x03, 0xF8, 0x00, 0x07, 0xF0, 0x00, 0x0F, 0xE0, 0x00, 0x00, 0x00,
    0x00, 0x7F, 0x80, 0x01, 0xFF, 0xF8, 0x01, 0xFF, 0xFE, 0x03, 0xFF, 0xFF, 0x81, 0xFF, 0xFF, 0xE1,
    0xFF, 0xFF, 0xF9, 0xFF, 0xFF, 0xFC, 0xFF, 0xC7, 0xFF, 0x7F, 0xC1, 0xFF, 0xBF, 0xC0, 0x7F, 0xDF,
    0xE0, 0x3F, 0xE0, 0x00, 0x1F, 0xF0, 0x00, 0x1F, 0xF0, 0x00, 0x1F, 0xF8, 0x00, 0x3F, 0xF8, 0x00,
    0x3F, 0xF8, 0x00, 0x3F, 0xF8, 0x00, 0x3F, 0xF8, 0x00, 0x1F, 0xF0, 0x00, 0x1F, 0xF0, 0x00, 0x0F,
    0xF0, 0x00, 0x07, 0xF8, 0x00, 0x03, 0xFC, 0x00, 0x00, 0x00, 0x00, 0x00, 0x00, 0x00, 0x00, 0x0C,
    0x00, 0x00, 0x1F, 0x80, 0x00, 0x1F, 0xE0, 0x00, 0x0F, 0xF8, 0x00, 0x0F, 0xFC, 0x00, 0x07, 0xFE,
    0x00, 0x01, 0xFF, 0x00, 0x00, 0xFF, 0x00, 0x00, 0x3F, 0x00, 0x00, 0x00, 0x00, 0x00, 0x00, 0x1F,
    0x80, 0x00, 0x0F, 0xFF, 0x00, 0x03, 0xFF, 0xF8, 0x00, 0x7F, 0xFF, 0xE0, 0x0F, 0xC0, 0x3F, 0x01,
    0xF8, 0x01, 0xF8, 0x1E, 0x00, 0x07, 0x83, 0xC7, 0xF8, 0x7C, 0x3C, 0x7F, 0xC3, 0xC7, 0x87, 0xFE,
    0x1C, 0x78, 0x79, 0xE1, 0xE7, 0x87, 0x8E, 0x1E, 0x78, 0x79, 0xE1, 0xE7, 0x87, 0xFE, 0x1E, 0x78,
    0x7F, 0xC1, 0xE7, 0x87, 0xBC, 0x1E, 0x78, 0x79, 0xE1, 0xE3, 0xC7, 0x9E, 0x3C, 0x3C, 0x78, 0xF3,
    0xC1, 0xE0, 0x00, 0x78, 0x1F, 0x00, 0x0F, 0x80, 0xFC, 0x03, 0xF0, 0x07, 0xF9, 0xFE, 0x00, 0x3F,
    0xFF, 0xC0, 0x01, 0xFF, 0xF0, 0x00, 0x03, 0xFC, 0x00, 0x00, 0x00, 0x00, 0x00, 0x00, 0x03, 0xFF,
    0xFF, 0xFF, 0xFF, 0xFF, 0xFF, 0xFF, 0xFF, 0xF0, 0x01, 0xC0, 0x07, 0xFC, 0x07, 0xFF, 0x07, 0xFF,
    0xC7, 0xFF, 0xF3, 0xFF, 0xFB, 0xF8, 0xFF, 0xF8, 0x3F, 0xFC, 0x1F, 0xFE, 0x0F, 0xFF, 0x07, 0xEF,
    0xEF, 0xE7, 0xFF, 0xF1, 0xFF, 0xF0, 0xFF, 0xF0, 0x1F, 0xF0, 0x07, 0xE0, 0x00, 0x00, 0x00, 0x00,
    0x00, 0x00, 0x00, 0x3F, 0x80, 0x00, 0x1F, 0xC0, 0x00, 0x0F, 0xE0, 0x00, 0x07, 0xF0, 0x00, 0x03,
    0xF8, 0x01, 0xFF, 0xFF, 0xFE, 0xFF, 0xFF, 0xFF, 0x7F, 0xFF, 0xFF, 0xBF, 0xFF, 0xFF, 0xDF, 0xFF,
    0xFF, 0xEF, 0xFF, 0xFF, 0xF0, 0x07, 0xF0, 0x00, 0x03, 0xF8, 0x00, 0x01, 0xFC, 0x00, 0x00, 0xFE,
    0x00, 0x00, 0x7F, 0x00, 0x00, 0x00, 0x00, 0x00, 0x00, 0x00, 0x0F, 0xFF, 0xFF, 0xF7, 0xFF, 0xFF,
    0xFB, 0xFF, 0xFF, 0xFD, 0xFF, 0xFF, 0xFE, 0xFF, 0xFF, 0xFF, 0x7F, 0xFF, 0xFF, 0xBF, 0xFF, 0xFF,
    0xC0, 0x01, 0xE0, 0x03, 0xFF, 0x03, 0xFF, 0xF0, 0xFF, 0xFC, 0x7F, 0xFF, 0x9F, 0x8F, 0xE7, 0xE1,
    0xFA, 0x00, 0x7E, 0x00, 0x3F, 0x80, 0x1F, 0xC0, 0x0F, 0xF0, 0x0F, 0xF0, 0x07, 0xF8, 0x07, 0xF8,
    0x03, 0xFC, 0x01, 0xFF, 0xFE, 0x7F, 0xFF, 0x9F, 0xFF, 0xE7, 0xFF, 0xF9, 0xFF, 0xFE, 0x01, 0xF0,
    0x01, 0xFF, 0xC0, 0x7F, 0xFC, 0x1F, 0xFF, 0xC7, 0xFF, 0xF8, 0xFE, 0x3F, 0x1F, 0x83, 0xE0, 0x00,
    0xFC, 0x01, 0xFF, 0x00, 0x3F, 0x80, 0x07, 0xFC, 0x00, 0xFF, 0xC0, 0x01, 0xFC, 0xFC, 0x1F, 0x9F,
    0x87, 0xF3, 0xFF, 0xFE, 0x3F, 0xFF, 0x83, 0xFF, 0xF0, 0x3F, 0xF8, 0x00, 0xF8, 0x00, 0x0F, 0xF0,
    0x7F, 0x87, 0xF8, 0x3F, 0x83, 0xF8, 0x1F, 0x81, 0xF8, 0x1F, 0xC0, 0x00, 0x00, 0x00, 0x0F, 0xF8,
    0x0F, 0xF8, 0xFF, 0x80, 0xFF, 0x8F, 0xF8, 0x0F, 0xF8, 0xFF, 0x80, 0xFF, 0x8F, 0xF8, 0x0F, 0xF8,
    0xFF, 0x80, 0xFF, 0x8F, 0xF8, 0x0F, 0xF8, 0xFF, 0x80, 0xFF, 0x8F, 0xF8, 0x0F, 0xF8, 0xFF, 0x80,
    0xFF, 0x8F, 0xF8, 0x0F, 0xF8, 0xFF, 0x80, 0xFF, 0x8F, 0xF8, 0x0F, 0xF8, 0xFF, 0x80, 0xFF, 0x8F,
    0xF8, 0x0F, 0xF8, 0xFF, 0xC0, 0xFF, 0x8F, 0xFC, 0x1F, 0xF8, 0xFF, 0xFF, 0xFF, 0xFF, 0xFF, 0xFF,
    0xFF, 0xFF, 0xFF, 0xFF, 0xFF, 0xFF, 0xFF, 0xFF, 0xFF, 0xFF, 0x3F, 0xFF, 0xFB, 0xE3, 0xFF, 0xFF,
    0x80, 0x0F, 0xFF, 0xF8, 0x00, 0x00, 0xFF, 0x80, 0x00, 0x0F, 0xF8, 0x00, 0x00, 0xFF, 0x80, 0x00,
    0x0F, 0xF8, 0x00, 0x00, 0xFF, 0x80, 0x00, 0x0F, 0xF8, 0x00, 0x00, 0xFF, 0x80, 0x00, 0x0F, 0xF8,
    0x00, 0x00, 0x00, 0x00, 0x00, 0x00, 0x00, 0x00, 0x00, 0x00, 0x7F, 0xFF, 0xE0, 0x7F, 0xFF, 0xF8,
    0x3F, 0xFF, 0xFE, 0x1F, 0xFF, 0xFF, 0x8F, 0xFF, 0xFF, 0xE3, 0xFF, 0xFF, 0xF8, 0xFF, 0xF0, 0x7E,
    0x7F, 0xFC, 0x1F, 0x9F, 0xFF, 0x07, 0xE7, 0xFF, 0xC1, 0xF9, 0xFF, 0xF0, 0x7E, 0x7F, 0xFC, 0x1F,
    0x9F, 0xFF, 0x07, 0xE7, 0xFF, 0xC1, 0xF8, 0xFF, 0xF0, 0x7E, 0x3F, 0xFC, 0x1F, 0x87, 0xFF, 0x07,
    0xE0, 0xFF, 0xC1, 0xF8, 0x1F, 0xF0, 0x7E, 0x01, 0xFC, 0x1F, 0x80, 0x07, 0x07, 0xE0, 0x00, 0x01,
    0xF8, 0x00, 0x00, 0x7E, 0x00, 0x00, 0x1F, 0x80, 0x00, 0x07, 0xE0, 0x00, 0x01, 0xF8, 0x00, 0x00,
    0x7E, 0x00, 0x00, 0x1F, 0x80, 0x00, 0x07, 0xE0, 0x00, 0x01, 0xF8, 0x00, 0x00, 0x7E, 0x00, 0x00,
    0x1F, 0x80, 0x00, 0x07, 0xE0, 0x0E, 0x0F, 0xC7, 0xF9, 0xFF, 0x7F, 0xDF, 0xF7, 0xFD, 0xFE, 0x3F,
    0x00, 0x00, 0x3C, 0x0E, 0x03, 0x80, 0xFC, 0x3F, 0x81, 0xF0, 0x7D, 0xFF, 0x7F, 0x9F, 0xC0, 0x00,
    0x00, 0x00, 0xFF, 0x3F, 0xF7, 0xFF, 0x7F, 0xF7, 0xFF, 0x77, 0xF4, 0x7F, 0x47, 0xF0, 0x7F, 0x07,
    0xF0, 0x7F, 0x07, 0xF0, 0x7F, 0x07, 0xF0, 0x7F, 0x07, 0xF0, 0x7F, 0x07, 0xF0, 0x7F, 0x00, 0x00,
    0x00, 0x1F, 0xE0, 0x03, 0xFF, 0xC0, 0x3F, 0xFF, 0x03, 0xFF, 0xFC, 0x3F, 0xFF, 0xF1, 0xFE, 0x3F,
    0xCF, 0xE0, 0xFE, 0xFE, 0x07, 0xF7, 0xF0, 0x1F, 0xBF, 0x80, 0xFD, 0xFC, 0x07, 0xEF, 0xE0, 0x7F,
    0x7F, 0x03, 0xF9, 0xFC, 0x3F, 0xCF, 0xFF, 0xFC, 0x3F, 0xFF, 0xE1, 0xFF, 0xFE, 0x03, 0xFF, 0xE0,
    0x0F, 0xFC, 0x00, 0x07, 0x00, 0x00, 0xFF, 0xCF, 0xFC, 0x00, 0xFF, 0xCF, 0xFC, 0x00, 0xFF, 0xCF,
    0xFC, 0x00, 0xFF, 0x8F, 0xF8, 0x00, 0xFF, 0x8F, 0xF8, 0x01, 0xFF, 0x9F, 0xF8, 0x01, 0xFF, 0x9F,
    0xF8, 0x01, 0xFF, 0x9F, 0xF8, 0x01, 0xFF, 0x9F, 0xF8, 0x01, 0xFF, 0x9F, 0xF8, 0x01, 0xFF, 0x1F,
    0xF0, 0x07, 0xFE, 0x7F, 0xE0, 0x1F, 0xF9, 0xFF, 0x80, 0x7F, 0xE7, 0xFE, 0x01, 0xFF, 0x9F, 0xF8,
    0x03, 0xFE, 0x3F, 0xE0, 0x0F, 0xF8, 0xFF, 0x80, 0x3F, 0xF3, 0xFF, 0x00, 0xFF, 0xCF, 0xFC, 0x03,
    0xFF, 0x3F, 0xF0, 0x0F, 0xFC, 0xFF, 0xC0, 0x00, 0x0F, 0xC0, 0x00, 0x00, 0x00, 0xFF, 0x00, 0x01,
    0xFC, 0x07, 0xFC, 0x00, 0x07, 0xC0, 0x3F, 0xF0, 0x00, 0x3F, 0x00, 0xFF, 0xC0, 0x01, 0xF8, 0x03,
    0xBF, 0x00, 0x07, 0xC0, 0x0C, 0xFC, 0x00, 0x3F, 0x00, 0x03, 0xF0, 0x01, 0xF8, 0x00, 0x0F, 0xC0,
    0x07, 0xC0, 0x00, 0x3F, 0x00, 0x3E, 0x00, 0x00, 0xFC, 0x01, 0xF8, 0x00, 0x03, 0xF0, 0x0F, 0xC0,
    0x00, 0x0F, 0xC0, 0x3E, 0x00, 0x00, 0x3F, 0x01, 0xF8, 0x00, 0x00, 0xFC, 0x0F, 0xC0, 0x00, 0x03,
    0xF0, 0x3E, 0x03, 0xF8, 0x0F, 0xC1, 0xF8, 0x0F, 0xE0, 0x3F, 0x0F, 0xC0, 0x7F, 0x80, 0xFC, 0x3E,
    0x01, 0xFE, 0x00, 0x01, 0xF8, 0x0F, 0xF8, 0x00, 0x0F, 0xC0, 0x7F, 0xE0, 0x00, 0x3E, 0x01, 0xFF,
    0x80, 0x01, 0xF8, 0x0F, 0xBE, 0x00, 0x0F, 0xC0, 0x7C, 0xF8, 0x00, 0x3E, 0x01, 0xF3, 0xE0, 0x01,
    0xF0, 0x0F, 0x8F, 0x80, 0x0F, 0xC0, 0x3E, 0x3E, 0x00, 0x7E, 0x01, 0xFF, 0xFE, 0x01, 0xF0, 0x07,
    0xFF, 0xF8, 0x0F, 0xC0, 0x1F, 0xFF, 0xE0, 0x7E, 0x00, 0x7F, 0xFF, 0x81, 0xF0, 0x00, 0x00, 0xF8,
    0x0F, 0xC0, 0x00, 0x03, 0xE0, 0x7E, 0x00, 0x00, 0x0F, 0x80, 0x0F, 0xC0, 0x00, 0x00, 0x00, 0x7F,
    0x80, 0x00, 0xFE, 0x01, 0xFF, 0x00, 0x01, 0xF0, 0x07, 0xFE, 0x00, 0x07, 0xE0, 0x0F, 0xFC, 0x00,
    0x1F, 0x80, 0x1D, 0xF8, 0x00, 0x3E, 0x00, 0x33, 0xF0, 0x00, 0xFC, 0x00, 0x07, 0xE0, 0x03, 0xF0,
    0x00, 0x0F, 0xC0, 0x07, 0xC0, 0x00, 0x1F, 0x80, 0x1F, 0x00, 0x00, 0x3F, 0x00, 0x7E, 0x00, 0x00,
    0x7E, 0x01, 0xF8, 0x00, 0x00, 0xFC, 0x03, 0xE0, 0x00, 0x01, 0xF8, 0x0F, 0xC0, 0x00, 0x03, 0xF0,
    0x3F, 0x00, 0x00, 0x07, 0xE0, 0x7C, 0x07, 0xF0, 0x0F, 0xC1, 0xF8, 0x3F, 0xF8, 0x1F, 0x87, 0xE0,
    0xFF, 0xF8, 0x3F, 0x0F, 0x81, 0xFF, 0xF0, 0x00, 0x3F, 0x07, 0xE3, 0xF0, 0x00, 0xFC, 0x0F, 0x87,
    0xE0, 0x01, 0xF0, 0x00, 0x0F, 0xC0, 0x07, 0xE0, 0x00, 0x1F, 0x00, 0x1F, 0x80, 0x00, 0x7E, 0x00,
    0x3E, 0x00, 0x01, 0xF8, 0x00, 0xF8, 0x00, 0x07, 0xF0, 0x03, 0xF0, 0x00, 0x1F, 0xC0, 0x0F, 0xC0,
    0x00, 0x7E, 0x00, 0x1F, 0x00, 0x03, 0xF8, 0x00, 0x7E, 0x00, 0x0F, 0xE0, 0x01, 0xF8, 0x00, 0x3F,
    0xFF, 0x83, 0xE0, 0x00, 0x7F, 0xFF, 0x0F, 0xC0, 0x00, 0xFF, 0xFE, 0x3F, 0x00, 0x01, 0xFF, 0xFC,
    0x0F, 0xE0, 0x00, 0x00, 0x00, 0x07, 0xFE, 0x00, 0x01, 0xFC, 0x03, 0xFF, 0xC0, 0x00, 0x7C, 0x01,
    0xFF, 0xF8, 0x00, 0x3F, 0x00, 0x7C, 0x7E, 0x00, 0x1F, 0x80, 0x1F, 0x0F, 0x80, 0x07, 0xC0, 0x00,
    0x03, 0xE0, 0x03, 0xF0, 0x00, 0x03, 0xF0, 0x01, 0xF8, 0x00, 0x03, 0xF8, 0x00, 0x7C, 0x00, 0x00,
    0xFC, 0x00, 0x3E, 0x00, 0x00, 0x3F, 0xC0, 0x1F, 0x80, 0x00, 0x01, 0xF8, 0x0F, 0xC0, 0x00, 0x00,
    0x3E, 0x03, 0xE0, 0x00, 0x3F, 0x0F, 0xC1, 0xF8, 0x00, 0x0F, 0xC7, 0xE0, 0xFC, 0x00, 0x01, 0xFF,
    0xF8, 0x3E, 0x03, 0xF8, 0x7F, 0xFE, 0x1F, 0x80, 0xFE, 0x0F, 0xFF, 0x0F, 0xC0, 0x7F, 0x80, 0xFF,
    0x03, 0xE0, 0x1F, 0xE0, 0x00, 0x01, 0xF8, 0x0F, 0xF8, 0x00, 0x00, 0xFC, 0x07, 0xFE, 0x00, 0x00,
    0x3E, 0x01, 0xFF, 0x80, 0x00, 0x1F, 0x80, 0xFB, 0xE0, 0x00, 0x0F, 0xC0, 0x7C, 0xF8, 0x00, 0x03,
    0xE0, 0x1F, 0x3E, 0x00, 0x01, 0xF0, 0x0F, 0x8F, 0x80, 0x00, 0xFC, 0x03, 0xE3, 0xE0, 0x00, 0x7E,
    0x01, 0xFF, 0xFE, 0x00, 0x1F, 0x00, 0x7F, 0xFF, 0x80, 0x0F, 0xC0, 0x1F, 0xFF, 0xE0, 0x07, 0xE0,
    0x07, 0xFF, 0xF8, 0x01, 0xF0, 0x00, 0x00, 0xF8, 0x00, 0xFC, 0x00, 0x00, 0x3E, 0x00, 0x7E, 0x00,
    0x00, 0x0F, 0x80, 0x00, 0x0E, 0x00, 0x00, 0x0F, 0xE0, 0x00, 0x03, 0xFC, 0x00, 0x01, 0xFF, 0x00,
    0x00, 0x7F, 0xC0, 0x00, 0x1F, 0xF0, 0x00, 0x07, 0xFC, 0x00, 0x00, 0xFF, 0x00, 0x00, 0x1F, 0x00,
    0x00, 0x00, 0x00, 0x00, 0x00, 0x00, 0x00, 0x00, 0xFF, 0x00, 0x00, 0x3F, 0xC0, 0x00, 0x0F, 0xF0,
    0x00, 0x07, 0xF8, 0x00, 0x03, 0xFE, 0x00, 0x01, 0xFF, 0x80, 0x01, 0xFF, 0xE0, 0x00, 0xFF, 0xF0,
    0x00, 0x7F, 0xF8, 0x00, 0x3F, 0xF8, 0x00, 0x0F, 0xFC, 0x00, 0x07, 0xFE, 0x00, 0x01, 0xFF, 0x00,
    0x00, 0x7F, 0xC0, 0x7F, 0x9F, 0xF0, 0x3F, 0xE7, 0xFE, 0x0F, 0xF9, 0xFF, 0xEF, 0xFE, 0x7F, 0xFF,
    0xFF, 0x0F, 0xFF, 0xFF, 0xC1, 0xFF, 0xFF, 0xE0, 0x3F, 0xFF, 0xF0, 0x07, 0xFF, 0xF8, 0x00, 0x7F,
    0xF8, 0x00, 0x01, 0xC0, 0x00, 0x00, 0x7F, 0xC0, 0x00, 0x00, 0x03, 0xFC, 0x00, 0x00, 0x00, 0x1F,
    0xE0, 0x00, 0x00, 0x00, 0xFE, 0x00, 0x00, 0x00, 0x07, 0xF0, 0x00, 0x00, 0x00, 0x3F, 0x00, 0x00,
    0x00, 0x03, 0xF8, 0x00, 0x00, 0x00, 0x1F, 0x80, 0x00, 0x00, 0x00, 0x00, 0x00, 0x00, 0x00, 0x00,
    0x00, 0x00, 0x00, 0x00, 0x00, 0x00, 0x00, 0x01, 0xFF, 0xF0, 0x00, 0x00, 0x1F, 0xFF, 0x80, 0x00,
    0x01, 0xFF, 0xF8, 0x00, 0x00, 0x3F, 0xFF, 0x80, 0x00, 0x03, 0xFF, 0xFC, 0x00, 0x00, 0x3F, 0xFF,
    0xC0, 0x00, 0x07, 0xFF, 0xFC, 0x00, 0x00, 0x7F, 0xFF, 0xE0, 0x00, 0x07, 0xFF, 0xFE, 0x00, 0x00,
    0xFF, 0xBF, 0xE0, 0x00, 0x0F, 0xFB, 0xFF, 0x00, 0x00, 0xFF, 0x9F, 0xF0, 0x00, 0x1F, 0xF9, 0xFF,
    0x00, 0x01, 0xFF, 0x1F, 0xF8, 0x00, 0x1F, 0xF0, 0xFF, 0x80, 0x03, 0xFF, 0x0F, 0xF8, 0x00, 0x3F,
    0xE0, 0xFF, 0xC0, 0x03, 0xFE, 0x0F, 0xFC, 0x00, 0x7F, 0xE0, 0x7F, 0xC0, 0x07, 0xFE, 0x07, 0xFE,
    0x00, 0x7F, 0xFF, 0xFF, 0xE0, 0x0F, 0xFF, 0xFF, 0xFE, 0x00, 0xFF, 0xFF, 0xFF, 0xF0, 0x0F, 0xFF,
    0xFF, 0xFF, 0x01, 0xFF, 0xFF, 0xFF, 0xF0, 0x1F, 0xFF, 0xFF, 0xFF, 0x81, 0xFF, 0xFF, 0xFF, 0xF8,
    0x3F, 0xF0, 0x01, 0xFF, 0x83, 0xFF, 0x00, 0x0F, 0xFC, 0x3F, 0xF0, 0x00, 0xFF, 0xC7, 0xFE, 0x00,
    0x0F, 0xFC, 0x7F, 0xE0, 0x00, 0xFF, 0xEF, 0xFE, 0x00, 0x07, 0xFE, 0x00, 0x00, 0x3F, 0xC0, 0x00,
    0x00, 0x03, 0xFC, 0x00, 0x00, 0x00, 0x7F, 0x80, 0x00, 0x00, 0x07, 0xF0, 0x00, 0x00, 0x00, 0xFE,
    0x00, 0x00, 0x00, 0x0F, 0xC0, 0x00, 0x00, 0x01, 0xF8, 0x00, 0x00, 0x00, 0x1F, 0x80, 0x00, 0x00,
    0x02, 0x00, 0x00, 0x00, 0x00, 0x00, 0x00, 0x00, 0x00, 0x00, 0x00, 0x00, 0x00, 0x01, 0xFF, 0xF0,
    0x00, 0x00, 0x1F, 0xFF, 0x80, 0x00, 0x01, 0xFF, 0xF8, 0x00, 0x00, 0x3F, 0xFF, 0x80, 0x00, 0x03,
    0xFF, 0xFC, 0x00, 0x00, 0x3F, 0xFF, 0xC0, 0x00, 0x07, 0xFF, 0xFC, 0x00, 0x00, 0x7F, 0xFF, 0xE0,
    0x00, 0x07, 0xFF, 0xFE, 0x00, 0x00, 0xFF, 0xBF, 0xE0, 0x00, 0x0F, 0xFB, 0xFF, 0x00, 0x00, 0xFF,
    0x9F, 0xF0, 0x00, 0x1F, 0xF9, 0xFF, 0x00, 0x01, 0xFF, 0x1F, 0xF8, 0x00, 0x1F, 0xF0, 0xFF, 0x80,
    0x03, 0xFF, 0x0F, 0xF8, 0x00, 0x3F, 0xE0, 0xFF, 0xC0, 0x03, 0xFE, 0x0F, 0xFC, 0x00, 0x7F, 0xE0,
    0x7F, 0xC0, 0x07, 0xFE, 0x07, 0xFE, 0x00, 0x7F, 0xFF, 0xFF, 0xE0, 0x0F, 0xFF, 0xFF, 0xFE, 0x00,
    0xFF, 0xFF, 0xFF, 0xF0, 0x0F, 0xFF, 0xFF, 0xFF, 0x01, 0xFF, 0xFF, 0xFF, 0xF0, 0x1F, 0xFF, 0xFF,
    0xFF, 0x81, 0xFF, 0xFF, 0xFF, 0xF8, 0x3F, 0xF0, 0x01, 0xFF, 0x83, 0xFF, 0x00, 0x0F, 0xFC, 0x3F,
    0xF0, 0x00, 0xFF, 0xC7, 0xFE, 0x00, 0x0F, 0xFC, 0x7F, 0xE0, 0x00, 0xFF, 0xEF, 0xFE, 0x00, 0x07,
    0xFE, 0x00, 0x03, 0xF8, 0x00, 0x00, 0x00, 0x7F, 0xC0, 0x00, 0x00, 0x0F, 0xFE, 0x00, 0x00, 0x01,
    0xFF, 0xF0, 0x00, 0x00, 0x1F, 0xBF, 0x00, 0x00, 0x03, 0xF1, 0xF8, 0x00, 0x00, 0x7F, 0x1F, 0xC0,
    0x00, 0x0F, 0xE0, 0xFE, 0x00, 0x00, 0x00, 0x00, 0x00, 0x00, 0x00, 0x00, 0x00, 0x00, 0x00, 0x00,
    0x00, 0x00, 0x00, 0x01, 0xFF, 0xF0, 0x00, 0x00, 0x1F, 0xFF, 0x80, 0x00, 0x01, 0xFF, 0xF8, 0x00,
    0x00, 0x3F, 0xFF, 0x80, 0x00, 0x03, 0xFF, 0xFC, 0x00, 0x00, 0x3F, 0xFF, 0xC0, 0x00, 0x07, 0xFF,
    0xFC, 0x00, 0x00, 0x7F, 0xFF, 0xE0, 0x00, 0x07, 0xFF, 0xFE, 0x00, 0x00, 0xFF, 0xBF, 0xE0, 0x00,
    0x0F, 0xFB, 0xFF, 0x00, 0x00, 0xFF, 0x9F, 0xF0, 0x00, 0x1F, 0xF9, 0xFF, 0x00, 0x01, 0xFF, 0x1F,
    0xF8, 0x00, 0x1F, 0xF0, 0xFF, 0x80, 0x03, 0xFF, 0x0F, 0xF8, 0x00, 0x3F, 0xE0, 0xFF, 0xC0, 0x03,
    0xFE, 0x0F, 0xFC, 0x00, 0x7F, 0xE0, 0x7F, 0xC0, 0x07, 0xFE, 0x07, 0xFE, 0x00, 0x7F, 0xFF, 0xFF,
    0xE0, 0x0F, 0xFF, 0xFF, 0xFE, 0x00, 0xFF, 0xFF, 0xFF, 0xF0, 0x0F, 0xFF, 0xFF, 0xFF, 0x01, 0xFF,
    0xFF, 0xFF, 0xF0, 0x1F, 0xFF, 0xFF, 0xFF, 0x81, 0xFF, 0xFF, 0xFF, 0xF8, 0x3F, 0xF0, 0x01, 0xFF,
    0x83, 0xFF, 0x00, 0x0F, 0xFC, 0x3F, 0xF0, 0x00, 0xFF, 0xC7, 0xFE, 0x00, 0x0F, 0xFC, 0x7F, 0xE0,
    0x00, 0xFF, 0xEF, 0xFE, 0x00, 0x07, 0xFE, 0x00, 0x04, 0x00, 0x00, 0x00, 0x01, 0xF8, 0x3C, 0x00,
    0x00, 0x3F, 0xE3, 0xC0, 0x00, 0x07, 0xFF, 0xFC, 0x00, 0x00, 0x7F, 0xFF, 0xC0, 0x00, 0x07, 0xCF,
    0xF8, 0x00, 0x00, 0x78, 0x7F, 0x00, 0x00, 0x07, 0x81, 0xC0, 0x00, 0x00, 0x00, 0x00, 0x00, 0x00,
    0x00, 0x00, 0x00, 0x00, 0x00, 0x00, 0x00, 0x00, 0x00, 0x01, 0xFF, 0xF0, 0x00, 0x00, 0x1F, 0xFF,
    0x80, 0x00, 0x01, 0xFF, 0xF8, 0x00, 0x00, 0x3F, 0xFF, 0x80, 0x00, 0x03, 0xFF, 0xFC, 0x00, 0x00,
    0x3F, 0xFF, 0xC0, 0x00, 0x07, 0xFF, 0xFC, 0x00, 0x00, 0x7F, 0xFF, 0xE0, 0x00, 0x07, 0xFF, 0xFE,
    0x00, 0x00, 0xFF, 0xBF, 0xE0, 0x00, 0x0F, 0xFB, 0xFF, 0x00, 0x00, 0xFF, 0x9F, 0xF0, 0x00, 0x1F,
    0xF9, 0xFF, 0x00, 0x01, 0xFF, 0x1F, 0xF8, 0x00, 0x1F, 0xF0, 0xFF, 0x80, 0x03, 0xFF, 0x0F, 0xF8,
    0x00, 0x3F, 0xE0, 0xFF, 0xC0, 0x03, 0xFE, 0x0F, 0xFC, 0x00, 0x7F, 0xE0, 0x7F, 0xC0, 0x07, 0xFE,
    0x07, 0xFE, 0x00, 0x7F, 0xFF, 0xFF, 0xE0, 0x0F, 0xFF, 0xFF, 0xFE, 0x00, 0xFF, 0xFF, 0xFF, 0xF0,
    0x0F, 0xFF, 0xFF, 0xFF, 0x01, 0xFF, 0xFF, 0xFF, 0xF0, 0x1F, 0xFF, 0xFF, 0xFF, 0x81, 0xFF, 0xFF,
    0xFF, 0xF8, 0x3F, 0xF0, 0x01, 0xFF, 0x83, 0xFF, 0x00, 0x0F, 0xFC, 0x3F, 0xF0, 0x00, 0xFF, 0xC7,
    0xFE, 0x00, 0x0F, 0xFC, 0x7F, 0xE0, 0x00, 0xFF, 0xEF, 0xFE, 0x00, 0x07, 0xFE, 0x00, 0x18, 0x03,
    0x00, 0x00, 0x07, 0xE0, 0xFC, 0x00, 0x00, 0x7F, 0x1F, 0xE0, 0x00, 0x0F, 0xF1, 0xFE, 0x00, 0x00,
    0xFF, 0xBF, 0xE0, 0x00, 0x0F, 0xF1, 0xFE, 0x00, 0x00, 0x7F, 0x1F, 0xC0, 0x00, 0x03, 0xE0, 0xFC,
    0x00, 0x00, 0x00, 0x00, 0x00, 0x00, 0x00, 0x00, 0x00, 0x00, 0x00, 0x00, 0x00, 0x00, 0x00, 0x01,
    0xFF, 0xF0, 0x00, 0x00, 0x1F, 0xFF, 0x80, 0x00, 0x01, 0xFF, 0xF8, 0x00, 0x00, 0x3F, 0xFF, 0x80,
    0x00, 0x03, 0xFF, 0xFC, 0x00, 0x00, 0x3F, 0xFF, 0xC0, 0x00, 0x07, 0xFF, 0xFC, 0x00, 0x00, 0x7F,
    0xFF, 0xE0, 0x00, 0x07, 0xFF, 0xFE, 0x00, 0x00, 0xFF, 0xBF, 0xE0, 0x00, 0x0F, 0xFB, 0xFF, 0x00,
    0x00, 0xFF, 0x9F, 0xF0, 0x00, 0x1F, 0xF9, 0xFF, 0x00, 0x01, 0xFF, 0x1F, 0xF8, 0x00, 0x1F, 0xF0,
    0xFF, 0x80, 0x03, 0xFF, 0x0F, 0xF8, 0x00, 0x3F, 0xE0, 0xFF, 0xC0, 0x03, 0xFE, 0x0F, 0xFC, 0x00,
    0x7F, 0xE0, 0x7F, 0xC0, 0x07, 0xFE, 0x07, 0xFE, 0x00, 0x7F, 0xFF, 0xFF, 0xE0, 0x0F, 0xFF, 0xFF,
    0xFE, 0x00, 0xFF, 0xFF, 0xFF, 0xF0, 0x0F, 0xFF, 0xFF, 0xFF, 0x01, 0xFF, 0xFF, 0xFF, 0xF0, 0x1F,
    0xFF, 0xFF, 0xFF, 0x81, 0xFF, 0xFF, 0xFF, 0xF8, 0x3F, 0xF0, 0x01, 0xFF, 0x83, 0xFF, 0x00, 0x0F,
    0xFC, 0x3F, 0xF0, 0x00, 0xFF, 0xC7, 0xFE, 0x00, 0x0F, 0xFC, 0x7F, 0xE0, 0x00, 0xFF, 0xEF, 0xFE,
    0x00, 0x07, 0xFE, 0x00, 0x01, 0xF0, 0x00, 0x00, 0x00, 0x3F, 0xC0, 0x00, 0x00, 0x07, 0xFE, 0x00,
    0x00, 0x00, 0xF9, 0xE0, 0x00, 0x00, 0x0F, 0x0F, 0x00, 0x00, 0x00, 0xE0, 0xF0, 0x00, 0x00, 0x0F,
    0x0F, 0x00, 0x00, 0x00, 0xF9, 0xE0, 0x00, 0x00, 0x07, 0xFE, 0x00, 0x00, 0x00, 0x7F, 0xC0, 0x00,
    0x00, 0x01, 0xF0, 0x00, 0x00, 0x00, 0x00, 0x00, 0x00, 0x00, 0x00, 0x00, 0x00, 0x00, 0x01, 0xFF,
    0xF0, 0x00, 0x00, 0x1F, 0xFF, 0x80, 0x00, 0x01, 0xFF, 0xF8, 0x00, 0x00, 0x3F, 0xFF, 0x80, 0x00,
    0x03, 0xFF, 0xFC, 0x00, 0x00, 0x3F, 0xFF, 0xC0, 0x00, 0x07, 0xFF, 0xFC, 0x00, 0x00, 0x7F, 0xFF,
    0xE0, 0x00, 0x07, 0xFF, 0xFE, 0x00, 0x00, 0xFF, 0xBF, 0xE0, 0x00, 0x0F, 0xFB, 0xFF, 0x00, 0x00,
    0xFF, 0x9F, 0xF0, 0x00, 0x1F, 0xF9, 0xFF, 0x00, 0x01, 0xFF, 0x1F, 0xF8, 0x00, 0x1F, 0xF0, 0xFF,
    0x80, 0x03, 0xFF, 0x0F, 0xF8, 0x00, 0x3F, 0xE0, 0xFF, 0xC0, 0x03, 0xFE, 0x0F, 0xFC, 0x00, 0x7F,
    0xE0, 0x7F, 0xC0, 0x07, 0xFE, 0x07, 0xFE, 0x00, 0x7F, 0xFF, 0xFF, 0xE0, 0x0F, 0xFF, 0xFF, 0xFE,
    0x00, 0xFF, 0xFF, 0xFF, 0xF0, 0x0F, 0xFF, 0xFF, 0xFF, 0x01, 0xFF, 0xFF, 0xFF, 0xF0, 0x1F, 0xFF,
    0xFF, 0xFF, 0x81, 0xFF, 0xFF, 0xFF, 0xF8, 0x3F, 0xF0, 0x01, 0xFF, 0x83, 0xFF, 0x00, 0x0F, 0xFC,
    0x3F, 0xF0, 0x00, 0xFF, 0xC7, 0xFE, 0x00, 0x0F, 0xFC, 0x7F, 0xE0, 0x00, 0xFF, 0xEF, 0xFE, 0x00,
    0x07, 0xFE, 0x00, 0x00, 0x00, 0x00, 0x00, 0x00, 0x00, 0x0F, 0xFF, 0xFF, 0xFF, 0xFC, 0x00, 0x1F,
    0xFF, 0xFF, 0xFF, 0xF8, 0x00, 0x7F, 0xFF, 0xFF, 0xFF, 0xF0, 0x00, 0xFF, 0xFF, 0xFF, 0xFF, 0xE0,
    0x01, 0xFF, 0xFF, 0xFF, 0xFF, 0xC0, 0x07, 0xFF, 0xFF, 0xFF, 0xFF, 0x80, 0x0F, 0xF9, 0xFF, 0xFF,
    0xFF, 0x00, 0x3F, 0xF3, 0xFE, 0x00, 0x00, 0x00, 0x7F, 0xC7, 0xFC, 0x00, 0x00, 0x00, 0xFF, 0x8F,
    0xF8, 0x00, 0x00, 0x03, 0xFF, 0x1F, 0xF0, 0x00, 0x00, 0x07, 0xFC, 0x3F, 0xE0, 0x00, 0x00, 0x1F,
    0xF8, 0x7F, 0xFF, 0xFF, 0x80, 0x3F, 0xE0, 0xFF, 0xFF, 0xFF, 0x00, 0x7F, 0xC1, 0xFF, 0xFF, 0xFE,
    0x01, 0xFF, 0x83, 0xFF, 0xFF, 0xFC, 0x03, 0xFE, 0x07, 0xFF, 0xFF, 0xF8, 0x0F, 0xFC, 0x0F, 0xFF,
    0xFF, 0xF0, 0x1F, 0xF8, 0x1F, 0xFF, 0xFF, 0xE0, 0x3F, 0xE0, 0x3F, 0xFF, 0xFF, 0xC0, 0xFF, 0xFF,
    0xFF, 0xC0, 0x00, 0x01, 0xFF, 0xFF, 0xFF, 0x80, 0x00, 0x03, 0xFF, 0xFF, 0xFF, 0x00, 0x00, 0x0F,
    0xFF, 0xFF, 0xFE, 0x00, 0x00, 0x1F, 0xFF, 0xFF, 0xFC, 0x00, 0x00, 0x7F, 0xFF, 0xFF, 0xFF, 0xFF,
    0xF8, 0xFF, 0xFF, 0xFF, 0xFF, 0xFF, 0xF1, 0xFF, 0x00, 0x3F, 0xFF, 0xFF, 0xE7, 0xFE, 0x00, 0x7F,
    0xFF, 0xFF, 0xCF, 0xFC, 0x00, 0xFF, 0xFF, 0xFF, 0xBF, 0xF0, 0x01, 0xFF, 0xFF, 0xFF, 0x7F, 0xE0,
    0x03, 0xFF, 0xFF, 0xFF, 0xFF, 0x80, 0x07, 0xFF, 0xFF, 0xFC, 0x00, 0x0F, 0xF8, 0x00, 0x00, 0x7F,
    0xFF, 0x00, 0x01, 0xFF, 0xFF, 0xC0, 0x03, 0xFF, 0xFF, 0xE0, 0x07, 0xFF, 0xFF, 0xF0, 0x0F, 0xFF,
    0xFF, 0xF8, 0x1F, 0xFF, 0xFF, 0xFC, 0x1F, 0xFF, 0xFF, 0xFC, 0x3F, 0xFC, 0x1F, 0xFE, 0x3F, 0xF0,
    0x07, 0xFE, 0x7F, 0xE0, 0x03, 0xFE, 0x7F, 0xE0, 0x03, 0xFF, 0x7F, 0xC0, 0x03, 0xFF, 0x7F, 0xC0,
    0x00, 0x00, 0xFF, 0xC0, 0x00, 0x00, 0xFF, 0xC0, 0x00, 0x00, 0xFF, 0xC0, 0x00, 0x00, 0xFF, 0xC0,
    0x00, 0x00, 0xFF, 0xC0, 0x00, 0x00, 0xFF, 0xC0, 0x00, 0x00, 0xFF, 0xC0, 0x00, 0x00, 0x7F, 0xC0,
    0x00, 0x00, 0x7F, 0xE0, 0x03, 0xFF, 0x7F, 0xE0, 0x03, 0xFE, 0x7F, 0xF0, 0x07, 0xFE, 0x3F, 0xF8,
    0x0F, 0xFE, 0x3F, 0xFF, 0xFF, 0xFC, 0x1F, 0xFF, 0xFF, 0xFC, 0x0F, 0xFF, 0xFF, 0xF8, 0x0F, 0xFF,
    0xFF, 0xF0, 0x07, 0xFF, 0xFF, 0xE0, 0x01, 0xFF, 0xFF, 0xC0, 0x00, 0xFF, 0xFF, 0x80, 0x00, 0x3F,
    0xFC, 0x00, 0x00, 0x03, 0x80, 0x00, 0x00, 0x03, 0x80, 0x00, 0x00, 0x03, 0xF0, 0x00, 0x00, 0x03,
    0xF8, 0x00, 0x00, 0x00, 0x7C, 0x00, 0x00, 0x00, 0x7C, 0x00, 0x00, 0x07, 0xFC, 0x00, 0x00, 0x07,
    0xF8, 0x00, 0x00, 0x07, 0xF0, 0x00, 0x00, 0x00, 0x00, 0x00, 0x0F, 0xF8, 0x00, 0x00, 0xFF, 0x00,
    0x00, 0x0F, 0xF0, 0x00, 0x00, 0xFE, 0x00, 0x00, 0x0F, 0xE0, 0x00, 0x00, 0xFC, 0x00, 0x00, 0x1F,
    0xC0, 0x00, 0x01, 0xF8, 0x00, 0x00, 0x00, 0x00, 0x00, 0x00, 0x00, 0x00, 0x00, 0x00, 0x00, 0x3F,
    0xFF, 0xFF, 0xE7, 0xFF, 0xFF, 0xFC, 0xFF, 0xFF, 0xFF, 0x9F, 0xFF, 0xFF, 0xF3, 0xFF, 0xFF, 0xFE,
    0x7F, 0xFF, 0xFF, 0xCF, 0xFF, 0xFF, 0xF9, 0xFF, 0x00, 0x00, 0x3F, 0xE0, 0x00, 0x07, 0xFC, 0x00,
    0x00, 0xFF, 0x80, 0x00, 0x1F, 0xF0, 0x00, 0x03, 0xFF, 0xFF, 0xFC, 0x7F, 0xFF, 0xFF, 0x8F, 0xFF,
    0xFF, 0xF1, 0xFF, 0xFF, 0xFE, 0x3F, 0xFF, 0xFF, 0xC7, 0xFF, 0xFF, 0xF8, 0xFF, 0xFF, 0xFF, 0x1F,
    0xFF, 0xFF, 0xE3, 0xFE, 0x00, 0x00, 0x7F, 0xC0, 0x00, 0x0F, 0xF8, 0x00, 0x01, 0xFF, 0x00, 0x00,
    0x3F, 0xE0, 0x00, 0x07, 0xFF, 0xFF, 0xFC, 0xFF, 0xFF, 0xFF, 0x9F, 0xFF, 0xFF, 0xF3, 0xFF, 0xFF,
    0xFE, 0x7F, 0xFF, 0xFF, 0xCF, 0xFF, 0xFF, 0xF9, 0xFF, 0xFF, 0xFF, 0x3F, 0xFF, 0xFF, 0xE0, 0x00,
    0x03, 0xFC, 0x00, 0x00, 0x7F, 0x80, 0x00, 0x1F, 0xE0, 0x00, 0x03, 0xF8, 0x00, 0x00, 0xFE, 0x00,
    0x00, 0x1F, 0x80, 0x00, 0x07, 0xE0, 0x00, 0x00, 0xFC, 0x00, 0x00, 0x20, 0x00, 0x00, 0x00, 0x00,
    0x00, 0x00, 0x00, 0x00, 0x3F, 0xFF, 0xFF, 0xE7, 0xFF, 0xFF, 0xFC, 0xFF, 0xFF, 0xFF, 0x9F, 0xFF,
    0xFF, 0xF3, 0xFF, 0xFF, 0xFE, 0x7F, 0xFF, 0xFF, 0xCF, 0xFF, 0xFF, 0xF9, 0xFF, 0x00, 0x00, 0x3F,
    0xE0, 0x00, 0x07, 0xFC, 0x00, 0x00, 0xFF, 0x80, 0x00, 0x1F, 0xF0, 0x00, 0x03, 0xFF, 0xFF, 0xFC,
    0x7F, 0xFF, 0xFF, 0x8F, 0xFF, 0xFF, 0xF1, 0xFF, 0xFF, 0xFE, 0x3F, 0xFF, 0xFF, 0xC7, 0xFF, 0xFF,
    0xF8, 0xFF, 0xFF, 0xFF, 0x1F, 0xFF, 0xFF, 0xE3, 0xFE, 0x00, 0x00, 0x7F, 0xC0, 0x00, 0x0F, 0xF8,
    0x00, 0x01, 0xFF, 0x00, 0x00, 0x3F, 0xE0, 0x00, 0x07, 0xFF, 0xFF, 0xFC, 0xFF, 0xFF, 0xFF, 0x9F,
    0xFF, 0xFF, 0xF3, 0xFF, 0xFF, 0xFE, 0x7F, 0xFF, 0xFF, 0xCF, 0xFF, 0xFF, 0xF9, 0xFF, 0xFF, 0xFF,
    0x3F, 0xFF, 0xFF, 0xE0, 0x00, 0x3F, 0x80, 0x00, 0x0F, 0xF8, 0x00, 0x03, 0xFF, 0x80, 0x00, 0xFF,
    0xF8, 0x00, 0x1F, 0xBF, 0x00, 0x07, 0xE3, 0xF0, 0x01, 0xFC, 0x7F, 0x00, 0x7F, 0x07, 0xF0, 0x00,
    0x00, 0x00, 0x00, 0x00, 0x00, 0x00, 0x00, 0x00, 0x00, 0x3F, 0xFF, 0xFF, 0xE7, 0xFF, 0xFF, 0xFC,
    0xFF, 0xFF, 0xFF, 0x9F, 0xFF, 0xFF, 0xF3, 0xFF, 0xFF, 0xFE, 0x7F, 0xFF, 0xFF, 0xCF, 0xFF, 0xFF,
    0xF9, 0xFF, 0x00, 0x00, 0x3F, 0xE0, 0x00, 0x07, 0xFC, 0x00, 0x00, 0xFF, 0x80, 0x00, 0x1F, 0xF0,
    0x00, 0x03, 0xFF, 0xFF, 0xFC, 0x7F, 0xFF, 0xFF, 0x8F, 0xFF, 0xFF, 0xF1, 0xFF, 0xFF, 0xFE, 0x3F,
    0xFF, 0xFF, 0xC7, 0xFF, 0xFF, 0xF8, 0xFF, 0xFF, 0xFF, 0x1F, 0xFF, 0xFF, 0xE3, 0xFE, 0x00, 0x00,
    0x7F, 0xC0, 0x00, 0x0F, 0xF8, 0x00, 0x01, 0xFF, 0x00, 0x00, 0x3F, 0xE0, 0x00, 0x07, 0xFF, 0xFF,
    0xFC, 0xFF, 0xFF, 0xFF, 0x9F, 0xFF, 0xFF, 0xF3, 0xFF, 0xFF, 0xFE, 0x7F, 0xFF, 0xFF, 0xCF, 0xFF,
    0xFF, 0xF9, 0xFF, 0xFF, 0xFF, 0x3F, 0xFF, 0xFF, 0xE0, 0x01, 0x80, 0x30, 0x00, 0xFC, 0x1F, 0x80,
    0x1F, 0xC7, 0xF8, 0x07, 0xF8, 0xFF, 0x00, 0xFF, 0xBF, 0xE0, 0x1F, 0xE3, 0xFC, 0x01, 0xFC, 0x7F,
    0x00, 0x1F, 0x07, 0xE0, 0x00, 0x00, 0x00, 0x00, 0x00, 0x00, 0x00, 0x00, 0x00, 0x00, 0x3F, 0xFF,
    0xFF, 0xE7, 0xFF, 0xFF, 0xFC, 0xFF, 0xFF, 0xFF, 0x9F, 0xFF, 0xFF, 0xF3, 0xFF, 0xFF, 0xFE, 0x7F,
    0xFF, 0xFF, 0xCF, 0xFF, 0xFF, 0xF9, 0xFF, 0x00, 0x00, 0x3F, 0xE0, 0x00, 0x07, 0xFC, 0x00, 0x00,
    0xFF, 0x80, 0x00, 0x1F, 0xF0, 0x00, 0x03, 0xFF, 0xFF, 0xFC, 0x7F, 0xFF, 0xFF, 0x8F, 0xFF, 0xFF,
    0xF1, 0xFF, 0xFF, 0xFE, 0x3F, 0xFF, 0xFF, 0xC7, 0xFF, 0xFF, 0xF8, 0xFF, 0xFF, 0xFF, 0x1F, 0xFF,
    0xFF, 0xE3, 0xFE, 0x00, 0x00, 0x7F, 0xC0, 0x00, 0x0F, 0xF8, 0x00, 0x01, 0xFF, 0x00, 0x00, 0x3F,
    0xE0, 0x00, 0x07, 0xFF, 0xFF, 0xFC, 0xFF, 0xFF, 0xFF, 0x9F, 0xFF, 0xFF, 0xF3, 0xFF, 0xFF, 0xFE,
    0x7F, 0xFF, 0xFF, 0xCF, 0xFF, 0xFF, 0xF9, 0xFF, 0xFF, 0xFF, 0x3F, 0xFF, 0xFF, 0xE0, 0xFF, 0x80,
    0xFF, 0x00, 0xFF, 0x00, 0xFE, 0x00, 0xFE, 0x00, 0xFC, 0x01, 0xFC, 0x01, 0xF8, 0x00, 0x00, 0x00,
    0x00, 0x00, 0x00, 0x3F, 0xE0, 0x7F, 0xC0, 0xFF, 0x81, 0xFF, 0x03, 0xFE, 0x07, 0xFC, 0x0F, 0xF8,
    0x1F, 0xF0, 0x3F, 0xE0, 0x7F, 0xC0, 0xFF, 0x81, 0xFF, 0x03, 0xFE, 0x07, 0xFC, 0x0F, 0xF8, 0x1F,
    0xF0, 0x3F, 0xE0, 0x7F, 0xC0, 0xFF, 0x81, 0xFF, 0x03, 0xFE, 0x07, 0xFC, 0x0F, 0xF8, 0x1F, 0xF0,
    0x3F, 0xE0, 0x7F, 0xC0, 0xFF, 0x81, 0xFF, 0x03, 0xFE, 0x07, 0xFC, 0x0F, 0xF8, 0x1F, 0xF0, 0x3F,
    0xE0, 0x03, 0xFC, 0x07, 0xF8, 0x1F, 0xE0, 0x3F, 0x80, 0xFE, 0x01, 0xF8, 0x07, 0xE0, 0x0F, 0xC0,
    0x20, 0x00, 0x00, 0x00, 0x00, 0x03, 0xFE, 0x07, 0xFC, 0x0F, 0xF8, 0x1F, 0xF0, 0x3F, 0xE0, 0x7F,
    0xC0, 0xFF, 0x81, 0xFF, 0x03, 0xFE, 0x07, 0xFC, 0x0F, 0xF8, 0x1F, 0xF0, 0x3F, 0xE0, 0x7F, 0xC0,
    0xFF, 0x81, 0xFF, 0x03, 0xFE, 0x07, 0xFC, 0x0F, 0xF8, 0x1F, 0xF0, 0x3F, 0xE0, 0x7F, 0xC0, 0xFF,
    0x81, 0xFF, 0x03, 0xFE, 0x07, 0xFC, 0x0F, 0xF8, 0x1F, 0xF0, 0x3F, 0xE0, 0x7F, 0xC0, 0xFF, 0x81,
    0xFF, 0x03, 0xFE, 0x00, 0x01, 0xFC, 0x00, 0x1F, 0xF0, 0x01, 0xFF, 0xC0, 0x1F, 0xFF, 0x00, 0xFD,
    0xF8, 0x0F, 0xC7, 0xE0, 0xFE, 0x3F, 0x8F, 0xE0, 0xFE, 0x00, 0x00, 0x00, 0x00, 0x00, 0x00, 0x00,
    0x00, 0x07, 0xFC, 0x00, 0x3F, 0xE0, 0x01, 0xFF, 0x00, 0x0F, 0xF8, 0x00, 0x7F, 0xC0, 0x03, 0xFE,
    0x00, 0x1F, 0xF0, 0x00, 0xFF, 0x80, 0x07, 0xFC, 0x00, 0x3F, 0xE0, 0x01, 0xFF, 0x00, 0x0F, 0xF8,
    0x00, 0x7F, 0xC0, 0x03, 0xFE, 0x00, 0x1F, 0xF0, 0x00, 0xFF, 0x80, 0x07, 0xFC, 0x00, 0x3F, 0xE0,
    0x01, 0xFF, 0x00, 0x0F, 0xF8, 0x00, 0x7F, 0xC0, 0x03, 0xFE, 0x00, 0x1F, 0xF0, 0x00, 0xFF, 0x80,
    0x07, 0xFC, 0x00, 0x3F, 0xE0, 0x01, 0xFF, 0x00, 0x0F, 0xF8, 0x00, 0x7F, 0xC0, 0x03, 0xFE, 0x00,
    0x1F, 0xF0, 0x00, 0xFF, 0x80, 0x07, 0xFC, 0x00, 0x18, 0x03, 0x07, 0xE0, 0xFC, 0x7F, 0x1F, 0xEF,
    0xF1, 0xFE, 0xFF, 0xBF, 0xEF, 0xF1, 0xFE, 0x7F, 0x1F, 0xC3, 0xE0, 0xFC, 0x00, 0x00, 0x00, 0x00,
    0x00, 0x00, 0x00, 0x00, 0x7F, 0xC0, 0x07, 0xFC, 0x00, 0x7F, 0xC0, 0x07, 0xFC, 0x00, 0x7F, 0xC0,
    0x07, 0xFC, 0x00, 0x7F, 0xC0, 0x07, 0xFC, 0x00, 0x7F, 0xC0, 0x07, 0xFC, 0x00, 0x7F, 0xC0, 0x07,
    0xFC, 0x00, 0x7F, 0xC0, 0x07, 0xFC, 0x00, 0x7F, 0xC0, 0x07, 0xFC, 0x00, 0x7F, 0xC0, 0x07, 0xFC,
    0x00, 0x7F, 0xC0, 0x07, 0xFC, 0x00, 0x7F, 0xC0, 0x07, 0xFC, 0x00, 0x7F, 0xC0, 0x07, 0xFC, 0x00,
    0x7F, 0xC0, 0x07, 0xFC, 0x00, 0x7F, 0xC0, 0x07, 0xFC, 0x00, 0x7F, 0xC0, 0x07, 0xFC, 0x00, 0x7F,
    0xC0, 0x07, 0xFC, 0x00, 0x7F, 0xC0, 0x00, 0x00, 0x00, 0x00, 0x00, 0xFF, 0xFF, 0xE0, 0x00, 0x1F,
    0xFF, 0xFF, 0x80, 0x03, 0xFF, 0xFF, 0xF8, 0x00, 0x7F, 0xFF, 0xFF, 0xC0, 0x0F, 0xFF, 0xFF, 0xFC,
    0x01, 0xFF, 0xFF, 0xFF, 0x80, 0x3F, 0xFF, 0xFF, 0xF8, 0x07, 0xFC, 0x0F, 0xFF, 0x80, 0xFF, 0x80,
    0x7F, 0xF0, 0x1F, 0xF0, 0x03, 0xFF, 0x03, 0xFE, 0x00, 0x7F, 0xE0, 0x7F, 0xC0, 0x07, 0xFC, 0x0F,
    0xF8, 0x00, 0xFF, 0xBF, 0xFF, 0xF8, 0x1F, 0xFF, 0xFF, 0xFF, 0x03, 0xFF, 0xFF, 0xFF, 0xE0, 0x7F,
    0xFF, 0xFF, 0xFC, 0x0F, 0xFF, 0xFF, 0xFF, 0x81, 0xFF, 0xFF, 0xFF, 0xF0, 0x3F, 0xF0, 0x7F, 0xC0,
    0x07, 0xFC, 0x0F, 0xF8, 0x00, 0xFF, 0x81, 0xFF, 0x00, 0x1F, 0xF0, 0x3F, 0xE0, 0x07, 0xFE, 0x07,
    0xFC, 0x01, 0xFF, 0x80, 0xFF, 0x80, 0x7F, 0xF0, 0x1F, 0xFF, 0xFF, 0xFC, 0x03, 0xFF, 0xFF, 0xFF,
    0x80, 0x7F, 0xFF, 0xFF, 0xE0, 0x0F, 0xFF, 0xFF, 0xF8, 0x01, 0xFF, 0xFF, 0xFE, 0x00, 0x3F, 0xFF,
    0xFF, 0x80, 0x07, 0xFF, 0xFF, 0xC0, 0x00, 0xFF, 0xFF, 0xC0, 0x00, 0x00, 0x08, 0x00, 0x00, 0x00,
    0x3F, 0x07, 0x80, 0x00, 0x7F, 0xC7, 0x80, 0x00, 0xFF, 0xFF, 0x80, 0x00, 0xFF, 0xFF, 0x80, 0x00,
    0xF9, 0xFF, 0x00, 0x00, 0xF0, 0xFE, 0x00, 0x00, 0xF0, 0x38, 0x00, 0x00, 0x00, 0x00, 0x00, 0x00,
    0x00, 0x00, 0x00, 0x00, 0x00, 0x00, 0x00, 0x7F, 0xE0, 0x03, 0xFF, 0x7F, 0xF0, 0x03, 0xFF, 0x7F,
    0xF0, 0x03, 0xFF, 0x7F, 0xF8, 0x03, 0xFF, 0x7F, 0xFC, 0x03, 0xFF, 0x7F, 0xFC, 0x03, 0xFF, 0x7F,
    0xFE, 0x03, 0xFF, 0x7F, 0xFF, 0x03, 0xFF, 0x7F, 0xFF, 0x03, 0xFF, 0x7F, 0xFF, 0x83, 0xFF, 0x7F,
    0xFF, 0x83, 0xFF, 0x7F, 0xFF, 0xC3, 0xFF, 0x7F, 0xFF, 0xE3, 0xFF, 0x7F, 0xFF, 0xE3, 0xFF, 0x7F,
    0xDF, 0xF3, 0xFF, 0x7F, 0xDF, 0xF3, 0xFF, 0x7F, 0xCF, 0xFB, 0xFF, 0x7F, 0xC7, 0xFB, 0xFF, 0x7F,
    0xC7, 0xFF, 0xFF, 0x7F, 0xC3, 0xFD, 0xFF, 0x7F, 0xC3, 0xFF, 0xFF, 0x7F, 0xC1, 0xFF, 0xFF, 0x7F,
    0xC1, 0xFF, 0xFF, 0x7F, 0xC0, 0xFF, 0xFF, 0x7F, 0xC0, 0x7F, 0xFF, 0x7F, 0xC0, 0x7F, 0xFF, 0x7F,
    0xC0, 0x3F, 0xFF, 0x7F, 0xC0, 0x1F, 0xFF, 0x7F, 0xC0, 0x1F, 0xFF, 0x7F, 0xC0, 0x0F, 0xFF, 0x7F,
    0xC0, 0x0F, 0xFF, 0x7F, 0xC0, 0x07, 0xFF, 0x7F, 0xC0, 0x03, 0xFF, 0x01, 0xFF, 0x00, 0x00, 0x00,
    0x7F, 0x80, 0x00, 0x00, 0x1F, 0xE0, 0x00, 0x00, 0x07, 0xF0, 0x00, 0x00, 0x01, 0xFC, 0x00, 0x00,
    0x00, 0x7E, 0x00, 0x00, 0x00, 0x3F, 0x80, 0x00, 0x00, 0x0F, 0xC0, 0x00, 0x00, 0x00, 0x00, 0x00,
    0x00, 0x00, 0x00, 0x00, 0x00, 0x03, 0xFE, 0x00, 0x00, 0x0F, 0xFF, 0xE0, 0x00, 0x1F, 0xFF, 0xF8,
    0x00, 0x1F, 0xFF, 0xFF, 0x00, 0x1F, 0xFF, 0xFF, 0xC0, 0x1F, 0xFF, 0xFF, 0xF0, 0x1F, 0xFF, 0xFF,
    0xFC, 0x0F, 0xFF, 0xFF, 0xFE, 0x0F, 0xFF, 0x07, 0xFF, 0x87, 0xFE, 0x00, 0xFF, 0xC7, 0xFE, 0x00,
    0x3F, 0xF3, 0xFF, 0x00, 0x1F, 0xF9, 0xFF, 0x00, 0x07, 0xFC, 0xFF, 0x80, 0x03, 0xFE, 0xFF, 0xC0,
    0x01, 0xFF, 0xFF, 0xE0, 0x00, 0xFF, 0xFF, 0xF0, 0x00, 0x7F, 0xFF, 0xF8, 0x00, 0x3F, 0xFF, 0xFC,
    0x00, 0x1F, 0xFF, 0xFE, 0x00, 0x0F, 0xFF, 0xFF, 0x00, 0x07, 0xFC, 0xFF, 0x80, 0x03, 0xFE, 0x7F,
    0xE0, 0x03, 0xFF, 0x3F, 0xF0, 0x01, 0xFF, 0x9F, 0xFC, 0x01, 0xFF, 0xC7, 0xFF, 0x01, 0xFF, 0xC3,
    0xFF, 0xFF, 0xFF, 0xE0, 0xFF, 0xFF, 0xFF, 0xE0, 0x3F, 0xFF, 0xFF, 0xE0, 0x1F, 0xFF, 0xFF, 0xF0,
    0x07, 0xFF, 0xFF, 0xF0, 0x00, 0xFF, 0xFF, 0xE0, 0x00, 0x3F, 0xFF, 0xE0, 0x00, 0x03, 0xFF, 0x80,
    0x00, 0x00, 0x10, 0x00, 0x00, 0x00, 0x00, 0x7F, 0x80, 0x00, 0x00, 0x3F, 0xC0, 0x00, 0x00, 0x3F,
    0xC0, 0x00, 0x00, 0x1F, 0xC0, 0x00, 0x00, 0x1F, 0xC0, 0x00, 0x00, 0x0F, 0xC0, 0x00, 0x00, 0x0F,
    0xC0, 0x00, 0x00, 0x07, 0xE0, 0x00, 0x00, 0x04, 0x00, 0x00, 0x00, 0x00, 0x00, 0x00, 0x00, 0x03,
    0xFE, 0x00, 0x00, 0x0F, 0xFF, 0xE0, 0x00, 0x1F, 0xFF, 0xF8, 0x00, 0x1F, 0xFF, 0xFF, 0x00, 0x1F,
    0xFF, 0xFF, 0xC0, 0x1F, 0xFF, 0xFF, 0xF0, 0x1F, 0xFF, 0xFF, 0xFC, 0x0F, 0xFF, 0xFF, 0xFE, 0x0F,
    0xFF, 0x07, 0xFF, 0x87, 0xFE, 0x00, 0xFF, 0xC7, 0xFE, 0x00, 0x3F, 0xF3, 0xFF, 0x00, 0x1F, 0xF9,
    0xFF, 0x00, 0x07, 0xFC, 0xFF, 0x80, 0x03, 0xFE, 0xFF, 0xC0, 0x01, 0xFF, 0xFF, 0xE0, 0x00, 0xFF,
    0xFF, 0xF0, 0x00, 0x7F, 0xFF, 0xF8, 0x00, 0x3F, 0xFF, 0xFC, 0x00, 0x1F, 0xFF, 0xFE, 0x00, 0x0F,
    0xFF, 0xFF, 0x00, 0x07, 0xFC, 0xFF, 0x80, 0x03, 0xFE, 0x7F, 0xE0, 0x03, 0xFF, 0x3F, 0xF0, 0x01,
    0xFF, 0x9F, 0xFC, 0x01, 0xFF, 0xC7, 0xFF, 0x01, 0xFF, 0xC3, 0xFF, 0xFF, 0xFF, 0xE0, 0xFF, 0xFF,
    0xFF, 0xE0, 0x3F, 0xFF, 0xFF, 0xE0, 0x1F, 0xFF, 0xFF, 0xF0, 0x07, 0xFF, 0xFF, 0xF0, 0x00, 0xFF,
    0xFF, 0xE0, 0x00, 0x3F, 0xFF, 0xE0, 0x00, 0x03, 0xFF, 0x80, 0x00, 0x00, 0x10, 0x00, 0x00, 0x00,
    0x07, 0xF0, 0x00, 0x00, 0x07, 0xFC, 0x00, 0x00, 0x07, 0xFF, 0x00, 0x00, 0x07, 0xFF, 0xC0, 0x00,
    0x03, 0xF7, 0xE0, 0x00, 0x03, 0xF1, 0xF8, 0x00, 0x03, 0xF8, 0xFE, 0x00, 0x03, 0xF8, 0x3F, 0x80,
    0x00, 0x00, 0x00, 0x00, 0x00, 0x00, 0x00, 0x00, 0x00, 0x03, 0xFE, 0x00, 0x00, 0x0F, 0xFF, 0xE0,
    0x00, 0x1F, 0xFF, 0xF8, 0x00, 0x1F, 0xFF, 0xFF, 0x00, 0x1F, 0xFF, 0xFF, 0xC0, 0x1F, 0xFF, 0xFF,
    0xF0, 0x1F, 0xFF, 0xFF, 0xFC, 0x0F, 0xFF, 0xFF, 0xFE, 0x0F, 0xFF, 0x07, 0xFF, 0x87, 0xFE, 0x00,
    0xFF, 0xC7, 0xFE, 0x00, 0x3F, 0xF3, 0xFF, 0x00, 0x1F, 0xF9, 0xFF, 0x00, 0x07, 0xFC, 0xFF, 0x80,
    0x03, 0xFE, 0xFF, 0xC0, 0x01, 0xFF, 0xFF, 0xE0, 0x00, 0xFF, 0xFF, 0xF0, 0x00, 0x7F, 0xFF, 0xF8,
    0x00, 0x3F, 0xFF, 0xFC, 0x00, 0x1F, 0xFF, 0xFE, 0x00, 0x0F, 0xFF, 0xFF, 0x00, 0x07, 0xFC, 0xFF,
    0x80, 0x03, 0xFE, 0x7F, 0xE0, 0x03, 0xFF, 0x3F, 0xF0, 0x01, 0xFF, 0x9F, 0xFC, 0x01, 0xFF, 0xC7,
    0xFF, 0x01, 0xFF, 0xC3, 0xFF, 0xFF, 0xFF, 0xE0, 0xFF, 0xFF, 0xFF, 0xE0, 0x3F, 0xFF, 0xFF, 0xE0,
    0x1F, 0xFF, 0xFF, 0xF0, 0x07, 0xFF, 0xFF, 0xF0, 0x00, 0xFF, 0xFF, 0xE0, 0x00, 0x3F, 0xFF, 0xE0,
    0x00, 0x03, 0xFF, 0x80, 0x00, 0x00, 0x10, 0x00, 0x00, 0x00, 0x08, 0x00, 0x00, 0x00, 0x1F, 0x83,
    0xC0, 0x00, 0x1F, 0xF1, 0xE0, 0x00, 0x1F, 0xFF, 0xF0, 0x00, 0x0F, 0xFF, 0xF8, 0x00, 0x07, 0xCF,
    0xF8, 0x00, 0x03, 0xC3, 0xF8, 0x00, 0x01, 0xE0, 0x70, 0x00, 0x00, 0x00, 0x00, 0x00, 0x00, 0x00,
    0x00, 0x00, 0x00, 0x03, 0xFE, 0x00, 0x00, 0x0F, 0xFF, 0xE0, 0x00, 0x1F, 0xFF, 0xF8, 0x00, 0x1F,
    0xFF, 0xFF, 0x00, 0x1F, 0xFF, 0xFF, 0xC0, 0x1F, 0xFF, 0xFF, 0xF0, 0x1F, 0xFF, 0xFF, 0xFC, 0x0F,
    0xFF, 0xFF, 0xFE, 0x0F, 0xFF, 0x07, 0xFF, 0x87, 0xFE, 0x00, 0xFF, 0xC7, 0xFE, 0x00, 0x3F, 0xF3,
    0xFF, 0x00, 0x1F, 0xF9, 0xFF, 0x00, 0x07, 0xFC, 0xFF, 0x80, 0x03, 0xFE, 0xFF, 0xC0, 0x01, 0xFF,
    0xFF, 0xE0, 0x00, 0xFF, 0xFF, 0xF0, 0x00, 0x7F, 0xFF, 0xF8, 0x00, 0x3F, 0xFF, 0xFC, 0x00, 0x1F,
    0xFF, 0xFE, 0x00, 0x0F, 0xFF, 0xFF, 0x00, 0x07, 0xFC, 0xFF, 0x80, 0x03, 0xFE, 0x7F, 0xE0, 0x03,
    0xFF, 0x3F, 0xF0, 0x01, 0xFF, 0x9F, 0xFC, 0x01, 0xFF, 0xC7, 0xFF, 0x01, 0xFF, 0xC3, 0xFF, 0xFF,
    0xFF, 0xE0, 0xFF, 0xFF, 0xFF, 0xE0, 0x3F, 0xFF, 0xFF, 0xE0, 0x1F, 0xFF, 0xFF, 0xF0, 0x07, 0xFF,
    0xFF, 0xF0, 0x00, 0xFF, 0xFF, 0xE0, 0x00, 0x3F, 0xFF, 0xE0, 0x00, 0x03, 0xFF, 0x80, 0x00, 0x00,
    0x10, 0x00, 0x00, 0x00, 0x30, 0x06, 0x00, 0x00, 0x7E, 0x0F, 0xC0, 0x00, 0x3F, 0x8F, 0xF0, 0x00,
    0x3F, 0xC7, 0xF8, 0x00, 0x1F, 0xF7, 0xFC, 0x00, 0x0F, 0xF1, 0xFE, 0x00, 0x03, 0xF8, 0xFE, 0x00,
    0x00, 0xF8, 0x3F, 0x00, 0x00, 0x00, 0x00, 0x00, 0x00, 0x00, 0x00, 0x00, 0x00, 0x03, 0xFE, 0x00,
    0x00, 0x0F, 0xFF, 0xE0, 0x00, 0x1F, 0xFF, 0xF8, 0x00, 0x1F, 0xFF, 0xFF, 0x00, 0x1F, 0xFF, 0xFF,
    0xC0, 0x1F, 0xFF, 0xFF, 0xF0, 0x1F, 0xFF, 0xFF, 0xFC, 0x0F, 0xFF, 0xFF, 0xFE, 0x0F, 0xFF, 0x07,
    0xFF, 0x87, 0xFE, 0x00, 0xFF, 0xC7, 0xFE, 0x00, 0x3F, 0xF3, 0xFF, 0x00, 0x1F, 0xF9, 0xFF, 0x00,
    0x07, 0xFC, 0xFF, 0x80, 0x03, 0xFE, 0xFF, 0xC0, 0x01, 0xFF, 0xFF, 0xE0, 0x00, 0xFF, 0xFF, 0xF0,
    0x00, 0x7F, 0xFF, 0xF8, 0x00, 0x3F, 0xFF, 0xFC, 0x00, 0x1F, 0xFF, 0xFE, 0x00, 0x0F, 0xFF, 0xFF,
    0x00, 0x07, 0xFC, 0xFF, 0x80, 0x03, 0xFE, 0x7F, 0xE0, 0x03, 0xFF, 0x3F, 0xF0, 0x01, 0xFF, 0x9F,
    0xFC, 0x01, 0xFF, 0xC7, 0xFF, 0x01, 0xFF, 0xC3, 0xFF, 0xFF, 0xFF, 0xE0, 0xFF, 0xFF, 0xFF, 0xE0,
    0x3F, 0xFF, 0xFF, 0xE0, 0x1F, 0xFF, 0xFF, 0xF0, 0x07, 0xFF, 0xFF, 0xF0, 0x00, 0xFF, 0xFF, 0xE0,
    0x00, 0x3F, 0xFF, 0xE0, 0x00, 0x03, 0xFF, 0x80, 0x00, 0x00, 0x10, 0x00, 0x00, 0x00, 0x00, 0x00,
    0x00, 0xC0, 0x01, 0x80, 0x3C, 0x00, 0x78, 0x0F, 0xC0, 0x1F, 0x83, 0xFC, 0x07, 0xF8, 0xFF, 0xC1,
    0xFF, 0x9F, 0xFC, 0x7F, 0xF9, 0xFF, 0xDF, 0xFC, 0x1F, 0xFF, 0xFF, 0x01, 0xFF, 0xFF, 0xC0, 0x1F,
    0xFF, 0xF0, 0x01, 0xFF, 0xFC, 0x00, 0x1F, 0xFF, 0x00, 0x01, 0xFF, 0xC0, 0x00, 0x7F, 0xFC, 0x00,
    0x1F, 0xFF, 0xC0, 0x07, 0xFF, 0xFC, 0x01, 0xFF, 0xFF, 0xC0, 0x7F, 0xFF, 0xFC, 0x1F, 0xFD, 0xFF,
    0xC7, 0xFF, 0x1F, 0xFC, 0x7F, 0xC1, 0xFF, 0xC7, 0xF0, 0x1F, 0xE0, 0x7C, 0x01, 0xF8, 0x07, 0x00,
    0x1E, 0x00, 0x40, 0x01, 0x80, 0x00, 0x00, 0x00, 0x00, 0x00, 0x00, 0x00, 0x00, 0x00, 0x00, 0x00,
    0x04, 0x00, 0x03, 0xFE, 0x07, 0x80, 0x0F, 0xFF, 0xE7, 0xE0, 0x1F, 0xFF, 0xFF, 0xF0, 0x1F, 0xFF,
    0xFF, 0xF0, 0x1F, 0xFF, 0xFF, 0xF0, 0x1F, 0xFF, 0xFF, 0xF8, 0x1F, 0xFF, 0xFF, 0xFC, 0x0F, 0xFF,
    0xFF, 0xFE, 0x0F, 0xFF, 0x07, 0xFF, 0x87, 0xFE, 0x01, 0xFF, 0xC7, 0xFE, 0x01, 0xFF, 0xF3, 0xFF,
    0x01, 0xFF, 0xF9, 0xFF, 0x01, 0xFF, 0xFC, 0xFF, 0x81, 0xFF, 0xFE, 0xFF, 0xC0, 0xFD, 0xFF, 0xFF,
    0xE0, 0xFE, 0xFF, 0xFF, 0xF0, 0xFE, 0x7F, 0xFF, 0xF8, 0xFE, 0x3F, 0xFF, 0xFC, 0xFE, 0x1F, 0xFF,
    0xFE, 0x7E, 0x0F, 0xFF, 0xFF, 0x7F, 0x07, 0xFC, 0xFF, 0xFF, 0x03, 0xFE, 0x7F, 0xFF, 0x03, 0xFF,
    0x3F, 0xFF, 0x01, 0xFF, 0x9F, 0xFF, 0x01, 0xFF, 0xC7, 0xFF, 0x81, 0xFF, 0xC3, 0xFF, 0xFF, 0xFF,
    0xE0, 0xFF, 0xFF, 0xFF, 0xE0, 0x3F, 0xFF, 0xFF, 0xE0, 0x1F, 0xFF, 0xFF, 0xF0, 0x1F, 0xFF, 0xFF,
    0xF0, 0x1F, 0xFF, 0xFF, 0xE0, 0x1F, 0xFF, 0xFF, 0xE0, 0x07, 0xC3, 0xFF, 0x80, 0x01, 0xC0, 0x10,
    0x00, 0x00, 0x20, 0x00, 0x00, 0x00, 0x03, 0xFE, 0x00, 0x00, 0x07, 0xF8, 0x00, 0x00, 0x0F, 0xF0,
    0x00, 0x00, 0x1F, 0xC0, 0x00, 0x00, 0x3F, 0x80, 0x00, 0x00, 0x7E, 0x00, 0x00, 0x01, 0xFC, 0x00,
    0x00, 0x03, 0xF0, 0x00, 0x00, 0x00, 0x00, 0x00, 0x00, 0x00, 0x00, 0x00, 0x00, 0x00, 0x00, 0x1F,
    0xF0, 0x01, 0xFF, 0x7F, 0xC0, 0x07, 0xFD, 0xFF, 0x00, 0x1F, 0xF7, 0xFC, 0x00, 0x7F, 0xDF, 0xF0,
    0x01, 0xFF, 0x7F, 0xC0, 0x07, 0xFD, 0xFF, 0x00, 0x1F, 0xF7, 0xFC, 0x00, 0x7F, 0xDF, 0xF0, 0x01,
    0xFF, 0x7F, 0xC0, 0x07, 0xFD, 0xFF, 0x00, 0x1F, 0xF7, 0xFC, 0x00, 0x7F, 0xDF, 0xF0, 0x01, 0xFF,
    0x7F, 0xC0, 0x07, 0xFD, 0xFF, 0x00, 0x1F, 0xF7, 0xFC, 0x00, 0x7F, 0xDF, 0xF0, 0x01, 0xFF, 0x7F,
    0xC0, 0x07, 0xFD, 0xFF, 0x00, 0x1F, 0xF7, 0xFC, 0x00, 0x7F, 0xDF, 0xF0, 0x01, 0xFF, 0x7F, 0xC0,
    0x07, 0xFD, 0xFF, 0x80, 0x3F, 0xF7, 0xFE, 0x00, 0xFF, 0xDF, 0xFC, 0x07, 0xFE, 0x3F, 0xFC, 0xFF,
    0xF8, 0xFF, 0xFF, 0xFF, 0xE1, 0xFF, 0xFF, 0xFF, 0x07, 0xFF, 0xFF, 0xF8, 0x0F, 0xFF, 0xFF, 0xC0,
    0x1F, 0xFF, 0xFE, 0x00, 0x1F, 0xFF, 0xF0, 0x00, 0x1F, 0xFF, 0x00, 0x00, 0x00, 0x00, 0x00, 0x00,
    0x00, 0xFF, 0x00, 0x00, 0x03, 0xFC, 0x00, 0x00, 0x1F, 0xE0, 0x00, 0x00, 0x7F, 0x00, 0x00, 0x03,
    0xF8, 0x00, 0x00, 0x0F, 0xC0, 0x00, 0x00, 0x7E, 0x00, 0x00, 0x01, 0xF8, 0x00, 0x00, 0x08, 0x00,
    0x00, 0x00, 0x00, 0x00, 0x00, 0x00, 0x00, 0x00, 0x1F, 0xF0, 0x01, 0xFF, 0x7F, 0xC0, 0x07, 0xFD,
    0xFF, 0x00, 0x1F, 0xF7, 0xFC, 0x00, 0x7F, 0xDF, 0xF0, 0x01, 0xFF, 0x7F, 0xC0, 0x07, 0xFD, 0xFF,
    0x00, 0x1F, 0xF7, 0xFC, 0x00, 0x7F, 0xDF, 0xF0, 0x01, 0xFF, 0x7F, 0xC0, 0x07, 0xFD, 0xFF, 0x00,
    0x1F, 0xF7, 0xFC, 0x00, 0x7F, 0xDF, 0xF0, 0x01, 0xFF, 0x7F, 0xC0, 0x07, 0xFD, 0xFF, 0x00, 0x1F,
    0xF7, 0xFC, 0x00, 0x7F, 0xDF, 0xF0, 0x01, 0xFF, 0x7F, 0xC0, 0x07, 0xFD, 0xFF, 0x00, 0x1F, 0xF7,
    0xFC, 0x00, 0x7F, 0xDF, 0xF0, 0x01, 0xFF, 0x7F, 0xC0, 0x07, 0xFD, 0xFF, 0x80, 0x3F, 0xF7, 0xFE,
    0x00, 0xFF, 0xDF, 0xFC, 0x07, 0xFE, 0x3F, 0xFC, 0xFF, 0xF8, 0xFF, 0xFF, 0xFF, 0xE1, 0xFF, 0xFF,
    0xFF, 0x07, 0xFF, 0xFF, 0xF8, 0x0F, 0xFF, 0xFF, 0xC0, 0x1F, 0xFF, 0xFE, 0x00, 0x1F, 0xFF, 0xF0,
    0x00, 0x1F, 0xFF, 0x00, 0x00, 0x00, 0x00, 0x00, 0x00, 0x0F, 0xE0, 0x00, 0x00, 0x7F, 0xC0, 0x00,
    0x03, 0xFF, 0x80, 0x00, 0x1F, 0xFF, 0x00, 0x00, 0x7E, 0xFC, 0x00, 0x03, 0xF1, 0xF8, 0x00, 0x1F,
    0xC7, 0xF0, 0x00, 0xFE, 0x0F, 0xE0, 0x00, 0x00, 0x00, 0x00, 0x00, 0x00, 0x00, 0x00, 0x00, 0x00,
    0x00, 0x1F, 0xF0, 0x01, 0xFF, 0x7F, 0xC0, 0x07, 0xFD, 0xFF, 0x00, 0x1F, 0xF7, 0xFC, 0x00, 0x7F,
    0xDF, 0xF0, 0x01, 0xFF, 0x7F, 0xC0, 0x07, 0xFD, 0xFF, 0x00, 0x1F, 0xF7, 0xFC, 0x00, 0x7F, 0xDF,
    0xF0, 0x01, 0xFF, 0x7F, 0xC0, 0x07, 0xFD, 0xFF, 0x00, 0x1F, 0xF7, 0xFC, 0x00, 0x7F, 0xDF, 0xF0,
    0x01, 0xFF, 0x7F, 0xC0, 0x07, 0xFD, 0xFF, 0x00, 0x1F, 0xF7, 0xFC, 0x00, 0x7F, 0xDF, 0xF0, 0x01,
    0xFF, 0x7F, 0xC0, 0x07, 0xFD, 0xFF, 0x00, 0x1F, 0xF7, 0xFC, 0x00, 0x7F, 0xDF, 0xF0, 0x01, 0xFF,
    0x7F, 0xC0, 0x07, 0xFD, 0xFF, 0x80, 0x3F, 0xF7, 0xFE, 0x00, 0xFF, 0xDF, 0xFC, 0x07, 0xFE, 0x3F,
    0xFC, 0xFF, 0xF8, 0xFF, 0xFF, 0xFF, 0xE1, 0xFF, 0xFF, 0xFF, 0x07, 0xFF, 0xFF, 0xF8, 0x0F, 0xFF,
    0xFF, 0xC0, 0x1F, 0xFF, 0xFE, 0x00, 0x1F, 0xFF, 0xF0, 0x00, 0x1F, 0xFF, 0x00, 0x00, 0x00, 0x00,
    0x00, 0x00, 0x60, 0x0C, 0x00, 0x07, 0xE0, 0xFC, 0x00, 0x1F, 0xC7, 0xF8, 0x00, 0xFF, 0x1F, 0xE0,
    0x03, 0xFE, 0xFF, 0x80, 0x0F, 0xF1, 0xFE, 0x00, 0x1F, 0xC7, 0xF0, 0x00, 0x3E, 0x0F, 0xC0, 0x00,
    0x00, 0x00, 0x00, 0x00, 0x00, 0x00, 0x00, 0x00, 0x00, 0x00, 0x1F, 0xF0, 0x01, 0xFF, 0x7F, 0xC0,
    0x07, 0xFD, 0xFF, 0x00, 0x1F, 0xF7, 0xFC, 0x00, 0x7F, 0xDF, 0xF0, 0x01, 0xFF, 0x7F, 0xC0, 0x07,
    0xFD, 0xFF, 0x00, 0x1F, 0xF7, 0xFC, 0x00, 0x7F, 0xDF, 0xF0, 0x01, 0xFF, 0x7F, 0xC0, 0x07, 0xFD,
    0xFF, 0x00, 0x1F, 0xF7, 0xFC, 0x00, 0x7F, 0xDF, 0xF0, 0x01, 0xFF, 0x7F, 0xC0, 0x07, 0xFD, 0xFF,
    0x00, 0x1F, 0xF7, 0xFC, 0x00, 0x7F, 0xDF, 0xF0, 0x01, 0xFF, 0x7F, 0xC0, 0x07, 0xFD, 0xFF, 0x00,
    0x1F, 0xF7, 0xFC, 0x00, 0x7F, 0xDF, 0xF0, 0x01, 0xFF, 0x7F, 0xC0, 0x07, 0xFD, 0xFF, 0x80, 0x3F,
    0xF7, 0xFE, 0x00, 0xFF, 0xDF, 0xFC, 0x07, 0xFE, 0x3F, 0xFC, 0xFF, 0xF8, 0xFF, 0xFF, 0xFF, 0xE1,
    0xFF, 0xFF, 0xFF, 0x07, 0xFF, 0xFF, 0xF8, 0x0F, 0xFF, 0xFF, 0xC0, 0x1F, 0xFF, 0xFE, 0x00, 0x1F,
    0xFF, 0xF0, 0x00, 0x1F, 0xFF, 0x00, 0x00, 0x00, 0x00, 0x00, 0x00, 0x00, 0x3F, 0xC0, 0x00, 0x00,
    0x07, 0xF8, 0x00, 0x00, 0x01, 0xFE, 0x00, 0x00, 0x00, 0x3F, 0x80, 0x00, 0x00, 0x0F, 0xE0, 0x00,
    0x00, 0x01, 0xF8, 0x00, 0x00, 0x00, 0x7E, 0x00, 0x00, 0x00, 0x0F, 0xC0, 0x00, 0x00, 0x02, 0x00,
    0x00, 0x00, 0x00, 0x00, 0x00, 0x00, 0x00, 0x00, 0x00, 0x00, 0x7F, 0xF8, 0x00, 0xFF, 0xE3, 0xFF,
    0x00, 0x1F, 0xF8, 0x7F, 0xF0, 0x07, 0xFE, 0x07, 0xFE, 0x00, 0xFF, 0xC0, 0xFF, 0xE0, 0x3F, 0xF0,
    0x0F, 0xFC, 0x07, 0xFE, 0x01, 0xFF, 0xC1, 0xFF, 0x80, 0x1F, 0xF8, 0x3F, 0xF0, 0x01, 0xFF, 0x8F,
    0xFC, 0x00, 0x3F, 0xF1, 0xFF, 0x80, 0x03, 0xFF, 0x7F, 0xE0, 0x00, 0x7F, 0xEF, 0xF8, 0x00, 0x07,
    0xFD, 0xFF, 0x00, 0x00, 0xFF, 0xFF, 0xC0, 0x00, 0x0F, 0xFF, 0xF8, 0x00, 0x00, 0xFF, 0xFE, 0x00,
    0x00, 0x1F, 0xFF, 0xC0, 0x00, 0x01, 0xFF, 0xF0, 0x00, 0x00, 0x3F, 0xFE, 0x00, 0x00, 0x03, 0xFF,
    0x80, 0x00, 0x00, 0x7F, 0xE0, 0x00, 0x00, 0x07, 0xFC, 0x00, 0x00, 0x00, 0xFF, 0x80, 0x00, 0x00,
    0x1F, 0xF0, 0x00, 0x00, 0x03, 0xFE, 0x00, 0x00, 0x00, 0x7F, 0xC0, 0x00, 0x00, 0x0F, 0xF8, 0x00,
    0x00, 0x01, 0xFF, 0x00, 0x00, 0x00, 0x3F, 0xE0, 0x00, 0x00, 0x07, 0xFC, 0x00, 0x00, 0x00, 0xFF,
    0x80, 0x00, 0x00, 0x1F, 0xF0, 0x00, 0x00, 0x03, 0xFE, 0x00, 0x00, 0x00, 0x00, 0x00, 0x07, 0xFC,
    0x00, 0x00, 0x7F, 0xC0, 0x00, 0x07, 0xFC, 0x00, 0x00, 0x7F, 0xC0, 0x00, 0x07, 0xFC, 0x00, 0x00,
    0x7F, 0xFF, 0xC0, 0x07, 0xFF, 0xFF, 0x80, 0x7F, 0xFF, 0xFE, 0x07, 0xFF, 0xFF, 0xF0, 0x7F, 0xFF,
    0xFF, 0x87, 0xFF, 0xFF, 0xFC, 0x7F, 0xFF, 0xFF, 0xE7, 0xFC, 0x07, 0xFE, 0x7F, 0xC0, 0x3F, 0xE7,
    0xFC, 0x03, 0xFE, 0x7F, 0xC0, 0x1F, 0xE7, 0xFC, 0x01, 0xFE, 0x7F, 0xC0, 0x3F, 0xE7, 0xFC, 0x03,
    0xFE, 0x7F, 0xC0, 0xFF, 0xE7, 0xFF, 0xFF, 0xFC, 0x7F, 0xFF, 0xFF, 0xC7, 0xFF, 0xFF, 0xF8, 0x7F,
    0xFF, 0xFF, 0x07, 0xFF, 0xFF, 0xC0, 0x7F, 0xFF, 0xF0, 0x07, 0xFC, 0x00, 0x00, 0x7F, 0xC0, 0x00,
    0x07, 0xFC, 0x00, 0x00, 0x7F, 0xC0, 0x00, 0x07, 0xFC, 0x00, 0x00, 0x7F, 0xC0, 0x00, 0x07, 0xFC,
    0x00, 0x00, 0x00, 0x7F, 0xC0, 0x00, 0x0F, 0xFF, 0xE0, 0x00, 0x7F, 0xFF, 0xE0, 0x07, 0xFF, 0xFF,
    0xE0, 0x3F, 0xFF, 0xFF, 0x80, 0xFF, 0xFF, 0xFF, 0x07, 0xFF, 0xFF, 0xFE, 0x1F, 0xFE, 0x7F, 0xF8,
    0x7F, 0xE0, 0x7F, 0xE1, 0xFF, 0x00, 0xFF, 0x87, 0xFC, 0x03, 0xFE, 0x1F, 0xF0, 0x0F, 0xF8, 0x7F,
    0xC0, 0x7F, 0xE1, 0xFF, 0x03, 0xFF, 0x07, 0xFC, 0x7F, 0xF8, 0x1F, 0xF1, 0xFF, 0xC0, 0x7F, 0xC7,
    0xFF, 0x01, 0xFF, 0x1F, 0xFF, 0x07, 0xFC, 0x7F, 0xFE, 0x1F, 0xF1, 0xFF, 0xFC, 0x7F, 0xC0, 0x7F,
    0xF9, 0xFF, 0x00, 0x7F, 0xE7, 0xFC, 0x00, 0xFF, 0x9F, 0xF0, 0x03, 0xFE, 0x7F, 0xC0, 0x0F, 0xFD,
    0xFF, 0x00, 0x3F, 0xF7, 0xFC, 0x01, 0xFF, 0x9F, 0xF1, 0xFF, 0xFE, 0x7F, 0xC7, 0xFF, 0xF9, 0xFF,
    0x1F, 0xFF, 0xC7, 0xFC, 0x7F, 0xFF, 0x1F, 0xF1, 0xFF, 0xF8, 0x7F, 0xC7, 0xFF, 0x81, 0xFF, 0x1F,
    0xF0, 0x00, 0x1F, 0xF0, 0x00, 0x0F, 0xF0, 0x00, 0x07, 0xF8, 0x00, 0x03, 0xF8, 0x00, 0x01, 0xFC,
    0x00, 0x00, 0xFC, 0x00, 0x00, 0xFE, 0x00, 0x00, 0x7E, 0x00, 0x00, 0x00, 0x00, 0x00, 0x00, 0x00,
    0x00, 0x7F, 0x00, 0x03, 0xFF, 0xE0, 0x0F, 0xFF, 0xF8, 0x1F, 0xFF, 0xFC, 0x3F, 0xFF, 0xFE, 0x3F,
    0xFF, 0xFE, 0x7F, 0xF7, 0xFF, 0x7F, 0xC1, 0xFF, 0x03, 0x81, 0xFF, 0x00, 0x03, 0xFF, 0x00, 0x7F,
    0xFF, 0x07, 0xFF, 0xFF, 0x1F, 0xFF, 0xFF, 0x3F, 0xFF, 0xFF, 0x7F, 0xFF, 0xFF, 0x7F, 0xE1, 0xFF,
    0xFF, 0x81, 0xFF, 0xFF, 0x81, 0xFF, 0xFF, 0x83, 0xFF, 0xFF, 0xC7, 0xFF, 0xFF, 0xFF, 0xFF, 0x7F,
    0xFF, 0xFF, 0x7F, 0xFF, 0xFF, 0x3F, 0xFD, 0xFF, 0x0F, 0xF1, 0xFF, 0x00, 0x00, 0x00, 0x00, 0x07,
    0xF8, 0x00, 0x07, 0xF8, 0x00, 0x0F, 0xF0, 0x00, 0x0F, 0xE0, 0x00, 0x1F, 0xC0, 0x00, 0x1F, 0x80,
    0x00, 0x3F, 0x00, 0x00, 0x3F, 0x00, 0x00, 0x40, 0x00, 0x00, 0x00, 0x00, 0x00, 0x7F, 0x00, 0x03,
    0xFF, 0xE0, 0x0F, 0xFF, 0xF8, 0x1F, 0xFF, 0xFC, 0x3F, 0xFF, 0xFE, 0x3F, 0xFF, 0xFE, 0x7F, 0xF7,
    0xFF, 0x7F, 0xC1, 0xFF, 0x03, 0x81, 0xFF, 0x00, 0x03, 0xFF, 0x00, 0x7F, 0xFF, 0x07, 0xFF, 0xFF,
    0x1F, 0xFF, 0xFF, 0x3F, 0xFF, 0xFF, 0x7F, 0xFF, 0xFF, 0x7F, 0xE1, 0xFF, 0xFF, 0x81, 0xFF, 0xFF,
    0x81, 0xFF, 0xFF, 0x83, 0xFF, 0xFF, 0xC7, 0xFF, 0xFF, 0xFF, 0xFF, 0x7F, 0xFF, 0xFF, 0x7F, 0xFF,
    0xFF, 0x3F, 0xFD, 0xFF, 0x0F, 0xF1, 0xFF, 0x00, 0x00, 0x00, 0x00, 0x7F, 0x00, 0x00, 0xFF, 0x80,
    0x01, 0xFF, 0xC0, 0x03, 0xFF, 0xE0, 0x03, 0xF7, 0xE0, 0x07, 0xE3, 0xF0, 0x0F, 0xE3, 0xF8, 0x1F,
    0xC1, 0xFC, 0x00, 0x00, 0x00, 0x00, 0x00, 0x00, 0x00, 0x7F, 0x00, 0x03, 0xFF, 0xE0, 0x0F, 0xFF,
    0xF8, 0x1F, 0xFF, 0xFC, 0x3F, 0xFF, 0xFE, 0x3F, 0xFF, 0xFE, 0x7F, 0xF7, 0xFF, 0x7F, 0xC1, 0xFF,
    0x03, 0x81, 0xFF, 0x00, 0x03, 0xFF, 0x00, 0x7F, 0xFF, 0x07, 0xFF, 0xFF, 0x1F, 0xFF, 0xFF, 0x3F,
    0xFF, 0xFF, 0x7F, 0xFF, 0xFF, 0x7F, 0xE1, 0xFF, 0xFF, 0x81, 0xFF, 0xFF, 0x81, 0xFF, 0xFF, 0x83,
    0xFF, 0xFF, 0xC7, 0xFF, 0xFF, 0xFF, 0xFF, 0x7F, 0xFF, 0xFF, 0x7F, 0xFF, 0xFF, 0x3F, 0xFD, 0xFF,
    0x0F, 0xF1, 0xFF, 0x00, 0x00, 0x00, 0x00, 0x80, 0x00, 0x03, 0xF0, 0x78, 0x07, 0xFC, 0x78, 0x0F,
    0xFF, 0xF8, 0x0F, 0xFF, 0xF8, 0x0F, 0x9F, 0xF0, 0x0F, 0x0F, 0xE0, 0x0F, 0x03, 0x80, 0x00, 0x00,
    0x00, 0x00, 0x00, 0x00, 0x00, 0x7F, 0x00, 0x03, 0xFF, 0xE0, 0x0F, 0xFF, 0xF8, 0x1F, 0xFF, 0xFC,
    0x3F, 0xFF, 0xFE, 0x3F, 0xFF, 0xFE, 0x7F, 0xF7, 0xFF, 0x7F, 0xC1, 0xFF, 0x03, 0x81, 0xFF, 0x00,
    0x03, 0xFF, 0x00, 0x7F, 0xFF, 0x07, 0xFF, 0xFF, 0x1F, 0xFF, 0xFF, 0x3F, 0xFF, 0xFF, 0x7F, 0xFF,
    0xFF, 0x7F, 0xE1, 0xFF, 0xFF, 0x81, 0xFF, 0xFF, 0x81, 0xFF, 0xFF, 0x83, 0xFF, 0xFF, 0xC7, 0xFF,
    0xFF, 0xFF, 0xFF, 0x7F, 0xFF, 0xFF, 0x7F, 0xFF, 0xFF, 0x3F, 0xFD, 0xFF, 0x0F, 0xF1, 0xFF, 0x00,
    0x00, 0x00, 0x03, 0x00, 0x60, 0x0F, 0xC1, 0xF8, 0x0F, 0xE3, 0xFC, 0x1F, 0xE3, 0xFC, 0x1F, 0xF7,
    0xFC, 0x1F, 0xE3, 0xFC, 0x0F, 0xE3, 0xF8, 0x07, 0xC1, 0xF8, 0x00, 0x00, 0x00, 0x00, 0x00, 0x00,
    0x00, 0x7F, 0x00, 0x03, 0xFF, 0xE0, 0x0F, 0xFF, 0xF8, 0x1F, 0xFF, 0xFC, 0x3F, 0xFF, 0xFE, 0x3F,
    0xFF, 0xFE, 0x7F, 0xF7, 0xFF, 0x7F, 0xC1, 0xFF, 0x03, 0x81, 0xFF, 0x00, 0x03, 0xFF, 0x00, 0x7F,
    0xFF, 0x07, 0xFF, 0xFF, 0x1F, 0xFF, 0xFF, 0x3F, 0xFF, 0xFF, 0x7F, 0xFF, 0xFF, 0x7F, 0xE1, 0xFF,
    0xFF, 0x81, 0xFF, 0xFF, 0x81, 0xFF, 0xFF, 0x83, 0xFF, 0xFF, 0xC7, 0xFF, 0xFF, 0xFF, 0xFF, 0x7F,
    0xFF, 0xFF, 0x7F, 0xFF, 0xFF, 0x3F, 0xFD, 0xFF, 0x0F, 0xF1, 0xFF, 0x00, 0x00, 0x00, 0x00, 0x00,
    0x00, 0x00, 0x7F, 0x00, 0x00, 0xFF, 0x80, 0x01, 0xFF, 0xC0, 0x01, 0xE3, 0xE0, 0x01, 0xE1, 0xE0,
    0x01, 0xC1, 0xE0, 0x01, 0xE1, 0xE0, 0x01, 0xFF, 0xC0, 0x00, 0xFF, 0xC0, 0x00, 0x7F, 0x80, 0x00,
    0x1E, 0x00, 0x00, 0x00, 0x00, 0x00, 0x7F, 0x00, 0x03, 0xFF, 0xE0, 0x0F, 0xFF, 0xF8, 0x1F, 0xFF,
    0xFC, 0x3F, 0xFF, 0xFE, 0x3F, 0xFF, 0xFE, 0x7F, 0xF7, 0xFF, 0x7F, 0xC1, 0xFF, 0x03, 0x81, 0xFF,
    0x00, 0x03, 0xFF, 0x00, 0x7F, 0xFF, 0x07, 0xFF, 0xFF, 0x1F, 0xFF, 0xFF, 0x3F, 0xFF, 0xFF, 0x7F,
    0xFF, 0xFF, 0x7F, 0xE1, 0xFF, 0xFF, 0x81, 0xFF, 0xFF, 0x81, 0xFF, 0xFF, 0x83, 0xFF, 0xFF, 0xC7,
    0xFF, 0xFF, 0xFF, 0xFF, 0x7F, 0xFF, 0xFF, 0x7F, 0xFF, 0xFF, 0x3F, 0xFD, 0xFF, 0x0F, 0xF1, 0xFF,
    0x00, 0x00, 0x00, 0x00, 0x7E, 0x00, 0xFC, 0x00, 0x03, 0xFF, 0xC7, 0xFF, 0x80, 0x0F, 0xFF, 0xEF,
    0xFF, 0xC0, 0x1F, 0xFF, 0xFF, 0xFF, 0xF0, 0x3F, 0xFF, 0xFF, 0xFF, 0xF8, 0x3F, 0xFF, 0xFF, 0xFF,
    0xF8, 0x7F, 0xF7, 0xFF, 0xFF, 0xFC, 0x7F, 0xC1, 0xFF, 0x03, 0xFC, 0x03, 0x81, 0xFF, 0x03, 0xFE,
    0x00, 0x01, 0xFE, 0x01, 0xFE, 0x00, 0xFF, 0xFF, 0xFF, 0xFE, 0x07, 0xFF, 0xFF, 0xFF, 0xFE, 0x1F,
    0xFF, 0xFF, 0xFF, 0xFE, 0x3F, 0xFF, 0xFF, 0xFF, 0xFE, 0x7F, 0xFF, 0xFF, 0xFF, 0xFE, 0x7F, 0xC1,
    0xFE, 0x00, 0x00, 0xFF, 0x81, 0xFE, 0x00, 0x00, 0xFF, 0x81, 0xFF, 0x01, 0xFE, 0xFF, 0x83, 0xFF,
    0x83, 0xFE, 0xFF, 0xC7, 0xFF, 0xFF, 0xFC, 0xFF, 0xFF, 0xFF, 0xFF, 0xFC, 0x7F, 0xFF, 0xFF, 0xFF,
    0xF8, 0x7F, 0xFF, 0xDF, 0xFF, 0xF0, 0x3F, 0xFF, 0x0F, 0xFF, 0xE0, 0x0F, 0xFC, 0x03, 0xFF, 0x80,
    0x00, 0x00, 0x00, 0x20, 0x00, 0x00, 0x3F, 0x00, 0x00, 0x7F, 0xF8, 0x00, 0x7F, 0xFF, 0x80, 0x3F,
    0xFF, 0xF0, 0x1F, 0xFF, 0xFE, 0x0F, 0xFF, 0xFF, 0xC3, 0xFF, 0xFF, 0xF1, 0xFF, 0xC7, 0xFE, 0x7F,
    0xC0, 0xFF, 0x9F, 0xF0, 0x3F, 0xEF, 0xFC, 0x07, 0x83, 0xFE, 0x00, 0x00, 0xFF, 0x80, 0x00, 0x3F,
    0xE0, 0x00, 0x0F, 0xF8, 0x00, 0x03, 0xFF, 0x01, 0xFE, 0x7F, 0xC0, 0xFF, 0x9F, 0xF8, 0x3F, 0xE7,
    0xFF, 0x3F, 0xF0, 0xFF, 0xFF, 0xFC, 0x3F, 0xFF, 0xFE, 0x07, 0xFF, 0xFF, 0x80, 0xFF, 0xFF, 0xC0,
    0x0F, 0xFF, 0xC0, 0x01, 0xFF, 0xC0, 0x00, 0x07, 0x00, 0x00, 0x01, 0xC0, 0x00, 0x00, 0x7E, 0x00,
    0x00, 0x1F, 0xC0, 0x00, 0x00, 0xF8, 0x00, 0x00, 0x3E, 0x00, 0x00, 0xFF, 0x80, 0x00, 0x3F, 0xC0,
    0x00, 0x0F, 0xE0, 0x00, 0x00, 0x00, 0x00, 0x0F, 0xF8, 0x00, 0x01, 0xFE, 0x00, 0x00, 0x3F, 0xC0,
    0x00, 0x07, 0xF0, 0x00, 0x00, 0xFE, 0x00, 0x00, 0x1F, 0x80, 0x00, 0x07, 0xF0, 0x00, 0x00, 0xFC,
    0x00, 0x00, 0x00, 0x00, 0x00, 0x00, 0x00, 0x00, 0x03, 0xF0, 0x00, 0x07, 0xFF, 0x80, 0x07, 0xFF,
    0xF0, 0x03, 0xFF, 0xFF, 0x01, 0xFF, 0xFF, 0xE0, 0xFF, 0xFF, 0xF8, 0x3F, 0xFF, 0xFF, 0x1F, 0xF0,
    0x3F, 0xC7, 0xF8, 0x0F, 0xF9, 0xFE, 0x01, 0xFE, 0xFF, 0xFF, 0xFF, 0xBF, 0xFF, 0xFF, 0xEF, 0xFF,
    0xFF, 0xFB, 0xFF, 0xFF, 0xFE, 0xFF, 0xFF, 0xFF, 0xBF, 0xE0, 0x00, 0x07, 0xF8, 0x00, 0x01, 0xFF,
    0x01, 0xF8, 0x7F, 0xE0, 0xFF, 0x8F, 0xFF, 0xFF, 0xC3, 0xFF, 0xFF, 0xF0, 0x7F, 0xFF, 0xF8, 0x0F,
    0xFF, 0xFC, 0x00, 0xFF, 0xFE, 0x00, 0x1F, 0xFE, 0x00, 0x00, 0x20, 0x00, 0x00, 0x07, 0xF8, 0x00,
    0x01, 0xFE, 0x00, 0x00, 0xFF, 0x00, 0x00, 0x3F, 0x80, 0x00, 0x1F, 0xC0, 0x00, 0x07, 0xE0, 0x00,
    0x03, 0xF0, 0x00, 0x00, 0xFC, 0x00, 0x00, 0x40, 0x00, 0x00, 0x00, 0x00, 0x00, 0x03, 0xF0, 0x00,
    0x07, 0xFF, 0x80, 0x07, 0xFF, 0xF0, 0x03, 0xFF, 0xFF, 0x01, 0xFF, 0xFF, 0xE0, 0xFF, 0xFF, 0xF8,
    0x3F, 0xFF, 0xFF, 0x1F, 0xF0, 0x3F, 0xC7, 0xF8, 0x0F, 0xF9, 0xFE, 0x01, 0xFE, 0xFF, 0xFF, 0xFF,
    0xBF, 0xFF, 0xFF, 0xEF, 0xFF, 0xFF, 0xFB, 0xFF, 0xFF, 0xFE, 0xFF, 0xFF, 0xFF, 0xBF, 0xE0, 0x00,
    0x07, 0xF8, 0x00, 0x01, 0xFF, 0x01, 0xF8, 0x7F, 0xE0, 0xFF, 0x8F, 0xFF, 0xFF, 0xC3, 0xFF, 0xFF,
    0xF0, 0x7F, 0xFF, 0xF8, 0x0F, 0xFF, 0xFC, 0x00, 0xFF, 0xFE, 0x00, 0x1F, 0xFE, 0x00, 0x00, 0x20,
    0x00, 0x00, 0x7F, 0x00, 0x00, 0x3F, 0xE0, 0x00, 0x1F, 0xFC, 0x00, 0x0F, 0xFF, 0x80, 0x03, 0xF7,
    0xE0, 0x01, 0xF8, 0xFC, 0x00, 0xFE, 0x3F, 0x80, 0x7F, 0x07, 0xF0, 0x00, 0x00, 0x00, 0x00, 0x00,
    0x00, 0x00, 0x03, 0xF0, 0x00, 0x07, 0xFF, 0x80, 0x07, 0xFF, 0xF0, 0x03, 0xFF, 0xFF, 0x01, 0xFF,
    0xFF, 0xE0, 0xFF, 0xFF, 0xF8, 0x3F, 0xFF, 0xFF, 0x1F, 0xF0, 0x3F, 0xC7, 0xF8, 0x0F, 0xF9, 0xFE,
    0x01, 0xFE, 0xFF, 0xFF, 0xFF, 0xBF, 0xFF, 0xFF, 0xEF, 0xFF, 0xFF, 0xFB, 0xFF, 0xFF, 0xFE, 0xFF,
    0xFF, 0xFF, 0xBF, 0xE0, 0x00, 0x07, 0xF8, 0x00, 0x01, 0xFF, 0x01, 0xF8, 0x7F, 0xE0, 0xFF, 0x8F,
    0xFF, 0xFF, 0xC3, 0xFF, 0xFF, 0xF0, 0x7F, 0xFF, 0xF8, 0x0F, 0xFF, 0xFC, 0x00, 0xFF, 0xFE, 0x00,
    0x1F, 0xFE, 0x00, 0x00, 0x20, 0x00, 0x03, 0x00, 0x60, 0x03, 0xF0, 0x7E, 0x00, 0xFE, 0x3F, 0xC0,
    0x7F, 0x8F, 0xF0, 0x1F, 0xF7, 0xFC, 0x07, 0xF8, 0xFF, 0x00, 0xFE, 0x3F, 0x80, 0x1F, 0x07, 0xE0,
    0x00, 0x00, 0x00, 0x00, 0x00, 0x00, 0x00, 0x03, 0xF0, 0x00, 0x07, 0xFF, 0x80, 0x07, 0xFF, 0xF0,
    0x03, 0xFF, 0xFF, 0x01, 0xFF, 0xFF, 0xE0, 0xFF, 0xFF, 0xF8, 0x3F, 0xFF, 0xFF, 0x1F, 0xF0, 0x3F,
    0xC7, 0xF8, 0x0F, 0xF9, 0xFE, 0x01, 0xFE, 0xFF, 0xFF, 0xFF, 0xBF, 0xFF, 0xFF, 0xEF, 0xFF, 0xFF,
    0xFB, 0xFF, 0xFF, 0xFE, 0xFF, 0xFF, 0xFF, 0xBF, 0xE0, 0x00, 0x07, 0xF8, 0x00, 0x01, 0xFF, 0x01,
    0xF8, 0x7F, 0xE0, 0xFF, 0x8F, 0xFF, 0xFF, 0xC3, 0xFF, 0xFF, 0xF0, 0x7F, 0xFF, 0xF8, 0x0F, 0xFF,
    0xFC, 0x00, 0xFF, 0xFE, 0x00, 0x1F, 0xFE, 0x00, 0x00, 0x20, 0x00, 0xFF, 0x80, 0xFF, 0x00, 0xFF,
    0x00, 0xFE, 0x00, 0xFE, 0x00, 0xFC, 0x01, 0xFC, 0x01, 0xF8, 0x00, 0x00, 0x00, 0x00, 0x00, 0x00,
    0x3F, 0xE0, 0x7F, 0xC0, 0xFF, 0x81, 0xFF, 0x03, 0xFE, 0x07, 0xFC, 0x0F, 0xF8, 0x1F, 0xF0, 0x3F,
    0xE0, 0x7F, 0xC0, 0xFF, 0x81, 0xFF, 0x03, 0xFE, 0x07, 0xFC, 0x0F, 0xF8, 0x1F, 0xF0, 0x3F, 0xE0,
    0x7F, 0xC0, 0xFF, 0x81, 0xFF, 0x03, 0xFE, 0x07, 0xFC, 0x0F, 0xF8, 0x1F, 0xF0, 0x07, 0xF8, 0x1F,
    0xE0, 0xFF, 0x03, 0xF8, 0x1F, 0xC0, 0x7E, 0x03, 0xF0, 0x0F, 0xC0, 0x40, 0x00, 0x00, 0x00, 0x00,
    0x3F, 0xE0, 0xFF, 0x83, 0xFE, 0x0F, 0xF8, 0x3F, 0xE0, 0xFF, 0x83, 0xFE, 0x0F, 0xF8, 0x3F, 0xE0,
    0xFF, 0x83, 0xFE, 0x0F, 0xF8, 0x3F, 0xE0, 0xFF, 0x83, 0xFE, 0x0F, 0xF8, 0x3F, 0xE0, 0xFF, 0x83,
    0xFE, 0x0F, 0xF8, 0x3F, 0xE0, 0xFF, 0x83, 0xFE, 0x0F, 0xF8, 0x00, 0x01, 0xFC, 0x00, 0x1F, 0xF0,
    0x01, 0xFF, 0xC0, 0x1F, 0xFF, 0x00, 0xFD, 0xF8, 0x0F, 0xC7, 0xE0, 0xFE, 0x3F, 0x8F, 0xE0, 0xFE,
    0x00, 0x00, 0x00, 0x00, 0x00, 0x00, 0x00, 0x00, 0x07, 0xFC, 0x00, 0x3F, 0xE0, 0x01, 0xFF, 0x00,
    0x0F, 0xF8, 0x00, 0x7F, 0xC0, 0x03, 0xFE, 0x00, 0x1F, 0xF0, 0x00, 0xFF, 0x80, 0x07, 0xFC, 0x00,
    0x3F, 0xE0, 0x01, 0xFF, 0x00, 0x0F, 0xF8, 0x00, 0x7F, 0xC0, 0x03, 0xFE, 0x00, 0x1F, 0xF0, 0x00,
    0xFF, 0x80, 0x07, 0xFC, 0x00, 0x3F, 0xE0, 0x01, 0xFF, 0x00, 0x0F, 0xF8, 0x00, 0x7F, 0xC0, 0x03,
    0xFE, 0x00, 0x1F, 0xF0, 0x00, 0xFF, 0x80, 0x18, 0x03, 0x07, 0xE0, 0xFC, 0x7F, 0x1F, 0xEF, 0xF1,
    0xFE, 0xFF, 0xBF, 0xEF, 0xF1, 0xFE, 0x7F, 0x1F, 0xC3, 0xE0, 0xFC, 0x00, 0x00, 0x00, 0x00, 0x00,
    0x00, 0x00, 0x00, 0x7F, 0xC0, 0x07, 0xFC, 0x00, 0x7F, 0xC0, 0x07, 0xFC, 0x00, 0x7F, 0xC0, 0x07,
    0xFC, 0x00, 0x7F, 0xC0, 0x07, 0xFC, 0x00, 0x7F, 0xC0, 0x07, 0xFC, 0x00, 0x7F, 0xC0, 0x07, 0xFC,
    0x00, 0x7F, 0xC0, 0x07, 0xFC, 0x00, 0x7F, 0xC0, 0x07, 0xFC, 0x00, 0x7F, 0xC0, 0x07, 0xFC, 0x00,
    0x7F, 0xC0, 0x07, 0xFC, 0x00, 0x7F, 0xC0, 0x07, 0xFC, 0x00, 0x7F, 0xC0, 0x07, 0xFC, 0x00, 0x00,
    0x00, 0x00, 0x07, 0x80, 0x04, 0x01, 0xFC, 0x07, 0x00, 0x7F, 0xC7, 0xC0, 0x1F, 0xFF, 0xF0, 0x03,
    0xFF, 0xF0, 0x00, 0x1F, 0xF8, 0x00, 0x03, 0xFF, 0x80, 0x03, 0xFF, 0xF0, 0x03, 0xFB, 0xFE, 0x01,
    0xF8, 0x7F, 0x80, 0x78, 0x0F, 0xF0, 0x18, 0x01, 0xFE, 0x00, 0x7F, 0x3F, 0x80, 0x7F, 0xF7, 0xF0,
    0x3F, 0xFF, 0xFC, 0x1F, 0xFF, 0xFF, 0x8F, 0xFF, 0xFF, 0xE3, 0xFE, 0x1F, 0xF9, 0xFF, 0x03, 0xFE,
    0x7F, 0x80, 0x7F, 0xBF, 0xE0, 0x1F, 0xFF, 0xF8, 0x07, 0xFF, 0xFE, 0x01, 0xFF, 0xFF, 0x80, 0x7F,
    0xFF, 0xE0, 0x1F, 0xEF, 0xF8, 0x07, 0xF9, 0xFE, 0x01, 0xFE, 0x7F, 0xC0, 0xFF, 0x9F, 0xF8, 0x7F,
    0xC3, 0xFF, 0xFF, 0xF0, 0xFF, 0xFF, 0xF8, 0x1F, 0xFF, 0xFC, 0x03, 0xFF, 0xFE, 0x00, 0x7F, 0xFF,
    0x00, 0x07, 0xFF, 0x00, 0x00, 0x08, 0x00, 0x00, 0x00, 0x80, 0x00, 0x01, 0xF8, 0x3C, 0x01, 0xFF,
    0x1E, 0x01, 0xFF, 0xFF, 0x00, 0xFF, 0xFF, 0x80, 0x7C, 0xFF, 0x80, 0x3C, 0x3F, 0x80, 0x1E, 0x07,
    0x00, 0x00, 0x00, 0x00, 0x00, 0x00, 0x00, 0x00, 0x00, 0xF8, 0x1F, 0xF1, 0xFF, 0x0F, 0xF9, 0xFF,
    0xE7, 0xFD, 0xFF, 0xF3, 0xFF, 0xFF, 0xFD, 0xFF, 0xFF, 0xFE, 0xFF, 0xFF, 0xFF, 0xFF, 0xFF, 0xFF,
    0xFF, 0xF0, 0x7F, 0xFF, 0xF8, 0x1F, 0xFF, 0xF8, 0x0F, 0xFF, 0xFC, 0x07, 0xFF, 0xFE, 0x03, 0xFF,
    0xFF, 0x01, 0xFF, 0xFF, 0x80, 0xFF, 0xFF, 0xC0, 0x7F, 0xFF, 0xE0, 0x3F, 0xFF, 0xF0, 0x1F, 0xFF,
    0xF8, 0x0F, 0xFF, 0xFC, 0x07, 0xFF, 0xFE, 0x03, 0xFF, 0xFF, 0x01, 0xFF, 0xFF, 0x80, 0xFF, 0xFF,
    0xC0, 0x7F, 0xFF, 0xE0, 0x3F, 0xE0, 0x0F, 0xF8, 0x00, 0x00, 0xFF, 0x00, 0x00, 0x0F, 0xF0, 0x00,
    0x00, 0xFE, 0x00, 0x00, 0x0F, 0xE0, 0x00, 0x00, 0xFC, 0x00, 0x00, 0x1F, 0xC0, 0x00, 0x01, 0xF8,
    0x00, 0x00, 0x00, 0x00, 0x00, 0x00, 0x00, 0x00, 0x00, 0xFC, 0x00, 0x00, 0xFF, 0xF0, 0x00, 0x7F,
    0xFF, 0x80, 0x1F, 0xFF, 0xF8, 0x07, 0xFF, 0xFF, 0x81, 0xFF, 0xFF, 0xF8, 0x3F, 0xFF, 0xFF, 0x8F,
    0xFE, 0x3F, 0xF1, 0xFF, 0x03, 0xFE, 0x3F, 0xE0, 0x7F, 0xEF, 0xFC, 0x07, 0xFD, 0xFF, 0x00, 0xFF,
    0xBF, 0xE0, 0x1F, 0xF7, 0xFC, 0x03, 0xFE, 0xFF, 0x80, 0x7F, 0xDF, 0xF8, 0x0F, 0xF9, 0xFF, 0x03,
    0xFF, 0x3F, 0xF0, 0x7F, 0xC7, 0xFF, 0x3F, 0xF8, 0x7F, 0xFF, 0xFF, 0x0F, 0xFF, 0xFF, 0xC0, 0xFF,
    0xFF, 0xF0, 0x0F, 0xFF, 0xFC, 0x00, 0x7F, 0xFF, 0x00, 0x03, 0xFF, 0x80, 0x00, 0x04, 0x00, 0x00,
    0x00, 0x07, 0xF8, 0x00, 0x00, 0xFF, 0x00, 0x00, 0x3F, 0xC0, 0x00, 0x07, 0xF0, 0x00, 0x01, 0xFC,
    0x00, 0x00, 0x3F, 0x00, 0x00, 0x0F, 0xC0, 0x00, 0x01, 0xF8, 0x00, 0x00, 0x40, 0x00, 0x00, 0x00,
    0x00, 0x00, 0x00, 0xFC, 0x00, 0x00, 0xFF, 0xF0, 0x00, 0x7F, 0xFF, 0x80, 0x1F, 0xFF, 0xF8, 0x07,
    0xFF, 0xFF, 0x81, 0xFF, 0xFF, 0xF8, 0x3F, 0xFF, 0xFF, 0x8F, 0xFE, 0x3F, 0xF1, 0xFF, 0x03, 0xFE,
    0x3F, 0xE0, 0x7F, 0xEF, 0xFC, 0x07, 0xFD, 0xFF, 0x00, 0xFF, 0xBF, 0xE0, 0x1F, 0xF7, 0xFC, 0x03,
    0xFE, 0xFF, 0x80, 0x7F, 0xDF, 0xF8, 0x0F, 0xF9, 0xFF, 0x03, 0xFF, 0x3F, 0xF0, 0x7F, 0xC7, 0xFF,
    0x3F, 0xF8, 0x7F, 0xFF, 0xFF, 0x0F, 0xFF, 0xFF, 0xC0, 0xFF, 0xFF, 0xF0, 0x0F, 0xFF, 0xFC, 0x00,
    0x7F, 0xFF, 0x00, 0x03, 0xFF, 0x80, 0x00, 0x04, 0x00, 0x00, 0x00, 0x3F, 0x80, 0x00, 0x0F, 0xF8,
    0x00, 0x03, 0xFF, 0x80, 0x00, 0xFF, 0xF8, 0x00, 0x1F, 0xBF, 0x00, 0x07, 0xE3, 0xF0, 0x01, 0xFC,
    0x7F, 0x00, 0x7F, 0x07, 0xF0, 0x00, 0x00, 0x00, 0x00, 0x00, 0x00, 0x00, 0x00, 0xFC, 0x00, 0x00,
    0xFF, 0xF0, 0x00, 0x7F, 0xFF, 0x80, 0x1F, 0xFF, 0xF8, 0x07, 0xFF, 0xFF, 0x81, 0xFF, 0xFF, 0xF8,
    0x3F, 0xFF, 0xFF, 0x8F, 0xFE, 0x3F, 0xF1, 0xFF, 0x03, 0xFE, 0x3F, 0xE0, 0x7F, 0xEF, 0xFC, 0x07,
    0xFD, 0xFF, 0x00, 0xFF, 0xBF, 0xE0, 0x1F, 0xF7, 0xFC, 0x03, 0xFE, 0xFF, 0x80, 0x7F, 0xDF, 0xF8,
    0x0F, 0xF9, 0xFF, 0x03, 0xFF, 0x3F, 0xF0, 0x7F, 0xC7, 0xFF, 0x3F, 0xF8, 0x7F, 0xFF, 0xFF, 0x0F,
    0xFF, 0xFF, 0xC0, 0xFF, 0xFF, 0xF0, 0x0F, 0xFF, 0xFC, 0x00, 0x7F, 0xFF, 0x00, 0x03, 0xFF, 0x80,
    0x00, 0x04, 0x00, 0x00, 0x00, 0x40, 0x00, 0x00, 0x3F, 0x07, 0x80, 0x0F, 0xF8, 0xF0, 0x03, 0xFF,
    0xFE, 0x00, 0x7F, 0xFF, 0xC0, 0x0F, 0x9F, 0xF0, 0x01, 0xE1, 0xFC, 0x00, 0x3C, 0x0E, 0x00, 0x00,
    0x00, 0x00, 0x00, 0x00, 0x00, 0x00, 0x00, 0xFC, 0x00, 0x00, 0xFF, 0xF0, 0x00, 0x7F, 0xFF, 0x80,
    0x1F, 0xFF, 0xF8, 0x07, 0xFF, 0xFF, 0x81, 0xFF, 0xFF, 0xF8, 0x3F, 0xFF, 0xFF, 0x8F, 0xFE, 0x3F,
    0xF1, 0xFF, 0x03, 0xFE, 0x3F, 0xE0, 0x7F, 0xEF, 0xFC, 0x07, 0xFD, 0xFF, 0x00, 0xFF, 0xBF, 0xE0,
    0x1F, 0xF7, 0xFC, 0x03, 0xFE, 0xFF, 0x80, 0x7F, 0xDF, 0xF8, 0x0F, 0xF9, 0xFF, 0x03, 0xFF, 0x3F,
    0xF0, 0x7F, 0xC7, 0xFF, 0x3F, 0xF8, 0x7F, 0xFF, 0xFF, 0x0F, 0xFF, 0xFF, 0xC0, 0xFF, 0xFF, 0xF0,
    0x0F, 0xFF, 0xFC, 0x00, 0x7F, 0xFF, 0x00, 0x03, 0xFF, 0x80, 0x00, 0x04, 0x00, 0x00, 0x01, 0x80,
    0x30, 0x00, 0xFC, 0x1F, 0x80, 0x1F, 0xC7, 0xF8, 0x07, 0xF8, 0xFF, 0x00, 0xFF, 0xBF, 0xE0, 0x1F,
    0xE3, 0xFC, 0x01, 0xFC, 0x7F, 0x00, 0x1F, 0x07, 0xE0, 0x00, 0x00, 0x00, 0x00, 0x00, 0x00, 0x00,
    0x00, 0xFC, 0x00, 0x00, 0xFF, 0xF0, 0x00, 0x7F, 0xFF, 0x80, 0x1F, 0xFF, 0xF8, 0x07, 0xFF, 0xFF,
    0x81, 0xFF, 0xFF, 0xF8, 0x3F, 0xFF, 0xFF, 0x8F, 0xFE, 0x3F, 0xF1, 0xFF, 0x03, 0xFE, 0x3F, 0xE0,
    0x7F, 0xEF, 0xFC, 0x07, 0xFD, 0xFF, 0x00, 0xFF, 0xBF, 0xE0, 0x1F, 0xF7, 0xFC, 0x03, 0xFE, 0xFF,
    0x80, 0x7F, 0xDF, 0xF8, 0x0F, 0xF9, 0xFF, 0x03, 0xFF, 0x3F, 0xF0, 0x7F, 0xC7, 0xFF, 0x3F, 0xF8,
    0x7F, 0xFF, 0xFF, 0x0F, 0xFF, 0xFF, 0xC0, 0xFF, 0xFF, 0xF0, 0x0F, 0xFF, 0xFC, 0x00, 0x7F, 0xFF,
    0x00, 0x03, 0xFF, 0x80, 0x00, 0x04, 0x00, 0x00, 0x00, 0x1C, 0x00, 0x00, 0x1F, 0x80, 0x00, 0x1F,
    0xE0, 0x00, 0x1F, 0xF0, 0x00, 0x0F, 0xF8, 0x00, 0x07, 0xFC, 0x00, 0x03, 0xFE, 0x00, 0x00, 0xFF,
    0x00, 0x00, 0x3F, 0x00, 0x00, 0x00, 0x00, 0x00, 0x00, 0x00, 0x0F, 0xFF, 0xFF, 0xF7, 0xFF, 0xFF,
    0xFB, 0xFF, 0xFF, 0xFD, 0xFF, 0xFF, 0xFE, 0xFF, 0xFF, 0xFF, 0x7F, 0xFF, 0xFF, 0xBF, 0xFF, 0xFF,
    0xC0, 0x00, 0x00, 0x00, 0x03, 0x80, 0x00, 0x03, 0xF0, 0x00, 0x03, 0xFC, 0x00, 0x03, 0xFE, 0x00,
    0x01, 0xFF, 0x00, 0x00, 0xFF, 0x80, 0x00, 0x7F, 0xC0, 0x00, 0x1F, 0xE0, 0x00, 0x07, 0xE0, 0x00,
    0x00, 0x80, 0x00, 0x00, 0x00, 0x00, 0x00, 0x07, 0xE0, 0x20, 0x07, 0xFF, 0x8E, 0x03, 0xFF, 0xFF,
    0xE0, 0xFF, 0xFF, 0xF0, 0x3F, 0xFF, 0xFC, 0x0F, 0xFF, 0xFF, 0xC1, 0xFF, 0xFF, 0xFC, 0x7F, 0xF1,
    0xFF, 0x8F, 0xF8, 0x3F, 0xF1, 0xFF, 0x0F, 0xFF, 0x7F, 0xE3, 0xFF, 0xEF, 0xF8, 0xFF, 0xFD, 0xFF,
    0x3E, 0xFF, 0xBF, 0xEF, 0x9F, 0xF7, 0xFF, 0xE3, 0xFE, 0xFF, 0xF8, 0x7F, 0xCF, 0xFE, 0x1F, 0xF9,
    0xFF, 0x83, 0xFE, 0x3F, 0xF9, 0xFF, 0xC3, 0xFF, 0xFF, 0xF8, 0x7F, 0xFF, 0xFE, 0x07, 0xFF, 0xFF,
    0x81, 0xFF, 0xFF, 0xE0, 0x7B, 0xFF, 0xF8, 0x0E, 0x1F, 0xFC, 0x00, 0xC0, 0x20, 0x00, 0x00, 0x00,
    0x00, 0x00, 0x1F, 0xF0, 0x00, 0x07, 0xF8, 0x00, 0x01, 0xFE, 0x00, 0x00, 0x7F, 0x00, 0x00, 0x1F,
    0xC0, 0x00, 0x07, 0xE0, 0x00, 0x03, 0xF8, 0x00, 0x00, 0xFC, 0x00, 0x00, 0x00, 0x00, 0x00, 0x00,
    0x00, 0x00, 0x00, 0x00, 0x1F, 0xF0, 0x1F, 0xFF, 0xF8, 0x0F, 0xFF, 0xFC, 0x07, 0xFF, 0xFE, 0x03,
    0xFF, 0xFF, 0x01, 0xFF, 0xFF, 0x80, 0xFF, 0xFF, 0xC0, 0x7F, 0xFF, 0xE0, 0x3F, 0xFF, 0xF0, 0x1F,
    0xFF, 0xF8, 0x0F, 0xFF, 0xFC, 0x07, 0xFF, 0xFE, 0x03, 0xFF, 0xFF, 0x01, 0xFF, 0xFF, 0x80, 0xFF,
    0xFF, 0xC0, 0x7F, 0xFF, 0xF0, 0x7F, 0xFF, 0xFC, 0x7F, 0xFF, 0xFF, 0xFF, 0xFB, 0xFF, 0xFF, 0xFD,
    0xFF, 0xFF, 0xFE, 0xFF, 0xFF, 0xFF, 0x3F, 0xFE, 0xFF, 0x8F, 0xFE, 0x7F, 0xC3, 0xFE, 0x3F, 0xE0,
    0x00, 0x00, 0x00, 0x00, 0x07, 0xF8, 0x00, 0x03, 0xFC, 0x00, 0x03, 0xFC, 0x00, 0x01, 0xFC, 0x00,
    0x01, 0xFC, 0x00, 0x00, 0xFC, 0x00, 0x00, 0xFC, 0x00, 0x00, 0x7E, 0x00, 0x00, 0x40, 0x00, 0x00,
    0x00, 0x00, 0x00, 0x00, 0x00, 0x1F, 0xF0, 0x1F, 0xFF, 0xF8, 0x0F, 0xFF, 0xFC, 0x07, 0xFF, 0xFE,
    0x03, 0xFF, 0xFF, 0x01, 0xFF, 0xFF, 0x80, 0xFF, 0xFF, 0xC0, 0x7F, 0xFF, 0xE0, 0x3F, 0xFF, 0xF0,
    0x1F, 0xFF, 0xF8, 0x0F, 0xFF, 0xFC, 0x07, 0xFF, 0xFE, 0x03, 0xFF, 0xFF, 0x01, 0xFF, 0xFF, 0x80,
    0xFF, 0xFF, 0xC0, 0x7F, 0xFF, 0xF0, 0x7F, 0xFF, 0xFC, 0x7F, 0xFF, 0xFF, 0xFF, 0xFB, 0xFF, 0xFF,
    0xFD, 0xFF, 0xFF, 0xFE, 0xFF, 0xFF, 0xFF, 0x3F, 0xFE, 0xFF, 0x8F, 0xFE, 0x7F, 0xC3, 0xFE, 0x3F,
    0xE0, 0x00, 0x00, 0x00, 0x00, 0x7F, 0x00, 0x00, 0x7F, 0xC0, 0x00, 0x7F, 0xF0, 0x00, 0x7F, 0xFC,
    0x00, 0x3F, 0x7E, 0x00, 0x3F, 0x1F, 0x80, 0x3F, 0x8F, 0xE0, 0x3F, 0x83, 0xF8, 0x00, 0x00, 0x00,
    0x00, 0x00, 0x00, 0x00, 0x00, 0x00, 0x1F, 0xF0, 0x1F, 0xFF, 0xF8, 0x0F, 0xFF, 0xFC, 0x07, 0xFF,
    0xFE, 0x03, 0xFF, 0xFF, 0x01, 0xFF, 0xFF, 0x80, 0xFF, 0xFF, 0xC0, 0x7F, 0xFF, 0xE0, 0x3F, 0xFF,
    0xF0, 0x1F, 0xFF, 0xF8, 0x0F, 0xFF, 0xFC, 0x07, 0xFF, 0xFE, 0x03, 0xFF, 0xFF, 0x01, 0xFF, 0xFF,
    0x80, 0xFF, 0xFF, 0xC0, 0x7F, 0xFF, 0xF0, 0x7F, 0xFF, 0xFC, 0x7F, 0xFF, 0xFF, 0xFF, 0xFB, 0xFF,
    0xFF, 0xFD, 0xFF, 0xFF, 0xFE, 0xFF, 0xFF, 0xFF, 0x3F, 0xFE, 0xFF, 0x8F, 0xFE, 0x7F, 0xC3, 0xFE,
    0x3F, 0xE0, 0x00, 0x00, 0x00, 0x03, 0x00, 0x60, 0x07, 0xE0, 0xFC, 0x03, 0xF8, 0xFF, 0x03, 0xFC,
    0x7F, 0x81, 0xFF, 0x7F, 0xC0, 0xFF, 0x1F, 0xE0, 0x3F, 0x8F, 0xE0, 0x0F, 0x83, 0xF0, 0x00, 0x00,
    0x00, 0x00, 0x00, 0x00, 0x00, 0x00, 0x00, 0x1F, 0xF0, 0x1F, 0xFF, 0xF8, 0x0F, 0xFF, 0xFC, 0x07,
    0xFF, 0xFE, 0x03, 0xFF, 0xFF, 0x01, 0xFF, 0xFF, 0x80, 0xFF, 0xFF, 0xC0, 0x7F, 0xFF, 0xE0, 0x3F,
    0xFF, 0xF0, 0x1F, 0xFF, 0xF8, 0x0F, 0xFF, 0xFC, 0x07, 0xFF, 0xFE, 0x03, 0xFF, 0xFF, 0x01, 0xFF,
    0xFF, 0x80, 0xFF, 0xFF, 0xC0, 0x7F, 0xFF, 0xF0, 0x7F, 0xFF, 0xFC, 0x7F, 0xFF, 0xFF, 0xFF, 0xFB,
    0xFF, 0xFF, 0xFD, 0xFF, 0xFF, 0xFE, 0xFF, 0xFF, 0xFF, 0x3F, 0xFE, 0xFF, 0x8F, 0xFE, 0x7F, 0xC3,
    0xFE, 0x3F, 0xE0, 0x00, 0x00, 0x00, 0x00, 0x03, 0xFC, 0x00, 0x00, 0x1F, 0xE0, 0x00, 0x01, 0xFE,
    0x00, 0x00, 0x0F, 0xE0, 0x00, 0x00, 0xFE, 0x00, 0x00, 0x07, 0xE0, 0x00, 0x00, 0x7E, 0x00, 0x00,
    0x03, 0xF0, 0x00, 0x00, 0x20, 0x00, 0x00, 0x00, 0x00, 0x00, 0x00, 0x00, 0x00, 0x01, 0xFF, 0x80,
    0x7F, 0xE7, 0xFC, 0x03, 0xFE, 0x3F, 0xE0, 0x1F, 0xF0, 0xFF, 0x80, 0xFF, 0x87, 0xFC, 0x0F, 0xF8,
    0x3F, 0xE0, 0x7F, 0xC0, 0xFF, 0x03, 0xFC, 0x07, 0xFC, 0x3F, 0xE0, 0x3F, 0xE1, 0xFF, 0x00, 0xFF,
    0x0F, 0xF0, 0x07, 0xFC, 0xFF, 0x80, 0x1F, 0xE7, 0xFC, 0x00, 0xFF, 0x3F, 0xC0, 0x07, 0xFB, 0xFE,
    0x00, 0x1F, 0xFF, 0xE0, 0x00, 0xFF, 0xFF, 0x00, 0x07, 0xFF, 0xF8, 0x00, 0x1F, 0xFF, 0x80, 0x00,
    0xFF, 0xFC, 0x00, 0x03, 0xFF, 0xE0, 0x00, 0x1F, 0xFE, 0x00, 0x00, 0xFF, 0xF0, 0x00, 0x03, 0xFF,
    0x00, 0x00, 0x1F, 0xF8, 0x00, 0x00, 0xFF, 0xC0, 0x00, 0x07, 0xFC, 0x00, 0x08, 0x7F, 0xE0, 0x00,
    0x7F, 0xFE, 0x00, 0x03, 0xFF, 0xF0, 0x00, 0x1F, 0xFF, 0x00, 0x00, 0xFF, 0xF8, 0x00, 0x07, 0xFF,
    0x80, 0x00, 0x3F, 0xF0, 0x00, 0x00, 0x00, 0x00, 0x00, 0x00, 0x00, 0x00, 0x00, 0x1F, 0xF0, 0x00,
    0x03, 0xFE, 0x00, 0x00, 0x7F, 0xC0, 0x00, 0x0F, 0xF8, 0x00, 0x01, 0xFF, 0x00, 0x00, 0x3F, 0xE0,
    0x00, 0x07, 0xFC, 0x00, 0x00, 0xFF, 0x80, 0x00, 0x1F, 0xF0, 0x78, 0x03, 0xFE, 0x3F, 0xE0, 0x7F,
    0xDF, 0xFE, 0x0F, 0xFB, 0xFF, 0xE1, 0xFF, 0xFF, 0xFE, 0x3F, 0xFF, 0xFF, 0xC7, 0xFF, 0xFF, 0xFC,
    0xFF, 0xF3, 0xFF, 0x9F, 0xF8, 0x1F, 0xFB, 0xFF, 0x03, 0xFF, 0x7F, 0xC0, 0x3F, 0xEF, 0xF8, 0x07,
    0xFD, 0xFF, 0x00, 0xFF, 0xBF, 0xE0, 0x1F, 0xF7, 0xFC, 0x03, 0xFE, 0xFF, 0x80, 0xFF, 0xDF, 0xF8,
    0x1F, 0xFB, 0xFF, 0x87, 0xFE, 0x7F, 0xFF, 0xFF, 0xCF, 0xFF, 0xFF, 0xF9, 0xFF, 0xFF, 0xFE, 0x3F,
    0xFF, 0xFF, 0xC7, 0xFD, 0xFF, 0xF0, 0xFF, 0x9F, 0xFC, 0x1F, 0xF1, 0xFE, 0x03, 0xFE, 0x00, 0x00,
    0x7F, 0xC0, 0x00, 0x0F, 0xF8, 0x00, 0x01, 0xFF, 0x00, 0x00, 0x3F, 0xE0, 0x00, 0x07, 0xFC, 0x00,
    0x00, 0xFF, 0x80, 0x00, 0x1F, 0xF0, 0x00, 0x03, 0xFE, 0x00, 0x00, 0x00, 0x00, 0x00, 0x00, 0x01,
    0x80, 0x30, 0x00, 0x3F, 0x07, 0xE0, 0x01, 0xFC, 0x7F, 0x80, 0x1F, 0xE3, 0xFC, 0x00, 0xFF, 0xBF,
    0xE0, 0x07, 0xF8, 0xFF, 0x00, 0x1F, 0xC7, 0xF0, 0x00, 0x7C, 0x1F, 0x80, 0x00, 0x00, 0x00, 0x00,
    0x00, 0x00, 0x00, 0x00, 0x00, 0x00, 0x01, 0xFF, 0x80, 0x7F, 0xE7, 0xFC, 0x03, 0xFE, 0x3F, 0xE0,
    0x1F, 0xF0, 0xFF, 0x80, 0xFF, 0x87, 0xFC, 0x0F, 0xF8, 0x3F, 0xE0, 0x7F, 0xC0, 0xFF, 0x03, 0xFC,
    0x07, 0xFC, 0x3F, 0xE0, 0x3F, 0xE1, 0xFF, 0x00, 0xFF, 0x0F, 0xF0, 0x07, 0xFC, 0xFF, 0x80, 0x1F,
    0xE7, 0xFC, 0x00, 0xFF, 0x3F, 0xC0, 0x07, 0xFB, 0xFE, 0x00, 0x1F, 0xFF, 0xE0, 0x00, 0xFF, 0xFF,
    0x00, 0x07, 0xFF, 0xF8, 0x00, 0x1F, 0xFF, 0x80, 0x00, 0xFF, 0xFC, 0x00, 0x03, 0xFF, 0xE0, 0x00,
    0x1F, 0xFE, 0x00, 0x00, 0xFF, 0xF0, 0x00, 0x03, 0xFF, 0x00, 0x00, 0x1F, 0xF8, 0x00, 0x00, 0xFF,
    0xC0, 0x00, 0x07, 0xFC, 0x00, 0x08, 0x7F, 0xE0, 0x00, 0x7F, 0xFE, 0x00, 0x03, 0xFF, 0xF0, 0x00,
    0x1F, 0xFF, 0x00, 0x00, 0xFF, 0xF8, 0x00, 0x07, 0xFF, 0x80, 0x00, 0x3F, 0xF0, 0x00, 0x00, 0x00,
    0x00, 0x00, 0x00
};

const epaper_font::GlyphRange kInter46Black_ext = {
    0xA0,
    0xFF,
    kInter46Black_ext_glyphs,
    kInter46Black_ext_bitmaps,
};

const epaper_font::GlyphBitmap kInter55SemiBold_ext_glyphs[] = {
    {     0,    0,   0,   0,    0,    0,  13 },
    {     0,   52,  10,  41,    2,   30,  15 },
    {    52,  144,  28,  41,    1,   41,  31 },
    {   196,  154,  30,  41,    2,   41,  34 },
    {   350,  158,  36,  35,    2,   34,  41 },
    {   508,  154,  30,  41,    0,   41,  30 },
    {   662,   49,   8,  49,    4,   41,  17 },
    {   711,  163,  26,  50,    2,   41,  30 },
    {   874,   20,  20,   8,    6,   41,  32 },
    {   894,  226,  43,  42,    3,   41,  50 },
    {  1120,   63,  21,  24,    1,   41,  25 },
    {  1183,   97,  31,  25,    1,   28,  33 },
    {  1280,   41,  25,  13,    5,   21,  36 },
    {  1321,  142,  27,  42,    1,   41,  31 },
    {  1463,  128,  32,  32,    2,   41,  36 },
    {  1591,   10,  16,   5,    3,   39,  23 },
    {  1601,   50,  20,  20,    2,   41,  25 },
    {  1651,  105,  28,  30,    4,   31,  36 },
    {  1756,   55,  19,  23,    2,   46,  23 },
    {  1811,   58,  20,  23,    2,   46,  24 },
    {  1869,   14,  12,   9,    2,   41,  17 },
    {  1883,  154,  30,  41,    3,   29,  33 },
    {  2037,  144,  28,  41,    1,   41,  32 },
    {  2181,   13,  10,  10,    2,   24,  14 },
    {  2194,   20,  11,  14,    5,    2,  18 },
    {  2214,   35,  12,  23,    1,   46,  16 },
    {  2249,   72,  24,  24,    1,   41,  26 },
    {  2321,   97,  31,  25,    1,   28,  33 },
    {  2418,  211,  41,  41,    1,   41,  43 },
    {  2629,  216,  42,  41,    1,   41,  45 },
    {  2845,  231,  45,  41,    1,   41,  48 },
    {  3076,  142,  27,  42,    2,   30,  31 },
    {  3218,  247,  38,  52,    0,   52,  39 },
    {  3465,  247,  38,  52,    0,   52,  39 },
    {  3712,  247,  38,  52,    0,   52,  39 },
    {  3959,  247,  38,  52,    0,   52,  39 },
    {  4206,  247,  38,  52,    0,   52,  39 },
    {  4453,  262,  38,  55,    0,   55,  39 },
    {  4715,  277,  54,  41,    0,   41,  56 },
    {  4992,  246,  37,  53,    2,   41,  41 },
    {  5238,  182,  28,  52,    3,   52,  34 },
    {  5420,  182,  28,  52,    3,   52,  34 },
    {  5602,  182,  28,  52,    3,   52,  34 },
    {  5784,  182,  28,  52,    3,   52,  34 },
    {  5966,   85,  13,  52,   -2,   52,  15 },
    {  6051,   85,  13,  52,    3,   52,  15 },
    {  6136,  130,  20,  52,   -3,   52,  15 },
    {  6266,  130,  20,  52,   -3,   52,  15 },
    {  6396,  200,  39,  41,    0,   41,  41 },
    {  6596,  221,  34,  52,    3,   52,  41 },
    {  6817,  252,  38,  53,    2,   52,  42 },
    {  7069,  252,  38,  53,    2,   52,  42 },
    {  7321,  252,  38,  53,    2,   52,  42 },
    {  7573,  252,  38,  53,    2,   52,  42 },
    {  7825,  252,  38,  53,    2,   52,  42 },
    {  8077,   98,  28,  28,    4,   30,  36 },
    {  8175,  209,  38,  44,    2,   42,  42 },
    {  8384,  219,  33,  53,    3,   52,  40 },
    {  8603,  219,  33,  53,    3,   52,  40 },
    {  8822,  219,  33,  53,    3,   52,  40 },
    {  9041,  219,  33,  53,    3,   52,  40 },
    {  9260,  247,  38,  52,    0,   52,  38 },
    {  9507,  149,  29,  41,    3,   41,  35 },
    {  9656,  154,  30,  41,    3,   41,  35 },
    {  9810,  142,  27,  42,    1,   41,  31 },
    {  9952,  142,  27,  42,    1,   41,  31 },
    { 10094,  142,  27,  42,    1,   41,  31 },
    { 10236,  142,  27,  42,    1,   41,  31 },
    { 10378,  142,  27,  42,    1,   41,  31 },
    { 10520,  152,  27,  45,    1,   44,  31 },
    { 10672,  183,  47,  31,    1,   30,  49 },
    { 10855,  147,  28,  42,    1,   30,  31 },
    { 11002,  153,  29,  42,    1,   41,  31 },
    { 11155,  153,  29,  42,    1,   41,  31 },
    { 11308,  153,  29,  42,    1,   41,  31 },
    { 11461,  153,  29,  42,    1,   41,  31 },
    { 11614,   62,  12,  41,   -2,   41,  14 },
    { 11676,   62,  12,  41,    3,   41,  14 },
    { 11738,  103,  20,  41,   -3,   41,  14 },
    { 11841,  108,  21,  41,   -4,   41,  14 },
    { 11949,  160,  29,  44,    1,   43,  32 },
    { 12109,  134,  26,  41,    3,   41,  32 },
    { 12243,  153,  29,  42,    1,   41,  32 },
    { 12396,  153,  29,  42,    1,   41,  32 },
    { 12549,  153,  29,  42,    1,   41,  32 },
    { 12702,  153,  29,  42,    1,   41,  32 },
    { 12855,  153,  29,  42,    1,   41,  32 },
    { 13008,  105,  28,  30,    4,   31,  36 },
    { 13113,  120,  30,  32,    1,   30,  32 },
    { 13233,  137,  26,  42,    3,   41,  32 },
    { 13370,  137,  26,  42,    3,   41,  32 },
    { 13507,  137,  26,  42,    3,   41,  32 },
    { 13644,  137,  26,  42,    3,   41,  32 },
    { 13781,  199,  30,  53,    0,   41,  31 },
    { 13980,  186,  28,  53,    3,   41,  33 },
    { 14166,  199,  30,  53,    0,   41,  31 },
};

const uint8_t kInter55SemiBold_ext_bitmaps[] = {
    0x00, 0x07, 0xC3, 0xF9, 0xFE, 0x7F, 0x9F, 0xE7, 0xF8, 0xFC, 0x1E, 0x00, 0x00, 0x00, 0x00, 0x00,
    0x0F, 0xC3, 0xF0, 0xFC, 0x3F, 0x0F, 0xC3, 0xF0, 0xFC, 0x3F, 0x0F, 0xC3, 0xF8, 0xFE, 0x3F, 0x8F,
    0xE3, 0xF8, 0xFE, 0x3F, 0x8F, 0xE3, 0xF8, 0xFE, 0x3F, 0x8F, 0xE7, 0xF9, 0xFE, 0x7F, 0x9F, 0xE7,
    0xF9, 0xFE, 0x7F, 0x80, 0x00, 0x00, 0x00, 0x00, 0x00, 0x70, 0x00, 0x00, 0x07, 0x00, 0x00, 0x00,
    0x70, 0x00, 0x00, 0x07, 0x00, 0x00, 0x00, 0x70, 0x00, 0x00, 0x1F, 0xC0, 0x00, 0x0F, 0xFF, 0x80,
    0x01, 0xFF, 0xFE, 0x00, 0x7F, 0xFF, 0xF0, 0x0F, 0xFF, 0xFF, 0x80, 0xFF, 0xFF, 0xFC, 0x1F, 0xF7,
    0x3F, 0xC3, 0xFC, 0x71, 0xFE, 0x3F, 0x87, 0x0F, 0xE3, 0xF8, 0x70, 0x7E, 0x7F, 0x07, 0x07, 0xF7,
    0xF0, 0x70, 0x00, 0x7F, 0x07, 0x00, 0x07, 0xF0, 0x70, 0x00, 0x7F, 0x07, 0x00, 0x07, 0xF0, 0x70,
    0x00, 0x7F, 0x07, 0x00, 0x07, 0xF0, 0x70, 0x00, 0x7F, 0x07, 0x00, 0x07, 0xF0, 0x70, 0x7F, 0x3F,
    0x87, 0x07, 0xF3, 0xF8, 0x70, 0xFE, 0x3F, 0xC7, 0x1F, 0xE1, 0xFF, 0x73, 0xFC, 0x0F, 0xFF, 0xFF,
    0xC0, 0xFF, 0xFF, 0xF8, 0x07, 0xFF, 0xFF, 0x00, 0x1F, 0xFF, 0xE0, 0x00, 0xFF, 0xF8, 0x00, 0x01,
    0xFE, 0x00, 0x00, 0x07, 0x00, 0x00, 0x00, 0x70, 0x00, 0x00, 0x07, 0x00, 0x00, 0x00, 0x70, 0x00,
    0x00, 0x07, 0x00, 0x00, 0x00, 0x01, 0xC0, 0x00, 0x00, 0x7F, 0xF0, 0x00, 0x07, 0xFF, 0xF0, 0x00,
    0x3F, 0xFF, 0xE0, 0x01, 0xFF, 0xFF, 0xC0, 0x0F, 0xFF, 0xFF, 0x80, 0x7F, 0xE3, 0xFF, 0x01, 0xFE,
    0x03, 0xFC, 0x0F, 0xF0, 0x07, 0xF8, 0x3F, 0x80, 0x0F, 0xE0, 0xFE, 0x00, 0x3F, 0x83, 0xF8, 0x00,
    0x7E, 0x0F, 0xC0, 0x01, 0xF8, 0x3F, 0x00, 0x00, 0x00, 0xFC, 0x00, 0x00, 0x03, 0xF8, 0x00, 0x00,
    0x0F, 0xE0, 0x00, 0x00, 0x3F, 0x80, 0x00, 0x00, 0xFE, 0x00, 0x00, 0x3F, 0xFF, 0xFE, 0x00, 0xFF,
    0xFF, 0xF8, 0x03, 0xFF, 0xFF, 0xE0, 0x0F, 0xFF, 0xFF, 0x80, 0x3F, 0xFF, 0xFE, 0x00, 0x0F, 0xE0,
    0x00, 0x00, 0x3F, 0x80, 0x00, 0x00, 0xFE, 0x00, 0x00, 0x03, 0xF8, 0x00, 0x00, 0x0F, 0xE0, 0x00,
    0x00, 0x3F, 0x80, 0x00, 0x00, 0xFE, 0x00, 0x00, 0x03, 0xF8, 0x00, 0x00, 0x0F, 0xE0, 0x01, 0xF8,
    0x3F, 0x00, 0x07, 0xE1, 0xF8, 0x00, 0x1F, 0xBF, 0xFF, 0xFF, 0xFE, 0xFF, 0xFF, 0xFF, 0xFB, 0xFF,
    0xFF, 0xFF, 0xCF, 0xFF, 0xFF, 0xFF, 0x3F, 0xFF, 0xFF, 0xF8, 0xFF, 0xFF, 0xFF, 0x80, 0x08, 0x00,
    0x00, 0x01, 0x01, 0xC0, 0x7F, 0xC0, 0x38, 0x3E, 0x1F, 0xFF, 0x87, 0xC7, 0xF7, 0xFF, 0xFE, 0xFE,
    0x3F, 0xFF, 0xFF, 0xFF, 0xC1, 0xFF, 0xFF, 0xFF, 0xF8, 0x0F, 0xFC, 0x03, 0xFF, 0x00, 0x7F, 0x00,
    0x0F, 0xE0, 0x0F, 0xC0, 0x00, 0x7F, 0x00, 0xF8, 0x00, 0x03, 0xF0, 0x1F, 0x80, 0x00, 0x1F, 0x81,
    0xF0, 0x00, 0x00, 0xF8, 0x3F, 0x00, 0x00, 0x0F, 0x83, 0xE0, 0x00, 0x00, 0x7C, 0x3E, 0x00, 0x00,
    0x07, 0xC3, 0xE0, 0x00, 0x00, 0x7C, 0x3E, 0x00, 0x00, 0x07, 0xC3, 0xC0, 0x00, 0x00, 0x7C, 0x3C,
    0x00, 0x00, 0x07, 0xC3, 0xE0, 0x00, 0x00, 0x7C, 0x3E, 0x00, 0x00, 0x07, 0xC3, 0xE0, 0x00, 0x00,
    0x7C, 0x3E, 0x00, 0x00, 0x07, 0xC1, 0xF0, 0x00, 0x00, 0xF8, 0x1F, 0x00, 0x00, 0x1F, 0x80, 0xF8,
    0x00, 0x01, 0xF0, 0x0F, 0xC0, 0x00, 0x3F, 0x00, 0xFE, 0x00, 0x07, 0xF0, 0x1F, 0xF8, 0x01, 0xFF,
    0x83, 0xFF, 0xF0, 0xFF, 0xFC, 0x7F, 0xFF, 0xFF, 0xFF, 0xE3, 0xF7, 0xFF, 0xFE, 0x7E, 0x3E, 0x3F,
    0xFF, 0xC3, 0xC1, 0xC0, 0xFF, 0xF0, 0x18, 0x08, 0x00, 0x60, 0x01, 0x00, 0x00, 0x00, 0x00, 0x03,
    0xFC, 0x00, 0x0F, 0xF7, 0xF0, 0x00, 0x3F, 0x9F, 0xE0, 0x01, 0xFC, 0x3F, 0x80, 0x07, 0xF0, 0xFF,
    0x00, 0x3F, 0xC1, 0xFC, 0x00, 0xFE, 0x07, 0xF0, 0x07, 0xF8, 0x0F, 0xE0, 0x1F, 0xC0, 0x3F, 0x80,
    0x7F, 0x00, 0x7F, 0x03, 0xF8, 0x01, 0xFC, 0x0F, 0xE0, 0x03, 0xF8, 0x7F, 0x00, 0x0F, 0xE1, 0xFC,
    0x00, 0x1F, 0x8F, 0xE0, 0x00, 0x7F, 0x3F, 0x80, 0x00, 0xFC, 0xFC, 0x00, 0x03, 0xFF, 0xF0, 0x00,
    0x07, 0xFF, 0x80, 0x00, 0x1F, 0xFE, 0x00, 0x00, 0x7F, 0xF0, 0x00, 0x7F, 0xFF, 0xFF, 0x81, 0xFF,
    0xFF, 0xFE, 0x07, 0xFF, 0xFF, 0xF8, 0x1F, 0xFF, 0xFF, 0xE0, 0x00, 0x7F, 0x00, 0x00, 0x01, 0xFC,
    0x00, 0x00, 0x07, 0xF0, 0x00, 0x1F, 0xFF, 0xFF, 0xE0, 0x7F, 0xFF, 0xFF, 0x81, 0xFF, 0xFF, 0xFE,
    0x07, 0xFF, 0xFF, 0xF8, 0x1F, 0xFF, 0xFF, 0xE0, 0x00, 0x7F, 0x00, 0x00, 0x01, 0xFC, 0x00, 0x00,
    0x07, 0xF0, 0x00, 0x00, 0x1F, 0xC0, 0x00, 0x00, 0x7F, 0x00, 0x00, 0x01, 0xFC, 0x00, 0x00, 0x07,
    0xF0, 0x00, 0x00, 0x1F, 0xC0, 0x00, 0x00, 0x7E, 0x7E, 0x7E, 0x7E, 0x7E, 0x7E, 0x7E, 0x7E, 0x7E,
    0x7E, 0x7E, 0x7E, 0x7E, 0x7E, 0x7E, 0x7E, 0x7E, 0x7E, 0x00, 0x00, 0x00, 0x00, 0x00, 0x00, 0x00,
    0x00, 0x00, 0x00, 0x00, 0x7E, 0x7E, 0x7E, 0x7E, 0x7E, 0x7E, 0x7E, 0x7E, 0x7E, 0x7E, 0x7E, 0x7E,
    0x7E, 0x7E, 0x7E, 0x7E, 0x7E, 0x7E, 0x7E, 0x00, 0x0C, 0x00, 0x00, 0x7F, 0xF0, 0x00, 0x3F, 0xFF,
    0x00, 0x3F, 0xFF, 0xE0, 0x0F, 0xFF, 0xFC, 0x07, 0xFF, 0xFF, 0x81, 0xFE, 0x1F, 0xE0, 0xFE, 0x01,
    0xF8, 0x3F, 0x80, 0x7F, 0x0F, 0xC0, 0x0F, 0xC3, 0xF8, 0x00, 0x00, 0xFE, 0x00, 0x00, 0x1F, 0xC0,
    0x00, 0x07, 0xF8, 0x00, 0x00, 0xFF, 0x80, 0x00, 0x3F, 0xF8, 0x00, 0x07, 0xFF, 0x80, 0x03, 0xFF,
    0xF8, 0x03, 0xFF, 0xFF, 0x81, 0xF8, 0x7F, 0xF8, 0x7C, 0x07, 0xFF, 0x3F, 0x00, 0x7F, 0xCF, 0xC0,
    0x07, 0xFB, 0xF0, 0x00, 0x7E, 0xFC, 0x00, 0x1F, 0xFF, 0x80, 0x03, 0xF7, 0xF0, 0x00, 0xFD, 0xFF,
    0x00, 0x3F, 0x3F, 0xF0, 0x0F, 0x87, 0xFF, 0x07, 0xE0, 0xFF, 0xF3, 0xF0, 0x0F, 0xFF, 0xF8, 0x00,
    0xFF, 0xF8, 0x00, 0x0F, 0xFE, 0x00, 0x00, 0xFF, 0xC0, 0x00, 0x0F, 0xF8, 0x00, 0x00, 0xFE, 0x00,
    0x00, 0x1F, 0xC0, 0x00, 0x07, 0xF1, 0xF8, 0x01, 0xFC, 0x7F, 0x00, 0x7F, 0x1F, 0xC0, 0x1F, 0xC3,
    0xF8, 0x0F, 0xF0, 0xFF, 0xFF, 0xF8, 0x1F, 0xFF, 0xFE, 0x07, 0xFF, 0xFF, 0x00, 0xFF, 0xFF, 0x80,
    0x0F, 0xFF, 0x80, 0x00, 0xFF, 0x80, 0x00, 0x00, 0x00, 0x00, 0x18, 0x01, 0x87, 0xE0, 0x7E, 0x7F,
    0x0F, 0xEF, 0xF0, 0xFF, 0xFF, 0x0F, 0xFF, 0xF0, 0xFF, 0x7E, 0x07, 0xE3, 0xC0, 0x3C, 0x00, 0x00,
    0x1F, 0x00, 0x00, 0x00, 0x00, 0x3F, 0xFE, 0x00, 0x00, 0x00, 0x3F, 0xFF, 0xF8, 0x00, 0x00, 0x0F,
    0xFF, 0xFF, 0x80, 0x00, 0x07, 0xFF, 0xFF, 0xFC, 0x00, 0x01, 0xFF, 0xFF, 0xFF, 0xC0, 0x00, 0x7F,
    0xF0, 0x1F, 0xFC, 0x00, 0x1F, 0xF0, 0x00, 0x7F, 0xC0, 0x07, 0xF8, 0x00, 0x03, 0xFC, 0x01, 0xFE,
    0x00, 0x00, 0x3F, 0xC0, 0x3F, 0x80, 0xFF, 0x03, 0xF8, 0x0F, 0xE0, 0x7F, 0xF8, 0x3F, 0x81, 0xF8,
    0x3F, 0xFF, 0x83, 0xF0, 0x7F, 0x0F, 0xFF, 0xF8, 0x7F, 0x0F, 0xC1, 0xFF, 0xFF, 0x87, 0xE1, 0xF8,
    0x7F, 0x07, 0xF0, 0xFC, 0x7E, 0x1F, 0xC0, 0x3F, 0x0F, 0xCF, 0xC3, 0xF0, 0x03, 0xE1, 0xF9, 0xF8,
    0x7C, 0x00, 0x7C, 0x3F, 0x3F, 0x0F, 0x80, 0x00, 0x07, 0xE7, 0xE1, 0xF0, 0x00, 0x00, 0xFC, 0xFC,
    0x3E, 0x00, 0x00, 0x1F, 0x9F, 0x87, 0xC0, 0x00, 0x03, 0xF3, 0xF0, 0xF8, 0x00, 0xF8, 0x7E, 0x7E,
    0x1F, 0x80, 0x3F, 0x0F, 0xCF, 0xC3, 0xF8, 0x07, 0xE1, 0xF8, 0xFC, 0x3F, 0x83, 0xF8, 0x7E, 0x1F,
    0x83, 0xFF, 0xFF, 0x0F, 0xC3, 0xF8, 0x7F, 0xFF, 0xC3, 0xF8, 0x3F, 0x07, 0xFF, 0xF0, 0x7E, 0x07,
    0xF0, 0x3F, 0xFC, 0x1F, 0xC0, 0x7F, 0x01, 0xFE, 0x07, 0xF0, 0x0F, 0xF0, 0x00, 0x01, 0xFE, 0x00,
    0xFF, 0x00, 0x00, 0x7F, 0x80, 0x0F, 0xF8, 0x00, 0x3F, 0xE0, 0x00, 0xFF, 0xE0, 0x3F, 0xF8, 0x00,
    0x0F, 0xFF, 0xFF, 0xFE, 0x00, 0x00, 0xFF, 0xFF, 0xFF, 0x80, 0x00, 0x07, 0xFF, 0xFF, 0xC0, 0x00,
    0x00, 0x3F, 0xFF, 0xF0, 0x00, 0x00, 0x01, 0xFF, 0xF0, 0x00, 0x00, 0x00, 0x03, 0xE0, 0x00, 0x00,
    0x00, 0x78, 0x00, 0x1F, 0xFC, 0x03, 0xFF, 0xF0, 0x3F, 0xFF, 0xC3, 0xFF, 0xFF, 0x1F, 0x81, 0xF9,
    0xF8, 0x07, 0xEF, 0xC0, 0x3F, 0x00, 0x01, 0xF8, 0x00, 0x1F, 0xC0, 0x7F, 0xFE, 0x1F, 0xFF, 0xF3,
    0xFF, 0xFF, 0xBF, 0xF8, 0xFD, 0xFC, 0x07, 0xEF, 0x80, 0x3F, 0x7C, 0x01, 0xFF, 0xE0, 0x1F, 0xDF,
    0x80, 0xFE, 0xFE, 0x3F, 0xF7, 0xFF, 0xFF, 0x9F, 0xFE, 0xFC, 0x7F, 0xE7, 0xE0, 0x7C, 0x00, 0x00,
    0x1F, 0xE1, 0xFE, 0x00, 0x7F, 0x07, 0xF0, 0x01, 0xFE, 0x1F, 0xE0, 0x07, 0xF8, 0x7F, 0x80, 0x1F,
    0xE1, 0xFE, 0x00, 0x7F, 0x87, 0xF8, 0x00, 0xFE, 0x0F, 0xE0, 0x03, 0xF8, 0x3F, 0x80, 0x0F, 0xF0,
    0xFF, 0x00, 0x3F, 0xC3, 0xFC, 0x00, 0xFF, 0x0F, 0xF0, 0x03, 0xFC, 0x3F, 0xC0, 0x07, 0xF8, 0x7F,
    0x80, 0x07, 0xF8, 0x7F, 0x80, 0x07, 0xF8, 0x7F, 0x80, 0x07, 0xF0, 0x7F, 0x00, 0x0F, 0xF0, 0xFF,
    0x00, 0x0F, 0xF0, 0xFF, 0x00, 0x0F, 0xF0, 0xFF, 0x00, 0x0F, 0xF0, 0xFF, 0x00, 0x0F, 0xF0, 0xFF,
    0x00, 0x0F, 0xE0, 0xFE, 0x00, 0x0F, 0xE0, 0xFE, 0x00, 0x1F, 0xF1, 0xFF, 0x00, 0x00, 0x00, 0x00,
    0x7F, 0xFF, 0xFF, 0x3F, 0xFF, 0xFF, 0x9F, 0xFF, 0xFF, 0xCF, 0xFF, 0xFF, 0xE7, 0xFF, 0xFF, 0xF3,
    0xFF, 0xFF, 0xF8, 0x00, 0x00, 0xFC, 0x00, 0x00, 0x7E, 0x00, 0x00, 0x3F, 0x00, 0x00, 0x1F, 0x80,
    0x00, 0x0F, 0xC0, 0x00, 0x07, 0xE0, 0x00, 0x03, 0xF0, 0x00, 0x0F, 0x00, 0x00, 0x1F, 0xFE, 0x00,
    0x0F, 0xFF, 0xF0, 0x03, 0xFF, 0xFF, 0x80, 0xFF, 0xFF, 0xF8, 0x3F, 0xFF, 0xFF, 0x0F, 0xFC, 0x3F,
    0xF1, 0xFE, 0x01, 0xFE, 0x3F, 0x80, 0x1F, 0xEF, 0xE0, 0x01, 0xFD, 0xFC, 0x00, 0x3F, 0xBF, 0x80,
    0x07, 0xF7, 0xF0, 0x00, 0xFE, 0x00, 0x00, 0x1F, 0xC0, 0x00, 0x07, 0xF0, 0x00, 0x00, 0xFE, 0x00,
    0x00, 0x3F, 0x80, 0x00, 0x1F, 0xF0, 0x00, 0x07, 0xFC, 0x00, 0x03, 0xFF, 0x00, 0x00, 0xFF, 0xC0,
    0x00, 0x3F, 0xE0, 0x00, 0x07, 0xF8, 0x00, 0x01, 0xFE, 0x00, 0x00, 0x3F, 0x80, 0x00, 0x07, 0xF0,
    0x00, 0x00, 0xFE, 0x00, 0x00, 0x1F, 0x80, 0x00, 0x03, 0xF0, 0x00, 0x00, 0x00, 0x00, 0x00, 0x00,
    0x00, 0x00, 0x00, 0x00, 0x00, 0x00, 0x00, 0x00, 0x00, 0x01, 0xC0, 0x00, 0x00, 0xFC, 0x00, 0x00,
    0x3F, 0xC0, 0x00, 0x07, 0xF8, 0x00, 0x00, 0xFF, 0x80, 0x00, 0x1F, 0xE0, 0x00, 0x01, 0xFC, 0x00,
    0x00, 0x1F, 0x00, 0x00, 0x00, 0x00, 0x00, 0x00, 0x01, 0x80, 0x00, 0x00, 0x3F, 0xF8, 0x00, 0x00,
    0xFF, 0xFE, 0x00, 0x03, 0xFF, 0xFF, 0x80, 0x07, 0xFE, 0xFF, 0xC0, 0x0F, 0xE0, 0x0F, 0xE0, 0x1F,
    0x80, 0x03, 0xF0, 0x1F, 0x00, 0x01, 0xF8, 0x3E, 0x00, 0x00, 0xF8, 0x7C, 0x3F, 0xE0, 0x7C, 0x78,
    0x3F, 0xF8, 0x3C, 0x78, 0x3F, 0xF8, 0x3E, 0xF8, 0x3C, 0x3C, 0x1E, 0xF0, 0x3C, 0x3C, 0x1E, 0xF0,
    0x3C, 0x3C, 0x1E, 0xF0, 0x3C, 0x7C, 0x1E, 0xF0, 0x3F, 0xF8, 0x1E, 0xF0, 0x3F, 0xF0, 0x1E, 0xF0,
    0x3F, 0xF0, 0x1E, 0xF8, 0x3C, 0x78, 0x1E, 0x78, 0x3C, 0x78, 0x3E, 0x78, 0x3C, 0x7C, 0x3C, 0x7C,
    0x3C, 0x3C, 0x7C, 0x3E, 0x00, 0x00, 0x78, 0x1F, 0x00, 0x00, 0xF8, 0x1F, 0x80, 0x03, 0xF0, 0x0F,
    0xE0, 0x07, 0xE0, 0x07, 0xFC, 0x3F, 0xC0, 0x03, 0xFF, 0xFF, 0x80, 0x00, 0xFF, 0xFF, 0x00, 0x00,
    0x3F, 0xFC, 0x00, 0x00, 0x07, 0xC0, 0x00, 0x7F, 0xFF, 0x7F, 0xFF, 0x7F, 0xFF, 0x7F, 0xFF, 0x7F,
    0xFF, 0x00, 0x00, 0x00, 0x3F, 0xC0, 0x07, 0xFF, 0x01, 0xFF, 0xF8, 0x1F, 0xFF, 0xC3, 0xFF, 0xFC,
    0x7E, 0x07, 0xE7, 0xC0, 0x3E, 0x7C, 0x03, 0xE7, 0xC0, 0x3E, 0x7C, 0x03, 0xE7, 0xC0, 0x3E, 0x7C,
    0x03, 0xE7, 0xE0, 0x7E, 0x3F, 0xFF, 0xC3, 0xFF, 0xFC, 0x1F, 0xFF, 0x80, 0xFF, 0xF0, 0x03, 0xFC,
    0x00, 0x00, 0x00, 0x00, 0x1F, 0x80, 0x00, 0x01, 0xF8, 0x00, 0x00, 0x1F, 0x80, 0x00, 0x01, 0xF8,
    0x00, 0x00, 0x1F, 0x80, 0x00, 0x01, 0xF8, 0x00, 0x00, 0x1F, 0x80, 0x00, 0x01, 0xF8, 0x00, 0x7F,
    0xFF, 0xFF, 0xE7, 0xFF, 0xFF, 0xFE, 0x7F, 0xFF, 0xFF, 0xE7, 0xFF, 0xFF, 0xFE, 0x7F, 0xFF, 0xFF,
    0xE0, 0x01, 0xF8, 0x00, 0x00, 0x1F, 0x80, 0x00, 0x01, 0xF8, 0x00, 0x00, 0x1F, 0x80, 0x00, 0x01,
    0xF8, 0x00, 0x00, 0x1F, 0x80, 0x00, 0x01, 0xF8, 0x00, 0x00, 0x1F, 0x80, 0x00, 0x00, 0x00, 0x00,
    0x00, 0x00, 0x00, 0x00, 0x00, 0x00, 0x00, 0x7F, 0xFF, 0xFF, 0xE7, 0xFF, 0xFF, 0xFE, 0x7F, 0xFF,
    0xFF, 0xE7, 0xFF, 0xFF, 0xFE, 0x7F, 0xFF, 0xFF, 0xE0, 0x00, 0x00, 0x00, 0x03, 0xF0, 0x01, 0xFF,
    0xC0, 0xFF, 0xFC, 0x3F, 0xFF, 0xC7, 0xFF, 0xFD, 0xF8, 0x1F, 0xBF, 0x03, 0xF7, 0xC0, 0x3E, 0x00,
    0x0F, 0xC0, 0x01, 0xF8, 0x00, 0x7E, 0x00, 0x1F, 0x80, 0x0F, 0xE0, 0x03, 0xF8, 0x00, 0xFE, 0x00,
    0x7F, 0x00, 0x1F, 0xC0, 0x07, 0xF0, 0x03, 0xFF, 0xFF, 0x7F, 0xFF, 0xEF, 0xFF, 0xFD, 0xFF, 0xFF,
    0xBF, 0xFF, 0xF0, 0x03, 0xF8, 0x00, 0xFF, 0xE0, 0x1F, 0xFF, 0x83, 0xFF, 0xFC, 0x7F, 0x1F, 0xC7,
    0xE0, 0x7C, 0x7C, 0x07, 0xC0, 0x00, 0x7C, 0x00, 0x0F, 0xC0, 0x1F, 0xF8, 0x01, 0xFF, 0x00, 0x1F,
    0xF0, 0x01, 0xFF, 0x80, 0x01, 0xFC, 0x00, 0x07, 0xEF, 0xC0, 0x7E, 0xFC, 0x07, 0xEF, 0xC0, 0x7E,
    0x7F, 0xBF, 0xE3, 0xFF, 0xFC, 0x3F, 0xFF, 0x80, 0xFF, 0xF0, 0x03, 0xF8, 0x00, 0x07, 0xF0, 0xFE,
    0x0F, 0xC1, 0xF8, 0x1F, 0x83, 0xF0, 0x3E, 0x07, 0xE0, 0x7C, 0x00, 0xFE, 0x00, 0x1F, 0xC3, 0xF8,
    0x00, 0x7F, 0x0F, 0xE0, 0x01, 0xFC, 0x3F, 0x80, 0x07, 0xF0, 0xFE, 0x00, 0x1F, 0xC3, 0xF8, 0x00,
    0x7F, 0x0F, 0xE0, 0x01, 0xFC, 0x3F, 0x80, 0x07, 0xF0, 0xFE, 0x00, 0x1F, 0xC3, 0xF8, 0x00, 0x7F,
    0x0F, 0xE0, 0x01, 0xFC, 0x3F, 0x80, 0x07, 0xF0, 0xFE, 0x00, 0x1F, 0xC3, 0xF8, 0x00, 0x7F, 0x0F,
    0xE0, 0x01, 0xFC, 0x3F, 0x80, 0x07, 0xF0, 0xFE, 0x00, 0x1F, 0xC3, 0xF8, 0x00, 0x7F, 0x0F, 0xE0,
    0x01, 0xFC, 0x3F, 0x80, 0x07, 0xF0, 0xFF, 0x00, 0x3F, 0xC3, 0xFC, 0x00, 0xFF, 0x0F, 0xF8, 0x07,
    0xFC, 0x3F, 0xF8, 0x7F, 0xFE, 0xFF, 0xFF, 0xFF, 0xFB, 0xFF, 0xFF, 0xBF, 0xEF, 0xEF, 0xFC, 0x7F,
    0xBF, 0x9F, 0xE0, 0xFE, 0xFE, 0x1F, 0x01, 0xFB, 0xF8, 0x00, 0x00, 0x0F, 0xE0, 0x00, 0x00, 0x3F,
    0x80, 0x00, 0x00, 0xFE, 0x00, 0x00, 0x03, 0xF8, 0x00, 0x00, 0x0F, 0xE0, 0x00, 0x00, 0x3F, 0x80,
    0x00, 0x00, 0xFE, 0x00, 0x00, 0x03, 0xF8, 0x00, 0x00, 0x0F, 0xE0, 0x00, 0x00, 0x3F, 0x80, 0x00,
    0x00, 0x00, 0x00, 0x00, 0x00, 0x00, 0x00, 0x00, 0x00, 0x03, 0xFF, 0xFE, 0x01, 0xFF, 0xFF, 0xE0,
    0x7F, 0xFF, 0xFE, 0x0F, 0xFF, 0xFF, 0xE1, 0xFF, 0xFF, 0xFE, 0x1F, 0xFF, 0xFF, 0xE3, 0xFF, 0xF0,
    0x7E, 0x3F, 0xFF, 0x07, 0xE7, 0xFF, 0xF0, 0x7E, 0x7F, 0xFF, 0x07, 0xE7, 0xFF, 0xF0, 0x7E, 0x7F,
    0xFF, 0x07, 0xE7, 0xFF, 0xF0, 0x7E, 0x7F, 0xFF, 0x07, 0xE7, 0xFF, 0xF0, 0x7E, 0x7F, 0xFF, 0x07,
    0xE7, 0xFF, 0xF0, 0x7E, 0x3F, 0xFF, 0x07, 0xE3, 0xFF, 0xF0, 0x7E, 0x1F, 0xFF, 0x07, 0xE1, 0xFF,
    0xF0, 0x7E, 0x0F, 0xFF, 0x07, 0xE0, 0x7F, 0xF0, 0x7E, 0x01, 0xFF, 0x07, 0xE0, 0x07, 0xF0, 0x7E,
    0x00, 0x00, 0x07, 0xE0, 0x00, 0x00, 0x7E, 0x00, 0x00, 0x07, 0xE0, 0x00, 0x00, 0x7E, 0x00, 0x00,
    0x07, 0xE0, 0x00, 0x00, 0x7E, 0x00, 0x00, 0x07, 0xE0, 0x00, 0x00, 0x7E, 0x00, 0x00, 0x07, 0xE0,
    0x00, 0x00, 0x7E, 0x00, 0x00, 0x07, 0xE0, 0x00, 0x00, 0x7E, 0x00, 0x00, 0x07, 0xE0, 0x00, 0x00,
    0x7E, 0x00, 0x00, 0x07, 0xE0, 0x00, 0x07, 0x83, 0xF1, 0xFE, 0x7F, 0x9F, 0xE7, 0xF9, 0xFE, 0x3F,
    0x00, 0x00, 0x00, 0x07, 0x00, 0xE0, 0x1C, 0x03, 0xE0, 0xFF, 0x1F, 0xF0, 0x1E, 0x03, 0xC0, 0xFB,
    0xFF, 0x7F, 0xCF, 0xF0, 0x00, 0x00, 0x03, 0xF0, 0x7F, 0x1F, 0xF7, 0xFF, 0x7F, 0xF7, 0xFF, 0x73,
    0xF6, 0x3F, 0x43, 0xF0, 0x3F, 0x03, 0xF0, 0x3F, 0x03, 0xF0, 0x3F, 0x03, 0xF0, 0x3F, 0x03, 0xF0,
    0x3F, 0x03, 0xF0, 0x3F, 0x03, 0xF0, 0x3F, 0x03, 0xF0, 0x00, 0x3C, 0x00, 0x03, 0xFF, 0x80, 0x07,
    0xFF, 0xE0, 0x0F, 0xFF, 0xF0, 0x1F, 0xFF, 0xF8, 0x3F, 0xC3, 0xF8, 0x3F, 0x01, 0xFC, 0x7E, 0x00,
    0xFC, 0x7E, 0x00, 0x7E, 0x7E, 0x00, 0x7E, 0x7C, 0x00, 0x7E, 0xFC, 0x00, 0x7E, 0xFC, 0x00, 0x7E,
    0xFC, 0x00, 0x7E, 0x7E, 0x00, 0x7E, 0x7E, 0x00, 0x7E, 0x7E, 0x00, 0xFC, 0x7F, 0x00, 0xFC, 0x3F,
    0x83, 0xFC, 0x1F, 0xFF, 0xF8, 0x1F, 0xFF, 0xF0, 0x0F, 0xFF, 0xE0, 0x03, 0xFF, 0xC0, 0x00, 0xFE,
    0x00, 0xFF, 0x0F, 0xF0, 0x00, 0xFF, 0x0F, 0xF0, 0x00, 0xFF, 0x0F, 0xF0, 0x00, 0xFF, 0x0F, 0xF0,
    0x00, 0xFF, 0x0F, 0xF0, 0x00, 0xFE, 0x0F, 0xE0, 0x00, 0xFE, 0x0F, 0xE0, 0x01, 0xFE, 0x1F, 0xE0,
    0x01, 0xFE, 0x1F, 0xE0, 0x01, 0xFE, 0x1F, 0xE0, 0x01, 0xFE, 0x1F, 0xE0, 0x01, 0xFC, 0x1F, 0xC0,
    0x03, 0xFC, 0x3F, 0xC0, 0x0F, 0xF0, 0xFF, 0x00, 0x3F, 0xC3, 0xFC, 0x00, 0xFF, 0x0F, 0xF0, 0x01,
    0xFC, 0x1F, 0xC0, 0x07, 0xF0, 0x7F, 0x00, 0x1F, 0xE1, 0xFE, 0x00, 0x7F, 0x87, 0xF8, 0x01, 0xFE,
    0x1F, 0xE0, 0x07, 0xF8, 0x7F, 0x80, 0x0F, 0xE0, 0xFE, 0x00, 0x7F, 0x87, 0xF8, 0x00, 0x00, 0x00,
    0x00, 0x00, 0x00, 0x00, 0x00, 0x00, 0x00, 0x03, 0xF0, 0x00, 0x03, 0xF0, 0x07, 0xF8, 0x00, 0x01,
    0xF0, 0x07, 0xFC, 0x00, 0x01, 0xF8, 0x0F, 0xFE, 0x00, 0x01, 0xF8, 0x07, 0xDF, 0x00, 0x00, 0xF8,
    0x03, 0xCF, 0x80, 0x00, 0xF8, 0x01, 0x87, 0xC0, 0x00, 0xFC, 0x00, 0x83, 0xE0, 0x00, 0x7C, 0x00,
    0x01, 0xF0, 0x00, 0x7C, 0x00, 0x00, 0xF8, 0x00, 0x7E, 0x00, 0x00, 0x7C, 0x00, 0x3E, 0x00, 0x00,
    0x3E, 0x00, 0x3E, 0x00, 0x00, 0x1F, 0x00, 0x3F, 0x00, 0x00, 0x0F, 0x80, 0x1F, 0x00, 0x00, 0x07,
    0xC0, 0x1F, 0x00, 0x00, 0x03, 0xE0, 0x1F, 0x80, 0x00, 0x01, 0xF0, 0x1F, 0x80, 0x00, 0x00, 0xF8,
    0x0F, 0x80, 0x00, 0x00, 0x7C, 0x0F, 0xC0, 0x3F, 0x00, 0x3E, 0x0F, 0xC0, 0x3F, 0x80, 0x1F, 0x07,
    0xC0, 0x3F, 0xC0, 0x0F, 0x87, 0xC0, 0x1F, 0xE0, 0x00, 0x07, 0xE0, 0x1F, 0xF0, 0x00, 0x03, 0xE0,
    0x1F, 0x78, 0x00, 0x03, 0xE0, 0x0F, 0x3C, 0x00, 0x03, 0xF0, 0x0F, 0x9E, 0x00, 0x01, 0xF0, 0x0F,
    0x8F, 0x00, 0x01, 0xF0, 0x07, 0x87, 0x80, 0x01, 0xF8, 0x07, 0xC3, 0xC0, 0x00, 0xF8, 0x07, 0xC1,
    0xE0, 0x00, 0xF8, 0x03, 0xC0, 0xF0, 0x00, 0xFC, 0x03, 0xE0, 0x78, 0x00, 0xFC, 0x01, 0xFF, 0xFF,
    0x80, 0x7C, 0x00, 0xFF, 0xFF, 0xC0, 0x7E, 0x00, 0x7F, 0xFF, 0xE0, 0x7E, 0x00, 0x3F, 0xFF, 0xF0,
    0x3E, 0x00, 0x00, 0x07, 0xC0, 0x3E, 0x00, 0x00, 0x03, 0xE0, 0x3F, 0x00, 0x00, 0x01, 0xF0, 0x3F,
    0x00, 0x00, 0x00, 0xF8, 0x00, 0x00, 0x00, 0x00, 0x00, 0x00, 0x01, 0xF8, 0x00, 0x01, 0xF8, 0x01,
    0xFE, 0x00, 0x00, 0x7C, 0x00, 0xFF, 0x80, 0x00, 0x3F, 0x00, 0xFF, 0xE0, 0x00, 0x1F, 0x80, 0x3E,
    0xF8, 0x00, 0x07, 0xC0, 0x0F, 0x3E, 0x00, 0x03, 0xE0, 0x03, 0x0F, 0x80, 0x01, 0xF8, 0x00, 0x83,
    0xE0, 0x00, 0x7C, 0x00, 0x00, 0xF8, 0x00, 0x3E, 0x00, 0x00, 0x3E, 0x00, 0x1F, 0x80, 0x00, 0x0F,
    0x80, 0x07, 0xC0, 0x00, 0x03, 0xE0, 0x03, 0xE0, 0x00, 0x00, 0xF8, 0x01, 0xF8, 0x00, 0x00, 0x3E,
    0x00, 0x7C, 0x00, 0x00, 0x0F, 0x80, 0x3E, 0x00, 0x00, 0x03, 0xE0, 0x1F, 0x80, 0x00, 0x00, 0xF8,
    0x0F, 0xC0, 0x00, 0x00, 0x3E, 0x03, 0xE0, 0x00, 0x00, 0x0F, 0x81, 0xF8, 0x0F, 0xF0, 0x03, 0xE0,
    0xFC, 0x0F, 0xFF, 0x00, 0xF8, 0x3E, 0x07, 0xFF, 0xE0, 0x3E, 0x1F, 0x01, 0xFF, 0xF8, 0x00, 0x0F,
    0xC0, 0xF8, 0x3F, 0x00, 0x03, 0xE0, 0x3E, 0x07, 0xC0, 0x01, 0xF0, 0x0F, 0x81, 0xF0, 0x00, 0xFC,
    0x00, 0x00, 0x7C, 0x00, 0x3E, 0x00, 0x00, 0x1F, 0x00, 0x1F, 0x00, 0x00, 0x0F, 0x80, 0x0F, 0xC0,
    0x00, 0x07, 0xE0, 0x03, 0xE0, 0x00, 0x03, 0xF0, 0x01, 0xF0, 0x00, 0x01, 0xF8, 0x00, 0xFC, 0x00,
    0x00, 0xFC, 0x00, 0x7E, 0x00, 0x00, 0xFE, 0x00, 0x1F, 0x00, 0x00, 0x7F, 0x00, 0x0F, 0xC0, 0x00,
    0x3F, 0x00, 0x07, 0xE0, 0x00, 0x1F, 0x80, 0x01, 0xF0, 0x00, 0x0F, 0xFF, 0xF0, 0xF8, 0x00, 0x03,
    0xFF, 0xFC, 0x7E, 0x00, 0x00, 0xFF, 0xFF, 0x3F, 0x00, 0x00, 0x3F, 0xFF, 0xC0, 0x00, 0x00, 0x00,
    0x00, 0x00, 0x00, 0x3F, 0xE0, 0x00, 0x01, 0xF8, 0x03, 0xFF, 0x80, 0x00, 0x0F, 0x80, 0x3F, 0xFE,
    0x00, 0x00, 0xFC, 0x03, 0xFB, 0xF8, 0x00, 0x0F, 0xC0, 0x1F, 0x07, 0xC0, 0x00, 0x7C, 0x01, 0xF0,
    0x3E, 0x00, 0x07, 0xC0, 0x00, 0x00, 0xF0, 0x00, 0x7E, 0x00, 0x00, 0x0F, 0x80, 0x03, 0xE0, 0x00,
    0x00, 0xF8, 0x00, 0x3E, 0x00, 0x00, 0x7F, 0x80, 0x03, 0xF0, 0x00, 0x03, 0xF0, 0x00, 0x1F, 0x00,
    0x00, 0x1F, 0xF0, 0x01, 0xF0, 0x00, 0x00, 0xFF, 0xC0, 0x1F, 0x80, 0x00, 0x00, 0x3F, 0x00, 0xF8,
    0x00, 0x00, 0x00, 0xF8, 0x0F, 0x80, 0x00, 0x7C, 0x07, 0xC0, 0xFC, 0x00, 0x03, 0xE0, 0x3E, 0x0F,
    0xC0, 0x00, 0x1F, 0x83, 0xF0, 0x7C, 0x00, 0x00, 0x7F, 0xFF, 0x07, 0xE0, 0x1F, 0x83, 0xFF, 0xF8,
    0x7E, 0x01, 0xFC, 0x07, 0xFF, 0x83, 0xE0, 0x1F, 0xE0, 0x1F, 0xF0, 0x3E, 0x00, 0xFF, 0x00, 0x00,
    0x03, 0xF0, 0x0F, 0xF8, 0x00, 0x00, 0x1F, 0x00, 0xFB, 0xC0, 0x00, 0x01, 0xF0, 0x07, 0x9E, 0x00,
    0x00, 0x1F, 0x80, 0x7C, 0xF0, 0x00, 0x00, 0xF8, 0x07, 0xC7, 0x80, 0x00, 0x0F, 0x80, 0x3C, 0x3C,
    0x00, 0x00, 0xFC, 0x03, 0xE1, 0xE0, 0x00, 0x07, 0xC0, 0x3E, 0x0F, 0x00, 0x00, 0x7C, 0x01, 0xE0,
    0x78, 0x00, 0x07, 0xE0, 0x1F, 0x03, 0xC0, 0x00, 0x7E, 0x00, 0xFF, 0xFF, 0xC0, 0x03, 0xE0, 0x07,
    0xFF, 0xFE, 0x00, 0x3F, 0x00, 0x3F, 0xFF, 0xF0, 0x03, 0xF0, 0x01, 0xFF, 0xFF, 0x80, 0x1F, 0x00,
    0x00, 0x03, 0xE0, 0x01, 0xF0, 0x00, 0x00, 0x1F, 0x00, 0x1F, 0x80, 0x00, 0x00, 0xF8, 0x01, 0xF8,
    0x00, 0x00, 0x07, 0xC0, 0x00, 0x00, 0x00, 0x00, 0x01, 0xE0, 0x00, 0x00, 0x7E, 0x00, 0x00, 0x1F,
    0xE0, 0x00, 0x03, 0xFC, 0x00, 0x00, 0x7F, 0x80, 0x00, 0x0F, 0xF0, 0x00, 0x00, 0xFC, 0x00, 0x00,
    0x0F, 0x00, 0x00, 0x00, 0x00, 0x00, 0x00, 0x00, 0x00, 0x00, 0x00, 0x00, 0x00, 0x00, 0x00, 0x00,
    0x00, 0x3F, 0x00, 0x00, 0x07, 0xE0, 0x00, 0x00, 0xFC, 0x00, 0x00, 0x1F, 0x80, 0x00, 0x07, 0xF0,
    0x00, 0x00, 0xFE, 0x00, 0x00, 0x3F, 0xC0, 0x00, 0x1F, 0xF0, 0x00, 0x07, 0xFC, 0x00, 0x01, 0xFF,
    0x00, 0x00, 0x7F, 0xC0, 0x00, 0x1F, 0xE0, 0x00, 0x07, 0xF8, 0x00, 0x01, 0xFE, 0x00, 0x00, 0x3F,
    0x80, 0x00, 0x07, 0xF0, 0x00, 0x00, 0xFC, 0x00, 0x1F, 0xFF, 0x80, 0x03, 0xF7, 0xF0, 0x00, 0x7E,
    0xFE, 0x00, 0x1F, 0xCF, 0xE0, 0x03, 0xF9, 0xFE, 0x00, 0xFF, 0x3F, 0xE0, 0x7F, 0xC3, 0xFF, 0xFF,
    0xF0, 0x3F, 0xFF, 0xFE, 0x03, 0xFF, 0xFF, 0x80, 0x3F, 0xFF, 0xE0, 0x01, 0xFF, 0xF0, 0x00, 0x07,
    0xF0, 0x00, 0x00, 0x1F, 0xC0, 0x00, 0x00, 0x00, 0x3F, 0x80, 0x00, 0x00, 0x00, 0x7E, 0x00, 0x00,
    0x00, 0x00, 0xFC, 0x00, 0x00, 0x00, 0x03, 0xF0, 0x00, 0x00, 0x00, 0x07, 0xE0, 0x00, 0x00, 0x00,
    0x0F, 0x80, 0x00, 0x00, 0x00, 0x1F, 0x00, 0x00, 0x00, 0x00, 0x7C, 0x00, 0x00, 0x00, 0x00, 0x00,
    0x00, 0x00, 0x00, 0x00, 0x00, 0x00, 0x00, 0x00, 0x00, 0x00, 0x00, 0x00, 0x01, 0xFF, 0x00, 0x00,
    0x00, 0x0F, 0xFC, 0x00, 0x00, 0x00, 0x3F, 0xF8, 0x00, 0x00, 0x00, 0xFF, 0xE0, 0x00, 0x00, 0x07,
    0xFF, 0x80, 0x00, 0x00, 0x1F, 0xFF, 0x00, 0x00, 0x00, 0xFF, 0xFC, 0x00, 0x00, 0x03, 0xFB, 0xF0,
    0x00, 0x00, 0x0F, 0xEF, 0xE0, 0x00, 0x00, 0x7F, 0x3F, 0x80, 0x00, 0x01, 0xFC, 0x7E, 0x00, 0x00,
    0x07, 0xF1, 0xFC, 0x00, 0x00, 0x3F, 0x87, 0xF0, 0x00, 0x00, 0xFE, 0x1F, 0xE0, 0x00, 0x03, 0xF8,
    0x3F, 0x80, 0x00, 0x1F, 0xC0, 0xFE, 0x00, 0x00, 0x7F, 0x03, 0xFC, 0x00, 0x01, 0xFC, 0x07, 0xF0,
    0x00, 0x0F, 0xF0, 0x1F, 0xC0, 0x00, 0x3F, 0x80, 0x7F, 0x80, 0x01, 0xFE, 0x00, 0xFE, 0x00, 0x07,
    0xF8, 0x03, 0xF8, 0x00, 0x1F, 0xC0, 0x0F, 0xF0, 0x00, 0xFF, 0x00, 0x1F, 0xC0, 0x03, 0xFC, 0x00,
    0x7F, 0x00, 0x0F, 0xFF, 0xFF, 0xFE, 0x00, 0x7F, 0xFF, 0xFF, 0xF8, 0x01, 0xFF, 0xFF, 0xFF, 0xF0,
    0x07, 0xFF, 0xFF, 0xFF, 0xC0, 0x3F, 0xFF, 0xFF, 0xFF, 0x00, 0xFE, 0x00, 0x01, 0xFE, 0x03, 0xF8,
    0x00, 0x07, 0xF8, 0x1F, 0xE0, 0x00, 0x0F, 0xE0, 0x7F, 0x00, 0x00, 0x3F, 0xC1, 0xFC, 0x00, 0x00,
    0xFF, 0x0F, 0xF0, 0x00, 0x01, 0xFC, 0x3F, 0x80, 0x00, 0x07, 0xF9, 0xFE, 0x00, 0x00, 0x1F, 0xE7,
    0xF8, 0x00, 0x00, 0x3F, 0x9F, 0xC0, 0x00, 0x00, 0xFF, 0x00, 0x00, 0x07, 0xF0, 0x00, 0x00, 0x00,
    0x3F, 0x80, 0x00, 0x00, 0x00, 0xFC, 0x00, 0x00, 0x00, 0x07, 0xE0, 0x00, 0x00, 0x00, 0x1F, 0x80,
    0x00, 0x00, 0x00, 0xFC, 0x00, 0x00, 0x00, 0x03, 0xE0, 0x00, 0x00, 0x00, 0x1F, 0x80, 0x00, 0x00,
    0x00, 0x7C, 0x00, 0x00, 0x00, 0x00, 0x00, 0x00, 0x00, 0x00, 0x00, 0x00, 0x00, 0x00, 0x00, 0x00,
    0x00, 0x00, 0x00, 0x01, 0xFF, 0x00, 0x00, 0x00, 0x0F, 0xFC, 0x00, 0x00, 0x00, 0x3F, 0xF8, 0x00,
    0x00, 0x00, 0xFF, 0xE0, 0x00, 0x00, 0x07, 0xFF, 0x80, 0x00, 0x00, 0x1F, 0xFF, 0x00, 0x00, 0x00,
    0xFF, 0xFC, 0x00, 0x00, 0x03, 0xFB, 0xF0, 0x00, 0x00, 0x0F, 0xEF, 0xE0, 0x00, 0x00, 0x7F, 0x3F,
    0x80, 0x00, 0x01, 0xFC, 0x7E, 0x00, 0x00, 0x07, 0xF1, 0xFC, 0x00, 0x00, 0x3F, 0x87, 0xF0, 0x00,
    0x00, 0xFE, 0x1F, 0xE0, 0x00, 0x03, 0xF8, 0x3F, 0x80, 0x00, 0x1F, 0xC0, 0xFE, 0x00, 0x00, 0x7F,
    0x03, 0xFC, 0x00, 0x01, 0xFC, 0x07, 0xF0, 0x00, 0x0F, 0xF0, 0x1F, 0xC0, 0x00, 0x3F, 0x80, 0x7F,
    0x80, 0x01, 0xFE, 0x00, 0xFE, 0x00, 0x07, 0xF8, 0x03, 0xF8, 0x00, 0x1F, 0xC0, 0x0F, 0xF0, 0x00,
    0xFF, 0x00, 0x1F, 0xC0, 0x03, 0xFC, 0x00, 0x7F, 0x00, 0x0F, 0xFF, 0xFF, 0xFE, 0x00, 0x7F, 0xFF,
    0xFF, 0xF8, 0x01, 0xFF, 0xFF, 0xFF, 0xF0, 0x07, 0xFF, 0xFF, 0xFF, 0xC0, 0x3F, 0xFF, 0xFF, 0xFF,
    0x00, 0xFE, 0x00, 0x01, 0xFE, 0x03, 0xF8, 0x00, 0x07, 0xF8, 0x1F, 0xE0, 0x00, 0x0F, 0xE0, 0x7F,
    0x00, 0x00, 0x3F, 0xC1, 0xFC, 0x00, 0x00, 0xFF, 0x0F, 0xF0, 0x00, 0x01, 0xFC, 0x3F, 0x80, 0x00,
    0x07, 0xF9, 0xFE, 0x00, 0x00, 0x1F, 0xE7, 0xF8, 0x00, 0x00, 0x3F, 0x9F, 0xC0, 0x00, 0x00, 0xFF,
    0x00, 0x00, 0xFC, 0x00, 0x00, 0x00, 0x07, 0xF8, 0x00, 0x00, 0x00, 0x1F, 0xF0, 0x00, 0x00, 0x00,
    0xFF, 0xE0, 0x00, 0x00, 0x07, 0xEF, 0xC0, 0x00, 0x00, 0x3F, 0x1F, 0x00, 0x00, 0x01, 0xF8, 0x3E,
    0x00, 0x00, 0x0F, 0xC0, 0xFC, 0x00, 0x00, 0x00, 0x00, 0x08, 0x00, 0x00, 0x00, 0x00, 0x00, 0x00,
    0x00, 0x00, 0x00, 0x00, 0x00, 0x00, 0x00, 0x00, 0x00, 0x00, 0x01, 0xFF, 0x00, 0x00, 0x00, 0x0F,
    0xFC, 0x00, 0x00, 0x00, 0x3F, 0xF8, 0x00, 0x00, 0x00, 0xFF, 0xE0, 0x00, 0x00, 0x07, 0xFF, 0x80,
    0x00, 0x00, 0x1F, 0xFF, 0x00, 0x00, 0x00, 0xFF, 0xFC, 0x00, 0x00, 0x03, 0xFB, 0xF0, 0x00, 0x00,
    0x0F, 0xEF, 0xE0, 0x00, 0x00, 0x7F, 0x3F, 0x80, 0x00, 0x01, 0xFC, 0x7E, 0x00, 0x00, 0x07, 0xF1,
    0xFC, 0x00, 0x00, 0x3F, 0x87, 0xF0, 0x00, 0x00, 0xFE, 0x1F, 0xE0, 0x00, 0x03, 0xF8, 0x3F, 0x80,
    0x00, 0x1F, 0xC0, 0xFE, 0x00, 0x00, 0x7F, 0x03, 0xFC, 0x00, 0x01, 0xFC, 0x07, 0xF0, 0x00, 0x0F,
    0xF0, 0x1F, 0xC0, 0x00, 0x3F, 0x80, 0x7F, 0x80, 0x01, 0xFE, 0x00, 0xFE, 0x00, 0x07, 0xF8, 0x03,
    0xF8, 0x00, 0x1F, 0xC0, 0x0F, 0xF0, 0x00, 0xFF, 0x00, 0x1F, 0xC0, 0x03, 0xFC, 0x00, 0x7F, 0x00,
    0x0F, 0xFF, 0xFF, 0xFE, 0x00, 0x7F, 0xFF, 0xFF, 0xF8, 0x01, 0xFF, 0xFF, 0xFF, 0xF0, 0x07, 0xFF,
    0xFF, 0xFF, 0xC0, 0x3F, 0xFF, 0xFF, 0xFF, 0x00, 0xFE, 0x00, 0x01, 0xFE, 0x03, 0xF8, 0x00, 0x07,
    0xF8, 0x1F, 0xE0, 0x00, 0x0F, 0xE0, 0x7F, 0x00, 0x00, 0x3F, 0xC1, 0xFC, 0x00, 0x00, 0xFF, 0x0F,
    0xF0, 0x00, 0x01, 0xFC, 0x3F, 0x80, 0x00, 0x07, 0xF9, 0xFE, 0x00, 0x00, 0x1F, 0xE7, 0xF8, 0x00,
    0x00, 0x3F, 0x9F, 0xC0, 0x00, 0x00, 0xFF, 0x00, 0x00, 0x00, 0x00, 0x00, 0x00, 0x1F, 0x03, 0xC0,
    0x00, 0x00, 0xFF, 0x0F, 0x00, 0x00, 0x07, 0xFF, 0xFC, 0x00, 0x00, 0x1F, 0xFF, 0xE0, 0x00, 0x00,
    0x78, 0xFF, 0x80, 0x00, 0x01, 0xE1, 0xFC, 0x00, 0x00, 0x00, 0x00, 0xC0, 0x00, 0x00, 0x00, 0x00,
    0x00, 0x00, 0x00, 0x00, 0x00, 0x00, 0x00, 0x00, 0x00, 0x00, 0x00, 0x00, 0x00, 0x00, 0x00, 0x00,
    0x00, 0x01, 0xFF, 0x00, 0x00, 0x00, 0x0F, 0xFC, 0x00, 0x00, 0x00, 0x3F, 0xF8, 0x00, 0x00, 0x00,
    0xFF, 0xE0, 0x00, 0x00, 0x07, 0xFF, 0x80, 0x00, 0x00, 0x1F, 0xFF, 0x00, 0x00, 0x00, 0xFF, 0xFC,
    0x00, 0x00, 0x03, 0xFB, 0xF0, 0x00, 0x00, 0x0F, 0xEF, 0xE0, 0x00, 0x00, 0x7F, 0x3F, 0x80, 0x00,
    0x01, 0xFC, 0x7E, 0x00, 0x00, 0x07, 0xF1, 0xFC, 0x00, 0x00, 0x3F, 0x87, 0xF0, 0x00, 0x00, 0xFE,
    0x1F, 0xE0, 0x00, 0x03, 0xF8, 0x3F, 0x80, 0x00, 0x1F, 0xC0, 0xFE, 0x00, 0x00, 0x7F, 0x03, 0xFC,
    0x00, 0x01, 0xFC, 0x07, 0xF0, 0x00, 0x0F, 0xF0, 0x1F, 0xC0, 0x00, 0x3F, 0x80, 0x7F, 0x80, 0x01,
    0xFE, 0x00, 0xFE, 0x00, 0x07, 0xF8, 0x03, 0xF8, 0x00, 0x1F, 0xC0, 0x0F, 0xF0, 0x00, 0xFF, 0x00,
    0x1F, 0xC0, 0x03, 0xFC, 0x00, 0x7F, 0x00, 0x0F, 0xFF, 0xFF, 0xFE, 0x00, 0x7F, 0xFF, 0xFF, 0xF8,
    0x01, 0xFF, 0xFF, 0xFF, 0xF0, 0x07, 0xFF, 0xFF, 0xFF, 0xC0, 0x3F, 0xFF, 0xFF, 0xFF, 0x00, 0xFE,
    0x00, 0x01, 0xFE, 0x03, 0xF8, 0x00, 0x07, 0xF8, 0x1F, 0xE0, 0x00, 0x0F, 0xE0, 0x7F, 0x00, 0x00,
    0x3F, 0xC1, 0xFC, 0x00, 0x00, 0xFF, 0x0F, 0xF0, 0x00, 0x01, 0xFC, 0x3F, 0x80, 0x00, 0x07, 0xF9,
    0xFE, 0x00, 0x00, 0x1F, 0xE7, 0xF8, 0x00, 0x00, 0x3F, 0x9F, 0xC0, 0x00, 0x00, 0xFF, 0x00, 0x0C,
    0x00, 0xC0, 0x00, 0x00, 0xFC, 0x0F, 0xC0, 0x00, 0x03, 0xF8, 0x7F, 0x00, 0x00, 0x1F, 0xE1, 0xFE,
    0x00, 0x00, 0x7F, 0x87, 0xF8, 0x00, 0x01, 0xFE, 0x1F, 0xE0, 0x00, 0x03, 0xF0, 0x3F, 0x00, 0x00,
    0x07, 0x80, 0x78, 0x00, 0x00, 0x00, 0x00, 0x00, 0x00, 0x00, 0x00, 0x00, 0x00, 0x00, 0x00, 0x00,
    0x00, 0x00, 0x00, 0x00, 0x00, 0x00, 0x00, 0x00, 0x01, 0xFF, 0x00, 0x00, 0x00, 0x0F, 0xFC, 0x00,
    0x00, 0x00, 0x3F, 0xF8, 0x00, 0x00, 0x00, 0xFF, 0xE0, 0x00, 0x00, 0x07, 0xFF, 0x80, 0x00, 0x00,
    0x1F, 0xFF, 0x00, 0x00, 0x00, 0xFF, 0xFC, 0x00, 0x00, 0x03, 0xFB, 0xF0, 0x00, 0x00, 0x0F, 0xEF,
    0xE0, 0x00, 0x00, 0x7F, 0x3F, 0x80, 0x00, 0x01, 0xFC, 0x7E, 0x00, 0x00, 0x07, 0xF1, 0xFC, 0x00,
    0x00, 0x3F, 0x87, 0xF0, 0x00, 0x00, 0xFE, 0x1F, 0xE0, 0x00, 0x03, 0xF8, 0x3F, 0x80, 0x00, 0x1F,
    0xC0, 0xFE, 0x00, 0x00, 0x7F, 0x03, 0xFC, 0x00, 0x01, 0xFC, 0x07, 0xF0, 0x00, 0x0F, 0xF0, 0x1F,
    0xC0, 0x00, 0x3F, 0x80, 0x7F, 0x80, 0x01, 0xFE, 0x00, 0xFE, 0x00, 0x07, 0xF8, 0x03, 0xF8, 0x00,
    0x1F, 0xC0, 0x0F, 0xF0, 0x00, 0xFF, 0x00, 0x1F, 0xC0, 0x03, 0xFC, 0x00, 0x7F, 0x00, 0x0F, 0xFF,
    0xFF, 0xFE, 0x00, 0x7F, 0xFF, 0xFF, 0xF8, 0x01, 0xFF, 0xFF, 0xFF, 0xF0, 0x07, 0xFF, 0xFF, 0xFF,
    0xC0, 0x3F, 0xFF, 0xFF, 0xFF, 0x00, 0xFE, 0x00, 0x01, 0xFE, 0x03, 0xF8, 0x00, 0x07, 0xF8, 0x1F,
    0xE0, 0x00, 0x0F, 0xE0, 0x7F, 0x00, 0x00, 0x3F, 0xC1, 0xFC, 0x00, 0x00, 0xFF, 0x0F, 0xF0, 0x00,
    0x01, 0xFC, 0x3F, 0x80, 0x00, 0x07, 0xF9, 0xFE, 0x00, 0x00, 0x1F, 0xE7, 0xF8, 0x00, 0x00, 0x3F,
    0x9F, 0xC0, 0x00, 0x00, 0xFF, 0x00, 0x00, 0x7C, 0x00, 0x00, 0x00, 0x07, 0xF8, 0x00, 0x00, 0x00,
    0x3F, 0xF8, 0x00, 0x00, 0x01, 0xFF, 0xE0, 0x00, 0x00, 0x07, 0x87, 0xC0, 0x00, 0x00, 0x3C, 0x0F,
    0x00, 0x00, 0x00, 0xF0, 0x3C, 0x00, 0x00, 0x03, 0xC0, 0xF0, 0x00, 0x00, 0x07, 0x87, 0xC0, 0x00,
    0x00, 0x1F, 0xFE, 0x00, 0x00, 0x00, 0x3F, 0xF0, 0x00, 0x00, 0x00, 0x7F, 0x80, 0x00, 0x00, 0x00,
    0x78, 0x00, 0x00, 0x00, 0x00, 0x00, 0x00, 0x00, 0x00, 0x00, 0x00, 0x00, 0x00, 0x00, 0x7F, 0xC0,
    0x00, 0x00, 0x03, 0xFF, 0x00, 0x00, 0x00, 0x0F, 0xFE, 0x00, 0x00, 0x00, 0x3F, 0xF8, 0x00, 0x00,
    0x01, 0xFF, 0xE0, 0x00, 0x00, 0x07, 0xFF, 0xC0, 0x00, 0x00, 0x3F, 0xFF, 0x00, 0x00, 0x00, 0xFE,
    0xFC, 0x00, 0x00, 0x03, 0xFB, 0xF8, 0x00, 0x00, 0x1F, 0xCF, 0xE0, 0x00, 0x00, 0x7F, 0x1F, 0x80,
    0x00, 0x01, 0xFC, 0x7F, 0x00, 0x00, 0x0F, 0xE1, 0xFC, 0x00, 0x00, 0x3F, 0x87, 0xF8, 0x00, 0x00,
    0xFE, 0x0F, 0xE0, 0x00, 0x07, 0xF0, 0x3F, 0x80, 0x00, 0x1F, 0xC0, 0xFF, 0x00, 0x00, 0x7F, 0x01,
    0xFC, 0x00, 0x03, 0xFC, 0x07, 0xF0, 0x00, 0x0F, 0xE0, 0x1F, 0xE0, 0x00, 0x7F, 0x80, 0x3F, 0x80,
    0x01, 0xFE, 0x00, 0xFE, 0x00, 0x07, 0xF0, 0x03, 0xFC, 0x00, 0x3F, 0xC0, 0x07, 0xF0, 0x00, 0xFF,
    0x00, 0x1F, 0xC0, 0x03, 0xFF, 0xFF, 0xFF, 0x80, 0x1F, 0xFF, 0xFF, 0xFE, 0x00, 0x7F, 0xFF, 0xFF,
    0xFC, 0x01, 0xFF, 0xFF, 0xFF, 0xF0, 0x0F, 0xFF, 0xFF, 0xFF, 0xC0, 0x3F, 0x80, 0x00, 0x7F, 0x80,
    0xFE, 0x00, 0x01, 0xFE, 0x07, 0xF8, 0x00, 0x03, 0xF8, 0x1F, 0xC0, 0x00, 0x0F, 0xF0, 0x7F, 0x00,
    0x00, 0x3F, 0xC3, 0xFC, 0x00, 0x00, 0x7F, 0x0F, 0xE0, 0x00, 0x01, 0xFE, 0x7F, 0x80, 0x00, 0x07,
    0xF9, 0xFE, 0x00, 0x00, 0x0F, 0xE7, 0xF0, 0x00, 0x00, 0x3F, 0xC0, 0x00, 0x00, 0x00, 0x00, 0x00,
    0x00, 0x00, 0x00, 0x00, 0xFF, 0xFF, 0xFF, 0xFF, 0xE0, 0x00, 0x07, 0xFF, 0xFF, 0xFF, 0xFF, 0x80,
    0x00, 0x1F, 0xFF, 0xFF, 0xFF, 0xFE, 0x00, 0x00, 0xFF, 0xFF, 0xFF, 0xFF, 0xF8, 0x00, 0x03, 0xFF,
    0xFF, 0xFF, 0xFF, 0xE0, 0x00, 0x0F, 0xFF, 0xFF, 0xFF, 0xFF, 0x80, 0x00, 0x7F, 0x0F, 0xE0, 0x00,
    0x00, 0x00, 0x01, 0xFC, 0x3F, 0x80, 0x00, 0x00, 0x00, 0x0F, 0xE0, 0xFE, 0x00, 0x00, 0x00, 0x00,
    0x3F, 0x83, 0xF8, 0x00, 0x00, 0x00, 0x01, 0xFE, 0x0F, 0xE0, 0x00, 0x00, 0x00, 0x07, 0xF0, 0x3F,
    0x80, 0x00, 0x00, 0x00, 0x1F, 0xC0, 0xFE, 0x00, 0x00, 0x00, 0x00, 0xFE, 0x03, 0xF8, 0x00, 0x00,
    0x00, 0x03, 0xF8, 0x0F, 0xE0, 0x00, 0x00, 0x00, 0x1F, 0xC0, 0x3F, 0x80, 0x00, 0x00, 0x00, 0x7F,
    0x00, 0xFE, 0x00, 0x00, 0x00, 0x03, 0xFC, 0x03, 0xFF, 0xFF, 0xFF, 0x00, 0x0F, 0xE0, 0x0F, 0xFF,
    0xFF, 0xFC, 0x00, 0x7F, 0x80, 0x3F, 0xFF, 0xFF, 0xF0, 0x01, 0xFC, 0x00, 0xFF, 0xFF, 0xFF, 0xC0,
    0x07, 0xF0, 0x03, 0xFF, 0xFF, 0xFF, 0x00, 0x3F, 0x80, 0x0F, 0xFF, 0xFF, 0xFC, 0x00, 0xFE, 0x00,
    0x3F, 0x80, 0x00, 0x00, 0x07, 0xFF, 0xFF, 0xFE, 0x00, 0x00, 0x00, 0x1F, 0xFF, 0xFF, 0xF8, 0x00,
    0x00, 0x00, 0xFF, 0xFF, 0xFF, 0xE0, 0x00, 0x00, 0x03, 0xFF, 0xFF, 0xFF, 0x80, 0x00, 0x00, 0x0F,
    0xFF, 0xFF, 0xFE, 0x00, 0x00, 0x00, 0x7F, 0xFF, 0xFF, 0xF8, 0x00, 0x00, 0x01, 0xFC, 0x00, 0x0F,
    0xE0, 0x00, 0x00, 0x0F, 0xF0, 0x00, 0x3F, 0x80, 0x00, 0x00, 0x3F, 0x80, 0x00, 0xFE, 0x00, 0x00,
    0x01, 0xFE, 0x00, 0x03, 0xF8, 0x00, 0x00, 0x07, 0xF0, 0x00, 0x0F, 0xFF, 0xFF, 0xFE, 0x1F, 0xC0,
    0x00, 0x3F, 0xFF, 0xFF, 0xF8, 0xFF, 0x00, 0x00, 0xFF, 0xFF, 0xFF, 0xE3, 0xF8, 0x00, 0x03, 0xFF,
    0xFF, 0xFF, 0x9F, 0xE0, 0x00, 0x0F, 0xFF, 0xFF, 0xFE, 0x7F, 0x00, 0x00, 0x3F, 0xFF, 0xFF, 0xF8,
    0x00, 0x00, 0x78, 0x00, 0x00, 0x00, 0x7F, 0xFC, 0x00, 0x00, 0x0F, 0xFF, 0xFC, 0x00, 0x01, 0xFF,
    0xFF, 0xF0, 0x00, 0x1F, 0xFF, 0xFF, 0xE0, 0x01, 0xFF, 0xFF, 0xFF, 0x80, 0x1F, 0xFF, 0xFF, 0xFE,
    0x01, 0xFF, 0xC0, 0x3F, 0xF0, 0x1F, 0xF8, 0x00, 0x7F, 0xC0, 0xFF, 0x00, 0x01, 0xFE, 0x0F, 0xF8,
    0x00, 0x07, 0xF8, 0x7F, 0x80, 0x00, 0x1F, 0xC7, 0xF8, 0x00, 0x00, 0xFF, 0x3F, 0xC0, 0x00, 0x07,
    0xF9, 0xFC, 0x00, 0x00, 0x1F, 0xCF, 0xE0, 0x00, 0x00, 0x00, 0x7F, 0x00, 0x00, 0x00, 0x07, 0xF8,
    0x00, 0x00, 0x00, 0x3F, 0x80, 0x00, 0x00, 0x01, 0xFC, 0x00, 0x00, 0x00, 0x0F, 0xE0, 0x00, 0x00,
    0x00, 0x7F, 0x00, 0x00, 0x00, 0x03, 0xF8, 0x00, 0x00, 0x00, 0x1F, 0xC0, 0x00, 0x00, 0x00, 0xFF,
    0x00, 0x00, 0x00, 0x03, 0xF8, 0x00, 0x00, 0x00, 0x1F, 0xC0, 0x00, 0x00, 0x00, 0xFE, 0x00, 0x00,
    0x0F, 0xE7, 0xF8, 0x00, 0x00, 0xFF, 0x3F, 0xC0, 0x00, 0x07, 0xF8, 0xFF, 0x00, 0x00, 0x3F, 0x87,
    0xFC, 0x00, 0x03, 0xFC, 0x1F, 0xE0, 0x00, 0x3F, 0xC0, 0xFF, 0xC0, 0x03, 0xFE, 0x03, 0xFF, 0x80,
    0x7F, 0xE0, 0x0F, 0xFF, 0xFF, 0xFF, 0x00, 0x3F, 0xFF, 0xFF, 0xF0, 0x00, 0xFF, 0xFF, 0xFF, 0x00,
    0x03, 0xFF, 0xFF, 0xE0, 0x00, 0x07, 0xFF, 0xFE, 0x00, 0x00, 0x0F, 0xFF, 0x80, 0x00, 0x00, 0x03,
    0xC0, 0x00, 0x00, 0x00, 0x1C, 0x00, 0x00, 0x00, 0x00, 0xF8, 0x00, 0x00, 0x00, 0x0F, 0xF0, 0x00,
    0x00, 0x00, 0x7F, 0xC0, 0x00, 0x00, 0x00, 0x1E, 0x00, 0x00, 0x00, 0x00, 0xF0, 0x00, 0x00, 0x00,
    0x0F, 0x80, 0x00, 0x00, 0x0F, 0xFC, 0x00, 0x00, 0x00, 0x7F, 0xC0, 0x00, 0x00, 0x03, 0xFC, 0x00,
    0x00, 0x00, 0x00, 0x00, 0x00, 0x00, 0x07, 0xF0, 0x00, 0x00, 0x3F, 0x80, 0x00, 0x01, 0xF8, 0x00,
    0x00, 0x0F, 0xC0, 0x00, 0x00, 0xFC, 0x00, 0x00, 0x07, 0xE0, 0x00, 0x00, 0x3E, 0x00, 0x00, 0x01,
    0xF0, 0x00, 0x00, 0x1F, 0x00, 0x00, 0x00, 0x00, 0x00, 0x00, 0x00, 0x00, 0x00, 0x00, 0x00, 0x00,
    0xFF, 0xFF, 0xFF, 0xFF, 0xFF, 0xFF, 0xFF, 0xFF, 0xFF, 0xFF, 0xFF, 0xFF, 0xFF, 0xFF, 0xFF, 0xFF,
    0xFF, 0xFF, 0xFF, 0xFF, 0xFF, 0xFF, 0x00, 0x00, 0x0F, 0xF0, 0x00, 0x00, 0xFF, 0x00, 0x00, 0x0F,
    0xF0, 0x00, 0x00, 0xFF, 0x00, 0x00, 0x0F, 0xF0, 0x00, 0x00, 0xFF, 0x00, 0x00, 0x0F, 0xF0, 0x00,
    0x00, 0xFF, 0x00, 0x00, 0x0F, 0xF0, 0x00, 0x00, 0xFF, 0x00, 0x00, 0x0F, 0xFF, 0xFF, 0xFC, 0xFF,
    0xFF, 0xFF, 0xCF, 0xFF, 0xFF, 0xFC, 0xFF, 0xFF, 0xFF, 0xCF, 0xFF, 0xFF, 0xFC, 0xFF, 0xFF, 0xFF,
    0xCF, 0xF0, 0x00, 0x00, 0xFF, 0x00, 0x00, 0x0F, 0xF0, 0x00, 0x00, 0xFF, 0x00, 0x00, 0x0F, 0xF0,
    0x00, 0x00, 0xFF, 0x00, 0x00, 0x0F, 0xF0, 0x00, 0x00, 0xFF, 0x00, 0x00, 0x0F, 0xF0, 0x00, 0x00,
    0xFF, 0x00, 0x00, 0x0F, 0xF0, 0x00, 0x00, 0xFF, 0xFF, 0xFF, 0xFF, 0xFF, 0xFF, 0xFF, 0xFF, 0xFF,
    0xFF, 0xFF, 0xFF, 0xFF, 0xFF, 0xFF, 0xFF, 0xFF, 0xFF, 0xFF, 0xFF, 0xFF, 0x00, 0x00, 0xFE, 0x00,
    0x00, 0x1F, 0xC0, 0x00, 0x01, 0xF8, 0x00, 0x00, 0x3F, 0x00, 0x00, 0x03, 0xF0, 0x00, 0x00, 0x7E,
    0x00, 0x00, 0x07, 0xC0, 0x00, 0x00, 0xFC, 0x00, 0x00, 0x0F, 0x80, 0x00, 0x00, 0x00, 0x00, 0x00,
    0x00, 0x00, 0x00, 0x00, 0x00, 0x00, 0xFF, 0xFF, 0xFF, 0xFF, 0xFF, 0xFF, 0xFF, 0xFF, 0xFF, 0xFF,
    0xFF, 0xFF, 0xFF, 0xFF, 0xFF, 0xFF, 0xFF, 0xFF, 0xFF, 0xFF, 0xFF, 0xFF, 0x00, 0x00, 0x0F, 0xF0,
    0x00, 0x00, 0xFF, 0x00, 0x00, 0x0F, 0xF0, 0x00, 0x00, 0xFF, 0x00, 0x00, 0x0F, 0xF0, 0x00, 0x00,
    0xFF, 0x00, 0x00, 0x0F, 0xF0, 0x00, 0x00, 0xFF, 0x00, 0x00, 0x0F, 0xF0, 0x00, 0x00, 0xFF, 0x00,
    0x00, 0x0F, 0xFF, 0xFF, 0xFC, 0xFF, 0xFF, 0xFF, 0xCF, 0xFF, 0xFF, 0xFC, 0xFF, 0xFF, 0xFF, 0xCF,
    0xFF, 0xFF, 0xFC, 0xFF, 0xFF, 0xFF, 0xCF, 0xF0, 0x00, 0x00, 0xFF, 0x00, 0x00, 0x0F, 0xF0, 0x00,
    0x00, 0xFF, 0x00, 0x00, 0x0F, 0xF0, 0x00, 0x00, 0xFF, 0x00, 0x00, 0x0F, 0xF0, 0x00, 0x00, 0xFF,
    0x00, 0x00, 0x0F, 0xF0, 0x00, 0x00, 0xFF, 0x00, 0x00, 0x0F, 0xF0, 0x00, 0x00, 0xFF, 0xFF, 0xFF,
    0xFF, 0xFF, 0xFF, 0xFF, 0xFF, 0xFF, 0xFF, 0xFF, 0xFF, 0xFF, 0xFF, 0xFF, 0xFF, 0xFF, 0xFF, 0xFF,
    0xFF, 0xFF, 0x00, 0x1F, 0x80, 0x00, 0x03, 0xFC, 0x00, 0x00, 0x3F, 0xE0, 0x00, 0x07, 0xFF, 0x00,
    0x00, 0xFD, 0xF8, 0x00, 0x1F, 0x8F, 0x80, 0x03, 0xF0, 0x7C, 0x00, 0x7E, 0x07, 0xE0, 0x00, 0x00,
    0x01, 0x00, 0x00, 0x00, 0x00, 0x00, 0x00, 0x00, 0x00, 0x00, 0x00, 0x00, 0xFF, 0xFF, 0xFF, 0xFF,
    0xFF, 0xFF, 0xFF, 0xFF, 0xFF, 0xFF, 0xFF, 0xFF, 0xFF, 0xFF, 0xFF, 0xFF, 0xFF, 0xFF, 0xFF, 0xFF,
    0xFF, 0xFF, 0x00, 0x00, 0x0F, 0xF0, 0x00, 0x00, 0xFF, 0x00, 0x00, 0x0F, 0xF0, 0x00, 0x00, 0xFF,
    0x00, 0x00, 0x0F, 0xF0, 0x00, 0x00, 0xFF, 0x00, 0x00, 0x0F, 0xF0, 0x00, 0x00, 0xFF, 0x00, 0x00,
    0x0F, 0xF0, 0x00, 0x00, 0xFF, 0x00, 0x00, 0x0F, 0xFF, 0xFF, 0xFC, 0xFF, 0xFF, 0xFF, 0xCF, 0xFF,
    0xFF, 0xFC, 0xFF, 0xFF, 0xFF, 0xCF, 0xFF, 0xFF, 0xFC, 0xFF, 0xFF, 0xFF, 0xCF, 0xF0, 0x00, 0x00,
    0xFF, 0x00, 0x00, 0x0F, 0xF0, 0x00, 0x00, 0xFF, 0x00, 0x00, 0x0F, 0xF0, 0x00, 0x00, 0xFF, 0x00,
    0x00, 0x0F, 0xF0, 0x00, 0x00, 0xFF, 0x00, 0x00, 0x0F, 0xF0, 0x00, 0x00, 0xFF, 0x00, 0x00, 0x0F,
    0xF0, 0x00, 0x00, 0xFF, 0xFF, 0xFF, 0xFF, 0xFF, 0xFF, 0xFF, 0xFF, 0xFF, 0xFF, 0xFF, 0xFF, 0xFF,
    0xFF, 0xFF, 0xFF, 0xFF, 0xFF, 0xFF, 0xFF, 0xFF, 0x01, 0x80, 0x18, 0x00, 0x7E, 0x07, 0xE0, 0x07,
    0xF0, 0xFE, 0x00, 0xFF, 0x0F, 0xF0, 0x0F, 0xF0, 0xFF, 0x00, 0xFF, 0x0F, 0xF0, 0x07, 0xE0, 0x7E,
    0x00, 0x3C, 0x03, 0xC0, 0x00, 0x00, 0x00, 0x00, 0x00, 0x00, 0x00, 0x00, 0x00, 0x00, 0x00, 0x00,
    0x00, 0x00, 0xFF, 0xFF, 0xFF, 0xFF, 0xFF, 0xFF, 0xFF, 0xFF, 0xFF, 0xFF, 0xFF, 0xFF, 0xFF, 0xFF,
    0xFF, 0xFF, 0xFF, 0xFF, 0xFF, 0xFF, 0xFF, 0xFF, 0x00, 0x00, 0x0F, 0xF0, 0x00, 0x00, 0xFF, 0x00,
    0x00, 0x0F, 0xF0, 0x00, 0x00, 0xFF, 0x00, 0x00, 0x0F, 0xF0, 0x00, 0x00, 0xFF, 0x00, 0x00, 0x0F,
    0xF0, 0x00, 0x00, 0xFF, 0x00, 0x00, 0x0F, 0xF0, 0x00, 0x00, 0xFF, 0x00, 0x00, 0x0F, 0xFF, 0xFF,
    0xFC, 0xFF, 0xFF, 0xFF, 0xCF, 0xFF, 0xFF, 0xFC, 0xFF, 0xFF, 0xFF, 0xCF, 0xFF, 0xFF, 0xFC, 0xFF,
    0xFF, 0xFF, 0xCF, 0xF0, 0x00, 0x00, 0xFF, 0x00, 0x00, 0x0F, 0xF0, 0x00, 0x00, 0xFF, 0x00, 0x00,
    0x0F, 0xF0, 0x00, 0x00, 0xFF, 0x00, 0x00, 0x0F, 0xF0, 0x00, 0x00, 0xFF, 0x00, 0x00, 0x0F, 0xF0,
    0x00, 0x00, 0xFF, 0x00, 0x00, 0x0F, 0xF0, 0x00, 0x00, 0xFF, 0xFF, 0xFF, 0xFF, 0xFF, 0xFF, 0xFF,
    0xFF, 0xFF, 0xFF, 0xFF, 0xFF, 0xFF, 0xFF, 0xFF, 0xFF, 0xFF, 0xFF, 0xFF, 0xFF, 0xFF, 0xFE, 0x03,
    0xF8, 0x0F, 0xC0, 0x3F, 0x01, 0xF8, 0x07, 0xE0, 0x1F, 0x00, 0x7C, 0x03, 0xE0, 0x00, 0x00, 0x00,
    0x00, 0x00, 0x7F, 0x83, 0xFC, 0x1F, 0xE0, 0xFF, 0x07, 0xF8, 0x3F, 0xC1, 0xFE, 0x0F, 0xF0, 0x7F,
    0x83, 0xFC, 0x1F, 0xE0, 0xFF, 0x07, 0xF8, 0x3F, 0xC1, 0xFE, 0x0F, 0xF0, 0x7F, 0x83, 0xFC, 0x1F,
    0xE0, 0xFF, 0x07, 0xF8, 0x3F, 0xC1, 0xFE, 0x0F, 0xF0, 0x7F, 0x83, 0xFC, 0x1F, 0xE0, 0xFF, 0x07,
    0xF8, 0x3F, 0xC1, 0xFE, 0x0F, 0xF0, 0x7F, 0x83, 0xFC, 0x1F, 0xE0, 0xFF, 0x07, 0xF8, 0x3F, 0xC1,
    0xFE, 0x0F, 0xF0, 0x03, 0xF8, 0x3F, 0x81, 0xF8, 0x1F, 0x80, 0xFC, 0x0F, 0xC0, 0x7C, 0x07, 0xE0,
    0x3E, 0x00, 0x00, 0x00, 0x00, 0x00, 0x0F, 0xF0, 0x7F, 0x83, 0xFC, 0x1F, 0xE0, 0xFF, 0x07, 0xF8,
    0x3F, 0xC1, 0xFE, 0x0F, 0xF0, 0x7F, 0x83, 0xFC, 0x1F, 0xE0, 0xFF, 0x07, 0xF8, 0x3F, 0xC1, 0xFE,
    0x0F, 0xF0, 0x7F, 0x83, 0xFC, 0x1F, 0xE0, 0xFF, 0x07, 0xF8, 0x3F, 0xC1, 0xFE, 0x0F, 0xF0, 0x7F,
    0x83, 0xFC, 0x1F, 0xE0, 0xFF, 0x07, 0xF8, 0x3F, 0xC1, 0xFE, 0x0F, 0xF0, 0x7F, 0x83, 0xFC, 0x1F,
    0xE0, 0xFF, 0x07, 0xF8, 0x3F, 0xC1, 0xFE, 0x00, 0x01, 0xF8, 0x00, 0x3F, 0xC0, 0x03, 0xFE, 0x00,
    0x7F, 0xF0, 0x0F, 0xDF, 0x81, 0xF8, 0xF8, 0x3F, 0x07, 0xC7, 0xE0, 0x7E, 0x00, 0x00, 0x10, 0x00,
    0x00, 0x00, 0x00, 0x00, 0x00, 0x00, 0x03, 0xFC, 0x00, 0x3F, 0xC0, 0x03, 0xFC, 0x00, 0x3F, 0xC0,
    0x03, 0xFC, 0x00, 0x3F, 0xC0, 0x03, 0xFC, 0x00, 0x3F, 0xC0, 0x03, 0xFC, 0x00, 0x3F, 0xC0, 0x03,
    0xFC, 0x00, 0x3F, 0xC0, 0x03, 0xFC, 0x00, 0x3F, 0xC0, 0x03, 0xFC, 0x00, 0x3F, 0xC0, 0x03, 0xFC,
    0x00, 0x3F, 0xC0, 0x03, 0xFC, 0x00, 0x3F, 0xC0, 0x03, 0xFC, 0x00, 0x3F, 0xC0, 0x03, 0xFC, 0x00,
    0x3F, 0xC0, 0x03, 0xFC, 0x00, 0x3F, 0xC0, 0x03, 0xFC, 0x00, 0x3F, 0xC0, 0x03, 0xFC, 0x00, 0x3F,
    0xC0, 0x03, 0xFC, 0x00, 0x3F, 0xC0, 0x03, 0xFC, 0x00, 0x3F, 0xC0, 0x03, 0xFC, 0x00, 0x3F, 0xC0,
    0x03, 0xFC, 0x00, 0x3F, 0xC0, 0x03, 0xFC, 0x00, 0x3F, 0xC0, 0x18, 0x01, 0x87, 0xE0, 0x7E, 0x7F,
    0x0F, 0xEF, 0xF0, 0xFF, 0xFF, 0x0F, 0xFF, 0xF0, 0xFF, 0x7E, 0x07, 0xE3, 0xC0, 0x3C, 0x00, 0x00,
    0x00, 0x00, 0x00, 0x00, 0x00, 0x00, 0x00, 0x00, 0x03, 0xFC, 0x00, 0x3F, 0xC0, 0x03, 0xFC, 0x00,
    0x3F, 0xC0, 0x03, 0xFC, 0x00, 0x3F, 0xC0, 0x03, 0xFC, 0x00, 0x3F, 0xC0, 0x03, 0xFC, 0x00, 0x3F,
    0xC0, 0x03, 0xFC, 0x00, 0x3F, 0xC0, 0x03, 0xFC, 0x00, 0x3F, 0xC0, 0x03, 0xFC, 0x00, 0x3F, 0xC0,
    0x03, 0xFC, 0x00, 0x3F, 0xC0, 0x03, 0xFC, 0x00, 0x3F, 0xC0, 0x03, 0xFC, 0x00, 0x3F, 0xC0, 0x03,
    0xFC, 0x00, 0x3F, 0xC0, 0x03, 0xFC, 0x00, 0x3F, 0xC0, 0x03, 0xFC, 0x00, 0x3F, 0xC0, 0x03, 0xFC,
    0x00, 0x3F, 0xC0, 0x03, 0xFC, 0x00, 0x3F, 0xC0, 0x03, 0xFC, 0x00, 0x3F, 0xC0, 0x03, 0xFC, 0x00,
    0x3F, 0xC0, 0x03, 0xFC, 0x00, 0x3F, 0xC0, 0x03, 0xFC, 0x00, 0x3F, 0xC0, 0x00, 0x00, 0x00, 0x00,
    0x00, 0x0F, 0xFF, 0xFE, 0x00, 0x00, 0x1F, 0xFF, 0xFF, 0xC0, 0x00, 0x3F, 0xFF, 0xFF, 0xE0, 0x00,
    0x7F, 0xFF, 0xFF, 0xE0, 0x00, 0xFF, 0xFF, 0xFF, 0xE0, 0x01, 0xFF, 0xFF, 0xFF, 0xF0, 0x03, 0xFC,
    0x00, 0xFF, 0xE0, 0x07, 0xF8, 0x00, 0x7F, 0xE0, 0x0F, 0xF0, 0x00, 0x3F, 0xE0, 0x1F, 0xE0, 0x00,
    0x3F, 0xC0, 0x3F, 0xC0, 0x00, 0x3F, 0xC0, 0x7F, 0x80, 0x00, 0x3F, 0x80, 0xFF, 0x00, 0x00, 0x7F,
    0x01, 0xFE, 0x00, 0x00, 0xFF, 0x03, 0xFC, 0x00, 0x00, 0xFE, 0x07, 0xF8, 0x00, 0x01, 0xFC, 0x0F,
    0xF0, 0x00, 0x03, 0xFB, 0xFF, 0xFF, 0xF0, 0x07, 0xF7, 0xFF, 0xFF, 0xE0, 0x0F, 0xEF, 0xFF, 0xFF,
    0xC0, 0x1F, 0xFF, 0xFF, 0xFF, 0x80, 0x3F, 0xFF, 0xFF, 0xFF, 0x00, 0x7F, 0x7F, 0xFF, 0xFE, 0x00,
    0xFE, 0x07, 0xF8, 0x00, 0x01, 0xFC, 0x0F, 0xF0, 0x00, 0x03, 0xF8, 0x1F, 0xE0, 0x00, 0x07, 0xF0,
    0x3F, 0xC0, 0x00, 0x1F, 0xE0, 0x7F, 0x80, 0x00, 0x3F, 0x80, 0xFF, 0x00, 0x00, 0xFF, 0x01, 0xFE,
    0x00, 0x01, 0xFE, 0x03, 0xFC, 0x00, 0x07, 0xF8, 0x07, 0xF8, 0x00, 0x1F, 0xF0, 0x0F, 0xF0, 0x00,
    0xFF, 0xC0, 0x1F, 0xE0, 0x07, 0xFF, 0x00, 0x3F, 0xFF, 0xFF, 0xFC, 0x00, 0x7F, 0xFF, 0xFF, 0xF0,
    0x00, 0xFF, 0xFF, 0xFF, 0xC0, 0x01, 0xFF, 0xFF, 0xFF, 0x00, 0x03, 0xFF, 0xFF, 0xF0, 0x00, 0x07,
    0xFF, 0xFF, 0x00, 0x00, 0x00, 0x00, 0x00, 0x00, 0x00, 0x07, 0xC0, 0xF0, 0x00, 0x03, 0xFC, 0x3C,
    0x00, 0x01, 0xFF, 0xFF, 0x00, 0x00, 0x7F, 0xFF, 0x80, 0x00, 0x1E, 0x3F, 0xE0, 0x00, 0x07, 0x87,
    0xF0, 0x00, 0x00, 0x00, 0x30, 0x00, 0x00, 0x00, 0x00, 0x00, 0x00, 0x00, 0x00, 0x00, 0x00, 0x00,
    0x00, 0x00, 0x00, 0x00, 0x00, 0x00, 0x00, 0xFF, 0x80, 0x00, 0x3F, 0xFF, 0xE0, 0x00, 0x0F, 0xFF,
    0xFC, 0x00, 0x03, 0xFF, 0xFF, 0x00, 0x00, 0xFF, 0xFF, 0xE0, 0x00, 0x3F, 0xFF, 0xFC, 0x00, 0x0F,
    0xFF, 0xFF, 0x00, 0x03, 0xFF, 0xFF, 0xE0, 0x00, 0xFF, 0xFF, 0xFC, 0x00, 0x3F, 0xFF, 0xFF, 0x00,
    0x0F, 0xFF, 0xEF, 0xE0, 0x03, 0xFF, 0xFB, 0xF8, 0x00, 0xFF, 0xFE, 0x7F, 0x00, 0x3F, 0xFF, 0x9F,
    0xE0, 0x0F, 0xFF, 0xF3, 0xF8, 0x03, 0xFF, 0xFC, 0x7F, 0x00, 0xFF, 0xFF, 0x1F, 0xE0, 0x3F, 0xFF,
    0xC3, 0xF8, 0x0F, 0xFF, 0xF0, 0xFF, 0x03, 0xFF, 0xFC, 0x1F, 0xE0, 0xFF, 0xFF, 0x03, 0xF8, 0x3F,
    0xFF, 0xC0, 0xFF, 0x0F, 0xFF, 0xF0, 0x1F, 0xC3, 0xFF, 0xFC, 0x07, 0xF8, 0xFF, 0xFF, 0x00, 0xFF,
    0x3F, 0xFF, 0xC0, 0x1F, 0xC7, 0xFF, 0xF0, 0x07, 0xF9, 0xFF, 0xFC, 0x00, 0xFE, 0x7F, 0xFF, 0x00,
    0x1F, 0xDF, 0xFF, 0xC0, 0x07, 0xF7, 0xFF, 0xF0, 0x00, 0xFF, 0xFF, 0xFC, 0x00, 0x3F, 0xFF, 0xFF,
    0x00, 0x07, 0xFF, 0xFF, 0xC0, 0x00, 0xFF, 0xFF, 0xF0, 0x00, 0x3F, 0xFF, 0xFC, 0x00, 0x07, 0xFF,
    0xFF, 0x00, 0x00, 0xFF, 0xFF, 0xC0, 0x00, 0x3F, 0xFF, 0xF0, 0x00, 0x07, 0xFF, 0xFC, 0x00, 0x01,
    0xFF, 0x00, 0x3F, 0x80, 0x00, 0x00, 0x00, 0x7F, 0x00, 0x00, 0x00, 0x00, 0xFC, 0x00, 0x00, 0x00,
    0x01, 0xF8, 0x00, 0x00, 0x00, 0x07, 0xE0, 0x00, 0x00, 0x00, 0x0F, 0xC0, 0x00, 0x00, 0x00, 0x1F,
    0x00, 0x00, 0x00, 0x00, 0x3E, 0x00, 0x00, 0x00, 0x00, 0xF8, 0x00, 0x00, 0x00, 0x00, 0x00, 0x00,
    0x00, 0x00, 0x00, 0x00, 0x00, 0x00, 0x00, 0x1E, 0x00, 0x00, 0x00, 0x0F, 0xFF, 0x80, 0x00, 0x00,
    0xFF, 0xFF, 0x80, 0x00, 0x0F, 0xFF, 0xFF, 0x80, 0x00, 0x7F, 0xFF, 0xFF, 0x00, 0x03, 0xFF, 0xFF,
    0xFF, 0x00, 0x1F, 0xFF, 0xFF, 0xFC, 0x00, 0xFF, 0xE0, 0x1F, 0xF8, 0x07, 0xFE, 0x00, 0x1F, 0xF0,
    0x1F, 0xE0, 0x00, 0x3F, 0xE0, 0xFF, 0x80, 0x00, 0x7F, 0x83, 0xFC, 0x00, 0x00, 0xFE, 0x1F, 0xE0,
    0x00, 0x03, 0xFC, 0x7F, 0x80, 0x00, 0x07, 0xF1, 0xFC, 0x00, 0x00, 0x1F, 0xC7, 0xF0, 0x00, 0x00,
    0x7F, 0x9F, 0xC0, 0x00, 0x00, 0xFE, 0xFF, 0x00, 0x00, 0x03, 0xFB, 0xF8, 0x00, 0x00, 0x0F, 0xEF,
    0xE0, 0x00, 0x00, 0x3F, 0xBF, 0x80, 0x00, 0x00, 0xFE, 0xFE, 0x00, 0x00, 0x03, 0xFB, 0xF8, 0x00,
    0x00, 0x0F, 0xEF, 0xE0, 0x00, 0x00, 0x3F, 0xBF, 0xC0, 0x00, 0x00, 0xFE, 0x7F, 0x00, 0x00, 0x03,
    0xF9, 0xFC, 0x00, 0x00, 0x1F, 0xE7, 0xF0, 0x00, 0x00, 0x7F, 0x1F, 0xE0, 0x00, 0x01, 0xFC, 0x7F,
    0x80, 0x00, 0x0F, 0xF0, 0xFF, 0x00, 0x00, 0x3F, 0x83, 0xFE, 0x00, 0x01, 0xFE, 0x07, 0xF8, 0x00,
    0x0F, 0xF0, 0x0F, 0xF8, 0x00, 0x7F, 0xC0, 0x3F, 0xF8, 0x07, 0xFE, 0x00, 0x7F, 0xFF, 0xFF, 0xF0,
    0x00, 0xFF, 0xFF, 0xFF, 0x80, 0x01, 0xFF, 0xFF, 0xFC, 0x00, 0x03, 0xFF, 0xFF, 0xE0, 0x00, 0x03,
    0xFF, 0xFE, 0x00, 0x00, 0x03, 0xFF, 0xE0, 0x00, 0x00, 0x00, 0x78, 0x00, 0x00, 0x00, 0x00, 0x0F,
    0xE0, 0x00, 0x00, 0x00, 0x7F, 0x00, 0x00, 0x00, 0x01, 0xF8, 0x00, 0x00, 0x00, 0x0F, 0xC0, 0x00,
    0x00, 0x00, 0x3F, 0x00, 0x00, 0x00, 0x01, 0xF8, 0x00, 0x00, 0x00, 0x07, 0xC0, 0x00, 0x00, 0x00,
    0x3F, 0x00, 0x00, 0x00, 0x00, 0xF8, 0x00, 0x00, 0x00, 0x00, 0x00, 0x00, 0x00, 0x00, 0x00, 0x00,
    0x00, 0x00, 0x00, 0x1E, 0x00, 0x00, 0x00, 0x0F, 0xFF, 0x80, 0x00, 0x00, 0xFF, 0xFF, 0x80, 0x00,
    0x0F, 0xFF, 0xFF, 0x80, 0x00, 0x7F, 0xFF, 0xFF, 0x00, 0x03, 0xFF, 0xFF, 0xFF, 0x00, 0x1F, 0xFF,
    0xFF, 0xFC, 0x00, 0xFF, 0xE0, 0x1F, 0xF8, 0x07, 0xFE, 0x00, 0x1F, 0xF0, 0x1F, 0xE0, 0x00, 0x3F,
    0xE0, 0xFF, 0x80, 0x00, 0x7F, 0x83, 0xFC, 0x00, 0x00, 0xFE, 0x1F, 0xE0, 0x00, 0x03, 0xFC, 0x7F,
    0x80, 0x00, 0x07, 0xF1, 0xFC, 0x00, 0x00, 0x1F, 0xC7, 0xF0, 0x00, 0x00, 0x7F, 0x9F, 0xC0, 0x00,
    0x00, 0xFE, 0xFF, 0x00, 0x00, 0x03, 0xFB, 0xF8, 0x00, 0x00, 0x0F, 0xEF, 0xE0, 0x00, 0x00, 0x3F,
    0xBF, 0x80, 0x00, 0x00, 0xFE, 0xFE, 0x00, 0x00, 0x03, 0xFB, 0xF8, 0x00, 0x00, 0x0F, 0xEF, 0xE0,
    0x00, 0x00, 0x3F, 0xBF, 0xC0, 0x00, 0x00, 0xFE, 0x7F, 0x00, 0x00, 0x03, 0xF9, 0xFC, 0x00, 0x00,
    0x1F, 0xE7, 0xF0, 0x00, 0x00, 0x7F, 0x1F, 0xE0, 0x00, 0x01, 0xFC, 0x7F, 0x80, 0x00, 0x0F, 0xF0,
    0xFF, 0x00, 0x00, 0x3F, 0x83, 0xFE, 0x00, 0x01, 0xFE, 0x07, 0xF8, 0x00, 0x0F, 0xF0, 0x0F, 0xF8,
    0x00, 0x7F, 0xC0, 0x3F, 0xF8, 0x07, 0xFE, 0x00, 0x7F, 0xFF, 0xFF, 0xF0, 0x00, 0xFF, 0xFF, 0xFF,
    0x80, 0x01, 0xFF, 0xFF, 0xFC, 0x00, 0x03, 0xFF, 0xFF, 0xE0, 0x00, 0x03, 0xFF, 0xFE, 0x00, 0x00,
    0x03, 0xFF, 0xE0, 0x00, 0x00, 0x00, 0x78, 0x00, 0x00, 0x00, 0x01, 0xF8, 0x00, 0x00, 0x00, 0x0F,
    0xF0, 0x00, 0x00, 0x00, 0x3F, 0xE0, 0x00, 0x00, 0x01, 0xFF, 0xC0, 0x00, 0x00, 0x0F, 0xDF, 0x80,
    0x00, 0x00, 0x7E, 0x3E, 0x00, 0x00, 0x03, 0xF0, 0x7C, 0x00, 0x00, 0x1F, 0x81, 0xF8, 0x00, 0x00,
    0x00, 0x00, 0x10, 0x00, 0x00, 0x00, 0x00, 0x00, 0x00, 0x00, 0x00, 0x00, 0x00, 0x00, 0x00, 0x1E,
    0x00, 0x00, 0x00, 0x0F, 0xFF, 0x80, 0x00, 0x00, 0xFF, 0xFF, 0x80, 0x00, 0x0F, 0xFF, 0xFF, 0x80,
    0x00, 0x7F, 0xFF, 0xFF, 0x00, 0x03, 0xFF, 0xFF, 0xFF, 0x00, 0x1F, 0xFF, 0xFF, 0xFC, 0x00, 0xFF,
    0xE0, 0x1F, 0xF8, 0x07, 0xFE, 0x00, 0x1F, 0xF0, 0x1F, 0xE0, 0x00, 0x3F, 0xE0, 0xFF, 0x80, 0x00,
    0x7F, 0x83, 0xFC, 0x00, 0x00, 0xFE, 0x1F, 0xE0, 0x00, 0x03, 0xFC, 0x7F, 0x80, 0x00, 0x07, 0xF1,
    0xFC, 0x00, 0x00, 0x1F, 0xC7, 0xF0, 0x00, 0x00, 0x7F, 0x9F, 0xC0, 0x00, 0x00, 0xFE, 0xFF, 0x00,
    0x00, 0x03, 0xFB, 0xF8, 0x00, 0x00, 0x0F, 0xEF, 0xE0, 0x00, 0x00, 0x3F, 0xBF, 0x80, 0x00, 0x00,
    0xFE, 0xFE, 0x00, 0x00, 0x03, 0xFB, 0xF8, 0x00, 0x00, 0x0F, 0xEF, 0xE0, 0x00, 0x00, 0x3F, 0xBF,
    0xC0, 0x00, 0x00, 0xFE, 0x7F, 0x00, 0x00, 0x03, 0xF9, 0xFC, 0x00, 0x00, 0x1F, 0xE7, 0xF0, 0x00,
    0x00, 0x7F, 0x1F, 0xE0, 0x00, 0x01, 0xFC, 0x7F, 0x80, 0x00, 0x0F, 0xF0, 0xFF, 0x00, 0x00, 0x3F,
    0x83, 0xFE, 0x00, 0x01, 0xFE, 0x07, 0xF8, 0x00, 0x0F, 0xF0, 0x0F, 0xF8, 0x00, 0x7F, 0xC0, 0x3F,
    0xF8, 0x07, 0xFE, 0x00, 0x7F, 0xFF, 0xFF, 0xF0, 0x00, 0xFF, 0xFF, 0xFF, 0x80, 0x01, 0xFF, 0xFF,
    0xFC, 0x00, 0x03, 0xFF, 0xFF, 0xE0, 0x00, 0x03, 0xFF, 0xFE, 0x00, 0x00, 0x03, 0xFF, 0xE0, 0x00,
    0x00, 0x00, 0x78, 0x00, 0x00, 0x00, 0x00, 0x00, 0x00, 0x00, 0x00, 0x3E, 0x07, 0x80, 0x00, 0x01,
    0xFE, 0x1E, 0x00, 0x00, 0x0F, 0xFF, 0xF8, 0x00, 0x00, 0x3F, 0xFF, 0xC0, 0x00, 0x00, 0xF1, 0xFF,
    0x00, 0x00, 0x03, 0xC3, 0xF8, 0x00, 0x00, 0x00, 0x01, 0x80, 0x00, 0x00, 0x00, 0x00, 0x00, 0x00,
    0x00, 0x00, 0x00, 0x00, 0x00, 0x00, 0x00, 0x00, 0x00, 0x00, 0x00, 0x1E, 0x00, 0x00, 0x00, 0x0F,
    0xFF, 0x80, 0x00, 0x00, 0xFF, 0xFF, 0x80, 0x00, 0x0F, 0xFF, 0xFF, 0x80, 0x00, 0x7F, 0xFF, 0xFF,
    0x00, 0x03, 0xFF, 0xFF, 0xFF, 0x00, 0x1F, 0xFF, 0xFF, 0xFC, 0x00, 0xFF, 0xE0, 0x1F, 0xF8, 0x07,
    0xFE, 0x00, 0x1F, 0xF0, 0x1F, 0xE0, 0x00, 0x3F, 0xE0, 0xFF, 0x80, 0x00, 0x7F, 0x83, 0xFC, 0x00,
    0x00, 0xFE, 0x1F, 0xE0, 0x00, 0x03, 0xFC, 0x7F, 0x80, 0x00, 0x07, 0xF1, 0xFC, 0x00, 0x00, 0x1F,
    0xC7, 0xF0, 0x00, 0x00, 0x7F, 0x9F, 0xC0, 0x00, 0x00, 0xFE, 0xFF, 0x00, 0x00, 0x03, 0xFB, 0xF8,
    0x00, 0x00, 0x0F, 0xEF, 0xE0, 0x00, 0x00, 0x3F, 0xBF, 0x80, 0x00, 0x00, 0xFE, 0xFE, 0x00, 0x00,
    0x03, 0xFB, 0xF8, 0x00, 0x00, 0x0F, 0xEF, 0xE0, 0x00, 0x00, 0x3F, 0xBF, 0xC0, 0x00, 0x00, 0xFE,
    0x7F, 0x00, 0x00, 0x03, 0xF9, 0xFC, 0x00, 0x00, 0x1F, 0xE7, 0xF0, 0x00, 0x00, 0x7F, 0x1F, 0xE0,
    0x00, 0x01, 0xFC, 0x7F, 0x80, 0x00, 0x0F, 0xF0, 0xFF, 0x00, 0x00, 0x3F, 0x83, 0xFE, 0x00, 0x01,
    0xFE, 0x07, 0xF8, 0x00, 0x0F, 0xF0, 0x0F, 0xF8, 0x00, 0x7F, 0xC0, 0x3F, 0xF8, 0x07, 0xFE, 0x00,
    0x7F, 0xFF, 0xFF, 0xF0, 0x00, 0xFF, 0xFF, 0xFF, 0x80, 0x01, 0xFF, 0xFF, 0xFC, 0x00, 0x03, 0xFF,
    0xFF, 0xE0, 0x00, 0x03, 0xFF, 0xFE, 0x00, 0x00, 0x03, 0xFF, 0xE0, 0x00, 0x00, 0x00, 0x78, 0x00,
    0x00, 0x00, 0x0C, 0x00, 0xC0, 0x00, 0x00, 0xFC, 0x0F, 0xC0, 0x00, 0x03, 0xF8, 0x7F, 0x00, 0x00,
    0x1F, 0xE1, 0xFE, 0x00, 0x00, 0x7F, 0x87, 0xF8, 0x00, 0x01, 0xFE, 0x1F, 0xE0, 0x00, 0x03, 0xF0,
    0x3F, 0x00, 0x00, 0x07, 0x80, 0x78, 0x00, 0x00, 0x00, 0x00, 0x00, 0x00, 0x00, 0x00, 0x00, 0x00,
    0x00, 0x00, 0x00, 0x00, 0x00, 0x00, 0x00, 0x1E, 0x00, 0x00, 0x00, 0x0F, 0xFF, 0x80, 0x00, 0x00,
    0xFF, 0xFF, 0x80, 0x00, 0x0F, 0xFF, 0xFF, 0x80, 0x00, 0x7F, 0xFF, 0xFF, 0x00, 0x03, 0xFF, 0xFF,
    0xFF, 0x00, 0x1F, 0xFF, 0xFF, 0xFC, 0x00, 0xFF, 0xE0, 0x1F, 0xF8, 0x07, 0xFE, 0x00, 0x1F, 0xF0,
    0x1F, 0xE0, 0x00, 0x3F, 0xE0, 0xFF, 0x80, 0x00, 0x7F, 0x83, 0xFC, 0x00, 0x00, 0xFE, 0x1F, 0xE0,
    0x00, 0x03, 0xFC, 0x7F, 0x80, 0x00, 0x07, 0xF1, 0xFC, 0x00, 0x00, 0x1F, 0xC7, 0xF0, 0x00, 0x00,
    0x7F, 0x9F, 0xC0, 0x00, 0x00, 0xFE, 0xFF, 0x00, 0x00, 0x03, 0xFB, 0xF8, 0x00, 0x00, 0x0F, 0xEF,
    0xE0, 0x00, 0x00, 0x3F, 0xBF, 0x80, 0x00, 0x00, 0xFE, 0xFE, 0x00, 0x00, 0x03, 0xFB, 0xF8, 0x00,
    0x00, 0x0F, 0xEF, 0xE0, 0x00, 0x00, 0x3F, 0xBF, 0xC0, 0x00, 0x00, 0xFE, 0x7F, 0x00, 0x00, 0x03,
    0xF9, 0xFC, 0x00, 0x00, 0x1F, 0xE7, 0xF0, 0x00, 0x00, 0x7F, 0x1F, 0xE0, 0x00, 0x01, 0xFC, 0x7F,
    0x80, 0x00, 0x0F, 0xF0, 0xFF, 0x00, 0x00, 0x3F, 0x83, 0xFE, 0x00, 0x01, 0xFE, 0x07, 0xF8, 0x00,
    0x0F, 0xF0, 0x0F, 0xF8, 0x00, 0x7F, 0xC0, 0x3F, 0xF8, 0x07, 0xFE, 0x00, 0x7F, 0xFF, 0xFF, 0xF0,
    0x00, 0xFF, 0xFF, 0xFF, 0x80, 0x01, 0xFF, 0xFF, 0xFC, 0x00, 0x03, 0xFF, 0xFF, 0xE0, 0x00, 0x03,
    0xFF, 0xFE, 0x00, 0x00, 0x03, 0xFF, 0xE0, 0x00, 0x00, 0x00, 0x78, 0x00, 0x00, 0x00, 0x00, 0x00,
    0x00, 0xC0, 0x00, 0x30, 0x1E, 0x00, 0x07, 0x83, 0xF0, 0x00, 0xFC, 0x7F, 0x80, 0x1F, 0xEF, 0xFC,
    0x03, 0xFE, 0x3F, 0xE0, 0x7F, 0xC1, 0xFF, 0x0F, 0xF8, 0x0F, 0xF9, 0xFF, 0x00, 0x7F, 0xFF, 0xE0,
    0x03, 0xFF, 0xFC, 0x00, 0x1F, 0xFF, 0x80, 0x00, 0xFF, 0xF0, 0x00, 0x07, 0xFE, 0x00, 0x00, 0x7F,
    0xE0, 0x00, 0x0F, 0xFF, 0x00, 0x01, 0xFF, 0xF8, 0x00, 0x3F, 0xFF, 0xC0, 0x07, 0xFF, 0xFE, 0x00,
    0xFF, 0x9F, 0xF0, 0x1F, 0xF0, 0xFF, 0x83, 0xFE, 0x07, 0xFC, 0x7F, 0xC0, 0x3F, 0xEF, 0xF8, 0x01,
    0xFE, 0x7F, 0x00, 0x0F, 0xC3, 0xE0, 0x00, 0x78, 0x1C, 0x00, 0x03, 0x00, 0x80, 0x00, 0x20, 0x00,
    0x00, 0x00, 0x00, 0x80, 0x00, 0x01, 0xE0, 0x03, 0x80, 0x00, 0xFF, 0xF8, 0x1F, 0x00, 0x0F, 0xFF,
    0xF8, 0xFE, 0x00, 0xFF, 0xFF, 0xFB, 0xF0, 0x07, 0xFF, 0xFF, 0xFF, 0xC0, 0x3F, 0xFF, 0xFF, 0xFE,
    0x01, 0xFF, 0xFF, 0xFF, 0xF0, 0x0F, 0xFE, 0x01, 0xFF, 0x80, 0x7F, 0xE0, 0x01, 0xFF, 0x01, 0xFE,
    0x00, 0x07, 0xFE, 0x0F, 0xF8, 0x00, 0x3F, 0xF8, 0x3F, 0xC0, 0x01, 0xFF, 0xE1, 0xFE, 0x00, 0x0F,
    0xFF, 0xC7, 0xF8, 0x00, 0x7F, 0x7F, 0x1F, 0xC0, 0x01, 0xF9, 0xFC, 0x7F, 0x00, 0x0F, 0xE7, 0xF9,
    0xFC, 0x00, 0x7F, 0x0F, 0xEF, 0xF0, 0x03, 0xF8, 0x3F, 0xBF, 0x80, 0x1F, 0xC0, 0xFE, 0xFE, 0x00,
    0xFE, 0x03, 0xFB, 0xF8, 0x03, 0xF0, 0x0F, 0xEF, 0xE0, 0x1F, 0xC0, 0x3F, 0xBF, 0x80, 0xFE, 0x00,
    0xFE, 0xFE, 0x07, 0xF0, 0x03, 0xFB, 0xFC, 0x3F, 0x80, 0x0F, 0xE7, 0xF1, 0xFC, 0x00, 0x3F, 0x9F,
    0xC7, 0xF0, 0x01, 0xFE, 0x7F, 0x3F, 0x80, 0x07, 0xF1, 0xFF, 0xFC, 0x00, 0x1F, 0xC7, 0xFF, 0xE0,
    0x00, 0xFF, 0x0F, 0xFF, 0x00, 0x03, 0xF8, 0x3F, 0xF8, 0x00, 0x1F, 0xE0, 0x7F, 0xE0, 0x00, 0xFF,
    0x00, 0xFF, 0x80, 0x07, 0xFC, 0x03, 0xFF, 0x80, 0x7F, 0xE0, 0x1F, 0xFF, 0xFF, 0xFF, 0x00, 0xFF,
    0xFF, 0xFF, 0xF8, 0x03, 0xFF, 0xFF, 0xFF, 0xC0, 0x1F, 0xFF, 0xFF, 0xFE, 0x00, 0xFE, 0x3F, 0xFF,
    0xE0, 0x00, 0xF0, 0x3F, 0xFE, 0x00, 0x01, 0x80, 0x07, 0x80, 0x00, 0x04, 0x00, 0x00, 0x00, 0x00,
    0x00, 0xFE, 0x00, 0x00, 0x00, 0x3F, 0x80, 0x00, 0x00, 0x0F, 0xC0, 0x00, 0x00, 0x03, 0xF0, 0x00,
    0x00, 0x01, 0xF8, 0x00, 0x00, 0x00, 0x7E, 0x00, 0x00, 0x00, 0x1F, 0x00, 0x00, 0x00, 0x07, 0xC0,
    0x00, 0x00, 0x03, 0xE0, 0x00, 0x00, 0x00, 0x00, 0x00, 0x00, 0x00, 0x00, 0x00, 0x00, 0x00, 0x00,
    0x00, 0x0F, 0xE0, 0x00, 0x03, 0xFF, 0xF0, 0x00, 0x01, 0xFF, 0xF8, 0x00, 0x00, 0xFF, 0xFC, 0x00,
    0x00, 0x7F, 0xFE, 0x00, 0x00, 0x3F, 0xFF, 0x00, 0x00, 0x1F, 0xFF, 0x80, 0x00, 0x0F, 0xFF, 0xC0,
    0x00, 0x07, 0xFF, 0xE0, 0x00, 0x03, 0xFF, 0xF0, 0x00, 0x01, 0xFF, 0xF8, 0x00, 0x00, 0xFF, 0xFC,
    0x00, 0x00, 0x7F, 0xFE, 0x00, 0x00, 0x3F, 0xFF, 0x00, 0x00, 0x1F, 0xFF, 0x80, 0x00, 0x0F, 0xFF,
    0xC0, 0x00, 0x07, 0xFF, 0xE0, 0x00, 0x03, 0xFF, 0xF0, 0x00, 0x01, 0xFF, 0xF8, 0x00, 0x00, 0xFF,
    0xFC, 0x00, 0x00, 0x7F, 0xFE, 0x00, 0x00, 0x3F, 0xFF, 0x00, 0x00, 0x1F, 0xFF, 0x80, 0x00, 0x0F,
    0xFF, 0xC0, 0x00, 0x07, 0xFF, 0xE0, 0x00, 0x03, 0xFF, 0xF0, 0x00, 0x01, 0xFF, 0xF8, 0x00, 0x00,
    0xFF, 0xFE, 0x00, 0x00, 0x7F, 0x7F, 0x00, 0x00, 0x7F, 0xBF, 0x80, 0x00, 0x3F, 0x9F, 0xE0, 0x00,
    0x3F, 0xCF, 0xF8, 0x00, 0x1F, 0xE3, 0xFE, 0x00, 0x3F, 0xE1, 0xFF, 0x80, 0x3F, 0xF0, 0x7F, 0xFF,
    0xFF, 0xF0, 0x1F, 0xFF, 0xFF, 0xF0, 0x07, 0xFF, 0xFF, 0xF0, 0x01, 0xFF, 0xFF, 0xF0, 0x00, 0x3F,
    0xFF, 0xF0, 0x00, 0x07, 0xFF, 0xC0, 0x00, 0x00, 0x3E, 0x00, 0x00, 0x00, 0x00, 0x3F, 0x80, 0x00,
    0x00, 0x3F, 0x80, 0x00, 0x00, 0x1F, 0x80, 0x00, 0x00, 0x1F, 0x80, 0x00, 0x00, 0x0F, 0xC0, 0x00,
    0x00, 0x0F, 0xC0, 0x00, 0x00, 0x07, 0xC0, 0x00, 0x00, 0x07, 0xE0, 0x00, 0x00, 0x03, 0xE0, 0x00,
    0x00, 0x00, 0x00, 0x00, 0x00, 0x00, 0x00, 0x00, 0x00, 0x00, 0x00, 0x00, 0x0F, 0xE0, 0x00, 0x03,
    0xFF, 0xF0, 0x00, 0x01, 0xFF, 0xF8, 0x00, 0x00, 0xFF, 0xFC, 0x00, 0x00, 0x7F, 0xFE, 0x00, 0x00,
    0x3F, 0xFF, 0x00, 0x00, 0x1F, 0xFF, 0x80, 0x00, 0x0F, 0xFF, 0xC0, 0x00, 0x07, 0xFF, 0xE0, 0x00,
    0x03, 0xFF, 0xF0, 0x00, 0x01, 0xFF, 0xF8, 0x00, 0x00, 0xFF, 0xFC, 0x00, 0x00, 0x7F, 0xFE, 0x00,
    0x00, 0x3F, 0xFF, 0x00, 0x00, 0x1F, 0xFF, 0x80, 0x00, 0x0F, 0xFF, 0xC0, 0x00, 0x07, 0xFF, 0xE0,
    0x00, 0x03, 0xFF, 0xF0, 0x00, 0x01, 0xFF, 0xF8, 0x00, 0x00, 0xFF, 0xFC, 0x00, 0x00, 0x7F, 0xFE,
    0x00, 0x00, 0x3F, 0xFF, 0x00, 0x00, 0x1F, 0xFF, 0x80, 0x00, 0x0F, 0xFF, 0xC0, 0x00, 0x07, 0xFF,
    0xE0, 0x00, 0x03, 0xFF, 0xF0, 0x00, 0x01, 0xFF, 0xF8, 0x00, 0x00, 0xFF, 0xFE, 0x00, 0x00, 0x7F,
    0x7F, 0x00, 0x00, 0x7F, 0xBF, 0x80, 0x00, 0x3F, 0x9F, 0xE0, 0x00, 0x3F, 0xCF, 0xF8, 0x00, 0x1F,
    0xE3, 0xFE, 0x00, 0x3F, 0xE1, 0xFF, 0x80, 0x3F, 0xF0, 0x7F, 0xFF, 0xFF, 0xF0, 0x1F, 0xFF, 0xFF,
    0xF0, 0x07, 0xFF, 0xFF, 0xF0, 0x01, 0xFF, 0xFF, 0xF0, 0x00, 0x3F, 0xFF, 0xF0, 0x00, 0x07, 0xFF,
    0xC0, 0x00, 0x00, 0x3E, 0x00, 0x00, 0x00, 0x07, 0xE0, 0x00, 0x00, 0x07, 0xF8, 0x00, 0x00, 0x03,
    0xFE, 0x00, 0x00, 0x03, 0xFF, 0x80, 0x00, 0x03, 0xF7, 0xE0, 0x00, 0x03, 0xF1, 0xF0, 0x00, 0x03,
    0xF0, 0x7C, 0x00, 0x03, 0xF0, 0x3F, 0x00, 0x00, 0x00, 0x00, 0x40, 0x00, 0x00, 0x00, 0x00, 0x00,
    0x00, 0x00, 0x00, 0x00, 0x00, 0x00, 0x00, 0x0F, 0xE0, 0x00, 0x03, 0xFF, 0xF0, 0x00, 0x01, 0xFF,
    0xF8, 0x00, 0x00, 0xFF, 0xFC, 0x00, 0x00, 0x7F, 0xFE, 0x00, 0x00, 0x3F, 0xFF, 0x00, 0x00, 0x1F,
    0xFF, 0x80, 0x00, 0x0F, 0xFF, 0xC0, 0x00, 0x07, 0xFF, 0xE0, 0x00, 0x03, 0xFF, 0xF0, 0x00, 0x01,
    0xFF, 0xF8, 0x00, 0x00, 0xFF, 0xFC, 0x00, 0x00, 0x7F, 0xFE, 0x00, 0x00, 0x3F, 0xFF, 0x00, 0x00,
    0x1F, 0xFF, 0x80, 0x00, 0x0F, 0xFF, 0xC0, 0x00, 0x07, 0xFF, 0xE0, 0x00, 0x03, 0xFF, 0xF0, 0x00,
    0x01, 0xFF, 0xF8, 0x00, 0x00, 0xFF, 0xFC, 0x00, 0x00, 0x7F, 0xFE, 0x00, 0x00, 0x3F, 0xFF, 0x00,
    0x00, 0x1F, 0xFF, 0x80, 0x00, 0x0F, 0xFF, 0xC0, 0x00, 0x07, 0xFF, 0xE0, 0x00, 0x03, 0xFF, 0xF0,
    0x00, 0x01, 0xFF, 0xF8, 0x00, 0x00, 0xFF, 0xFE, 0x00, 0x00, 0x7F, 0x7F, 0x00, 0x00, 0x7F, 0xBF,
    0x80, 0x00, 0x3F, 0x9F, 0xE0, 0x00, 0x3F, 0xCF, 0xF8, 0x00, 0x1F, 0xE3, 0xFE, 0x00, 0x3F, 0xE1,
    0xFF, 0x80, 0x3F, 0xF0, 0x7F, 0xFF, 0xFF, 0xF0, 0x1F, 0xFF, 0xFF, 0xF0, 0x07, 0xFF, 0xFF, 0xF0,
    0x01, 0xFF, 0xFF, 0xF0, 0x00, 0x3F, 0xFF, 0xF0, 0x00, 0x07, 0xFF, 0xC0, 0x00, 0x00, 0x3E, 0x00,
    0x00, 0x00, 0x30, 0x03, 0x00, 0x00, 0x7E, 0x07, 0xE0, 0x00, 0x3F, 0x87, 0xF0, 0x00, 0x3F, 0xC3,
    0xFC, 0x00, 0x1F, 0xE1, 0xFE, 0x00, 0x0F, 0xF0, 0xFF, 0x00, 0x03, 0xF0, 0x3F, 0x00, 0x00, 0xF0,
    0x0F, 0x00, 0x00, 0x00, 0x00, 0x00, 0x00, 0x00, 0x00, 0x00, 0x00, 0x00, 0x00, 0x00, 0x00, 0x00,
    0x00, 0x00, 0x0F, 0xE0, 0x00, 0x03, 0xFF, 0xF0, 0x00, 0x01, 0xFF, 0xF8, 0x00, 0x00, 0xFF, 0xFC,
    0x00, 0x00, 0x7F, 0xFE, 0x00, 0x00, 0x3F, 0xFF, 0x00, 0x00, 0x1F, 0xFF, 0x80, 0x00, 0x0F, 0xFF,
    0xC0, 0x00, 0x07, 0xFF, 0xE0, 0x00, 0x03, 0xFF, 0xF0, 0x00, 0x01, 0xFF, 0xF8, 0x00, 0x00, 0xFF,
    0xFC, 0x00, 0x00, 0x7F, 0xFE, 0x00, 0x00, 0x3F, 0xFF, 0x00, 0x00, 0x1F, 0xFF, 0x80, 0x00, 0x0F,
    0xFF, 0xC0, 0x00, 0x07, 0xFF, 0xE0, 0x00, 0x03, 0xFF, 0xF0, 0x00, 0x01, 0xFF, 0xF8, 0x00, 0x00,
    0xFF, 0xFC, 0x00, 0x00, 0x7F, 0xFE, 0x00, 0x00, 0x3F, 0xFF, 0x00, 0x00, 0x1F, 0xFF, 0x80, 0x00,
    0x0F, 0xFF, 0xC0, 0x00, 0x07, 0xFF, 0xE0, 0x00, 0x03, 0xFF, 0xF0, 0x00, 0x01, 0xFF, 0xF8, 0x00,
    0x00, 0xFF, 0xFE, 0x00, 0x00, 0x7F, 0x7F, 0x00, 0x00, 0x7F, 0xBF, 0x80, 0x00, 0x3F, 0x9F, 0xE0,
    0x00, 0x3F, 0xCF, 0xF8, 0x00, 0x1F, 0xE3, 0xFE, 0x00, 0x3F, 0xE1, 0xFF, 0x80, 0x3F, 0xF0, 0x7F,
    0xFF, 0xFF, 0xF0, 0x1F, 0xFF, 0xFF, 0xF0, 0x07, 0xFF, 0xFF, 0xF0, 0x01, 0xFF, 0xFF, 0xF0, 0x00,
    0x3F, 0xFF, 0xF0, 0x00, 0x07, 0xFF, 0xC0, 0x00, 0x00, 0x3E, 0x00, 0x00, 0x00, 0x00, 0x0F, 0xE0,
    0x00, 0x00, 0x00, 0x7F, 0x00, 0x00, 0x00, 0x01, 0xF8, 0x00, 0x00, 0x00, 0x0F, 0xC0, 0x00, 0x00,
    0x00, 0x3F, 0x00, 0x00, 0x00, 0x01, 0xF8, 0x00, 0x00, 0x00, 0x07, 0xC0, 0x00, 0x00, 0x00, 0x3F,
    0x00, 0x00, 0x00, 0x00, 0xF8, 0x00, 0x00, 0x00, 0x00, 0x00, 0x00, 0x00, 0x00, 0x00, 0x00, 0x00,
    0x00, 0x00, 0x00, 0x00, 0x00, 0x7F, 0x80, 0x00, 0x07, 0xF9, 0xFF, 0x00, 0x00, 0x3F, 0xC3, 0xFC,
    0x00, 0x01, 0xFF, 0x07, 0xF8, 0x00, 0x07, 0xF8, 0x1F, 0xE0, 0x00, 0x3F, 0xC0, 0x3F, 0xC0, 0x00,
    0xFF, 0x00, 0xFF, 0x80, 0x07, 0xF8, 0x01, 0xFE, 0x00, 0x1F, 0xE0, 0x03, 0xFC, 0x00, 0xFF, 0x00,
    0x0F, 0xF0, 0x07, 0xF8, 0x00, 0x1F, 0xE0, 0x1F, 0xE0, 0x00, 0x3F, 0x80, 0xFF, 0x00, 0x00, 0xFF,
    0x03, 0xFC, 0x00, 0x01, 0xFE, 0x1F, 0xE0, 0x00, 0x07, 0xF8, 0x7F, 0x00, 0x00, 0x0F, 0xF3, 0xFC,
    0x00, 0x00, 0x1F, 0xCF, 0xE0, 0x00, 0x00, 0x7F, 0xFF, 0x80, 0x00, 0x00, 0xFF, 0xFC, 0x00, 0x00,
    0x03, 0xFF, 0xE0, 0x00, 0x00, 0x07, 0xFF, 0x80, 0x00, 0x00, 0x0F, 0xFC, 0x00, 0x00, 0x00, 0x3F,
    0xF0, 0x00, 0x00, 0x00, 0x7F, 0x80, 0x00, 0x00, 0x01, 0xFC, 0x00, 0x00, 0x00, 0x07, 0xF0, 0x00,
    0x00, 0x00, 0x1F, 0xC0, 0x00, 0x00, 0x00, 0x7F, 0x00, 0x00, 0x00, 0x01, 0xFC, 0x00, 0x00, 0x00,
    0x07, 0xF0, 0x00, 0x00, 0x00, 0x1F, 0xC0, 0x00, 0x00, 0x00, 0x7F, 0x00, 0x00, 0x00, 0x01, 0xFC,
    0x00, 0x00, 0x00, 0x07, 0xF0, 0x00, 0x00, 0x00, 0x1F, 0xC0, 0x00, 0x00, 0x00, 0x7F, 0x00, 0x00,
    0x00, 0x01, 0xFC, 0x00, 0x00, 0x00, 0x07, 0xF0, 0x00, 0x00, 0x00, 0x1F, 0xC0, 0x00, 0x00, 0x00,
    0x7F, 0x00, 0x00, 0x00, 0x00, 0x00, 0x07, 0xF0, 0x00, 0x00, 0x3F, 0x80, 0x00, 0x01, 0xFC, 0x00,
    0x00, 0x0F, 0xE0, 0x00, 0x00, 0x7F, 0x00, 0x00, 0x03, 0xF8, 0x00, 0x00, 0x1F, 0xC0, 0x00, 0x00,
    0xFE, 0x00, 0x00, 0x07, 0xFF, 0xFF, 0x80, 0x3F, 0xFF, 0xFF, 0x01, 0xFF, 0xFF, 0xFE, 0x0F, 0xFF,
    0xFF, 0xF8, 0x7F, 0xFF, 0xFF, 0xE3, 0xF8, 0x03, 0xFF, 0x9F, 0xC0, 0x03, 0xFC, 0xFE, 0x00, 0x0F,
    0xE7, 0xF0, 0x00, 0x3F, 0xBF, 0x80, 0x01, 0xFD, 0xFC, 0x00, 0x0F, 0xEF, 0xE0, 0x00, 0x7F, 0x7F,
    0x00, 0x03, 0xFB, 0xF8, 0x00, 0x1F, 0xDF, 0xC0, 0x00, 0xFE, 0xFE, 0x00, 0x0F, 0xF7, 0xF0, 0x00,
    0xFF, 0x3F, 0x80, 0x1F, 0xF9, 0xFF, 0xFF, 0xFF, 0x8F, 0xFF, 0xFF, 0xF8, 0x7F, 0xFF, 0xFF, 0x83,
    0xFF, 0xFF, 0xF8, 0x1F, 0xFF, 0xFE, 0x00, 0xFF, 0xFE, 0x00, 0x07, 0xF0, 0x00, 0x00, 0x3F, 0x80,
    0x00, 0x01, 0xFC, 0x00, 0x00, 0x0F, 0xE0, 0x00, 0x00, 0x7F, 0x00, 0x00, 0x03, 0xF8, 0x00, 0x00,
    0x1F, 0xC0, 0x00, 0x00, 0xFE, 0x00, 0x00, 0x00, 0x00, 0x0C, 0x00, 0x00, 0x07, 0xFF, 0xC0, 0x00,
    0x7F, 0xFF, 0xC0, 0x03, 0xFF, 0xFF, 0x80, 0x1F, 0xFF, 0xFF, 0x00, 0xFF, 0xFF, 0xFE, 0x03, 0xFF,
    0x1F, 0xFC, 0x1F, 0xF0, 0x1F, 0xF0, 0x7F, 0x80, 0x3F, 0xC1, 0xFC, 0x00, 0x7F, 0x87, 0xF0, 0x01,
    0xFE, 0x3F, 0x80, 0x03, 0xF8, 0xFE, 0x00, 0x0F, 0xE3, 0xF8, 0x00, 0x7F, 0x0F, 0xE0, 0x01, 0xFC,
    0x3F, 0x80, 0x07, 0xF0, 0xFE, 0x00, 0x3F, 0x83, 0xF8, 0x03, 0xFC, 0x0F, 0xE0, 0xFF, 0xE0, 0x3F,
    0x83, 0xFE, 0x00, 0xFE, 0x0F, 0xFE, 0x03, 0xF8, 0x3F, 0xFE, 0x0F, 0xE0, 0xFF, 0xFC, 0x3F, 0x83,
    0xFF, 0xF8, 0xFE, 0x00, 0x1F, 0xF3, 0xF8, 0x00, 0x1F, 0xCF, 0xE0, 0x00, 0x7F, 0xBF, 0x80, 0x00,
    0xFE, 0xFE, 0x00, 0x03, 0xFB, 0xF8, 0x00, 0x0F, 0xEF, 0xE0, 0x00, 0x3F, 0xBF, 0x80, 0x00, 0xFE,
    0xFE, 0x00, 0x07, 0xFB, 0xF8, 0x00, 0x1F, 0xEF, 0xE0, 0x01, 0xFF, 0x3F, 0x83, 0xFF, 0xFC, 0xFE,
    0x0F, 0xFF, 0xE3, 0xF8, 0x3F, 0xFF, 0x0F, 0xE0, 0xFF, 0xF8, 0x3F, 0x83, 0xFF, 0xC0, 0xFE, 0x0F,
    0xF8, 0x00, 0x07, 0xF0, 0x00, 0x00, 0x7F, 0x00, 0x00, 0x07, 0xE0, 0x00, 0x00, 0x7E, 0x00, 0x00,
    0x0F, 0xC0, 0x00, 0x00, 0xFC, 0x00, 0x00, 0x0F, 0x80, 0x00, 0x00, 0xF8, 0x00, 0x00, 0x1F, 0x00,
    0x00, 0x00, 0x00, 0x00, 0x00, 0x00, 0x00, 0x00, 0x00, 0x00, 0x00, 0x07, 0xFE, 0x00, 0x03, 0xFF,
    0xF8, 0x01, 0xFF, 0xFF, 0x80, 0x7F, 0xFF, 0xF8, 0x1F, 0xFF, 0xFF, 0x83, 0xFC, 0x0F, 0xF0, 0xFF,
    0x00, 0xFF, 0x1F, 0xC0, 0x0F, 0xE3, 0xF0, 0x01, 0xFC, 0x00, 0x00, 0x3F, 0x80, 0x00, 0x07, 0xF0,
    0x00, 0x03, 0xFE, 0x00, 0x7F, 0xFF, 0xC0, 0x7F, 0xFF, 0xF8, 0x3F, 0xFF, 0xFF, 0x0F, 0xFF, 0xFF,
    0xE3, 0xFF, 0xC1, 0xFC, 0x7F, 0x80, 0x3F, 0x9F, 0xC0, 0x07, 0xF3, 0xF8, 0x00, 0xFE, 0x7F, 0x00,
    0x1F, 0xCF, 0xE0, 0x07, 0xF9, 0xFC, 0x00, 0xFF, 0x3F, 0xC0, 0x7F, 0xE3, 0xFF, 0xFF, 0xFC, 0x7F,
    0xFF, 0xFF, 0x87, 0xFF, 0xF7, 0xF0, 0x7F, 0xFC, 0xFE, 0x03, 0xFF, 0x1F, 0xC0, 0x00, 0x00, 0x00,
    0x00, 0x01, 0xFC, 0x00, 0x00, 0x7F, 0x00, 0x00, 0x0F, 0xC0, 0x00, 0x03, 0xF0, 0x00, 0x00, 0x7E,
    0x00, 0x00, 0x1F, 0x80, 0x00, 0x03, 0xE0, 0x00, 0x00, 0xFC, 0x00, 0x00, 0x1F, 0x00, 0x00, 0x00,
    0x00, 0x00, 0x00, 0x00, 0x00, 0x00, 0x00, 0x00, 0x00, 0x07, 0xFE, 0x00, 0x03, 0xFF, 0xF8, 0x01,
    0xFF, 0xFF, 0x80, 0x7F, 0xFF, 0xF8, 0x1F, 0xFF, 0xFF, 0x83, 0xFC, 0x0F, 0xF0, 0xFF, 0x00, 0xFF,
    0x1F, 0xC0, 0x0F, 0xE3, 0xF0, 0x01, 0xFC, 0x00, 0x00, 0x3F, 0x80, 0x00, 0x07, 0xF0, 0x00, 0x03,
    0xFE, 0x00, 0x7F, 0xFF, 0xC0, 0x7F, 0xFF, 0xF8, 0x3F, 0xFF, 0xFF, 0x0F, 0xFF, 0xFF, 0xE3, 0xFF,
    0xC1, 0xFC, 0x7F, 0x80, 0x3F, 0x9F, 0xC0, 0x07, 0xF3, 0xF8, 0x00, 0xFE, 0x7F, 0x00, 0x1F, 0xCF,
    0xE0, 0x07, 0xF9, 0xFC, 0x00, 0xFF, 0x3F, 0xC0, 0x7F, 0xE3, 0xFF, 0xFF, 0xFC, 0x7F, 0xFF, 0xFF,
    0x87, 0xFF, 0xF7, 0xF0, 0x7F, 0xFC, 0xFE, 0x03, 0xFF, 0x1F, 0xC0, 0x00, 0x00, 0x00, 0x00, 0x1F,
    0x80, 0x00, 0x07, 0xF8, 0x00, 0x00, 0xFF, 0x80, 0x00, 0x3F, 0xF8, 0x00, 0x0F, 0xDF, 0x80, 0x03,
    0xF1, 0xF0, 0x00, 0xFC, 0x1F, 0x00, 0x3F, 0x03, 0xF0, 0x00, 0x00, 0x01, 0x00, 0x00, 0x00, 0x00,
    0x00, 0x00, 0x00, 0x00, 0x00, 0x00, 0x00, 0x07, 0xFE, 0x00, 0x03, 0xFF, 0xF8, 0x01, 0xFF, 0xFF,
    0x80, 0x7F, 0xFF, 0xF8, 0x1F, 0xFF, 0xFF, 0x83, 0xFC, 0x0F, 0xF0, 0xFF, 0x00, 0xFF, 0x1F, 0xC0,
    0x0F, 0xE3, 0xF0, 0x01, 0xFC, 0x00, 0x00, 0x3F, 0x80, 0x00, 0x07, 0xF0, 0x00, 0x03, 0xFE, 0x00,
    0x7F, 0xFF, 0xC0, 0x7F, 0xFF, 0xF8, 0x3F, 0xFF, 0xFF, 0x0F, 0xFF, 0xFF, 0xE3, 0xFF, 0xC1, 0xFC,
    0x7F, 0x80, 0x3F, 0x9F, 0xC0, 0x07, 0xF3, 0xF8, 0x00, 0xFE, 0x7F, 0x00, 0x1F, 0xCF, 0xE0, 0x07,
    0xF9, 0xFC, 0x00, 0xFF, 0x3F, 0xC0, 0x7F, 0xE3, 0xFF, 0xFF, 0xFC, 0x7F, 0xFF, 0xFF, 0x87, 0xFF,
    0xF7, 0xF0, 0x7F, 0xFC, 0xFE, 0x03, 0xFF, 0x1F, 0xC0, 0x00, 0x00, 0x00, 0x00, 0x00, 0x00, 0x00,
    0x1F, 0x03, 0xC0, 0x07, 0xF8, 0x78, 0x01, 0xFF, 0xFF, 0x00, 0x3F, 0xFF, 0xC0, 0x07, 0x8F, 0xF8,
    0x00, 0xF0, 0xFE, 0x00, 0x00, 0x03, 0x00, 0x00, 0x00, 0x00, 0x00, 0x00, 0x00, 0x00, 0x00, 0x00,
    0x00, 0x00, 0x00, 0x00, 0x00, 0x07, 0xFE, 0x00, 0x03, 0xFF, 0xF8, 0x01, 0xFF, 0xFF, 0x80, 0x7F,
    0xFF, 0xF8, 0x1F, 0xFF, 0xFF, 0x83, 0xFC, 0x0F, 0xF0, 0xFF, 0x00, 0xFF, 0x1F, 0xC0, 0x0F, 0xE3,
    0xF0, 0x01, 0xFC, 0x00, 0x00, 0x3F, 0x80, 0x00, 0x07, 0xF0, 0x00, 0x03, 0xFE, 0x00, 0x7F, 0xFF,
    0xC0, 0x7F, 0xFF, 0xF8, 0x3F, 0xFF, 0xFF, 0x0F, 0xFF, 0xFF, 0xE3, 0xFF, 0xC1, 0xFC, 0x7F, 0x80,
    0x3F, 0x9F, 0xC0, 0x07, 0xF3, 0xF8, 0x00, 0xFE, 0x7F, 0x00, 0x1F, 0xCF, 0xE0, 0x07, 0xF9, 0xFC,
    0x00, 0xFF, 0x3F, 0xC0, 0x7F, 0xE3, 0xFF, 0xFF, 0xFC, 0x7F, 0xFF, 0xFF, 0x87, 0xFF, 0xF7, 0xF0,
    0x7F, 0xFC, 0xFE, 0x03, 0xFF, 0x1F, 0xC0, 0x00, 0x00, 0x00, 0x01, 0x80, 0x18, 0x00, 0xFC, 0x0F,
    0xC0, 0x1F, 0xC3, 0xF8, 0x07, 0xF8, 0x7F, 0x80, 0xFF, 0x0F, 0xF0, 0x1F, 0xE1, 0xFE, 0x01, 0xF8,
    0x1F, 0x80, 0x1E, 0x01, 0xE0, 0x00, 0x00, 0x00, 0x00, 0x00, 0x00, 0x00, 0x00, 0x00, 0x00, 0x00,
    0x00, 0x00, 0x00, 0x07, 0xFE, 0x00, 0x03, 0xFF, 0xF8, 0x01, 0xFF, 0xFF, 0x80, 0x7F, 0xFF, 0xF8,
    0x1F, 0xFF, 0xFF, 0x83, 0xFC, 0x0F, 0xF0, 0xFF, 0x00, 0xFF, 0x1F, 0xC0, 0x0F, 0xE3, 0xF0, 0x01,
    0xFC, 0x00, 0x00, 0x3F, 0x80, 0x00, 0x07, 0xF0, 0x00, 0x03, 0xFE, 0x00, 0x7F, 0xFF, 0xC0, 0x7F,
    0xFF, 0xF8, 0x3F, 0xFF, 0xFF, 0x0F, 0xFF, 0xFF, 0xE3, 0xFF, 0xC1, 0xFC, 0x7F, 0x80, 0x3F, 0x9F,
    0xC0, 0x07, 0xF3, 0xF8, 0x00, 0xFE, 0x7F, 0x00, 0x1F, 0xCF, 0xE0, 0x07, 0xF9, 0xFC, 0x00, 0xFF,
    0x3F, 0xC0, 0x7F, 0xE3, 0xFF, 0xFF, 0xFC, 0x7F, 0xFF, 0xFF, 0x87, 0xFF, 0xF7, 0xF0, 0x7F, 0xFC,
    0xFE, 0x03, 0xFF, 0x1F, 0xC0, 0x00, 0x00, 0x00, 0x00, 0x0F, 0x00, 0x00, 0x07, 0xF8, 0x00, 0x01,
    0xFF, 0x80, 0x00, 0x7F, 0xF8, 0x00, 0x0F, 0x0F, 0x80, 0x03, 0xC0, 0xF0, 0x00, 0x78, 0x1E, 0x00,
    0x0F, 0x03, 0xC0, 0x00, 0xF0, 0xF8, 0x00, 0x1F, 0xFE, 0x00, 0x01, 0xFF, 0xC0, 0x00, 0x1F, 0xF0,
    0x00, 0x01, 0xF8, 0x00, 0x00, 0x00, 0x00, 0x00, 0x00, 0x00, 0x00, 0x03, 0xFF, 0x00, 0x01, 0xFF,
    0xFC, 0x00, 0xFF, 0xFF, 0xC0, 0x3F, 0xFF, 0xFC, 0x0F, 0xFF, 0xFF, 0xC1, 0xFE, 0x07, 0xF8, 0x7F,
    0x80, 0x7F, 0x8F, 0xE0, 0x07, 0xF1, 0xF8, 0x00, 0xFE, 0x00, 0x00, 0x1F, 0xC0, 0x00, 0x03, 0xF8,
    0x00, 0x01, 0xFF, 0x00, 0x3F, 0xFF, 0xE0, 0x3F, 0xFF, 0xFC, 0x1F, 0xFF, 0xFF, 0x87, 0xFF, 0xFF,
    0xF1, 0xFF, 0xE0, 0xFE, 0x3F, 0xC0, 0x1F, 0xCF, 0xE0, 0x03, 0xF9, 0xFC, 0x00, 0x7F, 0x3F, 0x80,
    0x0F, 0xE7, 0xF0, 0x03, 0xFC, 0xFE, 0x00, 0x7F, 0x9F, 0xE0, 0x3F, 0xF1, 0xFF, 0xFF, 0xFE, 0x3F,
    0xFF, 0xFF, 0xC3, 0xFF, 0xFB, 0xF8, 0x3F, 0xFE, 0x7F, 0x01, 0xFF, 0x8F, 0xE0, 0x00, 0x00, 0x00,
    0x00, 0x00, 0x00, 0x00, 0x00, 0x00, 0x00, 0xFF, 0xC0, 0x1F, 0xF0, 0x00, 0x07, 0xFF, 0xE0, 0xFF,
    0xFC, 0x00, 0x3F, 0xFF, 0xE3, 0xFF, 0xFC, 0x00, 0xFF, 0xFF, 0xFF, 0xFF, 0xFC, 0x03, 0xFF, 0xFF,
    0xFF, 0xFF, 0xFC, 0x07, 0xF8, 0x1F, 0xFF, 0x07, 0xFC, 0x1F, 0xE0, 0x1F, 0xF8, 0x03, 0xF8, 0x3F,
    0x80, 0x1F, 0xE0, 0x03, 0xF8, 0x7E, 0x00, 0x3F, 0xC0, 0x03, 0xF0, 0x00, 0x00, 0x7F, 0x00, 0x07,
    0xE0, 0x00, 0x00, 0xFE, 0x00, 0x0F, 0xE0, 0x00, 0x01, 0xFC, 0x00, 0x1F, 0xC0, 0x0F, 0xFF, 0xFF,
    0xFF, 0xFF, 0x80, 0xFF, 0xFF, 0xFF, 0xFF, 0xFF, 0x07, 0xFF, 0xFF, 0xFF, 0xFF, 0xFE, 0x1F, 0xFF,
    0xFF, 0xFF, 0xFF, 0xFC, 0x7F, 0xF0, 0x3F, 0x00, 0x00, 0x00, 0xFE, 0x00, 0x7F, 0x00, 0x00, 0x03,
    0xF8, 0x00, 0xFE, 0x00, 0x00, 0x07, 0xF0, 0x01, 0xFC, 0x00, 0x00, 0x0F, 0xE0, 0x03, 0xF8, 0x00,
    0x3F, 0x9F, 0xC0, 0x0F, 0xF8, 0x00, 0x7E, 0x3F, 0x80, 0x1F, 0xF8, 0x01, 0xFC, 0x7F, 0x80, 0xFF,
    0xF8, 0x0F, 0xF8, 0x7F, 0xFF, 0xFF, 0xFF, 0xFF, 0xE0, 0xFF, 0xFF, 0xE7, 0xFF, 0xFF, 0x80, 0xFF,
    0xFF, 0x87, 0xFF, 0xFE, 0x00, 0xFF, 0xFE, 0x07, 0xFF, 0xF8, 0x00, 0x7F, 0xF0, 0x03, 0xFF, 0xC0,
    0x00, 0x00, 0x00, 0x00, 0x78, 0x00, 0x00, 0x00, 0x00, 0x00, 0x00, 0x03, 0xFF, 0x00, 0x00, 0xFF,
    0xFC, 0x00, 0x3F, 0xFF, 0xE0, 0x07, 0xFF, 0xFF, 0x80, 0xFF, 0xFF, 0xF8, 0x1F, 0xF8, 0xFF, 0xC1,
    0xFE, 0x01, 0xFE, 0x3F, 0xC0, 0x0F, 0xE3, 0xF8, 0x00, 0xFE, 0x3F, 0x80, 0x07, 0xF7, 0xF0, 0x00,
    0x00, 0x7F, 0x00, 0x00, 0x07, 0xF0, 0x00, 0x00, 0x7F, 0x00, 0x00, 0x07, 0xF0, 0x00, 0x00, 0x7F,
    0x00, 0x00, 0x07, 0xF0, 0x00, 0x00, 0x7F, 0x00, 0x00, 0x07, 0xF0, 0x00, 0x00, 0x7F, 0x80, 0x07,
    0xF3, 0xF8, 0x00, 0xFE, 0x3F, 0xC0, 0x0F, 0xE1, 0xFE, 0x01, 0xFE, 0x1F, 0xF0, 0x7F, 0xC0, 0xFF,
    0xFF, 0xFC, 0x07, 0xFF, 0xFF, 0x80, 0x3F, 0xFF, 0xF0, 0x01, 0xFF, 0xFC, 0x00, 0x07, 0xFF, 0x80,
    0x00, 0x07, 0x80, 0x00, 0x00, 0x70, 0x00, 0x00, 0x07, 0xC0, 0x00, 0x00, 0xFF, 0x00, 0x00, 0x0F,
    0xF8, 0x00, 0x00, 0x07, 0x80, 0x00, 0x00, 0x78, 0x00, 0x00, 0x0F, 0x80, 0x00, 0x1F, 0xF8, 0x00,
    0x01, 0xFF, 0x00, 0x00, 0x1F, 0xE0, 0x00, 0x00, 0x00, 0x00, 0x03, 0xF8, 0x00, 0x00, 0x0F, 0xE0,
    0x00, 0x00, 0x3F, 0x00, 0x00, 0x00, 0xFC, 0x00, 0x00, 0x07, 0xE0, 0x00, 0x00, 0x1F, 0x80, 0x00,
    0x00, 0x7C, 0x00, 0x00, 0x01, 0xF0, 0x00, 0x00, 0x0F, 0x80, 0x00, 0x00, 0x00, 0x00, 0x00, 0x00,
    0x00, 0x00, 0x00, 0x00, 0x00, 0x00, 0x03, 0xFE, 0x00, 0x00, 0x7F, 0xFE, 0x00, 0x0F, 0xFF, 0xF8,
    0x00, 0xFF, 0xFF, 0xE0, 0x0F, 0xFF, 0xFF, 0x80, 0xFF, 0x83, 0xFE, 0x07, 0xF0, 0x07, 0xF0, 0x7F,
    0x00, 0x1F, 0xC3, 0xF8, 0x00, 0x7E, 0x1F, 0x80, 0x03, 0xF9, 0xFC, 0x00, 0x1F, 0xCF, 0xE0, 0x00,
    0x7E, 0x7F, 0xFF, 0xFF, 0xF3, 0xFF, 0xFF, 0xFF, 0x9F, 0xFF, 0xFF, 0xFC, 0xFF, 0xFF, 0xFF, 0xE7,
    0xF0, 0x00, 0x00, 0x3F, 0x80, 0x00, 0x01, 0xFC, 0x00, 0x00, 0x0F, 0xE0, 0x00, 0x00, 0x3F, 0x80,
    0x07, 0xE1, 0xFC, 0x00, 0x3F, 0x87, 0xF0, 0x03, 0xF8, 0x3F, 0xC0, 0x7F, 0xC0, 0xFF, 0xFF, 0xFC,
    0x03, 0xFF, 0xFF, 0xC0, 0x0F, 0xFF, 0xFC, 0x00, 0x3F, 0xFF, 0xC0, 0x00, 0x7F, 0xF8, 0x00, 0x00,
    0x3C, 0x00, 0x00, 0x00, 0x00, 0xFE, 0x00, 0x00, 0x0F, 0xE0, 0x00, 0x00, 0x7E, 0x00, 0x00, 0x07,
    0xE0, 0x00, 0x00, 0x3F, 0x00, 0x00, 0x03, 0xF0, 0x00, 0x00, 0x1F, 0x00, 0x00, 0x01, 0xF8, 0x00,
    0x00, 0x0F, 0x80, 0x00, 0x00, 0x00, 0x00, 0x00, 0x00, 0x00, 0x00, 0x00, 0x00, 0x00, 0x00, 0x03,
    0xFE, 0x00, 0x00, 0x7F, 0xFE, 0x00, 0x0F, 0xFF, 0xF8, 0x00, 0xFF, 0xFF, 0xE0, 0x0F, 0xFF, 0xFF,
    0x80, 0xFF, 0x83, 0xFE, 0x07, 0xF0, 0x07, 0xF0, 0x7F, 0x00, 0x1F, 0xC3, 0xF8, 0x00, 0x7E, 0x1F,
    0x80, 0x03, 0xF9, 0xFC, 0x00, 0x1F, 0xCF, 0xE0, 0x00, 0x7E, 0x7F, 0xFF, 0xFF, 0xF3, 0xFF, 0xFF,
    0xFF, 0x9F, 0xFF, 0xFF, 0xFC, 0xFF, 0xFF, 0xFF, 0xE7, 0xF0, 0x00, 0x00, 0x3F, 0x80, 0x00, 0x01,
    0xFC, 0x00, 0x00, 0x0F, 0xE0, 0x00, 0x00, 0x3F, 0x80, 0x07, 0xE1, 0xFC, 0x00, 0x3F, 0x87, 0xF0,
    0x03, 0xF8, 0x3F, 0xC0, 0x7F, 0xC0, 0xFF, 0xFF, 0xFC, 0x03, 0xFF, 0xFF, 0xC0, 0x0F, 0xFF, 0xFC,
    0x00, 0x3F, 0xFF, 0xC0, 0x00, 0x7F, 0xF8, 0x00, 0x00, 0x3C, 0x00, 0x00, 0x00, 0x1F, 0x80, 0x00,
    0x01, 0xFE, 0x00, 0x00, 0x0F, 0xF8, 0x00, 0x00, 0xFF, 0xE0, 0x00, 0x0F, 0xDF, 0x80, 0x00, 0xFC,
    0x7C, 0x00, 0x0F, 0xC1, 0xF0, 0x00, 0xFC, 0x0F, 0xC0, 0x00, 0x00, 0x01, 0x00, 0x00, 0x00, 0x00,
    0x00, 0x00, 0x00, 0x00, 0x00, 0x00, 0x00, 0x00, 0x03, 0xFE, 0x00, 0x00, 0x7F, 0xFE, 0x00, 0x0F,
    0xFF, 0xF8, 0x00, 0xFF, 0xFF, 0xE0, 0x0F, 0xFF, 0xFF, 0x80, 0xFF, 0x83, 0xFE, 0x07, 0xF0, 0x07,
    0xF0, 0x7F, 0x00, 0x1F, 0xC3, 0xF8, 0x00, 0x7E, 0x1F, 0x80, 0x03, 0xF9, 0xFC, 0x00, 0x1F, 0xCF,
    0xE0, 0x00, 0x7E, 0x7F, 0xFF, 0xFF, 0xF3, 0xFF, 0xFF, 0xFF, 0x9F, 0xFF, 0xFF, 0xFC, 0xFF, 0xFF,
    0xFF, 0xE7, 0xF0, 0x00, 0x00, 0x3F, 0x80, 0x00, 0x01, 0xFC, 0x00, 0x00, 0x0F, 0xE0, 0x00, 0x00,
    0x3F, 0x80, 0x07, 0xE1, 0xFC, 0x00, 0x3F, 0x87, 0xF0, 0x03, 0xF8, 0x3F, 0xC0, 0x7F, 0xC0, 0xFF,
    0xFF, 0xFC, 0x03, 0xFF, 0xFF, 0xC0, 0x0F, 0xFF, 0xFC, 0x00, 0x3F, 0xFF, 0xC0, 0x00, 0x7F, 0xF8,
    0x00, 0x00, 0x3C, 0x00, 0x00, 0x00, 0xC0, 0x0C, 0x00, 0x1F, 0x81, 0xF8, 0x00, 0xFE, 0x1F, 0xC0,
    0x0F, 0xF0, 0xFF, 0x00, 0x7F, 0x87, 0xF8, 0x03, 0xFC, 0x3F, 0xC0, 0x0F, 0xC0, 0xFC, 0x00, 0x3C,
    0x03, 0xC0, 0x00, 0x00, 0x00, 0x00, 0x00, 0x00, 0x00, 0x00, 0x00, 0x00, 0x00, 0x00, 0x00, 0x00,
    0x00, 0x03, 0xFE, 0x00, 0x00, 0x7F, 0xFE, 0x00, 0x0F, 0xFF, 0xF8, 0x00, 0xFF, 0xFF, 0xE0, 0x0F,
    0xFF, 0xFF, 0x80, 0xFF, 0x83, 0xFE, 0x07, 0xF0, 0x07, 0xF0, 0x7F, 0x00, 0x1F, 0xC3, 0xF8, 0x00,
    0x7E, 0x1F, 0x80, 0x03, 0xF9, 0xFC, 0x00, 0x1F, 0xCF, 0xE0, 0x00, 0x7E, 0x7F, 0xFF, 0xFF, 0xF3,
    0xFF, 0xFF, 0xFF, 0x9F, 0xFF, 0xFF, 0xFC, 0xFF, 0xFF, 0xFF, 0xE7, 0xF0, 0x00, 0x00, 0x3F, 0x80,
    0x00, 0x01, 0xFC, 0x00, 0x00, 0x0F, 0xE0, 0x00, 0x00, 0x3F, 0x80, 0x07, 0xE1, 0xFC, 0x00, 0x3F,
    0x87, 0xF0, 0x03, 0xF8, 0x3F, 0xC0, 0x7F, 0xC0, 0xFF, 0xFF, 0xFC, 0x03, 0xFF, 0xFF, 0xC0, 0x0F,
    0xFF, 0xFC, 0x00, 0x3F, 0xFF, 0xC0, 0x00, 0x7F, 0xF8, 0x00, 0x00, 0x3C, 0x00, 0x00, 0xFE, 0x07,
    0xF0, 0x3F, 0x01, 0xF8, 0x1F, 0x80, 0xFC, 0x07, 0xC0, 0x3E, 0x03, 0xE0, 0x00, 0x00, 0x00, 0x00,
    0x07, 0xF0, 0x7F, 0x07, 0xF0, 0x7F, 0x07, 0xF0, 0x7F, 0x07, 0xF0, 0x7F, 0x07, 0xF0, 0x7F, 0x07,
    0xF0, 0x7F, 0x07, 0xF0, 0x7F, 0x07, 0xF0, 0x7F, 0x07, 0xF0, 0x7F, 0x07, 0xF0, 0x7F, 0x07, 0xF0,
    0x7F, 0x07, 0xF0, 0x7F, 0x07, 0xF0, 0x7F, 0x07, 0xF0, 0x7F, 0x07, 0xF0, 0x07, 0xF0, 0xFE, 0x0F,
    0xC1, 0xF8, 0x1F, 0x83, 0xF0, 0x3E, 0x07, 0xE0, 0x7C, 0x00, 0x00, 0x00, 0x00, 0x00, 0xFE, 0x0F,
    0xE0, 0xFE, 0x0F, 0xE0, 0xFE, 0x0F, 0xE0, 0xFE, 0x0F, 0xE0, 0xFE, 0x0F, 0xE0, 0xFE, 0x0F, 0xE0,
    0xFE, 0x0F, 0xE0, 0xFE, 0x0F, 0xE0, 0xFE, 0x0F, 0xE0, 0xFE, 0x0F, 0xE0, 0xFE, 0x0F, 0xE0, 0xFE,
    0x0F, 0xE0, 0xFE, 0x0F, 0xE0, 0xFE, 0x0F, 0xE0, 0xFE, 0x00, 0x03, 0xF0, 0x00, 0x7F, 0x80, 0x07,
    0xFC, 0x00, 0xFF, 0xE0, 0x1F, 0xBF, 0x03, 0xF1, 0xF0, 0x7E, 0x0F, 0x8F, 0xC0, 0xFC, 0x00, 0x00,
    0x20, 0x00, 0x00, 0x00, 0x00, 0x00, 0x00, 0x00, 0x03, 0xF8, 0x00, 0x3F, 0x80, 0x03, 0xF8, 0x00,
    0x3F, 0x80, 0x03, 0xF8, 0x00, 0x3F, 0x80, 0x03, 0xF8, 0x00, 0x3F, 0x80, 0x03, 0xF8, 0x00, 0x3F,
    0x80, 0x03, 0xF8, 0x00, 0x3F, 0x80, 0x03, 0xF8, 0x00, 0x3F, 0x80, 0x03, 0xF8, 0x00, 0x3F, 0x80,
    0x03, 0xF8, 0x00, 0x3F, 0x80, 0x03, 0xF8, 0x00, 0x3F, 0x80, 0x03, 0xF8, 0x00, 0x3F, 0x80, 0x03,
    0xF8, 0x00, 0x3F, 0x80, 0x03, 0xF8, 0x00, 0x3F, 0x80, 0x03, 0xF8, 0x00, 0x3F, 0x80, 0x03, 0xF8,
    0x00, 0x0C, 0x00, 0xC1, 0xF8, 0x1F, 0x8F, 0xE1, 0xFC, 0xFF, 0x0F, 0xF7, 0xF8, 0x7F, 0xBF, 0xC3,
    0xFC, 0xFC, 0x0F, 0xC3, 0xC0, 0x3C, 0x00, 0x00, 0x00, 0x00, 0x00, 0x00, 0x00, 0x00, 0x00, 0x00,
    0x00, 0x1F, 0xC0, 0x00, 0xFE, 0x00, 0x07, 0xF0, 0x00, 0x3F, 0x80, 0x01, 0xFC, 0x00, 0x0F, 0xE0,
    0x00, 0x7F, 0x00, 0x03, 0xF8, 0x00, 0x1F, 0xC0, 0x00, 0xFE, 0x00, 0x07, 0xF0, 0x00, 0x3F, 0x80,
    0x01, 0xFC, 0x00, 0x0F, 0xE0, 0x00, 0x7F, 0x00, 0x03, 0xF8, 0x00, 0x1F, 0xC0, 0x00, 0xFE, 0x00,
    0x07, 0xF0, 0x00, 0x3F, 0x80, 0x01, 0xFC, 0x00, 0x0F, 0xE0, 0x00, 0x7F, 0x00, 0x03, 0xF8, 0x00,
    0x1F, 0xC0, 0x00, 0xFE, 0x00, 0x07, 0xF0, 0x00, 0x3F, 0x80, 0x01, 0xFC, 0x00, 0x00, 0x00, 0x00,
    0x00, 0x0E, 0x00, 0x00, 0x00, 0x7C, 0x00, 0x80, 0x07, 0xF8, 0x1E, 0x00, 0x3F, 0xE3, 0xF0, 0x00,
    0x7F, 0xFF, 0x80, 0x00, 0xFF, 0xF0, 0x00, 0x03, 0xFE, 0x00, 0x00, 0x3F, 0xF0, 0x00, 0x07, 0xFF,
    0xC0, 0x00, 0xFF, 0x7F, 0x00, 0x07, 0xE1, 0xFC, 0x00, 0x3C, 0x07, 0xF0, 0x00, 0x80, 0x1F, 0x80,
    0x00, 0x00, 0x7E, 0x00, 0x07, 0xE3, 0xF8, 0x01, 0xFF, 0xCF, 0xC0, 0x1F, 0xFF, 0x3F, 0x01, 0xFF,
    0xFD, 0xF8, 0x1F, 0xFF, 0xFF, 0xC1, 0xFF, 0x03, 0xFF, 0x0F, 0xE0, 0x0F, 0xF8, 0xFE, 0x00, 0x3F,
    0xC7, 0xF0, 0x00, 0xFE, 0x7F, 0x00, 0x07, 0xF3, 0xF8, 0x00, 0x1F, 0xDF, 0xC0, 0x00, 0xFE, 0xFE,
    0x00, 0x07, 0xF7, 0xF0, 0x00, 0x3F, 0xBF, 0x80, 0x01, 0xFD, 0xFC, 0x00, 0x0F, 0xCF, 0xE0, 0x00,
    0x7E, 0x7F, 0x00, 0x03, 0xF3, 0xF8, 0x00, 0x3F, 0x8F, 0xE0, 0x01, 0xFC, 0x7F, 0x00, 0x1F, 0xC3,
    0xFC, 0x01, 0xFE, 0x0F, 0xF8, 0x1F, 0xE0, 0x3F, 0xFF, 0xFF, 0x00, 0xFF, 0xFF, 0xF0, 0x03, 0xFF,
    0xFF, 0x00, 0x0F, 0xFF, 0xE0, 0x00, 0x1F, 0xFE, 0x00, 0x00, 0x0F, 0x00, 0x00, 0x00, 0x00, 0x00,
    0x00, 0x7C, 0x0F, 0x00, 0x3F, 0xC3, 0xC0, 0x1F, 0xFF, 0xF0, 0x07, 0xFF, 0xF8, 0x01, 0xE3, 0xFE,
    0x00, 0x78, 0x7F, 0x00, 0x00, 0x03, 0x00, 0x00, 0x00, 0x00, 0x00, 0x00, 0x00, 0x00, 0x00, 0x00,
    0x00, 0x00, 0x00, 0x00, 0xFE, 0x0F, 0xF0, 0x3F, 0x8F, 0xFF, 0x0F, 0xE7, 0xFF, 0xE3, 0xFB, 0xFF,
    0xFC, 0xFF, 0xFF, 0xFF, 0x3F, 0xFF, 0xFF, 0xEF, 0xFC, 0x0F, 0xFB, 0xFE, 0x00, 0xFE, 0xFF, 0x00,
    0x3F, 0xFF, 0x80, 0x07, 0xFF, 0xE0, 0x01, 0xFF, 0xF8, 0x00, 0x7F, 0xFE, 0x00, 0x1F, 0xFF, 0x80,
    0x07, 0xFF, 0xE0, 0x01, 0xFF, 0xF8, 0x00, 0x7F, 0xFE, 0x00, 0x1F, 0xFF, 0x80, 0x07, 0xFF, 0xE0,
    0x01, 0xFF, 0xF8, 0x00, 0x7F, 0xFE, 0x00, 0x1F, 0xFF, 0x80, 0x07, 0xFF, 0xE0, 0x01, 0xFF, 0xF8,
    0x00, 0x7F, 0xFE, 0x00, 0x1F, 0xFF, 0x80, 0x07, 0xFF, 0xE0, 0x01, 0xFF, 0xF8, 0x00, 0x7F, 0xFE,
    0x00, 0x1F, 0xC0, 0x03, 0xF8, 0x00, 0x00, 0x0F, 0xE0, 0x00, 0x00, 0x3F, 0x00, 0x00, 0x00, 0xFC,
    0x00, 0x00, 0x07, 0xE0, 0x00, 0x00, 0x1F, 0x80, 0x00, 0x00, 0x7C, 0x00, 0x00, 0x01, 0xF0, 0x00,
    0x00, 0x0F, 0x80, 0x00, 0x00, 0x00, 0x00, 0x00, 0x00, 0x00, 0x00, 0x00, 0x00, 0x00, 0x00, 0x03,
    0xFF, 0x00, 0x00, 0x7F, 0xFE, 0x00, 0x0F, 0xFF, 0xFC, 0x00, 0xFF, 0xFF, 0xF0, 0x0F, 0xFF, 0xFF,
    0xC0, 0xFF, 0xC7, 0xFE, 0x07, 0xF8, 0x07, 0xF8, 0x7F, 0x80, 0x1F, 0xE3, 0xF8, 0x00, 0x7F, 0x1F,
    0xC0, 0x03, 0xF9, 0xFC, 0x00, 0x1F, 0xEF, 0xE0, 0x00, 0x7F, 0x7F, 0x00, 0x03, 0xFB, 0xF8, 0x00,
    0x1F, 0xDF, 0xC0, 0x00, 0xFE, 0xFE, 0x00, 0x07, 0xF7, 0xF0, 0x00, 0x3F, 0xBF, 0x80, 0x01, 0xFD,
    0xFC, 0x00, 0x0F, 0xEF, 0xF0, 0x00, 0xFE, 0x3F, 0x80, 0x07, 0xF1, 0xFE, 0x00, 0x7F, 0x87, 0xF8,
    0x07, 0xF8, 0x3F, 0xE0, 0xFF, 0xC0, 0xFF, 0xFF, 0xFC, 0x03, 0xFF, 0xFF, 0xC0, 0x0F, 0xFF, 0xFC,
    0x00, 0x3F, 0xFF, 0xC0, 0x00, 0x7F, 0xF8, 0x00, 0x00, 0x3C, 0x00, 0x00, 0x00, 0x00, 0xFE, 0x00,
    0x00, 0x0F, 0xE0, 0x00, 0x00, 0x7E, 0x00, 0x00, 0x07, 0xE0, 0x00, 0x00, 0x3F, 0x00, 0x00, 0x03,
    0xF0, 0x00, 0x00, 0x1F, 0x00, 0x00, 0x01, 0xF8, 0x00, 0x00, 0x0F, 0x80, 0x00, 0x00, 0x00, 0x00,
    0x00, 0x00, 0x00, 0x00, 0x00, 0x00, 0x00, 0x00, 0x03, 0xFF, 0x00, 0x00, 0x7F, 0xFE, 0x00, 0x0F,
    0xFF, 0xFC, 0x00, 0xFF, 0xFF, 0xF0, 0x0F, 0xFF, 0xFF, 0xC0, 0xFF, 0xC7, 0xFE, 0x07, 0xF8, 0x07,
    0xF8, 0x7F, 0x80, 0x1F, 0xE3, 0xF8, 0x00, 0x7F, 0x1F, 0xC0, 0x03, 0xF9, 0xFC, 0x00, 0x1F, 0xEF,
    0xE0, 0x00, 0x7F, 0x7F, 0x00, 0x03, 0xFB, 0xF8, 0x00, 0x1F, 0xDF, 0xC0, 0x00, 0xFE, 0xFE, 0x00,
    0x07, 0xF7, 0xF0, 0x00, 0x3F, 0xBF, 0x80, 0x01, 0xFD, 0xFC, 0x00, 0x0F, 0xEF, 0xF0, 0x00, 0xFE,
    0x3F, 0x80, 0x07, 0xF1, 0xFE, 0x00, 0x7F, 0x87, 0xF8, 0x07, 0xF8, 0x3F, 0xE0, 0xFF, 0xC0, 0xFF,
    0xFF, 0xFC, 0x03, 0xFF, 0xFF, 0xC0, 0x0F, 0xFF, 0xFC, 0x00, 0x3F, 0xFF, 0xC0, 0x00, 0x7F, 0xF8,
    0x00, 0x00, 0x3C, 0x00, 0x00, 0x00, 0x0F, 0xC0, 0x00, 0x00, 0xFF, 0x00, 0x00, 0x07, 0xFC, 0x00,
    0x00, 0x7F, 0xF0, 0x00, 0x07, 0xEF, 0xC0, 0x00, 0x7E, 0x3E, 0x00, 0x07, 0xE0, 0xF8, 0x00, 0x7E,
    0x07, 0xE0, 0x00, 0x00, 0x00, 0x80, 0x00, 0x00, 0x00, 0x00, 0x00, 0x00, 0x00, 0x00, 0x00, 0x00,
    0x00, 0x03, 0xFF, 0x00, 0x00, 0x7F, 0xFE, 0x00, 0x0F, 0xFF, 0xFC, 0x00, 0xFF, 0xFF, 0xF0, 0x0F,
    0xFF, 0xFF, 0xC0, 0xFF, 0xC7, 0xFE, 0x07, 0xF8, 0x07, 0xF8, 0x7F, 0x80, 0x1F, 0xE3, 0xF8, 0x00,
    0x7F, 0x1F, 0xC0, 0x03, 0xF9, 0xFC, 0x00, 0x1F, 0xEF, 0xE0, 0x00, 0x7F, 0x7F, 0x00, 0x03, 0xFB,
    0xF8, 0x00, 0x1F, 0xDF, 0xC0, 0x00, 0xFE, 0xFE, 0x00, 0x07, 0xF7, 0xF0, 0x00, 0x3F, 0xBF, 0x80,
    0x01, 0xFD, 0xFC, 0x00, 0x0F, 0xEF, 0xF0, 0x00, 0xFE, 0x3F, 0x80, 0x07, 0xF1, 0xFE, 0x00, 0x7F,
    0x87, 0xF8, 0x07, 0xF8, 0x3F, 0xE0, 0xFF, 0xC0, 0xFF, 0xFF, 0xFC, 0x03, 0xFF, 0xFF, 0xC0, 0x0F,
    0xFF, 0xFC, 0x00, 0x3F, 0xFF, 0xC0, 0x00, 0x7F, 0xF8, 0x00, 0x00, 0x3C, 0x00, 0x00, 0x00, 0x00,
    0x00, 0x00, 0x03, 0xE0, 0x78, 0x00, 0x3F, 0xC3, 0xC0, 0x03, 0xFF, 0xFE, 0x00, 0x1F, 0xFF, 0xE0,
    0x00, 0xF1, 0xFF, 0x00, 0x07, 0x87, 0xF0, 0x00, 0x00, 0x06, 0x00, 0x00, 0x00, 0x00, 0x00, 0x00,
    0x00, 0x00, 0x00, 0x00, 0x00, 0x00, 0x00, 0x00, 0x00, 0x00, 0x03, 0xFF, 0x00, 0x00, 0x7F, 0xFE,
    0x00, 0x0F, 0xFF, 0xFC, 0x00, 0xFF, 0xFF, 0xF0, 0x0F, 0xFF, 0xFF, 0xC0, 0xFF, 0xC7, 0xFE, 0x07,
    0xF8, 0x07, 0xF8, 0x7F, 0x80, 0x1F, 0xE3, 0xF8, 0x00, 0x7F, 0x1F, 0xC0, 0x03, 0xF9, 0xFC, 0x00,
    0x1F, 0xEF, 0xE0, 0x00, 0x7F, 0x7F, 0x00, 0x03, 0xFB, 0xF8, 0x00, 0x1F, 0xDF, 0xC0, 0x00, 0xFE,
    0xFE, 0x00, 0x07, 0xF7, 0xF0, 0x00, 0x3F, 0xBF, 0x80, 0x01, 0xFD, 0xFC, 0x00, 0x0F, 0xEF, 0xF0,
    0x00, 0xFE, 0x3F, 0x80, 0x07, 0xF1, 0xFE, 0x00, 0x7F, 0x87, 0xF8, 0x07, 0xF8, 0x3F, 0xE0, 0xFF,
    0xC0, 0xFF, 0xFF, 0xFC, 0x03, 0xFF, 0xFF, 0xC0, 0x0F, 0xFF, 0xFC, 0x00, 0x3F, 0xFF, 0xC0, 0x00,
    0x7F, 0xF8, 0x00, 0x00, 0x3C, 0x00, 0x00, 0x00, 0xC0, 0x0C, 0x00, 0x1F, 0x81, 0xF8, 0x00, 0xFE,
    0x1F, 0xC0, 0x0F, 0xF0, 0xFF, 0x00, 0x7F, 0x87, 0xF8, 0x03, 0xFC, 0x3F, 0xC0, 0x0F, 0xC0, 0xFC,
    0x00, 0x3C, 0x03, 0xC0, 0x00, 0x00, 0x00, 0x00, 0x00, 0x00, 0x00, 0x00, 0x00, 0x00, 0x00, 0x00,
    0x00, 0x00, 0x00, 0x03, 0xFF, 0x00, 0x00, 0x7F, 0xFE, 0x00, 0x0F, 0xFF, 0xFC, 0x00, 0xFF, 0xFF,
    0xF0, 0x0F, 0xFF, 0xFF, 0xC0, 0xFF, 0xC7, 0xFE, 0x07, 0xF8, 0x07, 0xF8, 0x7F, 0x80, 0x1F, 0xE3,
    0xF8, 0x00, 0x7F, 0x1F, 0xC0, 0x03, 0xF9, 0xFC, 0x00, 0x1F, 0xEF, 0xE0, 0x00, 0x7F, 0x7F, 0x00,
    0x03, 0xFB, 0xF8, 0x00, 0x1F, 0xDF, 0xC0, 0x00, 0xFE, 0xFE, 0x00, 0x07, 0xF7, 0xF0, 0x00, 0x3F,
    0xBF, 0x80, 0x01, 0xFD, 0xFC, 0x00, 0x0F, 0xEF, 0xF0, 0x00, 0xFE, 0x3F, 0x80, 0x07, 0xF1, 0xFE,
    0x00, 0x7F, 0x87, 0xF8, 0x07, 0xF8, 0x3F, 0xE0, 0xFF, 0xC0, 0xFF, 0xFF, 0xFC, 0x03, 0xFF, 0xFF,
    0xC0, 0x0F, 0xFF, 0xFC, 0x00, 0x3F, 0xFF, 0xC0, 0x00, 0x7F, 0xF8, 0x00, 0x00, 0x3C, 0x00, 0x00,
    0x00, 0x06, 0x00, 0x00, 0x01, 0xF8, 0x00, 0x00, 0x3F, 0xC0, 0x00, 0x03, 0xFC, 0x00, 0x00, 0x3F,
    0xC0, 0x00, 0x03, 0xFC, 0x00, 0x00, 0x3F, 0xC0, 0x00, 0x01, 0xF8, 0x00, 0x00, 0x0E, 0x00, 0x00,
    0x00, 0x00, 0x00, 0x00, 0x00, 0x00, 0x00, 0x00, 0x00, 0x00, 0x7F, 0xFF, 0xFF, 0xE7, 0xFF, 0xFF,
    0xFE, 0x7F, 0xFF, 0xFF, 0xE7, 0xFF, 0xFF, 0xFE, 0x7F, 0xFF, 0xFF, 0xE7, 0xFF, 0xFF, 0xFE, 0x00,
    0x00, 0x00, 0x00, 0x00, 0x00, 0x00, 0x00, 0x00, 0x00, 0x00, 0x00, 0x00, 0x00, 0x00, 0x1F, 0x80,
    0x00, 0x03, 0xF8, 0x00, 0x00, 0x3F, 0xC0, 0x00, 0x03, 0xFC, 0x00, 0x00, 0x3F, 0xC0, 0x00, 0x03,
    0xFC, 0x00, 0x00, 0x1F, 0x80, 0x00, 0x00, 0xF0, 0x00, 0x00, 0x00, 0x00, 0x20, 0x00, 0xFF, 0xC1,
    0xC0, 0x0F, 0xFF, 0xCF, 0x80, 0xFF, 0xFF, 0xFC, 0x07, 0xFF, 0xFF, 0xF0, 0x3F, 0xFF, 0xFF, 0x81,
    0xFF, 0x8F, 0xFC, 0x07, 0xF8, 0x07, 0xF8, 0x3F, 0xC0, 0x1F, 0xF0, 0xFE, 0x00, 0xFF, 0xC3, 0xF8,
    0x07, 0xFF, 0x1F, 0xC0, 0x3F, 0xFE, 0x7F, 0x01, 0xF3, 0xF9, 0xFC, 0x0F, 0x8F, 0xE7, 0xF0, 0x7E,
    0x3F, 0x9F, 0xC3, 0xF0, 0xFE, 0x7F, 0x0F, 0x83, 0xF9, 0xFC, 0x7C, 0x0F, 0xE7, 0xF3, 0xE0, 0x3F,
    0x9F, 0xDF, 0x00, 0xFE, 0x7F, 0xF8, 0x07, 0xF0, 0xFF, 0xC0, 0x1F, 0xC3, 0xFE, 0x00, 0xFF, 0x07,
    0xF8, 0x07, 0xF8, 0x1F, 0xF0, 0x7F, 0xE0, 0x7F, 0xFF, 0xFF, 0x01, 0xFF, 0xFF, 0xF8, 0x0F, 0xFF,
    0xFF, 0xC0, 0x7D, 0xFF, 0xFE, 0x01, 0xE1, 0xFF, 0xE0, 0x01, 0x00, 0x78, 0x00, 0x00, 0x00, 0x00,
    0x00, 0x0F, 0xE0, 0x00, 0x01, 0xFC, 0x00, 0x00, 0x3F, 0x00, 0x00, 0x07, 0xE0, 0x00, 0x01, 0xF8,
    0x00, 0x00, 0x3F, 0x00, 0x00, 0x07, 0xC0, 0x00, 0x00, 0xF8, 0x00, 0x00, 0x3E, 0x00, 0x00, 0x00,
    0x00, 0x00, 0x00, 0x00, 0x00, 0x00, 0x00, 0x00, 0xFE, 0x00, 0x1F, 0xFF, 0x80, 0x07, 0xFF, 0xE0,
    0x01, 0xFF, 0xF8, 0x00, 0x7F, 0xFE, 0x00, 0x1F, 0xFF, 0x80, 0x07, 0xFF, 0xE0, 0x01, 0xFF, 0xF8,
    0x00, 0x7F, 0xFE, 0x00, 0x1F, 0xFF, 0x80, 0x07, 0xFF, 0xE0, 0x01, 0xFF, 0xF8, 0x00, 0x7F, 0xFE,
    0x00, 0x1F, 0xFF, 0x80, 0x07, 0xFF, 0xE0, 0x01, 0xFF, 0xF8, 0x00, 0x7F, 0xFE, 0x00, 0x1F, 0xFF,
    0x80, 0x07, 0xFF, 0xE0, 0x01, 0xFF, 0xF8, 0x00, 0x7F, 0xFF, 0x00, 0x3F, 0xFF, 0xC0, 0x0F, 0xF7,
    0xF8, 0x0F, 0xFD, 0xFF, 0xDF, 0xFF, 0x7F, 0xFF, 0xFF, 0xCF, 0xFF, 0xF7, 0xF1, 0xFF, 0xFD, 0xFC,
    0x3F, 0xFC, 0x7F, 0x03, 0xFE, 0x1F, 0xC0, 0x08, 0x00, 0x00, 0x00, 0x01, 0xFC, 0x00, 0x00, 0xFE,
    0x00, 0x00, 0x3F, 0x00, 0x00, 0x1F, 0x80, 0x00, 0x07, 0xE0, 0x00, 0x03, 0xF0, 0x00, 0x00, 0xF8,
    0x00, 0x00, 0x7E, 0x00, 0x00, 0x1F, 0x00, 0x00, 0x00, 0x00, 0x00, 0x00, 0x00, 0x00, 0x00, 0x00,
    0x00, 0xFE, 0x00, 0x1F, 0xFF, 0x80, 0x07, 0xFF, 0xE0, 0x01, 0xFF, 0xF8, 0x00, 0x7F, 0xFE, 0x00,
    0x1F, 0xFF, 0x80, 0x07, 0xFF, 0xE0, 0x01, 0xFF, 0xF8, 0x00, 0x7F, 0xFE, 0x00, 0x1F, 0xFF, 0x80,
    0x07, 0xFF, 0xE0, 0x01, 0xFF, 0xF8, 0x00, 0x7F, 0xFE, 0x00, 0x1F, 0xFF, 0x80, 0x07, 0xFF, 0xE0,
    0x01, 0xFF, 0xF8, 0x00, 0x7F, 0xFE, 0x00, 0x1F, 0xFF, 0x80, 0x07, 0xFF, 0xE0, 0x01, 0xFF, 0xF8,
    0x00, 0x7F, 0xFF, 0x00, 0x3F, 0xFF, 0xC0, 0x0F, 0xF7, 0xF8, 0x0F, 0xFD, 0xFF, 0xDF, 0xFF, 0x7F,
    0xFF, 0xFF, 0xCF, 0xFF, 0xF7, 0xF1, 0xFF, 0xFD, 0xFC, 0x3F, 0xFC, 0x7F, 0x03, 0xFE, 0x1F, 0xC0,
    0x08, 0x00, 0x00, 0x00, 0x3F, 0x00, 0x00, 0x1F, 0xE0, 0x00, 0x07, 0xFC, 0x00, 0x03, 0xFF, 0x80,
    0x01, 0xFB, 0xF0, 0x00, 0xFC, 0x7C, 0x00, 0x7E, 0x0F, 0x80, 0x3F, 0x03, 0xF0, 0x00, 0x00, 0x02,
    0x00, 0x00, 0x00, 0x00, 0x00, 0x00, 0x00, 0x00, 0x00, 0x00, 0xFE, 0x00, 0x1F, 0xFF, 0x80, 0x07,
    0xFF, 0xE0, 0x01, 0xFF, 0xF8, 0x00, 0x7F, 0xFE, 0x00, 0x1F, 0xFF, 0x80, 0x07, 0xFF, 0xE0, 0x01,
    0xFF, 0xF8, 0x00, 0x7F, 0xFE, 0x00, 0x1F, 0xFF, 0x80, 0x07, 0xFF, 0xE0, 0x01, 0xFF, 0xF8, 0x00,
    0x7F, 0xFE, 0x00, 0x1F, 0xFF, 0x80, 0x07, 0xFF, 0xE0, 0x01, 0xFF, 0xF8, 0x00, 0x7F, 0xFE, 0x00,
    0x1F, 0xFF, 0x80, 0x07, 0xFF, 0xE0, 0x01, 0xFF, 0xF8, 0x00, 0x7F, 0xFF, 0x00, 0x3F, 0xFF, 0xC0,
    0x0F, 0xF7, 0xF8, 0x0F, 0xFD, 0xFF, 0xDF, 0xFF, 0x7F, 0xFF, 0xFF, 0xCF, 0xFF, 0xF7, 0xF1, 0xFF,
    0xFD, 0xFC, 0x3F, 0xFC, 0x7F, 0x03, 0xFE, 0x1F, 0xC0, 0x08, 0x00, 0x00, 0x03, 0x00, 0x30, 0x03,
    0xF0, 0x3F, 0x00, 0xFE, 0x1F, 0xC0, 0x7F, 0x87, 0xF8, 0x1F, 0xE1, 0xFE, 0x07, 0xF8, 0x7F, 0x80,
    0xFC, 0x0F, 0xC0, 0x1E, 0x01, 0xE0, 0x00, 0x00, 0x00, 0x00, 0x00, 0x00, 0x00, 0x00, 0x00, 0x00,
    0x00, 0x00, 0x00, 0xFE, 0x00, 0x1F, 0xFF, 0x80, 0x07, 0xFF, 0xE0, 0x01, 0xFF, 0xF8, 0x00, 0x7F,
    0xFE, 0x00, 0x1F, 0xFF, 0x80, 0x07, 0xFF, 0xE0, 0x01, 0xFF, 0xF8, 0x00, 0x7F, 0xFE, 0x00, 0x1F,
    0xFF, 0x80, 0x07, 0xFF, 0xE0, 0x01, 0xFF, 0xF8, 0x00, 0x7F, 0xFE, 0x00, 0x1F, 0xFF, 0x80, 0x07,
    0xFF, 0xE0, 0x01, 0xFF, 0xF8, 0x00, 0x7F, 0xFE, 0x00, 0x1F, 0xFF, 0x80, 0x07, 0xFF, 0xE0, 0x01,
    0xFF, 0xF8, 0x00, 0x7F, 0xFF, 0x00, 0x3F, 0xFF, 0xC0, 0x0F, 0xF7, 0xF8, 0x0F, 0xFD, 0xFF, 0xDF,
    0xFF, 0x7F, 0xFF, 0xFF, 0xCF, 0xFF, 0xF7, 0xF1, 0xFF, 0xFD, 0xFC, 0x3F, 0xFC, 0x7F, 0x03, 0xFE,
    0x1F, 0xC0, 0x08, 0x00, 0x00, 0x00, 0x00, 0xFE, 0x00, 0x00, 0x07, 0xF0, 0x00, 0x00, 0x1F, 0x80,
    0x00, 0x00, 0xFC, 0x00, 0x00, 0x03, 0xF0, 0x00, 0x00, 0x1F, 0x80, 0x00, 0x00, 0x7C, 0x00, 0x00,
    0x03, 0xF0, 0x00, 0x00, 0x0F, 0x80, 0x00, 0x00, 0x00, 0x00, 0x00, 0x00, 0x00, 0x00, 0x00, 0x00,
    0x00, 0x00, 0x7F, 0x00, 0x03, 0xFD, 0xFC, 0x00, 0x0F, 0xE7, 0xF8, 0x00, 0x3F, 0x8F, 0xE0, 0x01,
    0xFC, 0x3F, 0x80, 0x07, 0xF0, 0x7F, 0x00, 0x1F, 0xC1, 0xFC, 0x00, 0xFE, 0x07, 0xF0, 0x03, 0xF8,
    0x0F, 0xE0, 0x0F, 0xE0, 0x3F, 0x80, 0x7F, 0x00, 0x7E, 0x01, 0xFC, 0x01, 0xFC, 0x07, 0xE0, 0x07,
    0xF0, 0x3F, 0x80, 0x0F, 0xC0, 0xFE, 0x00, 0x3F, 0x83, 0xF0, 0x00, 0xFE, 0x1F, 0xC0, 0x01, 0xF8,
    0x7E, 0x00, 0x07, 0xF1, 0xF8, 0x00, 0x0F, 0xCF, 0xE0, 0x00, 0x3F, 0x3F, 0x00, 0x00, 0xFE, 0xFC,
    0x00, 0x01, 0xFF, 0xF0, 0x00, 0x07, 0xFF, 0x80, 0x00, 0x0F, 0xFE, 0x00, 0x00, 0x3F, 0xF0, 0x00,
    0x00, 0xFF, 0xC0, 0x00, 0x01, 0xFF, 0x00, 0x00, 0x07, 0xF8, 0x00, 0x00, 0x1F, 0xE0, 0x00, 0x00,
    0x7F, 0x00, 0x00, 0x01, 0xFC, 0x00, 0x00, 0x07, 0xF0, 0x00, 0x00, 0x3F, 0x80, 0x00, 0x00, 0xFE,
    0x00, 0x00, 0x0F, 0xF0, 0x00, 0x03, 0xFF, 0xC0, 0x00, 0x0F, 0xFE, 0x00, 0x00, 0x3F, 0xF8, 0x00,
    0x00, 0xFF, 0xC0, 0x00, 0x07, 0xFC, 0x00, 0x00, 0x00, 0x00, 0x00, 0x00, 0x00, 0x00, 0x00, 0x0F,
    0xE0, 0x00, 0x00, 0xFE, 0x00, 0x00, 0x0F, 0xE0, 0x00, 0x00, 0xFE, 0x00, 0x00, 0x0F, 0xE0, 0x00,
    0x00, 0xFE, 0x00, 0x00, 0x0F, 0xE0, 0x00, 0x00, 0xFE, 0x00, 0x00, 0x0F, 0xE0, 0x00, 0x00, 0xFE,
    0x00, 0x00, 0x0F, 0xE0, 0x00, 0x00, 0xFE, 0x0F, 0xF0, 0x0F, 0xE3, 0xFF, 0xC0, 0xFE, 0x7F, 0xFE,
    0x0F, 0xEF, 0xFF, 0xF0, 0xFF, 0xFF, 0xFF, 0x8F, 0xFF, 0x9F, 0xFC, 0xFF, 0xC0, 0x3F, 0xCF, 0xF8,
    0x01, 0xFE, 0xFF, 0x00, 0x0F, 0xEF, 0xF0, 0x00, 0xFE, 0xFE, 0x00, 0x0F, 0xFF, 0xE0, 0x00, 0x7F,
    0xFE, 0x00, 0x07, 0xFF, 0xE0, 0x00, 0x7F, 0xFE, 0x00, 0x07, 0xFF, 0xE0, 0x00, 0x7F, 0xFE, 0x00,
    0x07, 0xFF, 0xE0, 0x00, 0x7F, 0xFE, 0x00, 0x07, 0xFF, 0xF0, 0x00, 0xFE, 0xFF, 0x00, 0x0F, 0xEF,
    0xF8, 0x01, 0xFE, 0xFF, 0xC0, 0x3F, 0xCF, 0xFF, 0x0F, 0xFC, 0xFF, 0xFF, 0xFF, 0x8F, 0xEF, 0xFF,
    0xF8, 0xFE, 0xFF, 0xFF, 0x0F, 0xE3, 0xFF, 0xC0, 0xFE, 0x1F, 0xF8, 0x0F, 0xE0, 0x18, 0x00, 0xFE,
    0x00, 0x00, 0x0F, 0xE0, 0x00, 0x00, 0xFE, 0x00, 0x00, 0x0F, 0xE0, 0x00, 0x00, 0xFE, 0x00, 0x00,
    0x0F, 0xE0, 0x00, 0x00, 0xFE, 0x00, 0x00, 0x0F, 0xE0, 0x00, 0x00, 0xFE, 0x00, 0x00, 0x0F, 0xE0,
    0x00, 0x00, 0x00, 0x00, 0x00, 0x00, 0x00, 0xC0, 0x0C, 0x00, 0x0F, 0xC0, 0xFC, 0x00, 0x3F, 0x87,
    0xF0, 0x01, 0xFE, 0x1F, 0xE0, 0x07, 0xF8, 0x7F, 0x80, 0x1F, 0xE1, 0xFE, 0x00, 0x3F, 0x03, 0xF0,
    0x00, 0x78, 0x07, 0x80, 0x00, 0x00, 0x00, 0x00, 0x00, 0x00, 0x00, 0x00, 0x00, 0x00, 0x00, 0x00,
    0x00, 0x00, 0x00, 0x7F, 0x00, 0x03, 0xFD, 0xFC, 0x00, 0x0F, 0xE7, 0xF8, 0x00, 0x3F, 0x8F, 0xE0,
    0x01, 0xFC, 0x3F, 0x80, 0x07, 0xF0, 0x7F, 0x00, 0x1F, 0xC1, 0xFC, 0x00, 0xFE, 0x07, 0xF0, 0x03,
    0xF8, 0x0F, 0xE0, 0x0F, 0xE0, 0x3F, 0x80, 0x7F, 0x00, 0x7E, 0x01, 0xFC, 0x01, 0xFC, 0x07, 0xE0,
    0x07, 0xF0, 0x3F, 0x80, 0x0F, 0xC0, 0xFE, 0x00, 0x3F, 0x83, 0xF0, 0x00, 0xFE, 0x1F, 0xC0, 0x01,
    0xF8, 0x7E, 0x00, 0x07, 0xF1, 0xF8, 0x00, 0x0F, 0xCF, 0xE0, 0x00, 0x3F, 0x3F, 0x00, 0x00, 0xFE,
    0xFC, 0x00, 0x01, 0xFF, 0xF0, 0x00, 0x07, 0xFF, 0x80, 0x00, 0x0F, 0xFE, 0x00, 0x00, 0x3F, 0xF0,
    0x00, 0x00, 0xFF, 0xC0, 0x00, 0x01, 0xFF, 0x00, 0x00, 0x07, 0xF8, 0x00, 0x00, 0x1F, 0xE0, 0x00,
    0x00, 0x7F, 0x00, 0x00, 0x01, 0xFC, 0x00, 0x00, 0x07, 0xF0, 0x00, 0x00, 0x3F, 0x80, 0x00, 0x00,
    0xFE, 0x00, 0x00, 0x0F, 0xF0, 0x00, 0x03, 0xFF, 0xC0, 0x00, 0x0F, 0xFE, 0x00, 0x00, 0x3F, 0xF8,
    0x00, 0x00, 0xFF, 0xC0, 0x00, 0x07, 0xFC, 0x00, 0x00, 0x00, 0x00, 0x00, 0x00
};

const epaper_font::GlyphRange kInter55SemiBold_ext = {
    0xA0,
    0xFF,
    kInter55SemiBold_ext_glyphs,
    kInter55SemiBold_ext_bitmaps,
};

const epaper_font::GlyphBitmap kInter55Bold_ext_glyphs[] = {
    {     0,    0,   0,   0,    0,    0,  13 },
    {     0,   57,  11,  41,    2,   30,  15 },
    {    57,  149,  29,  41,    1,   41,  31 },
    {   206,  164,  32,  41,    1,   41,  34 },
    {   370,  154,  35,  35,    3,   34,  41 },
    {   524,  159,  31,  41,    0,   41,  31 },
    {   683,   49,   8,  49,    5,   41,  18 },
    {   732,  175,  28,  50,    1,   41,  30 },
    {   907,   24,  21,   9,    6,   41,  33 },
    {   931,  221,  42,  42,    4,   41,  50 },
    {  1152,   66,  22,  24,    1,   41,  25 },
    {  1218,  104,  33,  25,    1,   28,  35 },
    {  1322,   44,  25,  14,    5,   22,  37 },
    {  1366,  147,  28,  42,    1,   41,  32 },
    {  1513,  128,  32,  32,    2,   41,  36 },
    {  1641,   12,  16,   6,    3,   39,  23 },
    {  1653,   50,  20,  20,    2,   41,  25 },
    {  1703,  105,  28,  30,    4,   31,  37 },
    {  1808,   58,  20,  23,    1,   46,  23 },
    {  1866,   61,  21,  23,    1,   46,  24 },
    {  1927,   15,  13,   9,    2,   41,  18 },
    {  1942,  164,  32,  41,    2,   29,  34 },
    {  2106,  144,  28,  41,    1,   41,  32 },
    {  2250,   13,  10,  10,    2,   24,  15 },
    {  2263,   20,  11,  14,    6,    2,  20 },
    {  2283,   38,  13,  23,    1,   46,  16 },
    {  2321,   72,  24,  24,    1,   41,  26 },
    {  2393,  100,  32,  25,    1,   28,  35 },
    {  2493,  216,  42,  41,    1,   41,  45 },
    {  2709,  226,  44,  41,    1,   41,  46 },
    {  2935,  241,  47,  41,    1,   41,  49 },
    {  3176,  147,  28,  42,    2,   30,  32 },
    {  3323,  260,  40,  52,    0,   52,  40 },
    {  3583,  260,  40,  52,    0,   52,  40 },
    {  3843,  260,  40,  52,    0,   52,  40 },
    {  4103,  260,  40,  52,    0,   52,  40 },
    {  4363,  260,  40,  52,    0,   52,  40 },
    {  4623,  275,  40,  55,    0,   55,  40 },
    {  4898,  277,  54,  41,    0,   41,  56 },
    {  5175,  252,  38,  53,    1,   41,  41 },
    {  5427,  189,  29,  52,    3,   52,  34 },
    {  5616,  189,  29,  52,    3,   52,  34 },
    {  5805,  189,  29,  52,    3,   52,  34 },
    {  5994,  189,  29,  52,    3,   52,  34 },
    {  6183,   91,  14,  52,   -2,   52,  15 },
    {  6274,   91,  14,  52,    3,   52,  15 },
    {  6365,  137,  21,  52,   -3,   52,  15 },
    {  6502,  137,  21,  52,   -3,   52,  15 },
    {  6639,  205,  40,  41,    0,   41,  42 },
    {  6844,  228,  35,  52,    3,   52,  41 },
    {  7072,  259,  39,  53,    1,   52,  42 },
    {  7331,  259,  39,  53,    1,   52,  42 },
    {  7590,  259,  39,  53,    1,   52,  42 },
    {  7849,  259,  39,  53,    1,   52,  42 },
    {  8108,  259,  39,  53,    1,   52,  42 },
    {  8367,  109,  29,  30,    4,   31,  37 },
    {  8476,  215,  39,  44,    1,   42,  42 },
    {  8691,  226,  34,  53,    3,   52,  40 },
    {  8917,  226,  34,  53,    3,   52,  40 },
    {  9143,  226,  34,  53,    3,   52,  40 },
    {  9369,  226,  34,  53,    3,   52,  40 },
    {  9595,  247,  38,  52,    0,   52,  39 },
    {  9842,  149,  29,  41,    3,   41,  36 },
    {  9991,  159,  31,  41,    3,   41,  36 },
    { 10150,  142,  27,  42,    1,   41,  31 },
    { 10292,  142,  27,  42,    1,   41,  31 },
    { 10434,  142,  27,  42,    1,   41,  31 },
    { 10576,  142,  27,  42,    1,   41,  31 },
    { 10718,  142,  27,  42,    1,   41,  31 },
    { 10860,  152,  27,  45,    1,   44,  31 },
    { 11012,  183,  47,  31,    1,   30,  49 },
    { 11195,  153,  29,  42,    1,   30,  31 },
    { 11348,  153,  29,  42,    1,   41,  32 },
    { 11501,  153,  29,  42,    1,   41,  32 },
    { 11654,  153,  29,  42,    1,   41,  32 },
    { 11807,  153,  29,  42,    1,   41,  32 },
    { 11960,   72,  14,  41,   -3,   41,  14 },
    { 12032,   72,  14,  41,    2,   41,  14 },
    { 12104,  108,  21,  41,   -4,   41,  14 },
    { 12212,  113,  22,  41,   -4,   41,  14 },
    { 12325,  165,  30,  44,    1,   43,  32 },
    { 12490,  144,  28,  41,    2,   41,  33 },
    { 12634,  158,  30,  42,    1,   41,  33 },
    { 12792,  158,  30,  42,    1,   41,  33 },
    { 12950,  158,  30,  42,    1,   41,  33 },
    { 13108,  158,  30,  42,    1,   41,  33 },
    { 13266,  158,  30,  42,    1,   41,  33 },
    { 13424,  112,  28,  32,    4,   32,  37 },
    { 13536,  124,  30,  33,    1,   31,  33 },
    { 13660,  147,  28,  42,    2,   41,  33 },
    { 13807,  147,  28,  42,    2,   41,  33 },
    { 13954,  147,  28,  42,    2,   41,  33 },
    { 14101,  147,  28,  42,    2,   41,  33 },
    { 14248,  206,  31,  53,    0,   41,  32 },
    { 14454,  199,  30,  53,    2,   41,  34 },
    { 14653,  206,  31,  53,    0,   41,  32 },
};

const uint8_t kInter55Bold_ext_bitmaps[] = {
    0x00, 0x03, 0xE0, 0xFE, 0x3F, 0xE7, 0xFC, 0xFF, 0x9F, 0xF3, 0xFC, 0x3F, 0x81, 0xC0, 0x00, 0x00,
    0x00, 0x00, 0x7F, 0x0F, 0xE1, 0xFC, 0x3F, 0x87, 0xF0, 0xFE, 0x1F, 0xC3, 0xF8, 0x7F, 0x0F, 0xE1,
    0xFC, 0x3F, 0x8F, 0xF1, 0xFE, 0x3F, 0xC7, 0xF8, 0xFF, 0x1F, 0xE3, 0xFC, 0x7F, 0x8F, 0xF9, 0xFF,
    0x3F, 0xE7, 0xFC, 0xFF, 0x9F, 0xF3, 0xFE, 0x7F, 0xC0, 0x00, 0x00, 0x00, 0x00, 0x00, 0x3C, 0x00,
    0x00, 0x01, 0xE0, 0x00, 0x00, 0x0F, 0x00, 0x00, 0x00, 0x78, 0x00, 0x00, 0x03, 0xC0, 0x00, 0x00,
    0x7F, 0x80, 0x00, 0x1F, 0xFF, 0x80, 0x01, 0xFF, 0xFE, 0x00, 0x3F, 0xFF, 0xFC, 0x03, 0xFF, 0xFF,
    0xF0, 0x1F, 0xFF, 0xFF, 0x81, 0xFF, 0xFF, 0xFE, 0x1F, 0xFB, 0xCF, 0xF0, 0xFF, 0x9E, 0x3F, 0xC7,
    0xF8, 0xF1, 0xFE, 0x7F, 0x87, 0x87, 0xF3, 0xFC, 0x3C, 0x00, 0x1F, 0xE1, 0xE0, 0x00, 0xFF, 0x0F,
    0x00, 0x07, 0xF8, 0x78, 0x00, 0x3F, 0xC3, 0xC0, 0x01, 0xFE, 0x1E, 0x00, 0x0F, 0xF0, 0xF0, 0x00,
    0x7F, 0x87, 0x80, 0x03, 0xFC, 0x3C, 0x3F, 0x8F, 0xF1, 0xE3, 0xFC, 0x7F, 0xCF, 0x1F, 0xE3, 0xFF,
    0x79, 0xFF, 0x0F, 0xFF, 0xFF, 0xF0, 0x3F, 0xFF, 0xFF, 0x01, 0xFF, 0xFF, 0xF8, 0x07, 0xFF, 0xFF,
    0x80, 0x0F, 0xFF, 0xF0, 0x00, 0x3F, 0xFF, 0x00, 0x00, 0x3F, 0xC0, 0x00, 0x00, 0x78, 0x00, 0x00,
    0x03, 0xC0, 0x00, 0x00, 0x1E, 0x00, 0x00, 0x00, 0xF0, 0x00, 0x00, 0x07, 0x80, 0x00, 0x00, 0x00,
    0xF0, 0x00, 0x00, 0x0F, 0xFE, 0x00, 0x00, 0x3F, 0xFF, 0x80, 0x00, 0x7F, 0xFF, 0xE0, 0x00, 0xFF,
    0xFF, 0xF0, 0x01, 0xFF, 0xFF, 0xF8, 0x03, 0xFF, 0xFF, 0xF8, 0x07, 0xFF, 0x0F, 0xFC, 0x07, 0xFC,
    0x03, 0xFC, 0x07, 0xF8, 0x03, 0xFC, 0x07, 0xF8, 0x01, 0xFE, 0x0F, 0xF0, 0x01, 0xFE, 0x0F, 0xF0,
    0x01, 0xFE, 0x0F, 0xF0, 0x00, 0x00, 0x0F, 0xF0, 0x00, 0x00, 0x0F, 0xF0, 0x00, 0x00, 0x0F, 0xF0,
    0x00, 0x00, 0x07, 0xF0, 0x00, 0x00, 0x7F, 0xFF, 0xFC, 0x00, 0x7F, 0xFF, 0xFC, 0x00, 0x7F, 0xFF,
    0xFC, 0x00, 0x7F, 0xFF, 0xFC, 0x00, 0x7F, 0xFF, 0xFC, 0x00, 0x7F, 0xFF, 0xFC, 0x00, 0x07, 0xF8,
    0x00, 0x00, 0x07, 0xF8, 0x00, 0x00, 0x07, 0xF8, 0x00, 0x00, 0x07, 0xF8, 0x00, 0x00, 0x07, 0xF8,
    0x00, 0x00, 0x07, 0xF8, 0x00, 0x00, 0x07, 0xF8, 0x00, 0x00, 0x07, 0xF0, 0x00, 0xFE, 0x07, 0xF0,
    0x00, 0xFE, 0x0F, 0xE0, 0x00, 0xFE, 0x7F, 0xFF, 0xFF, 0xFE, 0x7F, 0xFF, 0xFF, 0xFE, 0x7F, 0xFF,
    0xFF, 0xFC, 0x7F, 0xFF, 0xFF, 0xFC, 0x7F, 0xFF, 0xFF, 0xF8, 0x7F, 0xFF, 0xFF, 0xF0, 0x7F, 0xFF,
    0xFF, 0xC0, 0x10, 0x00, 0x00, 0x01, 0x07, 0x00, 0xFF, 0x80, 0x71, 0xF0, 0xFF, 0xFE, 0x1F, 0x3F,
    0x3F, 0xFF, 0xE7, 0xEF, 0xFF, 0xFF, 0xFF, 0xFE, 0x7F, 0xFF, 0xFF, 0xFF, 0x07, 0xFF, 0x01, 0xFF,
    0xC0, 0x7F, 0x00, 0x0F, 0xF0, 0x0F, 0xC0, 0x00, 0x7E, 0x03, 0xF0, 0x00, 0x07, 0xE0, 0x7C, 0x00,
    0x00, 0x7C, 0x1F, 0x80, 0x00, 0x0F, 0xC3, 0xE0, 0x00, 0x00, 0xF8, 0x7C, 0x00, 0x00, 0x1F, 0x1F,
    0x00, 0x00, 0x03, 0xF3, 0xE0, 0x00, 0x00, 0x3E, 0x7C, 0x00, 0x00, 0x07, 0xCF, 0x80, 0x00, 0x00,
    0xF9, 0xF0, 0x00, 0x00, 0x1F, 0x3E, 0x00, 0x00, 0x03, 0xE7, 0xC0, 0x00, 0x00, 0x7C, 0xFC, 0x00,
    0x00, 0x1F, 0x0F, 0x80, 0x00, 0x03, 0xE1, 0xF0, 0x00, 0x00, 0xFC, 0x3F, 0x00, 0x00, 0x1F, 0x03,
    0xF0, 0x00, 0x07, 0xE0, 0x7F, 0x00, 0x01, 0xF8, 0x0F, 0xF0, 0x00, 0x7F, 0x03, 0xFF, 0x80, 0x3F,
    0xF0, 0xFF, 0xFF, 0x7F, 0xFF, 0xBF, 0xFF, 0xFF, 0xFF, 0xFB, 0xF7, 0xFF, 0xFF, 0x7E, 0x3C, 0x3F,
    0xFF, 0x87, 0x83, 0x01, 0xFF, 0xC0, 0x60, 0x40, 0x01, 0x00, 0x08, 0x00, 0x00, 0x00, 0x00, 0x01,
    0xFF, 0x00, 0x0F, 0xF9, 0xFE, 0x00, 0x1F, 0xE3, 0xFE, 0x00, 0x3F, 0xC3, 0xFC, 0x00, 0xFF, 0x07,
    0xFC, 0x01, 0xFE, 0x07, 0xF8, 0x07, 0xFC, 0x0F, 0xF0, 0x0F, 0xF0, 0x0F, 0xF0, 0x1F, 0xE0, 0x1F,
    0xE0, 0x7F, 0x80, 0x1F, 0xE0, 0xFF, 0x00, 0x3F, 0xC3, 0xFC, 0x00, 0x3F, 0x87, 0xF8, 0x00, 0x7F,
    0x8F, 0xE0, 0x00, 0x7F, 0x3F, 0xC0, 0x00, 0xFF, 0x7F, 0x00, 0x01, 0xFF, 0xFE, 0x00, 0x01, 0xFF,
    0xF8, 0x00, 0x03, 0xFF, 0xF0, 0x00, 0x03, 0xFF, 0xE0, 0x01, 0xFF, 0xFF, 0xFE, 0x03, 0xFF, 0xFF,
    0xFC, 0x07, 0xFF, 0xFF, 0xF8, 0x0F, 0xFF, 0xFF, 0xF0, 0x1F, 0xFF, 0xFF, 0xE0, 0x00, 0x3F, 0xC0,
    0x00, 0x00, 0x7F, 0x80, 0x00, 0x00, 0xFF, 0x00, 0x01, 0xFF, 0xFF, 0xFE, 0x03, 0xFF, 0xFF, 0xFC,
    0x07, 0xFF, 0xFF, 0xF8, 0x0F, 0xFF, 0xFF, 0xF0, 0x1F, 0xFF, 0xFF, 0xE0, 0x00, 0x3F, 0xC0, 0x00,
    0x00, 0x7F, 0x80, 0x00, 0x00, 0xFF, 0x00, 0x00, 0x01, 0xFE, 0x00, 0x00, 0x03, 0xFC, 0x00, 0x00,
    0x07, 0xF8, 0x00, 0x00, 0x0F, 0xF0, 0x00, 0x00, 0x1F, 0xE0, 0x00, 0x00, 0xFE, 0xFE, 0xFE, 0xFE,
    0xFE, 0xFE, 0xFE, 0xFE, 0xFE, 0xFE, 0xFE, 0xFE, 0xFE, 0xFE, 0xFE, 0xFE, 0xFE, 0xFE, 0xFE, 0x00,
    0x00, 0x00, 0x00, 0x00, 0x00, 0x00, 0x00, 0x00, 0x00, 0xFE, 0xFE, 0xFE, 0xFE, 0xFE, 0xFE, 0xFE,
    0xFE, 0xFE, 0xFE, 0xFE, 0xFE, 0xFE, 0xFE, 0xFE, 0xFE, 0xFE, 0xFE, 0xFE, 0x00, 0x0E, 0x00, 0x00,
    0x0F, 0xFF, 0x00, 0x03, 0xFF, 0xF8, 0x00, 0x7F, 0xFF, 0xC0, 0x0F, 0xFF, 0xFE, 0x00, 0xFF, 0xFF,
    0xF0, 0x1F, 0xFF, 0xFF, 0x01, 0xFE, 0x07, 0xF8, 0x1F, 0xC0, 0x3F, 0x81, 0xFC, 0x03, 0xF8, 0x1F,
    0xC0, 0x3E, 0x01, 0xFC, 0x00, 0x00, 0x1F, 0xE0, 0x00, 0x01, 0xFF, 0x00, 0x00, 0x0F, 0xFC, 0x00,
    0x00, 0xFF, 0xF8, 0x00, 0x07, 0xFF, 0xE0, 0x00, 0x3F, 0xFF, 0x80, 0x0F, 0xFF, 0xFE, 0x01, 0xFF,
    0xFF, 0xF0, 0x3F, 0x07, 0xFF, 0x87, 0xE0, 0x1F, 0xFC, 0x7E, 0x00, 0x7F, 0xE7, 0xE0, 0x01, 0xFE,
    0x7E, 0x00, 0x0F, 0xE7, 0xF0, 0x00, 0x7E, 0x7F, 0x80, 0x07, 0xE3, 0xFE, 0x00, 0x7E, 0x3F, 0xF8,
    0x0F, 0xC1, 0xFF, 0xF1, 0xFC, 0x0F, 0xFF, 0xFF, 0x80, 0x7F, 0xFF, 0xE0, 0x01, 0xFF, 0xFC, 0x00,
    0x03, 0xFF, 0xE0, 0x00, 0x0F, 0xFF, 0x00, 0x00, 0x1F, 0xF8, 0x00, 0x00, 0x7F, 0x80, 0x00, 0x03,
    0xF8, 0x00, 0x00, 0x3F, 0x83, 0xF8, 0x03, 0xF8, 0x3F, 0x80, 0x3F, 0x83, 0xFC, 0x07, 0xF8, 0x1F,
    0xF1, 0xFF, 0x81, 0xFF, 0xFF, 0xF8, 0x0F, 0xFF, 0xFF, 0x00, 0xFF, 0xFF, 0xE0, 0x07, 0xFF, 0xFC,
    0x00, 0x1F, 0xFF, 0x80, 0x00, 0x7F, 0xC0, 0x00, 0x00, 0x00, 0x00, 0x1C, 0x01, 0xC3, 0xF0, 0x3F,
    0x1F, 0xC3, 0xFD, 0xFF, 0x1F, 0xEF, 0xF8, 0xFF, 0xFF, 0x87, 0xF9, 0xFC, 0x1F, 0xC7, 0xC0, 0xFC,
    0x10, 0x01, 0x00, 0x00, 0x00, 0x3E, 0x00, 0x00, 0x00, 0x00, 0xFF, 0xF8, 0x00, 0x00, 0x00, 0xFF,
    0xFF, 0xC0, 0x00, 0x00, 0xFF, 0xFF, 0xFC, 0x00, 0x00, 0xFF, 0xFF, 0xFF, 0x80, 0x00, 0x7F, 0xFF,
    0xFF, 0xF0, 0x00, 0x3F, 0xFF, 0xFF, 0xFE, 0x00, 0x1F, 0xFC, 0x01, 0xFF, 0xC0, 0x0F, 0xFC, 0x00,
    0x0F, 0xF8, 0x03, 0xFC, 0x00, 0x01, 0xFF, 0x01, 0xFE, 0x07, 0xF0, 0x3F, 0xC0, 0xFF, 0x07, 0xFF,
    0x07, 0xF8, 0x3F, 0x83, 0xFF, 0xF0, 0xFE, 0x1F, 0xC1, 0xFF, 0xFE, 0x1F, 0xC7, 0xF0, 0xFF, 0xFF,
    0xC7, 0xF1, 0xF8, 0x7F, 0xCF, 0xF0, 0xFE, 0x7E, 0x1F, 0xC0, 0xFE, 0x3F, 0xBF, 0x8F, 0xC0, 0x1F,
    0x87, 0xEF, 0xE3, 0xF0, 0x03, 0xE1, 0xFB, 0xF0, 0xF8, 0x00, 0x00, 0x7E, 0xFC, 0x3E, 0x00, 0x00,
    0x1F, 0xBF, 0x0F, 0x80, 0x00, 0x07, 0xEF, 0xC3, 0xE0, 0x00, 0x01, 0xFB, 0xF8, 0xFC, 0x01, 0xF8,
    0x7E, 0xFE, 0x3F, 0x80, 0x7E, 0x1F, 0x9F, 0x87, 0xF0, 0x3F, 0x8F, 0xE7, 0xE1, 0xFF, 0x3F, 0xC3,
    0xF9, 0xFC, 0x3F, 0xFF, 0xF1, 0xFC, 0x7F, 0x07, 0xFF, 0xF8, 0x7F, 0x0F, 0xE0, 0xFF, 0xFC, 0x3F,
    0x83, 0xFC, 0x1F, 0xFC, 0x1F, 0xE0, 0x7F, 0x81, 0xFC, 0x0F, 0xF0, 0x0F, 0xF0, 0x00, 0x07, 0xFC,
    0x03, 0xFF, 0x00, 0x03, 0xFE, 0x00, 0x7F, 0xF0, 0x07, 0xFF, 0x00, 0x0F, 0xFF, 0xFF, 0xFF, 0x80,
    0x01, 0xFF, 0xFF, 0xFF, 0xC0, 0x00, 0x3F, 0xFF, 0xFF, 0xE0, 0x00, 0x03, 0xFF, 0xFF, 0xF0, 0x00,
    0x00, 0x3F, 0xFF, 0xF0, 0x00, 0x00, 0x03, 0xFF, 0xE0, 0x00, 0x00, 0x00, 0x0F, 0x80, 0x00, 0x00,
    0x00, 0x7C, 0x00, 0x0F, 0xFE, 0x00, 0xFF, 0xFE, 0x07, 0xFF, 0xFC, 0x3F, 0xFF, 0xF0, 0xFE, 0x1F,
    0xE7, 0xF0, 0x1F, 0x9F, 0x80, 0x7E, 0x00, 0x01, 0xF8, 0x00, 0x1F, 0xE0, 0x1F, 0xFF, 0x83, 0xFF,
    0xFE, 0x3F, 0xFF, 0xF9, 0xFF, 0xE7, 0xE7, 0xF0, 0x1F, 0x9F, 0x80, 0x7E, 0xFE, 0x01, 0xFB, 0xF8,
    0x0F, 0xE7, 0xE0, 0x7F, 0x9F, 0xFF, 0xFE, 0x7F, 0xFF, 0xF8, 0xFF, 0xF7, 0xE1, 0xFF, 0x9F, 0x80,
    0xF8, 0x00, 0x00, 0x1F, 0xF0, 0xFF, 0x80, 0x1F, 0xE0, 0xFF, 0x00, 0x1F, 0xF0, 0xFF, 0x80, 0x1F,
    0xF0, 0xFF, 0x80, 0x1F, 0xF0, 0xFF, 0x80, 0x1F, 0xF0, 0xFF, 0x80, 0x0F, 0xF0, 0x7F, 0x80, 0x0F,
    0xF8, 0x7F, 0xC0, 0x0F, 0xF8, 0x7F, 0xC0, 0x0F, 0xF8, 0x7F, 0xC0, 0x0F, 0xF8, 0x7F, 0xC0, 0x0F,
    0xF8, 0x7F, 0xC0, 0x07, 0xFC, 0x3F, 0xE0, 0x01, 0xFF, 0x0F, 0xF8, 0x00, 0x7F, 0xC3, 0xFE, 0x00,
    0x1F, 0xE0, 0xFF, 0x00, 0x0F, 0xF8, 0x7F, 0xC0, 0x03, 0xFE, 0x1F, 0xF0, 0x00, 0xFF, 0x87, 0xFC,
    0x00, 0x3F, 0xE1, 0xFF, 0x00, 0x0F, 0xF8, 0x7F, 0xC0, 0x03, 0xFC, 0x1F, 0xE0, 0x00, 0xFF, 0x07,
    0xF8, 0x00, 0x7F, 0xE3, 0xFF, 0x00, 0x00, 0x00, 0x00, 0x00, 0x00, 0x00, 0x00, 0x3F, 0xFF, 0xFF,
    0xDF, 0xFF, 0xFF, 0xEF, 0xFF, 0xFF, 0xF7, 0xFF, 0xFF, 0xFB, 0xFF, 0xFF, 0xFD, 0xFF, 0xFF, 0xFE,
    0x00, 0x00, 0x7F, 0x00, 0x00, 0x3F, 0x80, 0x00, 0x1F, 0xC0, 0x00, 0x0F, 0xE0, 0x00, 0x07, 0xF0,
    0x00, 0x03, 0xF8, 0x00, 0x01, 0xFC, 0x00, 0x07, 0x00, 0x00, 0x07, 0xFF, 0x80, 0x03, 0xFF, 0xFE,
    0x00, 0x7F, 0xFF, 0xF0, 0x0F, 0xFF, 0xFF, 0x81, 0xFF, 0xFF, 0xFC, 0x3F, 0xFF, 0xFF, 0xE3, 0xFF,
    0x07, 0xFE, 0x3F, 0xC0, 0x1F, 0xE7, 0xF8, 0x01, 0xFF, 0x7F, 0x80, 0x0F, 0xF7, 0xF8, 0x00, 0xFF,
    0x7F, 0x00, 0x0F, 0xF0, 0x00, 0x00, 0xFF, 0x00, 0x00, 0x1F, 0xE0, 0x00, 0x03, 0xFE, 0x00, 0x00,
    0x7F, 0xC0, 0x00, 0x0F, 0xFC, 0x00, 0x03, 0xFF, 0x80, 0x00, 0x7F, 0xF0, 0x00, 0x0F, 0xFE, 0x00,
    0x01, 0xFF, 0x80, 0x00, 0x1F, 0xF0, 0x00, 0x03, 0xFE, 0x00, 0x00, 0x3F, 0xC0, 0x00, 0x03, 0xFC,
    0x00, 0x00, 0x3F, 0x80, 0x00, 0x03, 0xF8, 0x00, 0x00, 0x3F, 0x80, 0x00, 0x00, 0x00, 0x00, 0x00,
    0x00, 0x00, 0x00, 0x00, 0x00, 0x00, 0x00, 0x06, 0x00, 0x00, 0x01, 0xF8, 0x00, 0x00, 0x3F, 0xC0,
    0x00, 0x07, 0xFC, 0x00, 0x00, 0x7F, 0xC0, 0x00, 0x07, 0xFC, 0x00, 0x00, 0x7F, 0xC0, 0x00, 0x03,
    0xFC, 0x00, 0x00, 0x1F, 0x80, 0x00, 0x00, 0x00, 0x00, 0x00, 0x01, 0x80, 0x00, 0x00, 0x3F, 0xF8,
    0x00, 0x00, 0xFF, 0xFE, 0x00, 0x03, 0xFF, 0xFF, 0x80, 0x07, 0xFF, 0xFF, 0xC0, 0x0F, 0xE0, 0x0F,
    0xE0, 0x1F, 0x80, 0x03, 0xF0, 0x1F, 0x00, 0x01, 0xF8, 0x3E, 0x00, 0x00, 0xF8, 0x3C, 0x3F, 0xF0,
    0x7C, 0x7C, 0x3F, 0xF8, 0x3C, 0x78, 0x3F, 0xFC, 0x3E, 0xF8, 0x3C, 0x7C, 0x1E, 0xF0, 0x3C, 0x3C,
    0x1E, 0xF0, 0x3C, 0x3C, 0x1E, 0xF0, 0x3C, 0x7C, 0x1E, 0xF0, 0x3F, 0xF8, 0x1E, 0xF0, 0x3F, 0xF0,
    0x1E, 0xF0, 0x3F, 0xF0, 0x1E, 0xF8, 0x3C, 0x78, 0x1E, 0x78, 0x3C, 0x78, 0x3E, 0x7C, 0x3C, 0x7C,
    0x3C, 0x7C, 0x3C, 0x3C, 0x7C, 0x3E, 0x00, 0x02, 0x78, 0x1F, 0x00, 0x00, 0xF8, 0x1F, 0x80, 0x03,
    0xF0, 0x0F, 0xE0, 0x07, 0xE0, 0x07, 0xFC, 0x7F, 0xC0, 0x03, 0xFF, 0xFF, 0x80, 0x00, 0xFF, 0xFF,
    0x00, 0x00, 0x3F, 0xFC, 0x00, 0x00, 0x07, 0xC0, 0x00, 0xFF, 0xFF, 0xFF, 0xFF, 0xFF, 0xFF, 0xFF,
    0xFF, 0xFF, 0xFF, 0x00, 0x00, 0x00, 0x00, 0x00, 0x3F, 0xC0, 0x07, 0xFF, 0x01, 0xFF, 0xF8, 0x1F,
    0xFF, 0xC3, 0xFF, 0xFC, 0x7F, 0x8F, 0xE7, 0xE0, 0x7E, 0x7C, 0x03, 0xF7, 0xC0, 0x3F, 0x7C, 0x03,
    0xF7, 0xC0, 0x3F, 0x7E, 0x03, 0xE7, 0xF0, 0x7E, 0x3F, 0xFF, 0xE3, 0xFF, 0xFC, 0x1F, 0xFF, 0x80,
    0xFF, 0xF0, 0x07, 0xFE, 0x00, 0x0F, 0x00, 0x00, 0x1F, 0xC0, 0x00, 0x01, 0xFC, 0x00, 0x00, 0x1F,
    0xC0, 0x00, 0x01, 0xFC, 0x00, 0x00, 0x1F, 0xC0, 0x00, 0x01, 0xFC, 0x00, 0x00, 0x1F, 0xC0, 0x0F,
    0xFF, 0xFF, 0xFF, 0xFF, 0xFF, 0xFF, 0xFF, 0xFF, 0xFF, 0xFF, 0xFF, 0xFF, 0xFF, 0xFF, 0xFF, 0xFF,
    0xFF, 0xFF, 0xFF, 0xFF, 0xF0, 0x01, 0xFC, 0x00, 0x00, 0x1F, 0xC0, 0x00, 0x01, 0xFC, 0x00, 0x00,
    0x1F, 0xC0, 0x00, 0x01, 0xFC, 0x00, 0x00, 0x1F, 0xC0, 0x00, 0x01, 0xFC, 0x00, 0x00, 0x00, 0x00,
    0x00, 0x00, 0x00, 0x00, 0x00, 0x00, 0x00, 0x0F, 0xFF, 0xFF, 0xFF, 0xFF, 0xFF, 0xFF, 0xFF, 0xFF,
    0xFF, 0xFF, 0xFF, 0xFF, 0xFF, 0xFF, 0xFF, 0xFF, 0xFF, 0xFF, 0xFF, 0xFF, 0xF0, 0x00, 0x00, 0x00,
    0x01, 0xFC, 0x00, 0x7F, 0xF0, 0x1F, 0xFF, 0x83, 0xFF, 0xFC, 0x3F, 0xFF, 0xE7, 0xF0, 0x7E, 0x7E,
    0x07, 0xE7, 0xE0, 0x3E, 0x00, 0x07, 0xE0, 0x00, 0x7E, 0x00, 0x0F, 0xC0, 0x03, 0xFC, 0x00, 0x7F,
    0x80, 0x0F, 0xF0, 0x03, 0xFC, 0x00, 0x7F, 0x80, 0x0F, 0xE0, 0x03, 0xFC, 0x00, 0x7F, 0xFF, 0xF7,
    0xFF, 0xFF, 0x7F, 0xFF, 0xF7, 0xFF, 0xFF, 0x7F, 0xFF, 0xF0, 0x01, 0xFC, 0x00, 0x3F, 0xFC, 0x03,
    0xFF, 0xF0, 0x3F, 0xFF, 0xC3, 0xFF, 0xFE, 0x1F, 0x83, 0xF9, 0xF8, 0x0F, 0xC0, 0x00, 0x7E, 0x00,
    0x07, 0xE0, 0x07, 0xFE, 0x00, 0x3F, 0xE0, 0x01, 0xFF, 0x00, 0x0F, 0xFE, 0x00, 0x07, 0xF8, 0x00,
    0x0F, 0xCF, 0xC0, 0x7E, 0x7E, 0x03, 0xFB, 0xF8, 0x3F, 0x8F, 0xFF, 0xFC, 0x7F, 0xFF, 0xC1, 0xFF,
    0xFE, 0x03, 0xFF, 0xC0, 0x07, 0xF8, 0x00, 0x07, 0xF8, 0x7F, 0x83, 0xF8, 0x3F, 0x81, 0xF8, 0x1F,
    0xC0, 0xFC, 0x0F, 0xC0, 0x7C, 0x00, 0x7F, 0x80, 0x0F, 0xF0, 0x7F, 0x80, 0x0F, 0xF0, 0x7F, 0x80,
    0x0F, 0xF0, 0x7F, 0x80, 0x0F, 0xF0, 0x7F, 0x80, 0x0F, 0xF0, 0x7F, 0x80, 0x0F, 0xF0, 0x7F, 0x80,
    0x0F, 0xF0, 0x7F, 0x80, 0x0F, 0xF0, 0x7F, 0x80, 0x0F, 0xF0, 0x7F, 0x80, 0x0F, 0xF0, 0x7F, 0x80,
    0x0F, 0xF0, 0x7F, 0x80, 0x0F, 0xF0, 0x7F, 0x80, 0x0F, 0xF0, 0x7F, 0x80, 0x0F, 0xF0, 0x7F, 0x80,
    0x0F, 0xF0, 0x7F, 0x80, 0x0F, 0xF0, 0x7F, 0x80, 0x0F, 0xF0, 0x7F, 0x80, 0x0F, 0xF0, 0x7F, 0x80,
    0x0F, 0xF0, 0x7F, 0x80, 0x1F, 0xF0, 0x7F, 0xC0, 0x1F, 0xF0, 0x7F, 0xC0, 0x3F, 0xF0, 0x7F, 0xF0,
    0x7F, 0xF8, 0x7F, 0xFF, 0xFF, 0xFE, 0x7F, 0xFF, 0xF7, 0xFE, 0x7F, 0xFF, 0xF7, 0xFE, 0x7F, 0xBF,
    0xE3, 0xFE, 0x7F, 0x9F, 0xC1, 0xFE, 0x7F, 0x87, 0x00, 0xFE, 0x7F, 0x80, 0x00, 0x00, 0x7F, 0x80,
    0x00, 0x00, 0x7F, 0x80, 0x00, 0x00, 0x7F, 0x80, 0x00, 0x00, 0x7F, 0x80, 0x00, 0x00, 0x7F, 0x80,
    0x00, 0x00, 0x7F, 0x80, 0x00, 0x00, 0x7F, 0x80, 0x00, 0x00, 0x7F, 0x80, 0x00, 0x00, 0x7F, 0x80,
    0x00, 0x00, 0x7F, 0x80, 0x00, 0x00, 0x00, 0x00, 0x00, 0x00, 0x00, 0x00, 0x00, 0x00, 0x03, 0xFF,
    0xFF, 0x01, 0xFF, 0xFF, 0xF0, 0x7F, 0xFF, 0xFF, 0x0F, 0xFF, 0xFF, 0xF1, 0xFF, 0xFF, 0xFF, 0x3F,
    0xFF, 0xFF, 0xF3, 0xFF, 0xF0, 0x7F, 0x7F, 0xFF, 0x07, 0xF7, 0xFF, 0xF0, 0x7F, 0x7F, 0xFF, 0x07,
    0xF7, 0xFF, 0xF0, 0x7F, 0x7F, 0xFF, 0x07, 0xFF, 0xFF, 0xF0, 0x7F, 0x7F, 0xFF, 0x07, 0xF7, 0xFF,
    0xF0, 0x7F, 0x7F, 0xFF, 0x07, 0xF7, 0xFF, 0xF0, 0x7F, 0x7F, 0xFF, 0x07, 0xF3, 0xFF, 0xF0, 0x7F,
    0x3F, 0xFF, 0x07, 0xF1, 0xFF, 0xF0, 0x7F, 0x0F, 0xFF, 0x07, 0xF0, 0x7F, 0xF0, 0x7F, 0x01, 0xFF,
    0x07, 0xF0, 0x07, 0xF0, 0x7F, 0x00, 0x00, 0x07, 0xF0, 0x00, 0x00, 0x7F, 0x00, 0x00, 0x07, 0xF0,
    0x00, 0x00, 0x7F, 0x00, 0x00, 0x07, 0xF0, 0x00, 0x00, 0x7F, 0x00, 0x00, 0x07, 0xF0, 0x00, 0x00,
    0x7F, 0x00, 0x00, 0x07, 0xF0, 0x00, 0x00, 0x7F, 0x00, 0x00, 0x07, 0xF0, 0x00, 0x00, 0x7F, 0x00,
    0x00, 0x07, 0xF0, 0x00, 0x00, 0x7F, 0x00, 0x00, 0x07, 0xF0, 0x0C, 0x0F, 0xC7, 0xF9, 0xFF, 0x7F,
    0xDF, 0xF7, 0xFD, 0xFE, 0x3F, 0x00, 0x00, 0x00, 0x07, 0x00, 0xE0, 0x1C, 0x07, 0xE0, 0xFF, 0x1F,
    0xF0, 0x3E, 0x03, 0xC0, 0xFB, 0xFF, 0x7F, 0xCF, 0xF0, 0x00, 0x00, 0x03, 0xF0, 0x3F, 0x87, 0xFC,
    0xFF, 0xE7, 0xFF, 0x3F, 0xF9, 0xEF, 0xCC, 0x7E, 0x43, 0xF0, 0x1F, 0x80, 0xFC, 0x07, 0xE0, 0x3F,
    0x01, 0xF8, 0x0F, 0xC0, 0x7E, 0x03, 0xF0, 0x1F, 0x80, 0xFC, 0x07, 0xE0, 0x3F, 0x01, 0xF8, 0x0F,
    0xC0, 0x00, 0x3C, 0x00, 0x03, 0xFF, 0x80, 0x07, 0xFF, 0xE0, 0x0F, 0xFF, 0xF0, 0x1F, 0xFF, 0xF8,
    0x3F, 0xFF, 0xFC, 0x3F, 0x81, 0xFC, 0x7F, 0x00, 0xFE, 0x7F, 0x00, 0xFE, 0x7E, 0x00, 0x7E, 0xFE,
    0x00, 0x7E, 0xFE, 0x00, 0x7F, 0xFE, 0x00, 0x7F, 0xFE, 0x00, 0x7E, 0x7E, 0x00, 0x7E, 0x7E, 0x00,
    0xFE, 0x7F, 0x00, 0xFE, 0x7F, 0x81, 0xFC, 0x3F, 0xC3, 0xFC, 0x1F, 0xFF, 0xF8, 0x1F, 0xFF, 0xF8,
    0x0F, 0xFF, 0xE0, 0x03, 0xFF, 0xC0, 0x00, 0x7E, 0x00, 0xFF, 0x87, 0xFC, 0x00, 0x7F, 0xC3, 0xFE,
    0x00, 0x3F, 0xE1, 0xFF, 0x00, 0x1F, 0xF0, 0xFF, 0x80, 0x0F, 0xF8, 0x7F, 0xC0, 0x07, 0xFC, 0x3F,
    0xE0, 0x03, 0xFC, 0x1F, 0xE0, 0x03, 0xFE, 0x1F, 0xF0, 0x01, 0xFF, 0x0F, 0xF8, 0x00, 0xFF, 0x87,
    0xFC, 0x00, 0x7F, 0xC3, 0xFE, 0x00, 0x3F, 0xE1, 0xFF, 0x00, 0x3F, 0xE1, 0xFF, 0x00, 0x7F, 0xC3,
    0xFE, 0x00, 0xFF, 0x87, 0xFC, 0x01, 0xFF, 0x0F, 0xF8, 0x01, 0xFE, 0x0F, 0xF0, 0x03, 0xFE, 0x1F,
    0xF0, 0x07, 0xFC, 0x3F, 0xE0, 0x0F, 0xF8, 0x7F, 0xC0, 0x1F, 0xF0, 0xFF, 0x80, 0x3F, 0xE1, 0xFF,
    0x00, 0x3F, 0xC1, 0xFE, 0x00, 0xFF, 0xC7, 0xFE, 0x00, 0x00, 0x00, 0x00, 0x00, 0x00, 0x00, 0x00,
    0x00, 0x00, 0x03, 0xF8, 0x00, 0x00, 0xFC, 0x01, 0xFE, 0x00, 0x00, 0x7E, 0x01, 0xFF, 0x80, 0x00,
    0x3F, 0x00, 0xFF, 0xE0, 0x00, 0x0F, 0x80, 0x3F, 0xF8, 0x00, 0x07, 0xE0, 0x0F, 0x7E, 0x00, 0x03,
    0xF0, 0x03, 0x1F, 0x80, 0x00, 0xF8, 0x00, 0x87, 0xE0, 0x00, 0x7E, 0x00, 0x01, 0xF8, 0x00, 0x3F,
    0x00, 0x00, 0x7E, 0x00, 0x0F, 0x80, 0x00, 0x1F, 0x80, 0x07, 0xE0, 0x00, 0x07, 0xE0, 0x03, 0xF0,
    0x00, 0x01, 0xF8, 0x01, 0xF8, 0x00, 0x00, 0x7E, 0x00, 0x7E, 0x00, 0x00, 0x1F, 0x80, 0x3F, 0x00,
    0x00, 0x07, 0xE0, 0x1F, 0x80, 0x00, 0x01, 0xF8, 0x07, 0xE0, 0x00, 0x00, 0x7E, 0x03, 0xF0, 0x00,
    0x00, 0x1F, 0x81, 0xF8, 0x07, 0xF8, 0x07, 0xE0, 0x7C, 0x01, 0xFE, 0x01, 0xF8, 0x3F, 0x00, 0xFF,
    0x80, 0x7E, 0x1F, 0x80, 0x7F, 0xE0, 0x00, 0x07, 0xC0, 0x1F, 0xF8, 0x00, 0x03, 0xF0, 0x0F, 0xFE,
    0x00, 0x01, 0xF8, 0x07, 0xDF, 0x80, 0x00, 0x7C, 0x01, 0xF7, 0xE0, 0x00, 0x3F, 0x00, 0xF9, 0xF8,
    0x00, 0x1F, 0x80, 0x7C, 0x7E, 0x00, 0x0F, 0xC0, 0x1F, 0x1F, 0x80, 0x03, 0xF0, 0x0F, 0x87, 0xE0,
    0x01, 0xF8, 0x07, 0xE1, 0xF8, 0x00, 0xFC, 0x01, 0xF0, 0x7E, 0x00, 0x3F, 0x00, 0x7F, 0xFF, 0xE0,
    0x1F, 0x80, 0x1F, 0xFF, 0xF8, 0x0F, 0xC0, 0x07, 0xFF, 0xFE, 0x03, 0xE0, 0x01, 0xFF, 0xFF, 0x81,
    0xF8, 0x00, 0x00, 0x1F, 0x80, 0xFC, 0x00, 0x00, 0x07, 0xE0, 0x3E, 0x00, 0x00, 0x01, 0xF8, 0x1F,
    0x80, 0x00, 0x00, 0x7E, 0x00, 0x00, 0x00, 0x00, 0x00, 0x00, 0x00, 0xFE, 0x00, 0x00, 0x3F, 0x00,
    0x1F, 0xE0, 0x00, 0x07, 0xE0, 0x07, 0xFE, 0x00, 0x00, 0xFC, 0x00, 0xFF, 0xE0, 0x00, 0x0F, 0x80,
    0x0F, 0xFE, 0x00, 0x01, 0xF8, 0x00, 0xF7, 0xE0, 0x00, 0x3F, 0x00, 0x0C, 0x7E, 0x00, 0x03, 0xE0,
    0x00, 0x87, 0xE0, 0x00, 0x7E, 0x00, 0x00, 0x7E, 0x00, 0x0F, 0xC0, 0x00, 0x07, 0xE0, 0x00, 0xF8,
    0x00, 0x00, 0x7E, 0x00, 0x1F, 0x80, 0x00, 0x07, 0xE0, 0x03, 0xF0, 0x00, 0x00, 0x7E, 0x00, 0x7E,
    0x00, 0x00, 0x07, 0xE0, 0x07, 0xE0, 0x00, 0x00, 0x7E, 0x00, 0xFC, 0x00, 0x00, 0x07, 0xE0, 0x1F,
    0x80, 0x00, 0x00, 0x7E, 0x01, 0xF8, 0x00, 0x00, 0x07, 0xE0, 0x3F, 0x00, 0x30, 0x00, 0x7E, 0x07,
    0xE0, 0x3F, 0xF0, 0x07, 0xE0, 0x7C, 0x07, 0xFF, 0x80, 0x7E, 0x0F, 0xC0, 0xFF, 0xFC, 0x07, 0xE1,
    0xF8, 0x0F, 0xFF, 0xE0, 0x00, 0x1F, 0x01, 0xF8, 0x7E, 0x00, 0x03, 0xF0, 0x1F, 0x03, 0xE0, 0x00,
    0x7E, 0x01, 0xF0, 0x3E, 0x00, 0x07, 0xC0, 0x00, 0x03, 0xE0, 0x00, 0xFC, 0x00, 0x00, 0x3E, 0x00,
    0x1F, 0x80, 0x00, 0x07, 0xC0, 0x03, 0xF0, 0x00, 0x00, 0xFC, 0x00, 0x3F, 0x00, 0x00, 0x1F, 0x80,
    0x07, 0xE0, 0x00, 0x07, 0xF0, 0x00, 0xFC, 0x00, 0x00, 0xFE, 0x00, 0x0F, 0xC0, 0x00, 0x1F, 0xC0,
    0x01, 0xF8, 0x00, 0x03, 0xF8, 0x00, 0x3F, 0x00, 0x00, 0x7F, 0x00, 0x03, 0xE0, 0x00, 0x0F, 0xC0,
    0x00, 0x7E, 0x00, 0x01, 0xFF, 0xFE, 0x0F, 0xC0, 0x00, 0x1F, 0xFF, 0xE0, 0xF8, 0x00, 0x01, 0xFF,
    0xFE, 0x1F, 0x80, 0x00, 0x1F, 0xFF, 0xE0, 0x00, 0xE0, 0x00, 0x00, 0x00, 0x00, 0x0F, 0xF8, 0x00,
    0x00, 0x3F, 0x00, 0x7F, 0xFC, 0x00, 0x00, 0xFC, 0x01, 0xFF, 0xFC, 0x00, 0x03, 0xF0, 0x03, 0xFF,
    0xF8, 0x00, 0x07, 0xC0, 0x0F, 0xC1, 0xF0, 0x00, 0x1F, 0x80, 0x1F, 0x03, 0xE0, 0x00, 0x7E, 0x00,
    0x00, 0x07, 0xE0, 0x00, 0xF8, 0x00, 0x00, 0x0F, 0x80, 0x03, 0xF0, 0x00, 0x00, 0x3F, 0x00, 0x0F,
    0xC0, 0x00, 0x07, 0xF8, 0x00, 0x1F, 0x00, 0x00, 0x0F, 0xC0, 0x00, 0x7E, 0x00, 0x00, 0x1F, 0xF0,
    0x01, 0xF8, 0x00, 0x00, 0x3F, 0xF0, 0x07, 0xE0, 0x00, 0x00, 0x03, 0xF0, 0x0F, 0xC0, 0x00, 0x00,
    0x03, 0xE0, 0x3F, 0x00, 0x00, 0x7C, 0x07, 0xC0, 0xFC, 0x00, 0x00, 0xF8, 0x1F, 0x81, 0xF8, 0x00,
    0x01, 0xF8, 0x7F, 0x07, 0xE0, 0x00, 0x01, 0xFF, 0xFE, 0x1F, 0x80, 0x7F, 0x83, 0xFF, 0xF8, 0x3E,
    0x00, 0xFF, 0x03, 0xFF, 0xE0, 0xFC, 0x03, 0xFE, 0x01, 0xFF, 0x03, 0xF0, 0x0F, 0xFC, 0x00, 0x00,
    0x07, 0xC0, 0x1F, 0xF8, 0x00, 0x00, 0x1F, 0x80, 0x7F, 0xF0, 0x00, 0x00, 0x7E, 0x01, 0xF7, 0xE0,
    0x00, 0x00, 0xF8, 0x03, 0xEF, 0xC0, 0x00, 0x03, 0xF0, 0x0F, 0x9F, 0x80, 0x00, 0x0F, 0xC0, 0x3E,
    0x3F, 0x00, 0x00, 0x3F, 0x00, 0x7C, 0x7E, 0x00, 0x00, 0x7E, 0x01, 0xF0, 0xFC, 0x00, 0x01, 0xF8,
    0x07, 0xE1, 0xF8, 0x00, 0x07, 0xE0, 0x0F, 0x83, 0xF0, 0x00, 0x0F, 0xC0, 0x1F, 0xFF, 0xF8, 0x00,
    0x3F, 0x00, 0x3F, 0xFF, 0xF0, 0x00, 0xFC, 0x00, 0x7F, 0xFF, 0xE0, 0x01, 0xF0, 0x00, 0xFF, 0xFF,
    0xC0, 0x07, 0xE0, 0x00, 0x00, 0x7E, 0x00, 0x1F, 0x80, 0x00, 0x00, 0xFC, 0x00, 0x3E, 0x00, 0x00,
    0x01, 0xF8, 0x00, 0xFC, 0x00, 0x00, 0x03, 0xF0, 0x00, 0x00, 0x00, 0x00, 0x00, 0xF8, 0x00, 0x00,
    0x1F, 0xC0, 0x00, 0x03, 0xFE, 0x00, 0x00, 0x3F, 0xE0, 0x00, 0x03, 0xFE, 0x00, 0x00, 0x3F, 0xE0,
    0x00, 0x03, 0xFC, 0x00, 0x00, 0x1F, 0xC0, 0x00, 0x00, 0x70, 0x00, 0x00, 0x00, 0x00, 0x00, 0x00,
    0x00, 0x00, 0x00, 0x00, 0x00, 0x00, 0x01, 0xFC, 0x00, 0x00, 0x1F, 0xC0, 0x00, 0x01, 0xFC, 0x00,
    0x00, 0x1F, 0xC0, 0x00, 0x03, 0xFC, 0x00, 0x00, 0x3F, 0xC0, 0x00, 0x07, 0xF8, 0x00, 0x01, 0xFF,
    0x80, 0x00, 0x3F, 0xF0, 0x00, 0x0F, 0xFE, 0x00, 0x01, 0xFF, 0xC0, 0x00, 0x3F, 0xF0, 0x00, 0x03,
    0xFE, 0x00, 0x00, 0x7F, 0xC0, 0x00, 0x07, 0xF8, 0x00, 0x00, 0x7F, 0x80, 0x00, 0x0F, 0xF0, 0x00,
    0xFE, 0xFF, 0x00, 0x0F, 0xEF, 0xF0, 0x01, 0xFE, 0xFF, 0x80, 0x1F, 0xE7, 0xF8, 0x03, 0xFE, 0x7F,
    0xC0, 0x7F, 0xC7, 0xFF, 0xFF, 0xFC, 0x3F, 0xFF, 0xFF, 0x81, 0xFF, 0xFF, 0xF0, 0x0F, 0xFF, 0xFE,
    0x00, 0x7F, 0xFF, 0xC0, 0x01, 0xFF, 0xF0, 0x00, 0x03, 0xF8, 0x00, 0x00, 0x3F, 0xC0, 0x00, 0x00,
    0x00, 0x1F, 0xE0, 0x00, 0x00, 0x00, 0x0F, 0xE0, 0x00, 0x00, 0x00, 0x07, 0xF0, 0x00, 0x00, 0x00,
    0x03, 0xF0, 0x00, 0x00, 0x00, 0x03, 0xF8, 0x00, 0x00, 0x00, 0x01, 0xF8, 0x00, 0x00, 0x00, 0x00,
    0xFC, 0x00, 0x00, 0x00, 0x00, 0x7C, 0x00, 0x00, 0x00, 0x00, 0x00, 0x00, 0x00, 0x00, 0x00, 0x00,
    0x00, 0x00, 0x00, 0x00, 0x00, 0x00, 0x00, 0x00, 0x03, 0xFF, 0x80, 0x00, 0x00, 0x03, 0xFF, 0xC0,
    0x00, 0x00, 0x03, 0xFF, 0xC0, 0x00, 0x00, 0x07, 0xFF, 0xC0, 0x00, 0x00, 0x07, 0xFF, 0xE0, 0x00,
    0x00, 0x07, 0xFF, 0xE0, 0x00, 0x00, 0x0F, 0xFF, 0xE0, 0x00, 0x00, 0x0F, 0xFF, 0xF0, 0x00, 0x00,
    0x1F, 0xEF, 0xF0, 0x00, 0x00, 0x1F, 0xEF, 0xF0, 0x00, 0x00, 0x1F, 0xE7, 0xF8, 0x00, 0x00, 0x3F,
    0xE7, 0xF8, 0x00, 0x00, 0x3F, 0xC7, 0xFC, 0x00, 0x00, 0x3F, 0xC3, 0xFC, 0x00, 0x00, 0x7F, 0xC3,
    0xFC, 0x00, 0x00, 0x7F, 0x83, 0xFE, 0x00, 0x00, 0x7F, 0x83, 0xFE, 0x00, 0x00, 0xFF, 0x81, 0xFE,
    0x00, 0x00, 0xFF, 0x01, 0xFF, 0x00, 0x00, 0xFF, 0x01, 0xFF, 0x00, 0x01, 0xFF, 0x00, 0xFF, 0x00,
    0x01, 0xFF, 0x00, 0xFF, 0x80, 0x01, 0xFE, 0x00, 0xFF, 0x80, 0x03, 0xFE, 0x00, 0x7F, 0x80, 0x03,
    0xFE, 0x00, 0x7F, 0xC0, 0x03, 0xFF, 0xFF, 0xFF, 0xC0, 0x07, 0xFF, 0xFF, 0xFF, 0xC0, 0x07, 0xFF,
    0xFF, 0xFF, 0xE0, 0x0F, 0xFF, 0xFF, 0xFF, 0xE0, 0x0F, 0xFF, 0xFF, 0xFF, 0xE0, 0x0F, 0xFF, 0xFF,
    0xFF, 0xF0, 0x1F, 0xF0, 0x00, 0x1F, 0xF0, 0x1F, 0xF0, 0x00, 0x0F, 0xF8, 0x1F, 0xF0, 0x00, 0x0F,
    0xF8, 0x3F, 0xE0, 0x00, 0x0F, 0xF8, 0x3F, 0xE0, 0x00, 0x07, 0xFC, 0x3F, 0xE0, 0x00, 0x07, 0xFC,
    0x7F, 0xC0, 0x00, 0x07, 0xFC, 0x7F, 0xC0, 0x00, 0x03, 0xFE, 0xFF, 0xC0, 0x00, 0x03, 0xFE, 0x00,
    0x00, 0x07, 0xF8, 0x00, 0x00, 0x00, 0x0F, 0xF0, 0x00, 0x00, 0x00, 0x0F, 0xE0, 0x00, 0x00, 0x00,
    0x1F, 0xC0, 0x00, 0x00, 0x00, 0x1F, 0x80, 0x00, 0x00, 0x00, 0x3F, 0x80, 0x00, 0x00, 0x00, 0x3F,
    0x00, 0x00, 0x00, 0x00, 0x7E, 0x00, 0x00, 0x00, 0x00, 0x7C, 0x00, 0x00, 0x00, 0x00, 0x00, 0x00,
    0x00, 0x00, 0x00, 0x00, 0x00, 0x00, 0x00, 0x00, 0x00, 0x00, 0x00, 0x00, 0x03, 0xFF, 0x80, 0x00,
    0x00, 0x03, 0xFF, 0xC0, 0x00, 0x00, 0x03, 0xFF, 0xC0, 0x00, 0x00, 0x07, 0xFF, 0xC0, 0x00, 0x00,
    0x07, 0xFF, 0xE0, 0x00, 0x00, 0x07, 0xFF, 0xE0, 0x00, 0x00, 0x0F, 0xFF, 0xE0, 0x00, 0x00, 0x0F,
    0xFF, 0xF0, 0x00, 0x00, 0x1F, 0xEF, 0xF0, 0x00, 0x00, 0x1F, 0xEF, 0xF0, 0x00, 0x00, 0x1F, 0xE7,
    0xF8, 0x00, 0x00, 0x3F, 0xE7, 0xF8, 0x00, 0x00, 0x3F, 0xC7, 0xFC, 0x00, 0x00, 0x3F, 0xC3, 0xFC,
    0x00, 0x00, 0x7F, 0xC3, 0xFC, 0x00, 0x00, 0x7F, 0x83, 0xFE, 0x00, 0x00, 0x7F, 0x83, 0xFE, 0x00,
    0x00, 0xFF, 0x81, 0xFE, 0x00, 0x00, 0xFF, 0x01, 0xFF, 0x00, 0x00, 0xFF, 0x01, 0xFF, 0x00, 0x01,
    0xFF, 0x00, 0xFF, 0x00, 0x01, 0xFF, 0x00, 0xFF, 0x80, 0x01, 0xFE, 0x00, 0xFF, 0x80, 0x03, 0xFE,
    0x00, 0x7F, 0x80, 0x03, 0xFE, 0x00, 0x7F, 0xC0, 0x03, 0xFF, 0xFF, 0xFF, 0xC0, 0x07, 0xFF, 0xFF,
    0xFF, 0xC0, 0x07, 0xFF, 0xFF, 0xFF, 0xE0, 0x0F, 0xFF, 0xFF, 0xFF, 0xE0, 0x0F, 0xFF, 0xFF, 0xFF,
    0xE0, 0x0F, 0xFF, 0xFF, 0xFF, 0xF0, 0x1F, 0xF0, 0x00, 0x1F, 0xF0, 0x1F, 0xF0, 0x00, 0x0F, 0xF8,
    0x1F, 0xF0, 0x00, 0x0F, 0xF8, 0x3F, 0xE0, 0x00, 0x0F, 0xF8, 0x3F, 0xE0, 0x00, 0x07, 0xFC, 0x3F,
    0xE0, 0x00, 0x07, 0xFC, 0x7F, 0xC0, 0x00, 0x07, 0xFC, 0x7F, 0xC0, 0x00, 0x03, 0xFE, 0xFF, 0xC0,
    0x00, 0x03, 0xFE, 0x00, 0x00, 0xFE, 0x00, 0x00, 0x00, 0x01, 0xFF, 0x00, 0x00, 0x00, 0x03, 0xFF,
    0x80, 0x00, 0x00, 0x03, 0xFF, 0x80, 0x00, 0x00, 0x07, 0xEF, 0xC0, 0x00, 0x00, 0x0F, 0xC7, 0xE0,
    0x00, 0x00, 0x1F, 0x83, 0xF0, 0x00, 0x00, 0x3F, 0x83, 0xF8, 0x00, 0x00, 0x00, 0x00, 0x04, 0x00,
    0x00, 0x00, 0x00, 0x00, 0x00, 0x00, 0x00, 0x00, 0x00, 0x00, 0x00, 0x00, 0x00, 0x00, 0x00, 0x00,
    0x03, 0xFF, 0x80, 0x00, 0x00, 0x03, 0xFF, 0xC0, 0x00, 0x00, 0x03, 0xFF, 0xC0, 0x00, 0x00, 0x07,
    0xFF, 0xC0, 0x00, 0x00, 0x07, 0xFF, 0xE0, 0x00, 0x00, 0x07, 0xFF, 0xE0, 0x00, 0x00, 0x0F, 0xFF,
    0xE0, 0x00, 0x00, 0x0F, 0xFF, 0xF0, 0x00, 0x00, 0x1F, 0xEF, 0xF0, 0x00, 0x00, 0x1F, 0xEF, 0xF0,
    0x00, 0x00, 0x1F, 0xE7, 0xF8, 0x00, 0x00, 0x3F, 0xE7, 0xF8, 0x00, 0x00, 0x3F, 0xC7, 0xFC, 0x00,
    0x00, 0x3F, 0xC3, 0xFC, 0x00, 0x00, 0x7F, 0xC3, 0xFC, 0x00, 0x00, 0x7F, 0x83, 0xFE, 0x00, 0x00,
    0x7F, 0x83, 0xFE, 0x00, 0x00, 0xFF, 0x81, 0xFE, 0x00, 0x00, 0xFF, 0x01, 0xFF, 0x00, 0x00, 0xFF,
    0x01, 0xFF, 0x00, 0x01, 0xFF, 0x00, 0xFF, 0x00, 0x01, 0xFF, 0x00, 0xFF, 0x80, 0x01, 0xFE, 0x00,
    0xFF, 0x80, 0x03, 0xFE, 0x00, 0x7F, 0x80, 0x03, 0xFE, 0x00, 0x7F, 0xC0, 0x03, 0xFF, 0xFF, 0xFF,
    0xC0, 0x07, 0xFF, 0xFF, 0xFF, 0xC0, 0x07, 0xFF, 0xFF, 0xFF, 0xE0, 0x0F, 0xFF, 0xFF, 0xFF, 0xE0,
    0x0F, 0xFF, 0xFF, 0xFF, 0xE0, 0x0F, 0xFF, 0xFF, 0xFF, 0xF0, 0x1F, 0xF0, 0x00, 0x1F, 0xF0, 0x1F,
    0xF0, 0x00, 0x0F, 0xF8, 0x1F, 0xF0, 0x00, 0x0F, 0xF8, 0x3F, 0xE0, 0x00, 0x0F, 0xF8, 0x3F, 0xE0,
    0x00, 0x07, 0xFC, 0x3F, 0xE0, 0x00, 0x07, 0xFC, 0x7F, 0xC0, 0x00, 0x07, 0xFC, 0x7F, 0xC0, 0x00,
    0x03, 0xFE, 0xFF, 0xC0, 0x00, 0x03, 0xFE, 0x00, 0x00, 0x00, 0x00, 0x00, 0x00, 0x07, 0xE0, 0xF8,
    0x00, 0x00, 0x0F, 0xF0, 0xF8, 0x00, 0x00, 0x1F, 0xFF, 0xF0, 0x00, 0x00, 0x1F, 0xFF, 0xF0, 0x00,
    0x00, 0x3E, 0x3F, 0xF0, 0x00, 0x00, 0x3E, 0x1F, 0xE0, 0x00, 0x00, 0x3E, 0x07, 0x80, 0x00, 0x00,
    0x00, 0x00, 0x00, 0x00, 0x00, 0x00, 0x00, 0x00, 0x00, 0x00, 0x00, 0x00, 0x00, 0x00, 0x00, 0x00,
    0x00, 0x00, 0x00, 0x00, 0x03, 0xFF, 0x80, 0x00, 0x00, 0x03, 0xFF, 0xC0, 0x00, 0x00, 0x03, 0xFF,
    0xC0, 0x00, 0x00, 0x07, 0xFF, 0xC0, 0x00, 0x00, 0x07, 0xFF, 0xE0, 0x00, 0x00, 0x07, 0xFF, 0xE0,
    0x00, 0x00, 0x0F, 0xFF, 0xE0, 0x00, 0x00, 0x0F, 0xFF, 0xF0, 0x00, 0x00, 0x1F, 0xEF, 0xF0, 0x00,
    0x00, 0x1F, 0xEF, 0xF0, 0x00, 0x00, 0x1F, 0xE7, 0xF8, 0x00, 0x00, 0x3F, 0xE7, 0xF8, 0x00, 0x00,
    0x3F, 0xC7, 0xFC, 0x00, 0x00, 0x3F, 0xC3, 0xFC, 0x00, 0x00, 0x7F, 0xC3, 0xFC, 0x00, 0x00, 0x7F,
    0x83, 0xFE, 0x00, 0x00, 0x7F, 0x83, 0xFE, 0x00, 0x00, 0xFF, 0x81, 0xFE, 0x00, 0x00, 0xFF, 0x01,
    0xFF, 0x00, 0x00, 0xFF, 0x01, 0xFF, 0x00, 0x01, 0xFF, 0x00, 0xFF, 0x00, 0x01, 0xFF, 0x00, 0xFF,
    0x80, 0x01, 0xFE, 0x00, 0xFF, 0x80, 0x03, 0xFE, 0x00, 0x7F, 0x80, 0x03, 0xFE, 0x00, 0x7F, 0xC0,
    0x03, 0xFF, 0xFF, 0xFF, 0xC0, 0x07, 0xFF, 0xFF, 0xFF, 0xC0, 0x07, 0xFF, 0xFF, 0xFF, 0xE0, 0x0F,
    0xFF, 0xFF, 0xFF, 0xE0, 0x0F, 0xFF, 0xFF, 0xFF, 0xE0, 0x0F, 0xFF, 0xFF, 0xFF, 0xF0, 0x1F, 0xF0,
    0x00, 0x1F, 0xF0, 0x1F, 0xF0, 0x00, 0x0F, 0xF8, 0x1F, 0xF0, 0x00, 0x0F, 0xF8, 0x3F, 0xE0, 0x00,
    0x0F, 0xF8, 0x3F, 0xE0, 0x00, 0x07, 0xFC, 0x3F, 0xE0, 0x00, 0x07, 0xFC, 0x7F, 0xC0, 0x00, 0x07,
    0xFC, 0x7F, 0xC0, 0x00, 0x03, 0xFE, 0xFF, 0xC0, 0x00, 0x03, 0xFE, 0x00, 0x07, 0x00, 0x70, 0x00,
    0x00, 0x1F, 0x81, 0xF8, 0x00, 0x00, 0x1F, 0xC3, 0xFC, 0x00, 0x00, 0x3F, 0xE3, 0xFC, 0x00, 0x00,
    0x3F, 0xE3, 0xFE, 0x00, 0x00, 0x3F, 0xC3, 0xFC, 0x00, 0x00, 0x1F, 0xC1, 0xFC, 0x00, 0x00, 0x0F,
    0x81, 0xF8, 0x00, 0x00, 0x04, 0x00, 0x40, 0x00, 0x00, 0x00, 0x00, 0x00, 0x00, 0x00, 0x00, 0x00,
    0x00, 0x00, 0x00, 0x00, 0x00, 0x00, 0x00, 0x00, 0x03, 0xFF, 0x80, 0x00, 0x00, 0x03, 0xFF, 0xC0,
    0x00, 0x00, 0x03, 0xFF, 0xC0, 0x00, 0x00, 0x07, 0xFF, 0xC0, 0x00, 0x00, 0x07, 0xFF, 0xE0, 0x00,
    0x00, 0x07, 0xFF, 0xE0, 0x00, 0x00, 0x0F, 0xFF, 0xE0, 0x00, 0x00, 0x0F, 0xFF, 0xF0, 0x00, 0x00,
    0x1F, 0xEF, 0xF0, 0x00, 0x00, 0x1F, 0xEF, 0xF0, 0x00, 0x00, 0x1F, 0xE7, 0xF8, 0x00, 0x00, 0x3F,
    0xE7, 0xF8, 0x00, 0x00, 0x3F, 0xC7, 0xFC, 0x00, 0x00, 0x3F, 0xC3, 0xFC, 0x00, 0x00, 0x7F, 0xC3,
    0xFC, 0x00, 0x00, 0x7F, 0x83, 0xFE, 0x00, 0x00, 0x7F, 0x83, 0xFE, 0x00, 0x00, 0xFF, 0x81, 0xFE,
    0x00, 0x00, 0xFF, 0x01, 0xFF, 0x00, 0x00, 0xFF, 0x01, 0xFF, 0x00, 0x01, 0xFF, 0x00, 0xFF, 0x00,
    0x01, 0xFF, 0x00, 0xFF, 0x80, 0x01, 0xFE, 0x00, 0xFF, 0x80, 0x03, 0xFE, 0x00, 0x7F, 0x80, 0x03,
    0xFE, 0x00, 0x7F, 0xC0, 0x03, 0xFF, 0xFF, 0xFF, 0xC0, 0x07, 0xFF, 0xFF, 0xFF, 0xC0, 0x07, 0xFF,
    0xFF, 0xFF, 0xE0, 0x0F, 0xFF, 0xFF, 0xFF, 0xE0, 0x0F, 0xFF, 0xFF, 0xFF, 0xE0, 0x0F, 0xFF, 0xFF,
    0xFF, 0xF0, 0x1F, 0xF0, 0x00, 0x1F, 0xF0, 0x1F, 0xF0, 0x00, 0x0F, 0xF8, 0x1F, 0xF0, 0x00, 0x0F,
    0xF8, 0x3F, 0xE0, 0x00, 0x0F, 0xF8, 0x3F, 0xE0, 0x00, 0x07, 0xFC, 0x3F, 0xE0, 0x00, 0x07, 0xFC,
    0x7F, 0xC0, 0x00, 0x07, 0xFC, 0x7F, 0xC0, 0x00, 0x03, 0xFE, 0xFF, 0xC0, 0x00, 0x03, 0xFE, 0x00,
    0x00, 0x7E, 0x00, 0x00, 0x00, 0x01, 0xFF, 0x00, 0x00, 0x00, 0x03, 0xFF, 0x80, 0x00, 0x00, 0x03,
    0xFF, 0xC0, 0x00, 0x00, 0x07, 0xC3, 0xC0, 0x00, 0x00, 0x07, 0x81, 0xE0, 0x00, 0x00, 0x07, 0x81,
    0xE0, 0x00, 0x00, 0x07, 0x81, 0xE0, 0x00, 0x00, 0x07, 0xC3, 0xC0, 0x00, 0x00, 0x03, 0xFF, 0xC0,
    0x00, 0x00, 0x03, 0xFF, 0x80, 0x00, 0x00, 0x00, 0xFF, 0x00, 0x00, 0x00, 0x00, 0x7C, 0x00, 0x00,
    0x00, 0x00, 0x00, 0x00, 0x00, 0x00, 0x00, 0x00, 0x00, 0x00, 0x00, 0x03, 0xFF, 0x80, 0x00, 0x00,
    0x03, 0xFF, 0xC0, 0x00, 0x00, 0x03, 0xFF, 0xC0, 0x00, 0x00, 0x07, 0xFF, 0xC0, 0x00, 0x00, 0x07,
    0xFF, 0xE0, 0x00, 0x00, 0x07, 0xFF, 0xE0, 0x00, 0x00, 0x0F, 0xFF, 0xE0, 0x00, 0x00, 0x0F, 0xFF,
    0xF0, 0x00, 0x00, 0x1F, 0xEF, 0xF0, 0x00, 0x00, 0x1F, 0xEF, 0xF0, 0x00, 0x00, 0x1F, 0xE7, 0xF8,
    0x00, 0x00, 0x3F, 0xE7, 0xF8, 0x00, 0x00, 0x3F, 0xC7, 0xFC, 0x00, 0x00, 0x3F, 0xC3, 0xFC, 0x00,
    0x00, 0x7F, 0xC3, 0xFC, 0x00, 0x00, 0x7F, 0x83, 0xFE, 0x00, 0x00, 0x7F, 0x83, 0xFE, 0x00, 0x00,
    0xFF, 0x81, 0xFE, 0x00, 0x00, 0xFF, 0x01, 0xFF, 0x00, 0x00, 0xFF, 0x01, 0xFF, 0x00, 0x01, 0xFF,
    0x00, 0xFF, 0x00, 0x01, 0xFF, 0x00, 0xFF, 0x80, 0x01, 0xFE, 0x00, 0xFF, 0x80, 0x03, 0xFE, 0x00,
    0x7F, 0x80, 0x03, 0xFE, 0x00, 0x7F, 0xC0, 0x03, 0xFF, 0xFF, 0xFF, 0xC0, 0x07, 0xFF, 0xFF, 0xFF,
    0xC0, 0x07, 0xFF, 0xFF, 0xFF, 0xE0, 0x0F, 0xFF, 0xFF, 0xFF, 0xE0, 0x0F, 0xFF, 0xFF, 0xFF, 0xE0,
    0x0F, 0xFF, 0xFF, 0xFF, 0xF0, 0x1F, 0xF0, 0x00, 0x1F, 0xF0, 0x1F, 0xF0, 0x00, 0x0F, 0xF8, 0x1F,
    0xF0, 0x00, 0x0F, 0xF8, 0x3F, 0xE0, 0x00, 0x0F, 0xF8, 0x3F, 0xE0, 0x00, 0x07, 0xFC, 0x3F, 0xE0,
    0x00, 0x07, 0xFC, 0x7F, 0xC0, 0x00, 0x07, 0xFC, 0x7F, 0xC0, 0x00, 0x03, 0xFE, 0xFF, 0xC0, 0x00,
    0x03, 0xFE, 0x00, 0x00, 0x00, 0x00, 0x00, 0x00, 0x00, 0x00, 0x01, 0xFF, 0xFF, 0xFF, 0xFF, 0xF0,
    0x00, 0x07, 0xFF, 0xFF, 0xFF, 0xFF, 0xC0, 0x00, 0x3F, 0xFF, 0xFF, 0xFF, 0xFF, 0x00, 0x00, 0xFF,
    0xFF, 0xFF, 0xFF, 0xFC, 0x00, 0x07, 0xFF, 0xFF, 0xFF, 0xFF, 0xF0, 0x00, 0x1F, 0xFF, 0xFF, 0xFF,
    0xFF, 0xC0, 0x00, 0x7F, 0xFF, 0xFF, 0xFF, 0xFF, 0x00, 0x03, 0xFC, 0x3F, 0xC0, 0x00, 0x00, 0x00,
    0x0F, 0xF0, 0xFF, 0x00, 0x00, 0x00, 0x00, 0x7F, 0xC3, 0xFC, 0x00, 0x00, 0x00, 0x01, 0xFE, 0x0F,
    0xF0, 0x00, 0x00, 0x00, 0x0F, 0xF8, 0x3F, 0xC0, 0x00, 0x00, 0x00, 0x3F, 0xC0, 0xFF, 0x00, 0x00,
    0x00, 0x00, 0xFF, 0x03, 0xFC, 0x00, 0x00, 0x00, 0x07, 0xFC, 0x0F, 0xF0, 0x00, 0x00, 0x00, 0x1F,
    0xE0, 0x3F, 0xC0, 0x00, 0x00, 0x00, 0xFF, 0x80, 0xFF, 0xFF, 0xFF, 0xC0, 0x03, 0xFC, 0x03, 0xFF,
    0xFF, 0xFF, 0x00, 0x0F, 0xF0, 0x0F, 0xFF, 0xFF, 0xFC, 0x00, 0x7F, 0xC0, 0x3F, 0xFF, 0xFF, 0xF0,
    0x01, 0xFE, 0x00, 0xFF, 0xFF, 0xFF, 0xC0, 0x0F, 0xF8, 0x03, 0xFF, 0xFF, 0xFF, 0x00, 0x3F, 0xC0,
    0x0F, 0xFF, 0xFF, 0xFC, 0x01, 0xFF, 0x00, 0x3F, 0xC0, 0x00, 0x00, 0x07, 0xFF, 0xFF, 0xFF, 0x00,
    0x00, 0x00, 0x1F, 0xFF, 0xFF, 0xFC, 0x00, 0x00, 0x00, 0xFF, 0xFF, 0xFF, 0xF0, 0x00, 0x00, 0x03,
    0xFF, 0xFF, 0xFF, 0xC0, 0x00, 0x00, 0x1F, 0xFF, 0xFF, 0xFF, 0x00, 0x00, 0x00, 0x7F, 0xFF, 0xFF,
    0xFC, 0x00, 0x00, 0x03, 0xFE, 0x00, 0x0F, 0xF0, 0x00, 0x00, 0x0F, 0xF8, 0x00, 0x3F, 0xC0, 0x00,
    0x00, 0x3F, 0xC0, 0x00, 0xFF, 0x00, 0x00, 0x01, 0xFF, 0x00, 0x03, 0xFF, 0xFF, 0xFF, 0xC7, 0xF8,
    0x00, 0x0F, 0xFF, 0xFF, 0xFF, 0x3F, 0xE0, 0x00, 0x3F, 0xFF, 0xFF, 0xFC, 0xFF, 0x80, 0x00, 0xFF,
    0xFF, 0xFF, 0xF3, 0xFC, 0x00, 0x03, 0xFF, 0xFF, 0xFF, 0xDF, 0xF0, 0x00, 0x0F, 0xFF, 0xFF, 0xFF,
    0xFF, 0x80, 0x00, 0x3F, 0xFF, 0xFF, 0xFC, 0x00, 0x00, 0x3C, 0x00, 0x00, 0x00, 0x1F, 0xFF, 0x80,
    0x00, 0x01, 0xFF, 0xFF, 0x80, 0x00, 0x1F, 0xFF, 0xFF, 0x00, 0x00, 0xFF, 0xFF, 0xFF, 0x00, 0x07,
    0xFF, 0xFF, 0xFE, 0x00, 0x3F, 0xFF, 0xFF, 0xFC, 0x01, 0xFF, 0xFF, 0xFF, 0xF0, 0x0F, 0xFF, 0x00,
    0xFF, 0xE0, 0x3F, 0xF0, 0x00, 0xFF, 0xC1, 0xFF, 0x80, 0x01, 0xFF, 0x07, 0xFC, 0x00, 0x03, 0xFC,
    0x3F, 0xE0, 0x00, 0x0F, 0xF8, 0xFF, 0x80, 0x00, 0x1F, 0xE3, 0xFC, 0x00, 0x00, 0x7F, 0x9F, 0xF0,
    0x00, 0x00, 0x00, 0x7F, 0xC0, 0x00, 0x00, 0x01, 0xFE, 0x00, 0x00, 0x00, 0x07, 0xF8, 0x00, 0x00,
    0x00, 0x1F, 0xE0, 0x00, 0x00, 0x00, 0x7F, 0x80, 0x00, 0x00, 0x01, 0xFE, 0x00, 0x00, 0x00, 0x07,
    0xF8, 0x00, 0x00, 0x00, 0x1F, 0xE0, 0x00, 0x00, 0x00, 0x7F, 0x80, 0x00, 0x00, 0x01, 0xFF, 0x00,
    0x00, 0x00, 0x07, 0xFC, 0x00, 0x00, 0x00, 0x0F, 0xF0, 0x00, 0x01, 0xFE, 0x3F, 0xE0, 0x00, 0x07,
    0xF8, 0xFF, 0x80, 0x00, 0x3F, 0xE1, 0xFF, 0x00, 0x00, 0xFF, 0x07, 0xFE, 0x00, 0x07, 0xFC, 0x0F,
    0xFC, 0x00, 0x3F, 0xF0, 0x3F, 0xFC, 0x03, 0xFF, 0x80, 0x7F, 0xFF, 0xFF, 0xFC, 0x00, 0xFF, 0xFF,
    0xFF, 0xF0, 0x01, 0xFF, 0xFF, 0xFF, 0x80, 0x03, 0xFF, 0xFF, 0xFC, 0x00, 0x07, 0xFF, 0xFF, 0xC0,
    0x00, 0x07, 0xFF, 0xFE, 0x00, 0x00, 0x07, 0xFF, 0xE0, 0x00, 0x00, 0x00, 0xF0, 0x00, 0x00, 0x00,
    0x03, 0x80, 0x00, 0x00, 0x00, 0x1F, 0x80, 0x00, 0x00, 0x00, 0x7F, 0x80, 0x00, 0x00, 0x01, 0xFF,
    0x00, 0x00, 0x00, 0x00, 0x7C, 0x00, 0x00, 0x00, 0x00, 0xF0, 0x00, 0x00, 0x00, 0x07, 0xC0, 0x00,
    0x00, 0x03, 0xFF, 0x00, 0x00, 0x00, 0x0F, 0xF8, 0x00, 0x00, 0x00, 0x3F, 0xC0, 0x00, 0x00, 0x00,
    0x00, 0x00, 0x00, 0x07, 0xF8, 0x00, 0x00, 0x1F, 0xE0, 0x00, 0x00, 0x7F, 0x00, 0x00, 0x01, 0xFC,
    0x00, 0x00, 0x07, 0xE0, 0x00, 0x00, 0x3F, 0x80, 0x00, 0x00, 0xFC, 0x00, 0x00, 0x03, 0xF0, 0x00,
    0x00, 0x0F, 0x80, 0x00, 0x00, 0x00, 0x00, 0x00, 0x00, 0x00, 0x00, 0x00, 0x00, 0x00, 0x0F, 0xFF,
    0xFF, 0xFF, 0x7F, 0xFF, 0xFF, 0xFB, 0xFF, 0xFF, 0xFF, 0xDF, 0xFF, 0xFF, 0xFE, 0xFF, 0xFF, 0xFF,
    0xF7, 0xFF, 0xFF, 0xFF, 0xBF, 0xFF, 0xFF, 0xFD, 0xFE, 0x00, 0x00, 0x0F, 0xF0, 0x00, 0x00, 0x7F,
    0x80, 0x00, 0x03, 0xFC, 0x00, 0x00, 0x1F, 0xE0, 0x00, 0x00, 0xFF, 0x00, 0x00, 0x07, 0xF8, 0x00,
    0x00, 0x3F, 0xC0, 0x00, 0x01, 0xFE, 0x00, 0x00, 0x0F, 0xFF, 0xFF, 0xFE, 0x7F, 0xFF, 0xFF, 0xF3,
    0xFF, 0xFF, 0xFF, 0x9F, 0xFF, 0xFF, 0xFC, 0xFF, 0xFF, 0xFF, 0xE7, 0xFF, 0xFF, 0xFF, 0x3F, 0xFF,
    0xFF, 0xF9, 0xFE, 0x00, 0x00, 0x0F, 0xF0, 0x00, 0x00, 0x7F, 0x80, 0x00, 0x03, 0xFC, 0x00, 0x00,
    0x1F, 0xE0, 0x00, 0x00, 0xFF, 0x00, 0x00, 0x07, 0xF8, 0x00, 0x00, 0x3F, 0xC0, 0x00, 0x01, 0xFE,
    0x00, 0x00, 0x0F, 0xF0, 0x00, 0x00, 0x7F, 0xFF, 0xFF, 0xFB, 0xFF, 0xFF, 0xFF, 0xDF, 0xFF, 0xFF,
    0xFE, 0xFF, 0xFF, 0xFF, 0xF7, 0xFF, 0xFF, 0xFF, 0xBF, 0xFF, 0xFF, 0xFD, 0xFF, 0xFF, 0xFF, 0xE0,
    0x00, 0x00, 0xFF, 0x00, 0x00, 0x0F, 0xF0, 0x00, 0x00, 0x7F, 0x00, 0x00, 0x07, 0xF0, 0x00, 0x00,
    0x3F, 0x00, 0x00, 0x03, 0xF8, 0x00, 0x00, 0x1F, 0x80, 0x00, 0x01, 0xF8, 0x00, 0x00, 0x0F, 0x80,
    0x00, 0x00, 0x00, 0x00, 0x00, 0x00, 0x00, 0x00, 0x00, 0x00, 0x00, 0x0F, 0xFF, 0xFF, 0xFF, 0x7F,
    0xFF, 0xFF, 0xFB, 0xFF, 0xFF, 0xFF, 0xDF, 0xFF, 0xFF, 0xFE, 0xFF, 0xFF, 0xFF, 0xF7, 0xFF, 0xFF,
    0xFF, 0xBF, 0xFF, 0xFF, 0xFD, 0xFE, 0x00, 0x00, 0x0F, 0xF0, 0x00, 0x00, 0x7F, 0x80, 0x00, 0x03,
    0xFC, 0x00, 0x00, 0x1F, 0xE0, 0x00, 0x00, 0xFF, 0x00, 0x00, 0x07, 0xF8, 0x00, 0x00, 0x3F, 0xC0,
    0x00, 0x01, 0xFE, 0x00, 0x00, 0x0F, 0xFF, 0xFF, 0xFE, 0x7F, 0xFF, 0xFF, 0xF3, 0xFF, 0xFF, 0xFF,
    0x9F, 0xFF, 0xFF, 0xFC, 0xFF, 0xFF, 0xFF, 0xE7, 0xFF, 0xFF, 0xFF, 0x3F, 0xFF, 0xFF, 0xF9, 0xFE,
    0x00, 0x00, 0x0F, 0xF0, 0x00, 0x00, 0x7F, 0x80, 0x00, 0x03, 0xFC, 0x00, 0x00, 0x1F, 0xE0, 0x00,
    0x00, 0xFF, 0x00, 0x00, 0x07, 0xF8, 0x00, 0x00, 0x3F, 0xC0, 0x00, 0x01, 0xFE, 0x00, 0x00, 0x0F,
    0xF0, 0x00, 0x00, 0x7F, 0xFF, 0xFF, 0xFB, 0xFF, 0xFF, 0xFF, 0xDF, 0xFF, 0xFF, 0xFE, 0xFF, 0xFF,
    0xFF, 0xF7, 0xFF, 0xFF, 0xFF, 0xBF, 0xFF, 0xFF, 0xFD, 0xFF, 0xFF, 0xFF, 0xE0, 0x00, 0x1F, 0xC0,
    0x00, 0x01, 0xFF, 0x00, 0x00, 0x1F, 0xFC, 0x00, 0x00, 0xFF, 0xE0, 0x00, 0x0F, 0xDF, 0x80, 0x00,
    0xFC, 0x7E, 0x00, 0x0F, 0xC1, 0xF8, 0x00, 0xFE, 0x0F, 0xE0, 0x00, 0x00, 0x00, 0x80, 0x00, 0x00,
    0x00, 0x00, 0x00, 0x00, 0x00, 0x00, 0x00, 0x00, 0x0F, 0xFF, 0xFF, 0xFF, 0x7F, 0xFF, 0xFF, 0xFB,
    0xFF, 0xFF, 0xFF, 0xDF, 0xFF, 0xFF, 0xFE, 0xFF, 0xFF, 0xFF, 0xF7, 0xFF, 0xFF, 0xFF, 0xBF, 0xFF,
    0xFF, 0xFD, 0xFE, 0x00, 0x00, 0x0F, 0xF0, 0x00, 0x00, 0x7F, 0x80, 0x00, 0x03, 0xFC, 0x00, 0x00,
    0x1F, 0xE0, 0x00, 0x00, 0xFF, 0x00, 0x00, 0x07, 0xF8, 0x00, 0x00, 0x3F, 0xC0, 0x00, 0x01, 0xFE,
    0x00, 0x00, 0x0F, 0xFF, 0xFF, 0xFE, 0x7F, 0xFF, 0xFF, 0xF3, 0xFF, 0xFF, 0xFF, 0x9F, 0xFF, 0xFF,
    0xFC, 0xFF, 0xFF, 0xFF, 0xE7, 0xFF, 0xFF, 0xFF, 0x3F, 0xFF, 0xFF, 0xF9, 0xFE, 0x00, 0x00, 0x0F,
    0xF0, 0x00, 0x00, 0x7F, 0x80, 0x00, 0x03, 0xFC, 0x00, 0x00, 0x1F, 0xE0, 0x00, 0x00, 0xFF, 0x00,
    0x00, 0x07, 0xF8, 0x00, 0x00, 0x3F, 0xC0, 0x00, 0x01, 0xFE, 0x00, 0x00, 0x0F, 0xF0, 0x00, 0x00,
    0x7F, 0xFF, 0xFF, 0xFB, 0xFF, 0xFF, 0xFF, 0xDF, 0xFF, 0xFF, 0xFE, 0xFF, 0xFF, 0xFF, 0xF7, 0xFF,
    0xFF, 0xFF, 0xBF, 0xFF, 0xFF, 0xFD, 0xFF, 0xFF, 0xFF, 0xE0, 0x01, 0xC0, 0x1C, 0x00, 0x3F, 0x03,
    0xF0, 0x01, 0xFC, 0x3F, 0xC0, 0x1F, 0xF1, 0xFE, 0x00, 0xFF, 0x8F, 0xF8, 0x07, 0xF8, 0x7F, 0x80,
    0x1F, 0xC1, 0xFC, 0x00, 0x7C, 0x0F, 0xC0, 0x01, 0x00, 0x10, 0x00, 0x00, 0x00, 0x00, 0x00, 0x00,
    0x00, 0x00, 0x00, 0x00, 0x00, 0x0F, 0xFF, 0xFF, 0xFF, 0x7F, 0xFF, 0xFF, 0xFB, 0xFF, 0xFF, 0xFF,
    0xDF, 0xFF, 0xFF, 0xFE, 0xFF, 0xFF, 0xFF, 0xF7, 0xFF, 0xFF, 0xFF, 0xBF, 0xFF, 0xFF, 0xFD, 0xFE,
    0x00, 0x00, 0x0F, 0xF0, 0x00, 0x00, 0x7F, 0x80, 0x00, 0x03, 0xFC, 0x00, 0x00, 0x1F, 0xE0, 0x00,
    0x00, 0xFF, 0x00, 0x00, 0x07, 0xF8, 0x00, 0x00, 0x3F, 0xC0, 0x00, 0x01, 0xFE, 0x00, 0x00, 0x0F,
    0xFF, 0xFF, 0xFE, 0x7F, 0xFF, 0xFF, 0xF3, 0xFF, 0xFF, 0xFF, 0x9F, 0xFF, 0xFF, 0xFC, 0xFF, 0xFF,
    0xFF, 0xE7, 0xFF, 0xFF, 0xFF, 0x3F, 0xFF, 0xFF, 0xF9, 0xFE, 0x00, 0x00, 0x0F, 0xF0, 0x00, 0x00,
    0x7F, 0x80, 0x00, 0x03, 0xFC, 0x00, 0x00, 0x1F, 0xE0, 0x00, 0x00, 0xFF, 0x00, 0x00, 0x07, 0xF8,
    0x00, 0x00, 0x3F, 0xC0, 0x00, 0x01, 0xFE, 0x00, 0x00, 0x0F, 0xF0, 0x00, 0x00, 0x7F, 0xFF, 0xFF,
    0xFB, 0xFF, 0xFF, 0xFF, 0xDF, 0xFF, 0xFF, 0xFE, 0xFF, 0xFF, 0xFF, 0xF7, 0xFF, 0xFF, 0xFF, 0xBF,
    0xFF, 0xFF, 0xFD, 0xFF, 0xFF, 0xFF, 0xE0, 0xFF, 0x01, 0xFE, 0x03, 0xF8, 0x07, 0xF0, 0x0F, 0xC0,
    0x3F, 0x80, 0x7E, 0x00, 0xFC, 0x01, 0xF0, 0x00, 0x00, 0x00, 0x00, 0x00, 0x07, 0xF8, 0x1F, 0xE0,
    0x7F, 0x81, 0xFE, 0x07, 0xF8, 0x1F, 0xE0, 0x7F, 0x81, 0xFE, 0x07, 0xF8, 0x1F, 0xE0, 0x7F, 0x81,
    0xFE, 0x07, 0xF8, 0x1F, 0xE0, 0x7F, 0x81, 0xFE, 0x07, 0xF8, 0x1F, 0xE0, 0x7F, 0x81, 0xFE, 0x07,
    0xF8, 0x1F, 0xE0, 0x7F, 0x81, 0xFE, 0x07, 0xF8, 0x1F, 0xE0, 0x7F, 0x81, 0xFE, 0x07, 0xF8, 0x1F,
    0xE0, 0x7F, 0x81, 0xFE, 0x07, 0xF8, 0x1F, 0xE0, 0x7F, 0x81, 0xFE, 0x07, 0xF8, 0x1F, 0xE0, 0x7F,
    0x81, 0xFE, 0x03, 0xFC, 0x1F, 0xE0, 0x7F, 0x03, 0xF8, 0x0F, 0xC0, 0x7F, 0x01, 0xF8, 0x0F, 0xC0,
    0x3E, 0x00, 0x00, 0x00, 0x00, 0x00, 0x00, 0xFF, 0x03, 0xFC, 0x0F, 0xF0, 0x3F, 0xC0, 0xFF, 0x03,
    0xFC, 0x0F, 0xF0, 0x3F, 0xC0, 0xFF, 0x03, 0xFC, 0x0F, 0xF0, 0x3F, 0xC0, 0xFF, 0x03, 0xFC, 0x0F,
    0xF0, 0x3F, 0xC0, 0xFF, 0x03, 0xFC, 0x0F, 0xF0, 0x3F, 0xC0, 0xFF, 0x03, 0xFC, 0x0F, 0xF0, 0x3F,
    0xC0, 0xFF, 0x03, 0xFC, 0x0F, 0xF0, 0x3F, 0xC0, 0xFF, 0x03, 0xFC, 0x0F, 0xF0, 0x3F, 0xC0, 0xFF,
    0x03, 0xFC, 0x0F, 0xF0, 0x3F, 0xC0, 0xFF, 0x03, 0xFC, 0x0F, 0xF0, 0x3F, 0xC0, 0x01, 0xFC, 0x00,
    0x1F, 0xF0, 0x01, 0xFF, 0xC0, 0x0F, 0xFE, 0x00, 0xFD, 0xF8, 0x0F, 0xC7, 0xE0, 0xFC, 0x1F, 0x8F,
    0xE0, 0xFE, 0x00, 0x00, 0x08, 0x00, 0x00, 0x00, 0x00, 0x00, 0x00, 0x00, 0x00, 0x3F, 0xC0, 0x01,
    0xFE, 0x00, 0x0F, 0xF0, 0x00, 0x7F, 0x80, 0x03, 0xFC, 0x00, 0x1F, 0xE0, 0x00, 0xFF, 0x00, 0x07,
    0xF8, 0x00, 0x3F, 0xC0, 0x01, 0xFE, 0x00, 0x0F, 0xF0, 0x00, 0x7F, 0x80, 0x03, 0xFC, 0x00, 0x1F,
    0xE0, 0x00, 0xFF, 0x00, 0x07, 0xF8, 0x00, 0x3F, 0xC0, 0x01, 0xFE, 0x00, 0x0F, 0xF0, 0x00, 0x7F,
    0x80, 0x03, 0xFC, 0x00, 0x1F, 0xE0, 0x00, 0xFF, 0x00, 0x07, 0xF8, 0x00, 0x3F, 0xC0, 0x01, 0xFE,
    0x00, 0x0F, 0xF0, 0x00, 0x7F, 0x80, 0x03, 0xFC, 0x00, 0x1F, 0xE0, 0x00, 0xFF, 0x00, 0x07, 0xF8,
    0x00, 0x3F, 0xC0, 0x01, 0xFE, 0x00, 0x0F, 0xF0, 0x00, 0x7F, 0x80, 0x03, 0xFC, 0x00, 0x1F, 0xE0,
    0x00, 0xFF, 0x00, 0x07, 0xF8, 0x00, 0x1C, 0x01, 0xC3, 0xF0, 0x3F, 0x1F, 0xC3, 0xFD, 0xFF, 0x1F,
    0xEF, 0xF8, 0xFF, 0xFF, 0x87, 0xF9, 0xFC, 0x1F, 0xC7, 0xC0, 0xFC, 0x10, 0x01, 0x00, 0x00, 0x00,
    0x00, 0x00, 0x00, 0x00, 0x00, 0x00, 0x3F, 0xC0, 0x01, 0xFE, 0x00, 0x0F, 0xF0, 0x00, 0x7F, 0x80,
    0x03, 0xFC, 0x00, 0x1F, 0xE0, 0x00, 0xFF, 0x00, 0x07, 0xF8, 0x00, 0x3F, 0xC0, 0x01, 0xFE, 0x00,
    0x0F, 0xF0, 0x00, 0x7F, 0x80, 0x03, 0xFC, 0x00, 0x1F, 0xE0, 0x00, 0xFF, 0x00, 0x07, 0xF8, 0x00,
    0x3F, 0xC0, 0x01, 0xFE, 0x00, 0x0F, 0xF0, 0x00, 0x7F, 0x80, 0x03, 0xFC, 0x00, 0x1F, 0xE0, 0x00,
    0xFF, 0x00, 0x07, 0xF8, 0x00, 0x3F, 0xC0, 0x01, 0xFE, 0x00, 0x0F, 0xF0, 0x00, 0x7F, 0x80, 0x03,
    0xFC, 0x00, 0x1F, 0xE0, 0x00, 0xFF, 0x00, 0x07, 0xF8, 0x00, 0x3F, 0xC0, 0x01, 0xFE, 0x00, 0x0F,
    0xF0, 0x00, 0x7F, 0x80, 0x03, 0xFC, 0x00, 0x1F, 0xE0, 0x00, 0xFF, 0x00, 0x07, 0xF8, 0x00, 0x00,
    0x00, 0x00, 0x00, 0x00, 0x03, 0xFF, 0xFF, 0x80, 0x00, 0x03, 0xFF, 0xFF, 0xF8, 0x00, 0x03, 0xFF,
    0xFF, 0xFE, 0x00, 0x03, 0xFF, 0xFF, 0xFF, 0x00, 0x03, 0xFF, 0xFF, 0xFF, 0xC0, 0x03, 0xFF, 0xFF,
    0xFF, 0xE0, 0x03, 0xFF, 0xFF, 0xFF, 0xF0, 0x03, 0xFC, 0x00, 0xFF, 0xF0, 0x03, 0xFC, 0x00, 0x1F,
    0xF8, 0x03, 0xFC, 0x00, 0x0F, 0xFC, 0x03, 0xFC, 0x00, 0x07, 0xFC, 0x03, 0xFC, 0x00, 0x03, 0xFE,
    0x03, 0xFC, 0x00, 0x03, 0xFE, 0x03, 0xFC, 0x00, 0x01, 0xFE, 0x03, 0xFC, 0x00, 0x01, 0xFE, 0x03,
    0xFC, 0x00, 0x01, 0xFF, 0x03, 0xFC, 0x00, 0x01, 0xFF, 0xFF, 0xFF, 0xFC, 0x00, 0xFF, 0xFF, 0xFF,
    0xFC, 0x00, 0xFF, 0xFF, 0xFF, 0xFC, 0x00, 0xFF, 0xFF, 0xFF, 0xFC, 0x00, 0xFF, 0xFF, 0xFF, 0xFC,
    0x00, 0xFF, 0xFF, 0xFF, 0xFC, 0x00, 0xFF, 0x03, 0xFC, 0x00, 0x01, 0xFF, 0x03, 0xFC, 0x00, 0x01,
    0xFF, 0x03, 0xFC, 0x00, 0x01, 0xFE, 0x03, 0xFC, 0x00, 0x01, 0xFE, 0x03, 0xFC, 0x00, 0x03, 0xFE,
    0x03, 0xFC, 0x00, 0x03, 0xFE, 0x03, 0xFC, 0x00, 0x07, 0xFC, 0x03, 0xFC, 0x00, 0x0F, 0xFC, 0x03,
    0xFC, 0x00, 0x3F, 0xF8, 0x03, 0xFC, 0x00, 0xFF, 0xF0, 0x03, 0xFF, 0xFF, 0xFF, 0xF0, 0x03, 0xFF,
    0xFF, 0xFF, 0xE0, 0x03, 0xFF, 0xFF, 0xFF, 0xC0, 0x03, 0xFF, 0xFF, 0xFF, 0x00, 0x03, 0xFF, 0xFF,
    0xFE, 0x00, 0x03, 0xFF, 0xFF, 0xF8, 0x00, 0x03, 0xFF, 0xFF, 0x80, 0x00, 0x00, 0x00, 0x00, 0x00,
    0x00, 0x03, 0xF0, 0x7C, 0x00, 0x00, 0xFF, 0x0F, 0x80, 0x00, 0x3F, 0xFF, 0xE0, 0x00, 0x07, 0xFF,
    0xFC, 0x00, 0x01, 0xF1, 0xFF, 0x80, 0x00, 0x3E, 0x1F, 0xE0, 0x00, 0x07, 0xC0, 0xF0, 0x00, 0x00,
    0x00, 0x00, 0x00, 0x00, 0x00, 0x00, 0x00, 0x00, 0x00, 0x00, 0x00, 0x00, 0x00, 0x00, 0x00, 0x00,
    0x0F, 0xF8, 0x00, 0x03, 0xFD, 0xFF, 0x80, 0x00, 0x7F, 0xBF, 0xF8, 0x00, 0x0F, 0xF7, 0xFF, 0x00,
    0x01, 0xFE, 0xFF, 0xF0, 0x00, 0x3F, 0xDF, 0xFE, 0x00, 0x07, 0xFB, 0xFF, 0xE0, 0x00, 0xFF, 0x7F,
    0xFE, 0x00, 0x1F, 0xEF, 0xFF, 0xC0, 0x03, 0xFD, 0xFF, 0xFC, 0x00, 0x7F, 0xBF, 0xFF, 0xC0, 0x0F,
    0xF7, 0xFF, 0xF8, 0x01, 0xFE, 0xFF, 0x7F, 0x80, 0x3F, 0xDF, 0xEF, 0xF0, 0x07, 0xFB, 0xFC, 0xFF,
    0x00, 0xFF, 0x7F, 0x9F, 0xF0, 0x1F, 0xEF, 0xF1, 0xFE, 0x03, 0xFD, 0xFE, 0x3F, 0xE0, 0x7F, 0xBF,
    0xC3, 0xFE, 0x0F, 0xF7, 0xF8, 0x3F, 0xC1, 0xFE, 0xFF, 0x07, 0xFC, 0x3F, 0xDF, 0xE0, 0x7F, 0x87,
    0xFB, 0xFC, 0x0F, 0xF8, 0xFF, 0x7F, 0x80, 0xFF, 0x9F, 0xEF, 0xF0, 0x0F, 0xF3, 0xFD, 0xFE, 0x01,
    0xFF, 0x7F, 0xBF, 0xC0, 0x1F, 0xEF, 0xF7, 0xF8, 0x01, 0xFF, 0xFE, 0xFF, 0x00, 0x3F, 0xFF, 0xDF,
    0xE0, 0x03, 0xFF, 0xFB, 0xFC, 0x00, 0x7F, 0xFF, 0x7F, 0x80, 0x07, 0xFF, 0xEF, 0xF0, 0x00, 0x7F,
    0xFD, 0xFE, 0x00, 0x0F, 0xFF, 0xBF, 0xC0, 0x00, 0xFF, 0xF7, 0xF8, 0x00, 0x0F, 0xFE, 0xFF, 0x00,
    0x01, 0xFF, 0xDF, 0xE0, 0x00, 0x1F, 0xFB, 0xFC, 0x00, 0x03, 0xFF, 0x7F, 0x80, 0x00, 0x3F, 0xE0,
    0x00, 0x3F, 0xC0, 0x00, 0x00, 0x00, 0x3F, 0xC0, 0x00, 0x00, 0x00, 0x3F, 0x80, 0x00, 0x00, 0x00,
    0x3F, 0x80, 0x00, 0x00, 0x00, 0x3F, 0x00, 0x00, 0x00, 0x00, 0x7F, 0x00, 0x00, 0x00, 0x00, 0x7E,
    0x00, 0x00, 0x00, 0x00, 0x7E, 0x00, 0x00, 0x00, 0x00, 0x7C, 0x00, 0x00, 0x00, 0x00, 0x00, 0x00,
    0x00, 0x00, 0x00, 0x00, 0x00, 0x00, 0x00, 0x01, 0xE0, 0x00, 0x00, 0x00, 0x7F, 0xFC, 0x00, 0x00,
    0x03, 0xFF, 0xFF, 0x00, 0x00, 0x1F, 0xFF, 0xFF, 0x00, 0x00, 0x7F, 0xFF, 0xFF, 0x80, 0x01, 0xFF,
    0xFF, 0xFF, 0x80, 0x07, 0xFF, 0xFF, 0xFF, 0x80, 0x1F, 0xFF, 0xFF, 0xFF, 0x00, 0x7F, 0xF8, 0x07,
    0xFF, 0x00, 0xFF, 0xC0, 0x03, 0xFF, 0x03, 0xFF, 0x00, 0x03, 0xFE, 0x07, 0xFC, 0x00, 0x03, 0xFE,
    0x1F, 0xF0, 0x00, 0x07, 0xFC, 0x3F, 0xE0, 0x00, 0x07, 0xF8, 0x7F, 0x80, 0x00, 0x0F, 0xF9, 0xFF,
    0x00, 0x00, 0x1F, 0xF3, 0xFE, 0x00, 0x00, 0x1F, 0xE7, 0xF8, 0x00, 0x00, 0x3F, 0xCF, 0xF0, 0x00,
    0x00, 0x7F, 0x9F, 0xE0, 0x00, 0x00, 0xFF, 0x3F, 0xC0, 0x00, 0x01, 0xFE, 0x7F, 0x80, 0x00, 0x03,
    0xFE, 0xFF, 0x00, 0x00, 0x07, 0xF9, 0xFE, 0x00, 0x00, 0x0F, 0xF3, 0xFC, 0x00, 0x00, 0x1F, 0xE7,
    0xFC, 0x00, 0x00, 0x3F, 0xCF, 0xF8, 0x00, 0x00, 0xFF, 0x8F, 0xF0, 0x00, 0x01, 0xFF, 0x1F, 0xF0,
    0x00, 0x03, 0xFC, 0x3F, 0xE0, 0x00, 0x0F, 0xF8, 0x3F, 0xE0, 0x00, 0x1F, 0xF0, 0x7F, 0xE0, 0x00,
    0x7F, 0xC0, 0x7F, 0xE0, 0x01, 0xFF, 0x80, 0xFF, 0xF0, 0x0F, 0xFE, 0x00, 0xFF, 0xFF, 0xFF, 0xF8,
    0x00, 0xFF, 0xFF, 0xFF, 0xF0, 0x00, 0xFF, 0xFF, 0xFF, 0xC0, 0x00, 0xFF, 0xFF, 0xFF, 0x00, 0x00,
    0xFF, 0xFF, 0xF8, 0x00, 0x00, 0x7F, 0xFF, 0xE0, 0x00, 0x00, 0x3F, 0xFE, 0x00, 0x00, 0x00, 0x03,
    0xC0, 0x00, 0x00, 0x00, 0x00, 0x07, 0xF8, 0x00, 0x00, 0x00, 0x1F, 0xE0, 0x00, 0x00, 0x00, 0x3F,
    0x80, 0x00, 0x00, 0x00, 0xFE, 0x00, 0x00, 0x00, 0x01, 0xF8, 0x00, 0x00, 0x00, 0x07, 0xF0, 0x00,
    0x00, 0x00, 0x0F, 0xC0, 0x00, 0x00, 0x00, 0x3F, 0x00, 0x00, 0x00, 0x00, 0x7C, 0x00, 0x00, 0x00,
    0x00, 0x00, 0x00, 0x00, 0x00, 0x00, 0x00, 0x00, 0x00, 0x00, 0x01, 0xE0, 0x00, 0x00, 0x00, 0x7F,
    0xFC, 0x00, 0x00, 0x03, 0xFF, 0xFF, 0x00, 0x00, 0x1F, 0xFF, 0xFF, 0x00, 0x00, 0x7F, 0xFF, 0xFF,
    0x80, 0x01, 0xFF, 0xFF, 0xFF, 0x80, 0x07, 0xFF, 0xFF, 0xFF, 0x80, 0x1F, 0xFF, 0xFF, 0xFF, 0x00,
    0x7F, 0xF8, 0x07, 0xFF, 0x00, 0xFF, 0xC0, 0x03, 0xFF, 0x03, 0xFF, 0x00, 0x03, 0xFE, 0x07, 0xFC,
    0x00, 0x03, 0xFE, 0x1F, 0xF0, 0x00, 0x07, 0xFC, 0x3F, 0xE0, 0x00, 0x07, 0xF8, 0x7F, 0x80, 0x00,
    0x0F, 0xF9, 0xFF, 0x00, 0x00, 0x1F, 0xF3, 0xFE, 0x00, 0x00, 0x1F, 0xE7, 0xF8, 0x00, 0x00, 0x3F,
    0xCF, 0xF0, 0x00, 0x00, 0x7F, 0x9F, 0xE0, 0x00, 0x00, 0xFF, 0x3F, 0xC0, 0x00, 0x01, 0xFE, 0x7F,
    0x80, 0x00, 0x03, 0xFE, 0xFF, 0x00, 0x00, 0x07, 0xF9, 0xFE, 0x00, 0x00, 0x0F, 0xF3, 0xFC, 0x00,
    0x00, 0x1F, 0xE7, 0xFC, 0x00, 0x00, 0x3F, 0xCF, 0xF8, 0x00, 0x00, 0xFF, 0x8F, 0xF0, 0x00, 0x01,
    0xFF, 0x1F, 0xF0, 0x00, 0x03, 0xFC, 0x3F, 0xE0, 0x00, 0x0F, 0xF8, 0x3F, 0xE0, 0x00, 0x1F, 0xF0,
    0x7F, 0xE0, 0x00, 0x7F, 0xC0, 0x7F, 0xE0, 0x01, 0xFF, 0x80, 0xFF, 0xF0, 0x0F, 0xFE, 0x00, 0xFF,
    0xFF, 0xFF, 0xF8, 0x00, 0xFF, 0xFF, 0xFF, 0xF0, 0x00, 0xFF, 0xFF, 0xFF, 0xC0, 0x00, 0xFF, 0xFF,
    0xFF, 0x00, 0x00, 0xFF, 0xFF, 0xF8, 0x00, 0x00, 0x7F, 0xFF, 0xE0, 0x00, 0x00, 0x3F, 0xFE, 0x00,
    0x00, 0x00, 0x03, 0xC0, 0x00, 0x00, 0x00, 0x00, 0xFE, 0x00, 0x00, 0x00, 0x03, 0xFE, 0x00, 0x00,
    0x00, 0x0F, 0xFE, 0x00, 0x00, 0x00, 0x1F, 0xFC, 0x00, 0x00, 0x00, 0x7E, 0xFC, 0x00, 0x00, 0x01,
    0xF8, 0xFC, 0x00, 0x00, 0x07, 0xE0, 0xFC, 0x00, 0x00, 0x1F, 0xC1, 0xFC, 0x00, 0x00, 0x00, 0x00,
    0x04, 0x00, 0x00, 0x00, 0x00, 0x00, 0x00, 0x00, 0x00, 0x00, 0x00, 0x00, 0x00, 0x01, 0xE0, 0x00,
    0x00, 0x00, 0x7F, 0xFC, 0x00, 0x00, 0x03, 0xFF, 0xFF, 0x00, 0x00, 0x1F, 0xFF, 0xFF, 0x00, 0x00,
    0x7F, 0xFF, 0xFF, 0x80, 0x01, 0xFF, 0xFF, 0xFF, 0x80, 0x07, 0xFF, 0xFF, 0xFF, 0x80, 0x1F, 0xFF,
    0xFF, 0xFF, 0x00, 0x7F, 0xF8, 0x07, 0xFF, 0x00, 0xFF, 0xC0, 0x03, 0xFF, 0x03, 0xFF, 0x00, 0x03,
    0xFE, 0x07, 0xFC, 0x00, 0x03, 0xFE, 0x1F, 0xF0, 0x00, 0x07, 0xFC, 0x3F, 0xE0, 0x00, 0x07, 0xF8,
    0x7F, 0x80, 0x00, 0x0F, 0xF9, 0xFF, 0x00, 0x00, 0x1F, 0xF3, 0xFE, 0x00, 0x00, 0x1F, 0xE7, 0xF8,
    0x00, 0x00, 0x3F, 0xCF, 0xF0, 0x00, 0x00, 0x7F, 0x9F, 0xE0, 0x00, 0x00, 0xFF, 0x3F, 0xC0, 0x00,
    0x01, 0xFE, 0x7F, 0x80, 0x00, 0x03, 0xFE, 0xFF, 0x00, 0x00, 0x07, 0xF9, 0xFE, 0x00, 0x00, 0x0F,
    0xF3, 0xFC, 0x00, 0x00, 0x1F, 0xE7, 0xFC, 0x00, 0x00, 0x3F, 0xCF, 0xF8, 0x00, 0x00, 0xFF, 0x8F,
    0xF0, 0x00, 0x01, 0xFF, 0x1F, 0xF0, 0x00, 0x03, 0xFC, 0x3F, 0xE0, 0x00, 0x0F, 0xF8, 0x3F, 0xE0,
    0x00, 0x1F, 0xF0, 0x7F, 0xE0, 0x00, 0x7F, 0xC0, 0x7F, 0xE0, 0x01, 0xFF, 0x80, 0xFF, 0xF0, 0x0F,
    0xFE, 0x00, 0xFF, 0xFF, 0xFF, 0xF8, 0x00, 0xFF, 0xFF, 0xFF, 0xF0, 0x00, 0xFF, 0xFF, 0xFF, 0xC0,
    0x00, 0xFF, 0xFF, 0xFF, 0x00, 0x00, 0xFF, 0xFF, 0xF8, 0x00, 0x00, 0x7F, 0xFF, 0xE0, 0x00, 0x00,
    0x3F, 0xFE, 0x00, 0x00, 0x00, 0x03, 0xC0, 0x00, 0x00, 0x00, 0x00, 0x00, 0x00, 0x00, 0x00, 0x0F,
    0xC1, 0xF0, 0x00, 0x00, 0x3F, 0xC3, 0xE0, 0x00, 0x00, 0xFF, 0xFF, 0x80, 0x00, 0x01, 0xFF, 0xFF,
    0x00, 0x00, 0x07, 0xC7, 0xFE, 0x00, 0x00, 0x0F, 0x87, 0xF8, 0x00, 0x00, 0x1F, 0x03, 0xC0, 0x00,
    0x00, 0x00, 0x00, 0x00, 0x00, 0x00, 0x00, 0x00, 0x00, 0x00, 0x00, 0x00, 0x00, 0x00, 0x00, 0x00,
    0x01, 0xE0, 0x00, 0x00, 0x00, 0x7F, 0xFC, 0x00, 0x00, 0x03, 0xFF, 0xFF, 0x00, 0x00, 0x1F, 0xFF,
    0xFF, 0x00, 0x00, 0x7F, 0xFF, 0xFF, 0x80, 0x01, 0xFF, 0xFF, 0xFF, 0x80, 0x07, 0xFF, 0xFF, 0xFF,
    0x80, 0x1F, 0xFF, 0xFF, 0xFF, 0x00, 0x7F, 0xF8, 0x07, 0xFF, 0x00, 0xFF, 0xC0, 0x03, 0xFF, 0x03,
    0xFF, 0x00, 0x03, 0xFE, 0x07, 0xFC, 0x00, 0x03, 0xFE, 0x1F, 0xF0, 0x00, 0x07, 0xFC, 0x3F, 0xE0,
    0x00, 0x07, 0xF8, 0x7F, 0x80, 0x00, 0x0F, 0xF9, 0xFF, 0x00, 0x00, 0x1F, 0xF3, 0xFE, 0x00, 0x00,
    0x1F, 0xE7, 0xF8, 0x00, 0x00, 0x3F, 0xCF, 0xF0, 0x00, 0x00, 0x7F, 0x9F, 0xE0, 0x00, 0x00, 0xFF,
    0x3F, 0xC0, 0x00, 0x01, 0xFE, 0x7F, 0x80, 0x00, 0x03, 0xFE, 0xFF, 0x00, 0x00, 0x07, 0xF9, 0xFE,
    0x00, 0x00, 0x0F, 0xF3, 0xFC, 0x00, 0x00, 0x1F, 0xE7, 0xFC, 0x00, 0x00, 0x3F, 0xCF, 0xF8, 0x00,
    0x00, 0xFF, 0x8F, 0xF0, 0x00, 0x01, 0xFF, 0x1F, 0xF0, 0x00, 0x03, 0xFC, 0x3F, 0xE0, 0x00, 0x0F,
    0xF8, 0x3F, 0xE0, 0x00, 0x1F, 0xF0, 0x7F, 0xE0, 0x00, 0x7F, 0xC0, 0x7F, 0xE0, 0x01, 0xFF, 0x80,
    0xFF, 0xF0, 0x0F, 0xFE, 0x00, 0xFF, 0xFF, 0xFF, 0xF8, 0x00, 0xFF, 0xFF, 0xFF, 0xF0, 0x00, 0xFF,
    0xFF, 0xFF, 0xC0, 0x00, 0xFF, 0xFF, 0xFF, 0x00, 0x00, 0xFF, 0xFF, 0xF8, 0x00, 0x00, 0x7F, 0xFF,
    0xE0, 0x00, 0x00, 0x3F, 0xFE, 0x00, 0x00, 0x00, 0x03, 0xC0, 0x00, 0x00, 0x00, 0x0E, 0x00, 0xE0,
    0x00, 0x00, 0x7E, 0x07, 0xE0, 0x00, 0x00, 0xFE, 0x1F, 0xE0, 0x00, 0x03, 0xFE, 0x3F, 0xC0, 0x00,
    0x07, 0xFC, 0x7F, 0xC0, 0x00, 0x0F, 0xF0, 0xFF, 0x00, 0x00, 0x0F, 0xE0, 0xFE, 0x00, 0x00, 0x0F,
    0x81, 0xF8, 0x00, 0x00, 0x08, 0x00, 0x80, 0x00, 0x00, 0x00, 0x00, 0x00, 0x00, 0x00, 0x00, 0x00,
    0x00, 0x00, 0x00, 0x01, 0xE0, 0x00, 0x00, 0x00, 0x7F, 0xFC, 0x00, 0x00, 0x03, 0xFF, 0xFF, 0x00,
    0x00, 0x1F, 0xFF, 0xFF, 0x00, 0x00, 0x7F, 0xFF, 0xFF, 0x80, 0x01, 0xFF, 0xFF, 0xFF, 0x80, 0x07,
    0xFF, 0xFF, 0xFF, 0x80, 0x1F, 0xFF, 0xFF, 0xFF, 0x00, 0x7F, 0xF8, 0x07, 0xFF, 0x00, 0xFF, 0xC0,
    0x03, 0xFF, 0x03, 0xFF, 0x00, 0x03, 0xFE, 0x07, 0xFC, 0x00, 0x03, 0xFE, 0x1F, 0xF0, 0x00, 0x07,
    0xFC, 0x3F, 0xE0, 0x00, 0x07, 0xF8, 0x7F, 0x80, 0x00, 0x0F, 0xF9, 0xFF, 0x00, 0x00, 0x1F, 0xF3,
    0xFE, 0x00, 0x00, 0x1F, 0xE7, 0xF8, 0x00, 0x00, 0x3F, 0xCF, 0xF0, 0x00, 0x00, 0x7F, 0x9F, 0xE0,
    0x00, 0x00, 0xFF, 0x3F, 0xC0, 0x00, 0x01, 0xFE, 0x7F, 0x80, 0x00, 0x03, 0xFE, 0xFF, 0x00, 0x00,
    0x07, 0xF9, 0xFE, 0x00, 0x00, 0x0F, 0xF3, 0xFC, 0x00, 0x00, 0x1F, 0xE7, 0xFC, 0x00, 0x00, 0x3F,
    0xCF, 0xF8, 0x00, 0x00, 0xFF, 0x8F, 0xF0, 0x00, 0x01, 0xFF, 0x1F, 0xF0, 0x00, 0x03, 0xFC, 0x3F,
    0xE0, 0x00, 0x0F, 0xF8, 0x3F, 0xE0, 0x00, 0x1F, 0xF0, 0x7F, 0xE0, 0x00, 0x7F, 0xC0, 0x7F, 0xE0,
    0x01, 0xFF, 0x80, 0xFF, 0xF0, 0x0F, 0xFE, 0x00, 0xFF, 0xFF, 0xFF, 0xF8, 0x00, 0xFF, 0xFF, 0xFF,
    0xF0, 0x00, 0xFF, 0xFF, 0xFF, 0xC0, 0x00, 0xFF, 0xFF, 0xFF, 0x00, 0x00, 0xFF, 0xFF, 0xF8, 0x00,
    0x00, 0x7F, 0xFF, 0xE0, 0x00, 0x00, 0x3F, 0xFE, 0x00, 0x00, 0x00, 0x03, 0xC0, 0x00, 0x00, 0x00,
    0x00, 0x00, 0x00, 0x60, 0x00, 0x08, 0x07, 0x80, 0x00, 0xE0, 0x3E, 0x00, 0x0F, 0x83, 0xF8, 0x00,
    0xFE, 0x3F, 0xE0, 0x0F, 0xFB, 0xFF, 0x80, 0xFF, 0xC7, 0xFE, 0x0F, 0xFC, 0x1F, 0xF8, 0xFF, 0xC0,
    0x7F, 0xEF, 0xFC, 0x01, 0xFF, 0xFF, 0xC0, 0x07, 0xFF, 0xFC, 0x00, 0x1F, 0xFF, 0xC0, 0x00, 0x7F,
    0xFC, 0x00, 0x01, 0xFF, 0xC0, 0x00, 0x0F, 0xFE, 0x00, 0x00, 0xFF, 0xF8, 0x00, 0x0F, 0xFF, 0xE0,
    0x00, 0xFF, 0xFF, 0x80, 0x0F, 0xFF, 0xFE, 0x00, 0xFF, 0xDF, 0xF8, 0x0F, 0xFC, 0x7F, 0xE0, 0xFF,
    0xC1, 0xFF, 0x8F, 0xFC, 0x07, 0xFE, 0xFF, 0xC0, 0x1F, 0xF3, 0xFC, 0x00, 0x7F, 0x0F, 0xC0, 0x01,
    0xF0, 0x3C, 0x00, 0x07, 0x00, 0xC0, 0x00, 0x10, 0x00, 0x00, 0x00, 0x00, 0x00, 0x00, 0x00, 0x00,
    0x20, 0x00, 0x00, 0x78, 0x00, 0xE0, 0x00, 0x1F, 0xFF, 0x03, 0xE0, 0x00, 0xFF, 0xFF, 0xCF, 0xE0,
    0x07, 0xFF, 0xFF, 0xFF, 0xC0, 0x1F, 0xFF, 0xFF, 0xFF, 0x00, 0x7F, 0xFF, 0xFF, 0xFC, 0x01, 0xFF,
    0xFF, 0xFF, 0xF0, 0x07, 0xFF, 0xFF, 0xFF, 0xC0, 0x1F, 0xFE, 0x01, 0xFF, 0xC0, 0x3F, 0xF0, 0x01,
    0xFF, 0xC0, 0xFF, 0xC0, 0x03, 0xFF, 0x81, 0xFF, 0x00, 0x0F, 0xFF, 0x87, 0xFC, 0x00, 0x3F, 0xFF,
    0x0F, 0xF8, 0x00, 0xFF, 0xFE, 0x1F, 0xE0, 0x03, 0xFF, 0xFE, 0x7F, 0xC0, 0x0F, 0xF7, 0xFC, 0xFF,
    0x80, 0x1F, 0xC7, 0xF9, 0xFE, 0x00, 0x7F, 0x0F, 0xF3, 0xFC, 0x01, 0xFC, 0x1F, 0xE7, 0xF8, 0x07,
    0xF8, 0x3F, 0xCF, 0xF0, 0x1F, 0xE0, 0x7F, 0x9F, 0xE0, 0x3F, 0x80, 0xFF, 0xBF, 0xC0, 0xFE, 0x01,
    0xFE, 0x7F, 0x83, 0xF8, 0x03, 0xFC, 0xFF, 0x0F, 0xE0, 0x07, 0xF9, 0xFF, 0x3F, 0xC0, 0x0F, 0xF3,
    0xFE, 0xFF, 0x00, 0x3F, 0xE3, 0xFD, 0xFC, 0x00, 0x7F, 0xC7, 0xFF, 0xF0, 0x00, 0xFF, 0x0F, 0xFF,
    0xC0, 0x03, 0xFE, 0x0F, 0xFF, 0x00, 0x07, 0xFC, 0x1F, 0xFE, 0x00, 0x1F, 0xF0, 0x1F, 0xF8, 0x00,
    0x7F, 0xE0, 0x3F, 0xFC, 0x03, 0xFF, 0x80, 0x3F, 0xFF, 0xFF, 0xFE, 0x00, 0xFF, 0xFF, 0xFF, 0xFC,
    0x03, 0xFF, 0xFF, 0xFF, 0xF0, 0x0F, 0xFF, 0xFF, 0xFF, 0xC0, 0x3F, 0xFF, 0xFF, 0xFE, 0x00, 0x7F,
    0x1F, 0xFF, 0xF8, 0x00, 0x7C, 0x0F, 0xFF, 0x80, 0x00, 0x30, 0x00, 0xF0, 0x00, 0x00, 0x20, 0x00,
    0x00, 0x00, 0x00, 0x01, 0xFE, 0x00, 0x00, 0x00, 0x3F, 0xC0, 0x00, 0x00, 0x07, 0xF0, 0x00, 0x00,
    0x00, 0xFE, 0x00, 0x00, 0x00, 0x1F, 0x80, 0x00, 0x00, 0x07, 0xF0, 0x00, 0x00, 0x00, 0xFC, 0x00,
    0x00, 0x00, 0x1F, 0x80, 0x00, 0x00, 0x03, 0xE0, 0x00, 0x00, 0x00, 0x00, 0x00, 0x00, 0x00, 0x00,
    0x00, 0x00, 0x00, 0x00, 0x00, 0x00, 0xFF, 0x00, 0x00, 0x7F, 0xBF, 0xC0, 0x00, 0x1F, 0xEF, 0xF0,
    0x00, 0x07, 0xFB, 0xFC, 0x00, 0x01, 0xFE, 0xFF, 0x00, 0x00, 0x7F, 0xBF, 0xC0, 0x00, 0x1F, 0xEF,
    0xF0, 0x00, 0x07, 0xFB, 0xFC, 0x00, 0x01, 0xFE, 0xFF, 0x00, 0x00, 0x7F, 0xBF, 0xC0, 0x00, 0x1F,
    0xEF, 0xF0, 0x00, 0x07, 0xFB, 0xFC, 0x00, 0x01, 0xFE, 0xFF, 0x00, 0x00, 0x7F, 0xBF, 0xC0, 0x00,
    0x1F, 0xEF, 0xF0, 0x00, 0x07, 0xFB, 0xFC, 0x00, 0x01, 0xFE, 0xFF, 0x00, 0x00, 0x7F, 0xBF, 0xC0,
    0x00, 0x1F, 0xEF, 0xF0, 0x00, 0x07, 0xFB, 0xFC, 0x00, 0x01, 0xFE, 0xFF, 0x00, 0x00, 0x7F, 0xBF,
    0xC0, 0x00, 0x1F, 0xEF, 0xF0, 0x00, 0x07, 0xFB, 0xFC, 0x00, 0x01, 0xFE, 0xFF, 0x00, 0x00, 0x7F,
    0xBF, 0xC0, 0x00, 0x1F, 0xEF, 0xF0, 0x00, 0x07, 0xFB, 0xFC, 0x00, 0x01, 0xFE, 0xFF, 0x80, 0x00,
    0xFF, 0xBF, 0xE0, 0x00, 0x3F, 0xE7, 0xFC, 0x00, 0x1F, 0xF1, 0xFF, 0x80, 0x0F, 0xFC, 0x3F, 0xF0,
    0x07, 0xFF, 0x0F, 0xFF, 0xFF, 0xFF, 0x81, 0xFF, 0xFF, 0xFF, 0xC0, 0x3F, 0xFF, 0xFF, 0xF0, 0x0F,
    0xFF, 0xFF, 0xF8, 0x00, 0xFF, 0xFF, 0xF8, 0x00, 0x1F, 0xFF, 0xFC, 0x00, 0x00, 0xFF, 0xFC, 0x00,
    0x00, 0x03, 0xE0, 0x00, 0x00, 0x00, 0x00, 0x3F, 0xC0, 0x00, 0x00, 0x1F, 0xE0, 0x00, 0x00, 0x07,
    0xF0, 0x00, 0x00, 0x03, 0xF8, 0x00, 0x00, 0x00, 0xFC, 0x00, 0x00, 0x00, 0x7F, 0x00, 0x00, 0x00,
    0x1F, 0x80, 0x00, 0x00, 0x0F, 0xC0, 0x00, 0x00, 0x03, 0xE0, 0x00, 0x00, 0x00, 0x00, 0x00, 0x00,
    0x00, 0x00, 0x00, 0x00, 0x00, 0x00, 0x00, 0x00, 0xFF, 0x00, 0x00, 0x7F, 0xBF, 0xC0, 0x00, 0x1F,
    0xEF, 0xF0, 0x00, 0x07, 0xFB, 0xFC, 0x00, 0x01, 0xFE, 0xFF, 0x00, 0x00, 0x7F, 0xBF, 0xC0, 0x00,
    0x1F, 0xEF, 0xF0, 0x00, 0x07, 0xFB, 0xFC, 0x00, 0x01, 0xFE, 0xFF, 0x00, 0x00, 0x7F, 0xBF, 0xC0,
    0x00, 0x1F, 0xEF, 0xF0, 0x00, 0x07, 0xFB, 0xFC, 0x00, 0x01, 0xFE, 0xFF, 0x00, 0x00, 0x7F, 0xBF,
    0xC0, 0x00, 0x1F, 0xEF, 0xF0, 0x00, 0x07, 0xFB, 0xFC, 0x00, 0x01, 0xFE, 0xFF, 0x00, 0x00, 0x7F,
    0xBF, 0xC0, 0x00, 0x1F, 0xEF, 0xF0, 0x00, 0x07, 0xFB, 0xFC, 0x00, 0x01, 0xFE, 0xFF, 0x00, 0x00,
    0x7F, 0xBF, 0xC0, 0x00, 0x1F, 0xEF, 0xF0, 0x00, 0x07, 0xFB, 0xFC, 0x00, 0x01, 0xFE, 0xFF, 0x00,
    0x00, 0x7F, 0xBF, 0xC0, 0x00, 0x1F, 0xEF, 0xF0, 0x00, 0x07, 0xFB, 0xFC, 0x00, 0x01, 0xFE, 0xFF,
    0x80, 0x00, 0xFF, 0xBF, 0xE0, 0x00, 0x3F, 0xE7, 0xFC, 0x00, 0x1F, 0xF1, 0xFF, 0x80, 0x0F, 0xFC,
    0x3F, 0xF0, 0x07, 0xFF, 0x0F, 0xFF, 0xFF, 0xFF, 0x81, 0xFF, 0xFF, 0xFF, 0xC0, 0x3F, 0xFF, 0xFF,
    0xF0, 0x0F, 0xFF, 0xFF, 0xF8, 0x00, 0xFF, 0xFF, 0xF8, 0x00, 0x1F, 0xFF, 0xFC, 0x00, 0x00, 0xFF,
    0xFC, 0x00, 0x00, 0x03, 0xE0, 0x00, 0x00, 0x00, 0x07, 0xF0, 0x00, 0x00, 0x03, 0xFE, 0x00, 0x00,
    0x01, 0xFF, 0xC0, 0x00, 0x00, 0x7F, 0xF0, 0x00, 0x00, 0x3F, 0x7E, 0x00, 0x00, 0x1F, 0x8F, 0xC0,
    0x00, 0x0F, 0xC1, 0xF8, 0x00, 0x07, 0xF0, 0x7F, 0x00, 0x00, 0x00, 0x00, 0x20, 0x00, 0x00, 0x00,
    0x00, 0x00, 0x00, 0x00, 0x00, 0x00, 0x00, 0x00, 0x00, 0x00, 0xFF, 0x00, 0x00, 0x7F, 0xBF, 0xC0,
    0x00, 0x1F, 0xEF, 0xF0, 0x00, 0x07, 0xFB, 0xFC, 0x00, 0x01, 0xFE, 0xFF, 0x00, 0x00, 0x7F, 0xBF,
    0xC0, 0x00, 0x1F, 0xEF, 0xF0, 0x00, 0x07, 0xFB, 0xFC, 0x00, 0x01, 0xFE, 0xFF, 0x00, 0x00, 0x7F,
    0xBF, 0xC0, 0x00, 0x1F, 0xEF, 0xF0, 0x00, 0x07, 0xFB, 0xFC, 0x00, 0x01, 0xFE, 0xFF, 0x00, 0x00,
    0x7F, 0xBF, 0xC0, 0x00, 0x1F, 0xEF, 0xF0, 0x00, 0x07, 0xFB, 0xFC, 0x00, 0x01, 0xFE, 0xFF, 0x00,
    0x00, 0x7F, 0xBF, 0xC0, 0x00, 0x1F, 0xEF, 0xF0, 0x00, 0x07, 0xFB, 0xFC, 0x00, 0x01, 0xFE, 0xFF,
    0x00, 0x00, 0x7F, 0xBF, 0xC0, 0x00, 0x1F, 0xEF, 0xF0, 0x00, 0x07, 0xFB, 0xFC, 0x00, 0x01, 0xFE,
    0xFF, 0x00, 0x00, 0x7F, 0xBF, 0xC0, 0x00, 0x1F, 0xEF, 0xF0, 0x00, 0x07, 0xFB, 0xFC, 0x00, 0x01,
    0xFE, 0xFF, 0x80, 0x00, 0xFF, 0xBF, 0xE0, 0x00, 0x3F, 0xE7, 0xFC, 0x00, 0x1F, 0xF1, 0xFF, 0x80,
    0x0F, 0xFC, 0x3F, 0xF0, 0x07, 0xFF, 0x0F, 0xFF, 0xFF, 0xFF, 0x81, 0xFF, 0xFF, 0xFF, 0xC0, 0x3F,
    0xFF, 0xFF, 0xF0, 0x0F, 0xFF, 0xFF, 0xF8, 0x00, 0xFF, 0xFF, 0xF8, 0x00, 0x1F, 0xFF, 0xFC, 0x00,
    0x00, 0xFF, 0xFC, 0x00, 0x00, 0x03, 0xE0, 0x00, 0x00, 0x00, 0x70, 0x07, 0x00, 0x00, 0x7E, 0x07,
    0xE0, 0x00, 0x1F, 0xC3, 0xFC, 0x00, 0x0F, 0xF8, 0xFF, 0x00, 0x03, 0xFE, 0x3F, 0xE0, 0x00, 0xFF,
    0x0F, 0xF0, 0x00, 0x1F, 0xC1, 0xFC, 0x00, 0x03, 0xE0, 0x7E, 0x00, 0x00, 0x40, 0x04, 0x00, 0x00,
    0x00, 0x00, 0x00, 0x00, 0x00, 0x00, 0x00, 0x00, 0x00, 0x00, 0x00, 0x00, 0xFF, 0x00, 0x00, 0x7F,
    0xBF, 0xC0, 0x00, 0x1F, 0xEF, 0xF0, 0x00, 0x07, 0xFB, 0xFC, 0x00, 0x01, 0xFE, 0xFF, 0x00, 0x00,
    0x7F, 0xBF, 0xC0, 0x00, 0x1F, 0xEF, 0xF0, 0x00, 0x07, 0xFB, 0xFC, 0x00, 0x01, 0xFE, 0xFF, 0x00,
    0x00, 0x7F, 0xBF, 0xC0, 0x00, 0x1F, 0xEF, 0xF0, 0x00, 0x07, 0xFB, 0xFC, 0x00, 0x01, 0xFE, 0xFF,
    0x00, 0x00, 0x7F, 0xBF, 0xC0, 0x00, 0x1F, 0xEF, 0xF0, 0x00, 0x07, 0xFB, 0xFC, 0x00, 0x01, 0xFE,
    0xFF, 0x00, 0x00, 0x7F, 0xBF, 0xC0, 0x00, 0x1F, 0xEF, 0xF0, 0x00, 0x07, 0xFB, 0xFC, 0x00, 0x01,
    0xFE, 0xFF, 0x00, 0x00, 0x7F, 0xBF, 0xC0, 0x00, 0x1F, 0xEF, 0xF0, 0x00, 0x07, 0xFB, 0xFC, 0x00,
    0x01, 0xFE, 0xFF, 0x00, 0x00, 0x7F, 0xBF, 0xC0, 0x00, 0x1F, 0xEF, 0xF0, 0x00, 0x07, 0xFB, 0xFC,
    0x00, 0x01, 0xFE, 0xFF, 0x80, 0x00, 0xFF, 0xBF, 0xE0, 0x00, 0x3F, 0xE7, 0xFC, 0x00, 0x1F, 0xF1,
    0xFF, 0x80, 0x0F, 0xFC, 0x3F, 0xF0, 0x07, 0xFF, 0x0F, 0xFF, 0xFF, 0xFF, 0x81, 0xFF, 0xFF, 0xFF,
    0xC0, 0x3F, 0xFF, 0xFF, 0xF0, 0x0F, 0xFF, 0xFF, 0xF8, 0x00, 0xFF, 0xFF, 0xF8, 0x00, 0x1F, 0xFF,
    0xFC, 0x00, 0x00, 0xFF, 0xFC, 0x00, 0x00, 0x03, 0xE0, 0x00, 0x00, 0x00, 0x00, 0x07, 0xF8, 0x00,
    0x00, 0x00, 0x3F, 0xC0, 0x00, 0x00, 0x00, 0xFE, 0x00, 0x00, 0x00, 0x07, 0xF0, 0x00, 0x00, 0x00,
    0x1F, 0x80, 0x00, 0x00, 0x00, 0xFE, 0x00, 0x00, 0x00, 0x03, 0xF0, 0x00, 0x00, 0x00, 0x1F, 0x80,
    0x00, 0x00, 0x00, 0x7C, 0x00, 0x00, 0x00, 0x00, 0x00, 0x00, 0x00, 0x00, 0x00, 0x00, 0x00, 0x00,
    0x00, 0x00, 0x00, 0x00, 0xFF, 0xC0, 0x00, 0x0F, 0xFD, 0xFF, 0x80, 0x00, 0x3F, 0xE3, 0xFE, 0x00,
    0x01, 0xFF, 0x87, 0xFC, 0x00, 0x07, 0xFC, 0x1F, 0xF8, 0x00, 0x3F, 0xE0, 0x3F, 0xE0, 0x00, 0xFF,
    0x80, 0xFF, 0xC0, 0x07, 0xFC, 0x01, 0xFF, 0x00, 0x3F, 0xF0, 0x03, 0xFE, 0x00, 0xFF, 0x80, 0x0F,
    0xF8, 0x07, 0xFC, 0x00, 0x1F, 0xF0, 0x1F, 0xF0, 0x00, 0x7F, 0xC0, 0xFF, 0x80, 0x00, 0xFF, 0x83,
    0xFE, 0x00, 0x03, 0xFF, 0x1F, 0xF0, 0x00, 0x07, 0xFC, 0x7F, 0xC0, 0x00, 0x0F, 0xFB, 0xFE, 0x00,
    0x00, 0x3F, 0xEF, 0xF0, 0x00, 0x00, 0x7F, 0xFF, 0xC0, 0x00, 0x01, 0xFF, 0xFE, 0x00, 0x00, 0x03,
    0xFF, 0xF8, 0x00, 0x00, 0x07, 0xFF, 0xC0, 0x00, 0x00, 0x1F, 0xFE, 0x00, 0x00, 0x00, 0x3F, 0xF8,
    0x00, 0x00, 0x00, 0xFF, 0xC0, 0x00, 0x00, 0x01, 0xFF, 0x00, 0x00, 0x00, 0x07, 0xF8, 0x00, 0x00,
    0x00, 0x1F, 0xE0, 0x00, 0x00, 0x00, 0x7F, 0x80, 0x00, 0x00, 0x01, 0xFE, 0x00, 0x00, 0x00, 0x07,
    0xF8, 0x00, 0x00, 0x00, 0x1F, 0xE0, 0x00, 0x00, 0x00, 0x7F, 0x80, 0x00, 0x00, 0x01, 0xFE, 0x00,
    0x00, 0x00, 0x07, 0xF8, 0x00, 0x00, 0x00, 0x1F, 0xE0, 0x00, 0x00, 0x00, 0x7F, 0x80, 0x00, 0x00,
    0x01, 0xFE, 0x00, 0x00, 0x00, 0x07, 0xF8, 0x00, 0x00, 0x00, 0x1F, 0xE0, 0x00, 0x00, 0x00, 0x7F,
    0x80, 0x00, 0x00, 0x00, 0x00, 0x07, 0xF8, 0x00, 0x00, 0x3F, 0xC0, 0x00, 0x01, 0xFE, 0x00, 0x00,
    0x0F, 0xF0, 0x00, 0x00, 0x7F, 0x80, 0x00, 0x03, 0xFC, 0x00, 0x00, 0x1F, 0xE0, 0x00, 0x00, 0xFF,
    0xFF, 0x80, 0x07, 0xFF, 0xFF, 0xC0, 0x3F, 0xFF, 0xFF, 0x81, 0xFF, 0xFF, 0xFF, 0x0F, 0xFF, 0xFF,
    0xFC, 0x7F, 0xFF, 0xFF, 0xF3, 0xFF, 0xFF, 0xFF, 0x9F, 0xE0, 0x07, 0xFE, 0xFF, 0x00, 0x0F, 0xF7,
    0xF8, 0x00, 0x7F, 0xFF, 0xC0, 0x01, 0xFF, 0xFE, 0x00, 0x0F, 0xFF, 0xF0, 0x00, 0x7F, 0xFF, 0x80,
    0x03, 0xFF, 0xFC, 0x00, 0x1F, 0xFF, 0xE0, 0x00, 0xFF, 0xFF, 0x00, 0x0F, 0xF7, 0xF8, 0x01, 0xFF,
    0xBF, 0xFF, 0xFF, 0xF9, 0xFF, 0xFF, 0xFF, 0xCF, 0xFF, 0xFF, 0xFC, 0x7F, 0xFF, 0xFF, 0xC3, 0xFF,
    0xFF, 0xF8, 0x1F, 0xFF, 0xFF, 0x00, 0xFF, 0xFF, 0x80, 0x07, 0xF8, 0x00, 0x00, 0x3F, 0xC0, 0x00,
    0x01, 0xFE, 0x00, 0x00, 0x0F, 0xF0, 0x00, 0x00, 0x7F, 0x80, 0x00, 0x03, 0xFC, 0x00, 0x00, 0x1F,
    0xE0, 0x00, 0x00, 0xFF, 0x00, 0x00, 0x00, 0x00, 0x06, 0x00, 0x00, 0x03, 0xFF, 0xE0, 0x00, 0x1F,
    0xFF, 0xF0, 0x00, 0x7F, 0xFF, 0xF8, 0x01, 0xFF, 0xFF, 0xF8, 0x07, 0xFF, 0xFF, 0xF8, 0x1F, 0xFF,
    0xFF, 0xF8, 0x3F, 0xF8, 0x7F, 0xF0, 0xFF, 0xC0, 0x3F, 0xE1, 0xFF, 0x00, 0x3F, 0xE3, 0xFE, 0x00,
    0x7F, 0xC7, 0xF8, 0x00, 0xFF, 0x8F, 0xF0, 0x00, 0xFF, 0x1F, 0xE0, 0x03, 0xFC, 0x3F, 0xC0, 0x07,
    0xF8, 0x7F, 0x80, 0x0F, 0xF0, 0xFF, 0x00, 0x3F, 0xC1, 0xFE, 0x01, 0xFF, 0x03, 0xFC, 0x1F, 0xFC,
    0x07, 0xF8, 0x3F, 0xE0, 0x0F, 0xF0, 0x7F, 0xF0, 0x1F, 0xE0, 0xFF, 0xF8, 0x3F, 0xC1, 0xFF, 0xFC,
    0x7F, 0x83, 0xFF, 0xF8, 0xFF, 0x00, 0x1F, 0xF9, 0xFE, 0x00, 0x0F, 0xFB, 0xFC, 0x00, 0x0F, 0xF7,
    0xF8, 0x00, 0x1F, 0xEF, 0xF0, 0x00, 0x3F, 0xDF, 0xE0, 0x00, 0x7F, 0xBF, 0xC0, 0x00, 0xFF, 0x7F,
    0x80, 0x01, 0xFE, 0xFF, 0x00, 0x07, 0xFD, 0xFE, 0x00, 0x1F, 0xFB, 0xFC, 0x3F, 0xFF, 0xF7, 0xF8,
    0x7F, 0xFF, 0xCF, 0xF0, 0xFF, 0xFF, 0x1F, 0xE1, 0xFF, 0xFC, 0x3F, 0xC3, 0xFF, 0xF0, 0x7F, 0x87,
    0xFF, 0xC0, 0xFF, 0x0F, 0xFC, 0x00, 0x07, 0xF8, 0x00, 0x00, 0x7F, 0x80, 0x00, 0x07, 0xF0, 0x00,
    0x00, 0x7F, 0x00, 0x00, 0x07, 0xE0, 0x00, 0x00, 0xFE, 0x00, 0x00, 0x0F, 0xC0, 0x00, 0x00, 0xFC,
    0x00, 0x00, 0x0F, 0x80, 0x00, 0x00, 0x00, 0x00, 0x00, 0x00, 0x00, 0x00, 0x00, 0x00, 0x00, 0x07,
    0xFF, 0x00, 0x03, 0xFF, 0xF8, 0x01, 0xFF, 0xFF, 0xC0, 0x7F, 0xFF, 0xFC, 0x1F, 0xFF, 0xFF, 0x83,
    0xFF, 0xFF, 0xF8, 0xFF, 0x81, 0xFF, 0x1F, 0xE0, 0x1F, 0xF3, 0xF8, 0x01, 0xFE, 0x00, 0x00, 0x3F,
    0xC0, 0x00, 0x07, 0xF8, 0x00, 0x07, 0xFF, 0x00, 0x7F, 0xFF, 0xE0, 0x7F, 0xFF, 0xFC, 0x3F, 0xFF,
    0xFF, 0x8F, 0xFF, 0xFF, 0xF3, 0xFF, 0xF1, 0xFE, 0xFF, 0xC0, 0x3F, 0xDF, 0xE0, 0x07, 0xFB, 0xFC,
    0x00, 0xFF, 0x7F, 0x00, 0x1F, 0xEF, 0xE0, 0x07, 0xFD, 0xFE, 0x01, 0xFF, 0xBF, 0xE0, 0xFF, 0xF7,
    0xFF, 0xFF, 0xFE, 0x7F, 0xFF, 0xFF, 0xC7, 0xFF, 0xF7, 0xF8, 0x7F, 0xFC, 0xFF, 0x07, 0xFE, 0x1F,
    0xE0, 0x04, 0x00, 0x00, 0x00, 0x00, 0xFF, 0x00, 0x00, 0x3F, 0xC0, 0x00, 0x07, 0xF0, 0x00, 0x01,
    0xFC, 0x00, 0x00, 0x3F, 0x00, 0x00, 0x0F, 0xE0, 0x00, 0x01, 0xF8, 0x00, 0x00, 0x7E, 0x00, 0x00,
    0x0F, 0x80, 0x00, 0x00, 0x00, 0x00, 0x00, 0x00, 0x00, 0x00, 0x00, 0x00, 0x00, 0x07, 0xFF, 0x00,
    0x03, 0xFF, 0xF8, 0x01, 0xFF, 0xFF, 0xC0, 0x7F, 0xFF, 0xFC, 0x1F, 0xFF, 0xFF, 0x83, 0xFF, 0xFF,
    0xF8, 0xFF, 0x81, 0xFF, 0x1F, 0xE0, 0x1F, 0xF3, 0xF8, 0x01, 0xFE, 0x00, 0x00, 0x3F, 0xC0, 0x00,
    0x07, 0xF8, 0x00, 0x07, 0xFF, 0x00, 0x7F, 0xFF, 0xE0, 0x7F, 0xFF, 0xFC, 0x3F, 0xFF, 0xFF, 0x8F,
    0xFF, 0xFF, 0xF3, 0xFF, 0xF1, 0xFE, 0xFF, 0xC0, 0x3F, 0xDF, 0xE0, 0x07, 0xFB, 0xFC, 0x00, 0xFF,
    0x7F, 0x00, 0x1F, 0xEF, 0xE0, 0x07, 0xFD, 0xFE, 0x01, 0xFF, 0xBF, 0xE0, 0xFF, 0xF7, 0xFF, 0xFF,
    0xFE, 0x7F, 0xFF, 0xFF, 0xC7, 0xFF, 0xF7, 0xF8, 0x7F, 0xFC, 0xFF, 0x07, 0xFE, 0x1F, 0xE0, 0x04,
    0x00, 0x00, 0x00, 0x1F, 0xC0, 0x00, 0x07, 0xFC, 0x00, 0x01, 0xFF, 0xC0, 0x00, 0x3F, 0xF8, 0x00,
    0x0F, 0xDF, 0x80, 0x03, 0xF1, 0xF8, 0x00, 0xFC, 0x1F, 0x80, 0x3F, 0x83, 0xF8, 0x00, 0x00, 0x00,
    0x80, 0x00, 0x00, 0x00, 0x00, 0x00, 0x00, 0x00, 0x00, 0x00, 0x00, 0x07, 0xFF, 0x00, 0x03, 0xFF,
    0xF8, 0x01, 0xFF, 0xFF, 0xC0, 0x7F, 0xFF, 0xFC, 0x1F, 0xFF, 0xFF, 0x83, 0xFF, 0xFF, 0xF8, 0xFF,
    0x81, 0xFF, 0x1F, 0xE0, 0x1F, 0xF3, 0xF8, 0x01, 0xFE, 0x00, 0x00, 0x3F, 0xC0, 0x00, 0x07, 0xF8,
    0x00, 0x07, 0xFF, 0x00, 0x7F, 0xFF, 0xE0, 0x7F, 0xFF, 0xFC, 0x3F, 0xFF, 0xFF, 0x8F, 0xFF, 0xFF,
    0xF3, 0xFF, 0xF1, 0xFE, 0xFF, 0xC0, 0x3F, 0xDF, 0xE0, 0x07, 0xFB, 0xFC, 0x00, 0xFF, 0x7F, 0x00,
    0x1F, 0xEF, 0xE0, 0x07, 0xFD, 0xFE, 0x01, 0xFF, 0xBF, 0xE0, 0xFF, 0xF7, 0xFF, 0xFF, 0xFE, 0x7F,
    0xFF, 0xFF, 0xC7, 0xFF, 0xF7, 0xF8, 0x7F, 0xFC, 0xFF, 0x07, 0xFE, 0x1F, 0xE0, 0x04, 0x00, 0x00,
    0x00, 0x00, 0x00, 0x00, 0x1F, 0x83, 0xE0, 0x07, 0xF8, 0x7C, 0x01, 0xFF, 0xFF, 0x00, 0x3F, 0xFF,
    0xE0, 0x0F, 0x8F, 0xFC, 0x01, 0xF0, 0xFF, 0x00, 0x3E, 0x07, 0x80, 0x00, 0x00, 0x00, 0x00, 0x00,
    0x00, 0x00, 0x00, 0x00, 0x00, 0x00, 0x00, 0x00, 0x00, 0x07, 0xFF, 0x00, 0x03, 0xFF, 0xF8, 0x01,
    0xFF, 0xFF, 0xC0, 0x7F, 0xFF, 0xFC, 0x1F, 0xFF, 0xFF, 0x83, 0xFF, 0xFF, 0xF8, 0xFF, 0x81, 0xFF,
    0x1F, 0xE0, 0x1F, 0xF3, 0xF8, 0x01, 0xFE, 0x00, 0x00, 0x3F, 0xC0, 0x00, 0x07, 0xF8, 0x00, 0x07,
    0xFF, 0x00, 0x7F, 0xFF, 0xE0, 0x7F, 0xFF, 0xFC, 0x3F, 0xFF, 0xFF, 0x8F, 0xFF, 0xFF, 0xF3, 0xFF,
    0xF1, 0xFE, 0xFF, 0xC0, 0x3F, 0xDF, 0xE0, 0x07, 0xFB, 0xFC, 0x00, 0xFF, 0x7F, 0x00, 0x1F, 0xEF,
    0xE0, 0x07, 0xFD, 0xFE, 0x01, 0xFF, 0xBF, 0xE0, 0xFF, 0xF7, 0xFF, 0xFF, 0xFE, 0x7F, 0xFF, 0xFF,
    0xC7, 0xFF, 0xF7, 0xF8, 0x7F, 0xFC, 0xFF, 0x07, 0xFE, 0x1F, 0xE0, 0x04, 0x00, 0x00, 0x01, 0xC0,
    0x1C, 0x00, 0xFC, 0x0F, 0xC0, 0x1F, 0xC3, 0xFC, 0x07, 0xFC, 0x7F, 0x80, 0xFF, 0x8F, 0xF8, 0x1F,
    0xE1, 0xFE, 0x01, 0xFC, 0x1F, 0xC0, 0x1F, 0x03, 0xF0, 0x01, 0x00, 0x10, 0x00, 0x00, 0x00, 0x00,
    0x00, 0x00, 0x00, 0x00, 0x00, 0x00, 0x00, 0x07, 0xFF, 0x00, 0x03, 0xFF, 0xF8, 0x01, 0xFF, 0xFF,
    0xC0, 0x7F, 0xFF, 0xFC, 0x1F, 0xFF, 0xFF, 0x83, 0xFF, 0xFF, 0xF8, 0xFF, 0x81, 0xFF, 0x1F, 0xE0,
    0x1F, 0xF3, 0xF8, 0x01, 0xFE, 0x00, 0x00, 0x3F, 0xC0, 0x00, 0x07, 0xF8, 0x00, 0x07, 0xFF, 0x00,
    0x7F, 0xFF, 0xE0, 0x7F, 0xFF, 0xFC, 0x3F, 0xFF, 0xFF, 0x8F, 0xFF, 0xFF, 0xF3, 0xFF, 0xF1, 0xFE,
    0xFF, 0xC0, 0x3F, 0xDF, 0xE0, 0x07, 0xFB, 0xFC, 0x00, 0xFF, 0x7F, 0x00, 0x1F, 0xEF, 0xE0, 0x07,
    0xFD, 0xFE, 0x01, 0xFF, 0xBF, 0xE0, 0xFF, 0xF7, 0xFF, 0xFF, 0xFE, 0x7F, 0xFF, 0xFF, 0xC7, 0xFF,
    0xF7, 0xF8, 0x7F, 0xFC, 0xFF, 0x07, 0xFE, 0x1F, 0xE0, 0x04, 0x00, 0x00, 0x00, 0x1F, 0x00, 0x00,
    0x07, 0xF8, 0x00, 0x03, 0xFF, 0x80, 0x00, 0x7F, 0xF8, 0x00, 0x1F, 0x0F, 0x00, 0x03, 0xC0, 0xF0,
    0x00, 0x78, 0x1E, 0x00, 0x0F, 0x03, 0xC0, 0x01, 0xF0, 0xF0, 0x00, 0x1F, 0xFE, 0x00, 0x03, 0xFF,
    0x80, 0x00, 0x3F, 0xE0, 0x00, 0x01, 0xF8, 0x00, 0x00, 0x00, 0x00, 0x00, 0x00, 0x00, 0x00, 0x03,
    0xFF, 0x80, 0x01, 0xFF, 0xFC, 0x00, 0xFF, 0xFF, 0xE0, 0x3F, 0xFF, 0xFE, 0x0F, 0xFF, 0xFF, 0xC1,
    0xFF, 0xFF, 0xFC, 0x7F, 0xC0, 0xFF, 0x8F, 0xF0, 0x0F, 0xF9, 0xFC, 0x00, 0xFF, 0x00, 0x00, 0x1F,
    0xE0, 0x00, 0x03, 0xFC, 0x00, 0x03, 0xFF, 0x80, 0x3F, 0xFF, 0xF0, 0x3F, 0xFF, 0xFE, 0x1F, 0xFF,
    0xFF, 0xC7, 0xFF, 0xFF, 0xF9, 0xFF, 0xF8, 0xFF, 0x7F, 0xE0, 0x1F, 0xEF, 0xF0, 0x03, 0xFD, 0xFE,
    0x00, 0x7F, 0xBF, 0x80, 0x0F, 0xF7, 0xF0, 0x03, 0xFE, 0xFF, 0x00, 0xFF, 0xDF, 0xF0, 0x7F, 0xFB,
    0xFF, 0xFF, 0xFF, 0x3F, 0xFF, 0xFF, 0xE3, 0xFF, 0xFB, 0xFC, 0x3F, 0xFE, 0x7F, 0x83, 0xFF, 0x0F,
    0xF0, 0x02, 0x00, 0x00, 0x00, 0x00, 0x00, 0x00, 0x00, 0x00, 0x00, 0xFF, 0xC0, 0x1F, 0xF0, 0x00,
    0x07, 0xFF, 0xE0, 0xFF, 0xFC, 0x00, 0x3F, 0xFF, 0xE7, 0xFF, 0xFC, 0x00, 0xFF, 0xFF, 0xFF, 0xFF,
    0xFC, 0x03, 0xFF, 0xFF, 0xFF, 0xFF, 0xFC, 0x07, 0xFF, 0xFF, 0xFF, 0xFF, 0xFC, 0x1F, 0xF0, 0x3F,
    0xFC, 0x07, 0xF8, 0x3F, 0xC0, 0x3F, 0xF0, 0x07, 0xF8, 0x7F, 0x00, 0x3F, 0xC0, 0x07, 0xF0, 0x00,
    0x00, 0x7F, 0x80, 0x0F, 0xF0, 0x00, 0x00, 0xFE, 0x00, 0x0F, 0xE0, 0x00, 0x01, 0xFC, 0x00, 0x1F,
    0xC0, 0x1F, 0xFF, 0xFF, 0xFF, 0xFF, 0x81, 0xFF, 0xFF, 0xFF, 0xFF, 0xFF, 0x07, 0xFF, 0xFF, 0xFF,
    0xFF, 0xFE, 0x1F, 0xFF, 0xFF, 0xFF, 0xFF, 0xFC, 0x7F, 0xFF, 0xFF, 0xFF, 0xFF, 0xF9, 0xFF, 0x00,
    0x7F, 0x00, 0x00, 0x03, 0xFC, 0x00, 0xFE, 0x00, 0x00, 0x07, 0xF8, 0x01, 0xFE, 0x00, 0x00, 0x0F,
    0xE0, 0x03, 0xFC, 0x00, 0x3F, 0x9F, 0xC0, 0x0F, 0xFC, 0x00, 0xFF, 0x3F, 0xC0, 0x3F, 0xFC, 0x03,
    0xFC, 0x7F, 0xC1, 0xFF, 0xFE, 0x1F, 0xF8, 0xFF, 0xFF, 0xFF, 0xFF, 0xFF, 0xE0, 0xFF, 0xFF, 0xE7,
    0xFF, 0xFF, 0x80, 0xFF, 0xFF, 0x87, 0xFF, 0xFE, 0x00, 0xFF, 0xFE, 0x07, 0xFF, 0xF8, 0x00, 0x7F,
    0xF0, 0x03, 0xFF, 0xC0, 0x00, 0x00, 0x00, 0x00, 0x78, 0x00, 0x00, 0x00, 0x00, 0x00, 0x00, 0x01,
    0xFF, 0x80, 0x00, 0x3F, 0xFF, 0x00, 0x07, 0xFF, 0xFE, 0x00, 0x7F, 0xFF, 0xF8, 0x07, 0xFF, 0xFF,
    0xE0, 0x7F, 0xFF, 0xFF, 0x83, 0xFF, 0x0F, 0xFC, 0x3F, 0xE0, 0x1F, 0xF1, 0xFE, 0x00, 0x7F, 0x9F,
    0xF0, 0x03, 0xFC, 0xFF, 0x00, 0x0F, 0xE7, 0xF8, 0x00, 0x00, 0x3F, 0xC0, 0x00, 0x01, 0xFE, 0x00,
    0x00, 0x0F, 0xF0, 0x00, 0x00, 0x7F, 0x80, 0x00, 0x03, 0xFC, 0x00, 0x00, 0x1F, 0xE0, 0x00, 0x00,
    0xFF, 0x00, 0x0F, 0xC7, 0xFC, 0x00, 0xFF, 0x1F, 0xE0, 0x07, 0xF8, 0xFF, 0x80, 0x7F, 0xC7, 0xFE,
    0x07, 0xFC, 0x1F, 0xFF, 0xFF, 0xE0, 0x7F, 0xFF, 0xFE, 0x01, 0xFF, 0xFF, 0xE0, 0x07, 0xFF, 0xFE,
    0x00, 0x1F, 0xFF, 0xE0, 0x00, 0x3F, 0xFC, 0x00, 0x00, 0x1E, 0x00, 0x00, 0x00, 0x70, 0x00, 0x00,
    0x07, 0xE0, 0x00, 0x00, 0x3F, 0xC0, 0x00, 0x01, 0xFF, 0x00, 0x00, 0x00, 0xF8, 0x00, 0x00, 0x03,
    0xC0, 0x00, 0x00, 0x3E, 0x00, 0x00, 0x3F, 0xF0, 0x00, 0x01, 0xFF, 0x00, 0x00, 0x0F, 0xF0, 0x00,
    0x00, 0x00, 0x00, 0x00, 0x07, 0xF8, 0x00, 0x00, 0x1F, 0xE0, 0x00, 0x00, 0x7F, 0x00, 0x00, 0x01,
    0xFC, 0x00, 0x00, 0x07, 0xE0, 0x00, 0x00, 0x3F, 0x80, 0x00, 0x00, 0xFC, 0x00, 0x00, 0x03, 0xF0,
    0x00, 0x00, 0x0F, 0x80, 0x00, 0x00, 0x00, 0x00, 0x00, 0x00, 0x00, 0x00, 0x00, 0x00, 0x00, 0x00,
    0x03, 0xFF, 0x00, 0x00, 0x7F, 0xFE, 0x00, 0x0F, 0xFF, 0xF8, 0x00, 0xFF, 0xFF, 0xF0, 0x0F, 0xFF,
    0xFF, 0x80, 0xFF, 0xFF, 0xFE, 0x07, 0xFC, 0x0F, 0xF8, 0x7F, 0x80, 0x3F, 0xC3, 0xFC, 0x00, 0xFF,
    0x3F, 0xC0, 0x03, 0xF9, 0xFE, 0x00, 0x1F, 0xCF, 0xF0, 0x00, 0xFE, 0x7F, 0xFF, 0xFF, 0xFB, 0xFF,
    0xFF, 0xFF, 0xDF, 0xFF, 0xFF, 0xFE, 0xFF, 0xFF, 0xFF, 0xF7, 0xFF, 0xFF, 0xFF, 0xBF, 0xC0, 0x00,
    0x01, 0xFE, 0x00, 0x00, 0x0F, 0xF0, 0x00, 0x00, 0x3F, 0x80, 0x07, 0xF1, 0xFE, 0x00, 0x7F, 0x8F,
    0xF8, 0x07, 0xFC, 0x3F, 0xF8, 0xFF, 0xC0, 0xFF, 0xFF, 0xFE, 0x03, 0xFF, 0xFF, 0xE0, 0x0F, 0xFF,
    0xFE, 0x00, 0x3F, 0xFF, 0xC0, 0x00, 0x7F, 0xF8, 0x00, 0x00, 0x3C, 0x00, 0x00, 0x00, 0x00, 0xFF,
    0x00, 0x00, 0x0F, 0xF0, 0x00, 0x00, 0x7F, 0x00, 0x00, 0x07, 0xF0, 0x00, 0x00, 0x3F, 0x00, 0x00,
    0x03, 0xF8, 0x00, 0x00, 0x1F, 0x80, 0x00, 0x01, 0xF8, 0x00, 0x00, 0x0F, 0x80, 0x00, 0x00, 0x00,
    0x00, 0x00, 0x00, 0x00, 0x00, 0x00, 0x00, 0x00, 0x00, 0x03, 0xFF, 0x00, 0x00, 0x7F, 0xFE, 0x00,
    0x0F, 0xFF, 0xF8, 0x00, 0xFF, 0xFF, 0xF0, 0x0F, 0xFF, 0xFF, 0x80, 0xFF, 0xFF, 0xFE, 0x07, 0xFC,
    0x0F, 0xF8, 0x7F, 0x80, 0x3F, 0xC3, 0xFC, 0x00, 0xFF, 0x3F, 0xC0, 0x03, 0xF9, 0xFE, 0x00, 0x1F,
    0xCF, 0xF0, 0x00, 0xFE, 0x7F, 0xFF, 0xFF, 0xFB, 0xFF, 0xFF, 0xFF, 0xDF, 0xFF, 0xFF, 0xFE, 0xFF,
    0xFF, 0xFF, 0xF7, 0xFF, 0xFF, 0xFF, 0xBF, 0xC0, 0x00, 0x01, 0xFE, 0x00, 0x00, 0x0F, 0xF0, 0x00,
    0x00, 0x3F, 0x80, 0x07, 0xF1, 0xFE, 0x00, 0x7F, 0x8F, 0xF8, 0x07, 0xFC, 0x3F, 0xF8, 0xFF, 0xC0,
    0xFF, 0xFF, 0xFE, 0x03, 0xFF, 0xFF, 0xE0, 0x0F, 0xFF, 0xFE, 0x00, 0x3F, 0xFF, 0xC0, 0x00, 0x7F,
    0xF8, 0x00, 0x00, 0x3C, 0x00, 0x00, 0x00, 0x1F, 0xC0, 0x00, 0x01, 0xFF, 0x00, 0x00, 0x1F, 0xFC,
    0x00, 0x00, 0xFF, 0xE0, 0x00, 0x0F, 0xDF, 0x80, 0x00, 0xFC, 0x7E, 0x00, 0x0F, 0xC1, 0xF8, 0x00,
    0xFE, 0x0F, 0xE0, 0x00, 0x00, 0x00, 0x80, 0x00, 0x00, 0x00, 0x00, 0x00, 0x00, 0x00, 0x00, 0x00,
    0x00, 0x00, 0x03, 0xFF, 0x00, 0x00, 0x7F, 0xFE, 0x00, 0x0F, 0xFF, 0xF8, 0x00, 0xFF, 0xFF, 0xF0,
    0x0F, 0xFF, 0xFF, 0x80, 0xFF, 0xFF, 0xFE, 0x07, 0xFC, 0x0F, 0xF8, 0x7F, 0x80, 0x3F, 0xC3, 0xFC,
    0x00, 0xFF, 0x3F, 0xC0, 0x03, 0xF9, 0xFE, 0x00, 0x1F, 0xCF, 0xF0, 0x00, 0xFE, 0x7F, 0xFF, 0xFF,
    0xFB, 0xFF, 0xFF, 0xFF, 0xDF, 0xFF, 0xFF, 0xFE, 0xFF, 0xFF, 0xFF, 0xF7, 0xFF, 0xFF, 0xFF, 0xBF,
    0xC0, 0x00, 0x01, 0xFE, 0x00, 0x00, 0x0F, 0xF0, 0x00, 0x00, 0x3F, 0x80, 0x07, 0xF1, 0xFE, 0x00,
    0x7F, 0x8F, 0xF8, 0x07, 0xFC, 0x3F, 0xF8, 0xFF, 0xC0, 0xFF, 0xFF, 0xFE, 0x03, 0xFF, 0xFF, 0xE0,
    0x0F, 0xFF, 0xFE, 0x00, 0x3F, 0xFF, 0xC0, 0x00, 0x7F, 0xF8, 0x00, 0x00, 0x3C, 0x00, 0x00, 0x01,
    0xC0, 0x1C, 0x00, 0x3F, 0x03, 0xF0, 0x01, 0xFC, 0x3F, 0xC0, 0x1F, 0xF1, 0xFE, 0x00, 0xFF, 0x8F,
    0xF8, 0x07, 0xF8, 0x7F, 0x80, 0x1F, 0xC1, 0xFC, 0x00, 0x7C, 0x0F, 0xC0, 0x01, 0x00, 0x10, 0x00,
    0x00, 0x00, 0x00, 0x00, 0x00, 0x00, 0x00, 0x00, 0x00, 0x00, 0x00, 0x03, 0xFF, 0x00, 0x00, 0x7F,
    0xFE, 0x00, 0x0F, 0xFF, 0xF8, 0x00, 0xFF, 0xFF, 0xF0, 0x0F, 0xFF, 0xFF, 0x80, 0xFF, 0xFF, 0xFE,
    0x07, 0xFC, 0x0F, 0xF8, 0x7F, 0x80, 0x3F, 0xC3, 0xFC, 0x00, 0xFF, 0x3F, 0xC0, 0x03, 0xF9, 0xFE,
    0x00, 0x1F, 0xCF, 0xF0, 0x00, 0xFE, 0x7F, 0xFF, 0xFF, 0xFB, 0xFF, 0xFF, 0xFF, 0xDF, 0xFF, 0xFF,
    0xFE, 0xFF, 0xFF, 0xFF, 0xF7, 0xFF, 0xFF, 0xFF, 0xBF, 0xC0, 0x00, 0x01, 0xFE, 0x00, 0x00, 0x0F,
    0xF0, 0x00, 0x00, 0x3F, 0x80, 0x07, 0xF1, 0xFE, 0x00, 0x7F, 0x8F, 0xF8, 0x07, 0xFC, 0x3F, 0xF8,
    0xFF, 0xC0, 0xFF, 0xFF, 0xFE, 0x03, 0xFF, 0xFF, 0xE0, 0x0F, 0xFF, 0xFE, 0x00, 0x3F, 0xFF, 0xC0,
    0x00, 0x7F, 0xF8, 0x00, 0x00, 0x3C, 0x00, 0x00, 0x7F, 0x80, 0xFF, 0x01, 0xFC, 0x03, 0xF8, 0x07,
    0xE0, 0x1F, 0xC0, 0x3F, 0x00, 0x7E, 0x00, 0xF8, 0x00, 0x00, 0x00, 0x00, 0x00, 0x03, 0xFC, 0x0F,
    0xF0, 0x3F, 0xC0, 0xFF, 0x03, 0xFC, 0x0F, 0xF0, 0x3F, 0xC0, 0xFF, 0x03, 0xFC, 0x0F, 0xF0, 0x3F,
    0xC0, 0xFF, 0x03, 0xFC, 0x0F, 0xF0, 0x3F, 0xC0, 0xFF, 0x03, 0xFC, 0x0F, 0xF0, 0x3F, 0xC0, 0xFF,
    0x03, 0xFC, 0x0F, 0xF0, 0x3F, 0xC0, 0xFF, 0x03, 0xFC, 0x0F, 0xF0, 0x3F, 0xC0, 0xFF, 0x03, 0xFC,
    0x03, 0xFC, 0x1F, 0xE0, 0x7F, 0x03, 0xF8, 0x0F, 0xC0, 0x7F, 0x01, 0xF8, 0x0F, 0xC0, 0x3E, 0x00,
    0x00, 0x00, 0x00, 0x00, 0x00, 0x7F, 0x81, 0xFE, 0x07, 0xF8, 0x1F, 0xE0, 0x7F, 0x81, 0xFE, 0x07,
    0xF8, 0x1F, 0xE0, 0x7F, 0x81, 0xFE, 0x07, 0xF8, 0x1F, 0xE0, 0x7F, 0x81, 0xFE, 0x07, 0xF8, 0x1F,
    0xE0, 0x7F, 0x81, 0xFE, 0x07, 0xF8, 0x1F, 0xE0, 0x7F, 0x81, 0xFE, 0x07, 0xF8, 0x1F, 0xE0, 0x7F,
    0x81, 0xFE, 0x07, 0xF8, 0x1F, 0xE0, 0x7F, 0x80, 0x01, 0xFC, 0x00, 0x1F, 0xF0, 0x01, 0xFF, 0xC0,
    0x0F, 0xFE, 0x00, 0xFD, 0xF8, 0x0F, 0xC7, 0xE0, 0xFC, 0x1F, 0x8F, 0xE0, 0xFE, 0x00, 0x00, 0x08,
    0x00, 0x00, 0x00, 0x00, 0x00, 0x00, 0x00, 0x00, 0x1F, 0xE0, 0x00, 0xFF, 0x00, 0x07, 0xF8, 0x00,
    0x3F, 0xC0, 0x01, 0xFE, 0x00, 0x0F, 0xF0, 0x00, 0x7F, 0x80, 0x03, 0xFC, 0x00, 0x1F, 0xE0, 0x00,
    0xFF, 0x00, 0x07, 0xF8, 0x00, 0x3F, 0xC0, 0x01, 0xFE, 0x00, 0x0F, 0xF0, 0x00, 0x7F, 0x80, 0x03,
    0xFC, 0x00, 0x1F, 0xE0, 0x00, 0xFF, 0x00, 0x07, 0xF8, 0x00, 0x3F, 0xC0, 0x01, 0xFE, 0x00, 0x0F,
    0xF0, 0x00, 0x7F, 0x80, 0x03, 0xFC, 0x00, 0x1F, 0xE0, 0x00, 0xFF, 0x00, 0x07, 0xF8, 0x00, 0x3F,
    0xC0, 0x01, 0xFE, 0x00, 0x0E, 0x00, 0xE0, 0xFC, 0x0F, 0xC3, 0xF8, 0x7F, 0x9F, 0xF1, 0xFE, 0x7F,
    0xC7, 0xFD, 0xFE, 0x1F, 0xE3, 0xF8, 0x3F, 0x87, 0xC0, 0xFC, 0x08, 0x00, 0x80, 0x00, 0x00, 0x00,
    0x00, 0x00, 0x00, 0x00, 0x00, 0x01, 0xFE, 0x00, 0x07, 0xF8, 0x00, 0x1F, 0xE0, 0x00, 0x7F, 0x80,
    0x01, 0xFE, 0x00, 0x07, 0xF8, 0x00, 0x1F, 0xE0, 0x00, 0x7F, 0x80, 0x01, 0xFE, 0x00, 0x07, 0xF8,
    0x00, 0x1F, 0xE0, 0x00, 0x7F, 0x80, 0x01, 0xFE, 0x00, 0x07, 0xF8, 0x00, 0x1F, 0xE0, 0x00, 0x7F,
    0x80, 0x01, 0xFE, 0x00, 0x07, 0xF8, 0x00, 0x1F, 0xE0, 0x00, 0x7F, 0x80, 0x01, 0xFE, 0x00, 0x07,
    0xF8, 0x00, 0x1F, 0xE0, 0x00, 0x7F, 0x80, 0x01, 0xFE, 0x00, 0x07, 0xF8, 0x00, 0x1F, 0xE0, 0x00,
    0x7F, 0x80, 0x01, 0xFE, 0x00, 0x00, 0x00, 0x00, 0x00, 0x0E, 0x00, 0x00, 0x00, 0x3E, 0x00, 0x30,
    0x00, 0xFF, 0x03, 0xC0, 0x03, 0xFE, 0x3F, 0x00, 0x0F, 0xFF, 0xFC, 0x00, 0x0F, 0xFF, 0xC0, 0x00,
    0x0F, 0xFC, 0x00, 0x00, 0x3F, 0xF8, 0x00, 0x03, 0xFF, 0xF0, 0x00, 0x3F, 0xFF, 0xE0, 0x01, 0xFC,
    0x3F, 0x80, 0x03, 0xC0, 0x7F, 0x00, 0x0C, 0x00, 0xFE, 0x00, 0x00, 0x03, 0xFC, 0x00, 0x0F, 0x87,
    0xF0, 0x01, 0xFF, 0xCF, 0xE0, 0x0F, 0xFF, 0xBF, 0x80, 0x7F, 0xFF, 0x7F, 0x03, 0xFF, 0xFF, 0xFC,
    0x1F, 0xF8, 0x7F, 0xF0, 0x7F, 0x80, 0x7F, 0xC3, 0xFC, 0x00, 0xFF, 0x8F, 0xF0, 0x01, 0xFE, 0x7F,
    0x80, 0x07, 0xF9, 0xFE, 0x00, 0x1F, 0xE7, 0xF0, 0x00, 0x3F, 0x9F, 0xC0, 0x00, 0xFE, 0x7F, 0x00,
    0x03, 0xF9, 0xFC, 0x00, 0x0F, 0xE7, 0xF0, 0x00, 0x3F, 0x9F, 0xE0, 0x00, 0xFE, 0x7F, 0x80, 0x07,
    0xF9, 0xFE, 0x00, 0x1F, 0xC3, 0xFC, 0x00, 0xFF, 0x0F, 0xF0, 0x03, 0xFC, 0x3F, 0xF0, 0x3F, 0xE0,
    0x7F, 0xFF, 0xFF, 0x80, 0xFF, 0xFF, 0xFC, 0x03, 0xFF, 0xFF, 0xE0, 0x03, 0xFF, 0xFF, 0x00, 0x07,
    0xFF, 0xF8, 0x00, 0x07, 0xFF, 0x80, 0x00, 0x01, 0xE0, 0x00, 0x00, 0x00, 0x00, 0x00, 0x0F, 0xC1,
    0xF0, 0x01, 0xFE, 0x1F, 0x00, 0x3F, 0xFF, 0xE0, 0x03, 0xFF, 0xFE, 0x00, 0x7C, 0x7F, 0xE0, 0x07,
    0xC3, 0xFC, 0x00, 0x7C, 0x0F, 0x00, 0x00, 0x00, 0x00, 0x00, 0x00, 0x00, 0x00, 0x00, 0x00, 0x00,
    0x00, 0x00, 0x00, 0x00, 0x7F, 0x83, 0xFC, 0x07, 0xF8, 0xFF, 0xF0, 0x7F, 0x9F, 0xFF, 0x87, 0xFB,
    0xFF, 0xFC, 0x7F, 0xFF, 0xFF, 0xC7, 0xFF, 0xFF, 0xFE, 0x7F, 0xFF, 0xFF, 0xE7, 0xFE, 0x03, 0xFE,
    0x7F, 0xC0, 0x1F, 0xF7, 0xFC, 0x01, 0xFF, 0x7F, 0x80, 0x0F, 0xF7, 0xF8, 0x00, 0xFF, 0x7F, 0x80,
    0x0F, 0xF7, 0xF8, 0x00, 0xFF, 0x7F, 0x80, 0x0F, 0xF7, 0xF8, 0x00, 0xFF, 0x7F, 0x80, 0x0F, 0xF7,
    0xF8, 0x00, 0xFF, 0x7F, 0x80, 0x0F, 0xF7, 0xF8, 0x00, 0xFF, 0x7F, 0x80, 0x0F, 0xF7, 0xF8, 0x00,
    0xFF, 0x7F, 0x80, 0x0F, 0xF7, 0xF8, 0x00, 0xFF, 0x7F, 0x80, 0x0F, 0xF7, 0xF8, 0x00, 0xFF, 0x7F,
    0x80, 0x0F, 0xF7, 0xF8, 0x00, 0xFF, 0x7F, 0x80, 0x0F, 0xF0, 0x03, 0xFC, 0x00, 0x00, 0x07, 0xF8,
    0x00, 0x00, 0x0F, 0xE0, 0x00, 0x00, 0x1F, 0xC0, 0x00, 0x00, 0x3F, 0x00, 0x00, 0x00, 0xFE, 0x00,
    0x00, 0x01, 0xF8, 0x00, 0x00, 0x03, 0xF0, 0x00, 0x00, 0x07, 0xC0, 0x00, 0x00, 0x00, 0x00, 0x00,
    0x00, 0x00, 0x00, 0x00, 0x00, 0x00, 0x00, 0x00, 0x3F, 0xF0, 0x00, 0x03, 0xFF, 0xF8, 0x00, 0x3F,
    0xFF, 0xF0, 0x01, 0xFF, 0xFF, 0xE0, 0x0F, 0xFF, 0xFF, 0xC0, 0x7F, 0xFF, 0xFF, 0x81, 0xFF, 0x87,
    0xFF, 0x0F, 0xF8, 0x07, 0xFC, 0x3F, 0xC0, 0x0F, 0xF9, 0xFF, 0x00, 0x1F, 0xE7, 0xF8, 0x00, 0x7F,
    0x9F, 0xE0, 0x01, 0xFE, 0x7F, 0x80, 0x07, 0xFD, 0xFE, 0x00, 0x0F, 0xF7, 0xF8, 0x00, 0x3F, 0xDF,
    0xE0, 0x00, 0xFF, 0x7F, 0x80, 0x07, 0xFD, 0xFE, 0x00, 0x1F, 0xE7, 0xF8, 0x00, 0x7F, 0x9F, 0xF0,
    0x01, 0xFE, 0x3F, 0xC0, 0x0F, 0xF8, 0xFF, 0x80, 0x7F, 0xC3, 0xFF, 0x03, 0xFF, 0x07, 0xFF, 0xFF,
    0xF8, 0x0F, 0xFF, 0xFF, 0xE0, 0x1F, 0xFF, 0xFF, 0x00, 0x3F, 0xFF, 0xF8, 0x00, 0x7F, 0xFF, 0x80,
    0x00, 0x7F, 0xF8, 0x00, 0x00, 0x1E, 0x00, 0x00, 0x00, 0x00, 0xFF, 0x00, 0x00, 0x07, 0xF8, 0x00,
    0x00, 0x1F, 0xC0, 0x00, 0x00, 0xFE, 0x00, 0x00, 0x03, 0xF0, 0x00, 0x00, 0x1F, 0xC0, 0x00, 0x00,
    0x7E, 0x00, 0x00, 0x03, 0xF0, 0x00, 0x00, 0x0F, 0x80, 0x00, 0x00, 0x00, 0x00, 0x00, 0x00, 0x00,
    0x00, 0x00, 0x00, 0x00, 0x00, 0x00, 0x3F, 0xF0, 0x00, 0x03, 0xFF, 0xF8, 0x00, 0x3F, 0xFF, 0xF0,
    0x01, 0xFF, 0xFF, 0xE0, 0x0F, 0xFF, 0xFF, 0xC0, 0x7F, 0xFF, 0xFF, 0x81, 0xFF, 0x87, 0xFF, 0x0F,
    0xF8, 0x07, 0xFC, 0x3F, 0xC0, 0x0F, 0xF9, 0xFF, 0x00, 0x1F, 0xE7, 0xF8, 0x00, 0x7F, 0x9F, 0xE0,
    0x01, 0xFE, 0x7F, 0x80, 0x07, 0xFD, 0xFE, 0x00, 0x0F, 0xF7, 0xF8, 0x00, 0x3F, 0xDF, 0xE0, 0x00,
    0xFF, 0x7F, 0x80, 0x07, 0xFD, 0xFE, 0x00, 0x1F, 0xE7, 0xF8, 0x00, 0x7F, 0x9F, 0xF0, 0x01, 0xFE,
    0x3F, 0xC0, 0x0F, 0xF8, 0xFF, 0x80, 0x7F, 0xC3, 0xFF, 0x03, 0xFF, 0x07, 0xFF, 0xFF, 0xF8, 0x0F,
    0xFF, 0xFF, 0xE0, 0x1F, 0xFF, 0xFF, 0x00, 0x3F, 0xFF, 0xF8, 0x00, 0x7F, 0xFF, 0x80, 0x00, 0x7F,
    0xF8, 0x00, 0x00, 0x1E, 0x00, 0x00, 0x00, 0x0F, 0xE0, 0x00, 0x00, 0x7F, 0xC0, 0x00, 0x03, 0xFF,
    0x80, 0x00, 0x0F, 0xFE, 0x00, 0x00, 0x7E, 0xFC, 0x00, 0x03, 0xF1, 0xF8, 0x00, 0x1F, 0x83, 0xF0,
    0x00, 0xFE, 0x0F, 0xE0, 0x00, 0x00, 0x00, 0x40, 0x00, 0x00, 0x00, 0x00, 0x00, 0x00, 0x00, 0x00,
    0x00, 0x00, 0x00, 0x00, 0x3F, 0xF0, 0x00, 0x03, 0xFF, 0xF8, 0x00, 0x3F, 0xFF, 0xF0, 0x01, 0xFF,
    0xFF, 0xE0, 0x0F, 0xFF, 0xFF, 0xC0, 0x7F, 0xFF, 0xFF, 0x81, 0xFF, 0x87, 0xFF, 0x0F, 0xF8, 0x07,
    0xFC, 0x3F, 0xC0, 0x0F, 0xF9, 0xFF, 0x00, 0x1F, 0xE7, 0xF8, 0x00, 0x7F, 0x9F, 0xE0, 0x01, 0xFE,
    0x7F, 0x80, 0x07, 0xFD, 0xFE, 0x00, 0x0F, 0xF7, 0xF8, 0x00, 0x3F, 0xDF, 0xE0, 0x00, 0xFF, 0x7F,
    0x80, 0x07, 0xFD, 0xFE, 0x00, 0x1F, 0xE7, 0xF8, 0x00, 0x7F, 0x9F, 0xF0, 0x01, 0xFE, 0x3F, 0xC0,
    0x0F, 0xF8, 0xFF, 0x80, 0x7F, 0xC3, 0xFF, 0x03, 0xFF, 0x07, 0xFF, 0xFF, 0xF8, 0x0F, 0xFF, 0xFF,
    0xE0, 0x1F, 0xFF, 0xFF, 0x00, 0x3F, 0xFF, 0xF8, 0x00, 0x7F, 0xFF, 0x80, 0x00, 0x7F, 0xF8, 0x00,
    0x00, 0x1E, 0x00, 0x00, 0x00, 0x00, 0x00, 0x00, 0x01, 0xF8, 0x3E, 0x00, 0x0F, 0xF0, 0xF8, 0x00,
    0x7F, 0xFF, 0xC0, 0x01, 0xFF, 0xFF, 0x00, 0x0F, 0x8F, 0xFC, 0x00, 0x3E, 0x1F, 0xE0, 0x00, 0xF8,
    0x1E, 0x00, 0x00, 0x00, 0x00, 0x00, 0x00, 0x00, 0x00, 0x00, 0x00, 0x00, 0x00, 0x00, 0x00, 0x00,
    0x00, 0x00, 0x3F, 0xF0, 0x00, 0x03, 0xFF, 0xF8, 0x00, 0x3F, 0xFF, 0xF0, 0x01, 0xFF, 0xFF, 0xE0,
    0x0F, 0xFF, 0xFF, 0xC0, 0x7F, 0xFF, 0xFF, 0x81, 0xFF, 0x87, 0xFF, 0x0F, 0xF8, 0x07, 0xFC, 0x3F,
    0xC0, 0x0F, 0xF9, 0xFF, 0x00, 0x1F, 0xE7, 0xF8, 0x00, 0x7F, 0x9F, 0xE0, 0x01, 0xFE, 0x7F, 0x80,
    0x07, 0xFD, 0xFE, 0x00, 0x0F, 0xF7, 0xF8, 0x00, 0x3F, 0xDF, 0xE0, 0x00, 0xFF, 0x7F, 0x80, 0x07,
    0xFD, 0xFE, 0x00, 0x1F, 0xE7, 0xF8, 0x00, 0x7F, 0x9F, 0xF0, 0x01, 0xFE, 0x3F, 0xC0, 0x0F, 0xF8,
    0xFF, 0x80, 0x7F, 0xC3, 0xFF, 0x03, 0xFF, 0x07, 0xFF, 0xFF, 0xF8, 0x0F, 0xFF, 0xFF, 0xE0, 0x1F,
    0xFF, 0xFF, 0x00, 0x3F, 0xFF, 0xF8, 0x00, 0x7F, 0xFF, 0x80, 0x00, 0x7F, 0xF8, 0x00, 0x00, 0x1E,
    0x00, 0x00, 0x00, 0xE0, 0x0E, 0x00, 0x0F, 0xC0, 0xFC, 0x00, 0x3F, 0x87, 0xF8, 0x01, 0xFF, 0x1F,
    0xE0, 0x07, 0xFC, 0x7F, 0xC0, 0x1F, 0xE1, 0xFE, 0x00, 0x3F, 0x83, 0xF8, 0x00, 0x7C, 0x0F, 0xC0,
    0x00, 0x80, 0x08, 0x00, 0x00, 0x00, 0x00, 0x00, 0x00, 0x00, 0x00, 0x00, 0x00, 0x00, 0x00, 0x00,
    0x3F, 0xF0, 0x00, 0x03, 0xFF, 0xF8, 0x00, 0x3F, 0xFF, 0xF0, 0x01, 0xFF, 0xFF, 0xE0, 0x0F, 0xFF,
    0xFF, 0xC0, 0x7F, 0xFF, 0xFF, 0x81, 0xFF, 0x87, 0xFF, 0x0F, 0xF8, 0x07, 0xFC, 0x3F, 0xC0, 0x0F,
    0xF9, 0xFF, 0x00, 0x1F, 0xE7, 0xF8, 0x00, 0x7F, 0x9F, 0xE0, 0x01, 0xFE, 0x7F, 0x80, 0x07, 0xFD,
    0xFE, 0x00, 0x0F, 0xF7, 0xF8, 0x00, 0x3F, 0xDF, 0xE0, 0x00, 0xFF, 0x7F, 0x80, 0x07, 0xFD, 0xFE,
    0x00, 0x1F, 0xE7, 0xF8, 0x00, 0x7F, 0x9F, 0xF0, 0x01, 0xFE, 0x3F, 0xC0, 0x0F, 0xF8, 0xFF, 0x80,
    0x7F, 0xC3, 0xFF, 0x03, 0xFF, 0x07, 0xFF, 0xFF, 0xF8, 0x0F, 0xFF, 0xFF, 0xE0, 0x1F, 0xFF, 0xFF,
    0x00, 0x3F, 0xFF, 0xF8, 0x00, 0x7F, 0xFF, 0x80, 0x00, 0x7F, 0xF8, 0x00, 0x00, 0x1E, 0x00, 0x00,
    0x00, 0x00, 0x00, 0x00, 0x01, 0xF8, 0x00, 0x00, 0x3F, 0xC0, 0x00, 0x03, 0xFC, 0x00, 0x00, 0x3F,
    0xE0, 0x00, 0x03, 0xFE, 0x00, 0x00, 0x3F, 0xC0, 0x00, 0x03, 0xFC, 0x00, 0x00, 0x1F, 0x80, 0x00,
    0x00, 0xF0, 0x00, 0x00, 0x00, 0x00, 0x00, 0x00, 0x00, 0x00, 0x00, 0x00, 0x00, 0x07, 0xFF, 0xFF,
    0xFF, 0x7F, 0xFF, 0xFF, 0xF7, 0xFF, 0xFF, 0xFF, 0x7F, 0xFF, 0xFF, 0xF7, 0xFF, 0xFF, 0xFF, 0x7F,
    0xFF, 0xFF, 0xF0, 0x00, 0x00, 0x00, 0x00, 0x00, 0x00, 0x00, 0x00, 0x00, 0x00, 0x00, 0x07, 0x00,
    0x00, 0x01, 0xF8, 0x00, 0x00, 0x3F, 0xC0, 0x00, 0x03, 0xFC, 0x00, 0x00, 0x3F, 0xE0, 0x00, 0x03,
    0xFE, 0x00, 0x00, 0x3F, 0xC0, 0x00, 0x03, 0xFC, 0x00, 0x00, 0x1F, 0x80, 0x00, 0x00, 0x00, 0x00,
    0x00, 0x00, 0x00, 0x00, 0x00, 0x00, 0x00, 0x80, 0x03, 0xFF, 0x07, 0x80, 0x3F, 0xFF, 0x9F, 0x03,
    0xFF, 0xFF, 0xF8, 0x1F, 0xFF, 0xFF, 0xC0, 0xFF, 0xFF, 0xFE, 0x07, 0xFF, 0xFF, 0xF8, 0x1F, 0xF8,
    0x7F, 0xF0, 0xFF, 0x80, 0x7F, 0xC3, 0xFC, 0x03, 0xFF, 0x9F, 0xF0, 0x1F, 0xFE, 0x7F, 0x80, 0xFF,
    0xF9, 0xFE, 0x07, 0xFF, 0xE7, 0xF8, 0x3F, 0x7F, 0xDF, 0xE0, 0xF8, 0xFF, 0x7F, 0x87, 0xC3, 0xFD,
    0xFE, 0x3E, 0x0F, 0xF7, 0xF9, 0xF0, 0x7F, 0xDF, 0xEF, 0x81, 0xFE, 0x7F, 0xFC, 0x07, 0xF9, 0xFF,
    0xE0, 0x1F, 0xE3, 0xFF, 0x00, 0xFF, 0x8F, 0xFC, 0x07, 0xFC, 0x3F, 0xF0, 0x3F, 0xF0, 0x7F, 0xFF,
    0xFF, 0x80, 0xFF, 0xFF, 0xFE, 0x07, 0xFF, 0xFF, 0xF0, 0x3F, 0xFF, 0xFF, 0x81, 0xF7, 0xFF, 0xF8,
    0x07, 0x87, 0xFF, 0x80, 0x04, 0x01, 0xE0, 0x00, 0x00, 0x00, 0x00, 0x00, 0x07, 0xF8, 0x00, 0x00,
    0x3F, 0xC0, 0x00, 0x01, 0xFC, 0x00, 0x00, 0x0F, 0xE0, 0x00, 0x00, 0x7E, 0x00, 0x00, 0x07, 0xF0,
    0x00, 0x00, 0x3F, 0x00, 0x00, 0x01, 0xF8, 0x00, 0x00, 0x0F, 0x80, 0x00, 0x00, 0x00, 0x00, 0x00,
    0x00, 0x00, 0x00, 0x00, 0x00, 0x00, 0x7F, 0x80, 0x0F, 0xF7, 0xF8, 0x00, 0xFF, 0x7F, 0x80, 0x0F,
    0xF7, 0xF8, 0x00, 0xFF, 0x7F, 0x80, 0x0F, 0xF7, 0xF8, 0x00, 0xFF, 0x7F, 0x80, 0x0F, 0xF7, 0xF8,
    0x00, 0xFF, 0x7F, 0x80, 0x0F, 0xF7, 0xF8, 0x00, 0xFF, 0x7F, 0x80, 0x0F, 0xF7, 0xF8, 0x00, 0xFF,
    0x7F, 0x80, 0x0F, 0xF7, 0xF8, 0x00, 0xFF, 0x7F, 0x80, 0x0F, 0xF7, 0xF8, 0x00, 0xFF, 0x7F, 0x80,
    0x0F, 0xF7, 0xF8, 0x00, 0xFF, 0x7F, 0x80, 0x0F, 0xF7, 0xF8, 0x01, 0xFF, 0x7F, 0xC0, 0x1F, 0xF7,
    0xFE, 0x03, 0xFF, 0x7F, 0xF0, 0xFF, 0xF3, 0xFF, 0xFF, 0xFF, 0x3F, 0xFF, 0xFF, 0xF1, 0xFF, 0xFE,
    0xFF, 0x0F, 0xFF, 0xCF, 0xF0, 0x7F, 0xF8, 0xFF, 0x03, 0xFF, 0x0F, 0xF0, 0x02, 0x00, 0x00, 0x00,
    0x00, 0xFF, 0x00, 0x00, 0x1F, 0xE0, 0x00, 0x01, 0xFC, 0x00, 0x00, 0x3F, 0x80, 0x00, 0x03, 0xF0,
    0x00, 0x00, 0x7F, 0x00, 0x00, 0x07, 0xE0, 0x00, 0x00, 0xFC, 0x00, 0x00, 0x0F, 0x80, 0x00, 0x00,
    0x00, 0x00, 0x00, 0x00, 0x00, 0x00, 0x00, 0x00, 0x00, 0x7F, 0x80, 0x0F, 0xF7, 0xF8, 0x00, 0xFF,
    0x7F, 0x80, 0x0F, 0xF7, 0xF8, 0x00, 0xFF, 0x7F, 0x80, 0x0F, 0xF7, 0xF8, 0x00, 0xFF, 0x7F, 0x80,
    0x0F, 0xF7, 0xF8, 0x00, 0xFF, 0x7F, 0x80, 0x0F, 0xF7, 0xF8, 0x00, 0xFF, 0x7F, 0x80, 0x0F, 0xF7,
    0xF8, 0x00, 0xFF, 0x7F, 0x80, 0x0F, 0xF7, 0xF8, 0x00, 0xFF, 0x7F, 0x80, 0x0F, 0xF7, 0xF8, 0x00,
    0xFF, 0x7F, 0x80, 0x0F, 0xF7, 0xF8, 0x00, 0xFF, 0x7F, 0x80, 0x0F, 0xF7, 0xF8, 0x01, 0xFF, 0x7F,
    0xC0, 0x1F, 0xF7, 0xFE, 0x03, 0xFF, 0x7F, 0xF0, 0xFF, 0xF3, 0xFF, 0xFF, 0xFF, 0x3F, 0xFF, 0xFF,
    0xF1, 0xFF, 0xFE, 0xFF, 0x0F, 0xFF, 0xCF, 0xF0, 0x7F, 0xF8, 0xFF, 0x03, 0xFF, 0x0F, 0xF0, 0x02,
    0x00, 0x00, 0x00, 0x1F, 0xC0, 0x00, 0x03, 0xFE, 0x00, 0x00, 0x7F, 0xF0, 0x00, 0x07, 0xFF, 0x00,
    0x00, 0xFD, 0xF8, 0x00, 0x1F, 0x8F, 0xC0, 0x03, 0xF0, 0x7E, 0x00, 0x7F, 0x07, 0xF0, 0x00, 0x00,
    0x00, 0x80, 0x00, 0x00, 0x00, 0x00, 0x00, 0x00, 0x00, 0x00, 0x00, 0x00, 0x7F, 0x80, 0x0F, 0xF7,
    0xF8, 0x00, 0xFF, 0x7F, 0x80, 0x0F, 0xF7, 0xF8, 0x00, 0xFF, 0x7F, 0x80, 0x0F, 0xF7, 0xF8, 0x00,
    0xFF, 0x7F, 0x80, 0x0F, 0xF7, 0xF8, 0x00, 0xFF, 0x7F, 0x80, 0x0F, 0xF7, 0xF8, 0x00, 0xFF, 0x7F,
    0x80, 0x0F, 0xF7, 0xF8, 0x00, 0xFF, 0x7F, 0x80, 0x0F, 0xF7, 0xF8, 0x00, 0xFF, 0x7F, 0x80, 0x0F,
    0xF7, 0xF8, 0x00, 0xFF, 0x7F, 0x80, 0x0F, 0xF7, 0xF8, 0x00, 0xFF, 0x7F, 0x80, 0x0F, 0xF7, 0xF8,
    0x01, 0xFF, 0x7F, 0xC0, 0x1F, 0xF7, 0xFE, 0x03, 0xFF, 0x7F, 0xF0, 0xFF, 0xF3, 0xFF, 0xFF, 0xFF,
    0x3F, 0xFF, 0xFF, 0xF1, 0xFF, 0xFE, 0xFF, 0x0F, 0xFF, 0xCF, 0xF0, 0x7F, 0xF8, 0xFF, 0x03, 0xFF,
    0x0F, 0xF0, 0x02, 0x00, 0x00, 0x01, 0xC0, 0x1C, 0x00, 0x7E, 0x07, 0xE0, 0x07, 0xF0, 0xFF, 0x00,
    0xFF, 0x8F, 0xF0, 0x0F, 0xF8, 0xFF, 0x80, 0xFF, 0x0F, 0xF0, 0x07, 0xF0, 0x7F, 0x00, 0x3E, 0x07,
    0xE0, 0x01, 0x00, 0x10, 0x00, 0x00, 0x00, 0x00, 0x00, 0x00, 0x00, 0x00, 0x00, 0x00, 0x00, 0x7F,
    0x80, 0x0F, 0xF7, 0xF8, 0x00, 0xFF, 0x7F, 0x80, 0x0F, 0xF7, 0xF8, 0x00, 0xFF, 0x7F, 0x80, 0x0F,
    0xF7, 0xF8, 0x00, 0xFF, 0x7F, 0x80, 0x0F, 0xF7, 0xF8, 0x00, 0xFF, 0x7F, 0x80, 0x0F, 0xF7, 0xF8,
    0x00, 0xFF, 0x7F, 0x80, 0x0F, 0xF7, 0xF8, 0x00, 0xFF, 0x7F, 0x80, 0x0F, 0xF7, 0xF8, 0x00, 0xFF,
    0x7F, 0x80, 0x0F, 0xF7, 0xF8, 0x00, 0xFF, 0x7F, 0x80, 0x0F, 0xF7, 0xF8, 0x00, 0xFF, 0x7F, 0x80,
    0x0F, 0xF7, 0xF8, 0x01, 0xFF, 0x7F, 0xC0, 0x1F, 0xF7, 0xFE, 0x03, 0xFF, 0x7F, 0xF0, 0xFF, 0xF3,
    0xFF, 0xFF, 0xFF, 0x3F, 0xFF, 0xFF, 0xF1, 0xFF, 0xFE, 0xFF, 0x0F, 0xFF, 0xCF, 0xF0, 0x7F, 0xF8,
    0xFF, 0x03, 0xFF, 0x0F, 0xF0, 0x02, 0x00, 0x00, 0x00, 0x00, 0xFF, 0x00, 0x00, 0x03, 0xFC, 0x00,
    0x00, 0x07, 0xF0, 0x00, 0x00, 0x1F, 0xC0, 0x00, 0x00, 0x3F, 0x00, 0x00, 0x00, 0xFE, 0x00, 0x00,
    0x01, 0xF8, 0x00, 0x00, 0x07, 0xE0, 0x00, 0x00, 0x0F, 0x80, 0x00, 0x00, 0x00, 0x00, 0x00, 0x00,
    0x00, 0x00, 0x00, 0x00, 0x00, 0x00, 0x0F, 0xF8, 0x00, 0x3F, 0xEF, 0xF0, 0x00, 0x7F, 0x9F, 0xF0,
    0x00, 0xFF, 0x1F, 0xE0, 0x03, 0xFC, 0x3F, 0xC0, 0x07, 0xF8, 0x7F, 0xC0, 0x0F, 0xF0, 0x7F, 0x80,
    0x3F, 0xC0, 0xFF, 0x00, 0x7F, 0x80, 0xFF, 0x00, 0xFE, 0x01, 0xFE, 0x03, 0xFC, 0x03, 0xFC, 0x07,
    0xF8, 0x03, 0xFC, 0x0F, 0xE0, 0x07, 0xF8, 0x3F, 0xC0, 0x07, 0xF0, 0x7F, 0x80, 0x0F, 0xF0, 0xFE,
    0x00, 0x1F, 0xE3, 0xFC, 0x00, 0x1F, 0xC7, 0xF0, 0x00, 0x3F, 0xCF, 0xE0, 0x00, 0x7F, 0xBF, 0xC0,
    0x00, 0x7F, 0x7F, 0x00, 0x00, 0xFE, 0xFE, 0x00, 0x00, 0xFF, 0xFC, 0x00, 0x01, 0xFF, 0xF0, 0x00,
    0x03, 0xFF, 0xE0, 0x00, 0x03, 0xFF, 0x80, 0x00, 0x07, 0xFF, 0x00, 0x00, 0x0F, 0xFE, 0x00, 0x00,
    0x0F, 0xF8, 0x00, 0x00, 0x1F, 0xF0, 0x00, 0x00, 0x3F, 0xC0, 0x00, 0x00, 0x7F, 0x80, 0x00, 0x00,
    0xFF, 0x00, 0x00, 0x03, 0xFC, 0x00, 0x00, 0x0F, 0xF8, 0x00, 0x03, 0xFF, 0xE0, 0x00, 0x07, 0xFF,
    0xC0, 0x00, 0x0F, 0xFF, 0x00, 0x00, 0x1F, 0xFE, 0x00, 0x00, 0x3F, 0xF8, 0x00, 0x00, 0xFF, 0xC0,
    0x00, 0x00, 0x00, 0x00, 0x00, 0x00, 0x00, 0x00, 0x00, 0x01, 0xFE, 0x00, 0x00, 0x07, 0xF8, 0x00,
    0x00, 0x1F, 0xE0, 0x00, 0x00, 0x7F, 0x80, 0x00, 0x01, 0xFE, 0x00, 0x00, 0x07, 0xF8, 0x00, 0x00,
    0x1F, 0xE0, 0x00, 0x00, 0x7F, 0x80, 0x00, 0x01, 0xFE, 0x00, 0x00, 0x07, 0xF8, 0x00, 0x00, 0x1F,
    0xE0, 0x00, 0x00, 0x7F, 0x87, 0xFC, 0x01, 0xFE, 0x3F, 0xFC, 0x07, 0xFB, 0xFF, 0xF8, 0x1F, 0xEF,
    0xFF, 0xF0, 0x7F, 0xFF, 0xFF, 0xE1, 0xFF, 0xFF, 0xFF, 0x87, 0xFF, 0x87, 0xFF, 0x1F, 0xF8, 0x07,
    0xFC, 0x7F, 0xC0, 0x0F, 0xF9, 0xFF, 0x00, 0x1F, 0xE7, 0xF8, 0x00, 0x7F, 0x9F, 0xE0, 0x01, 0xFE,
    0x7F, 0x80, 0x07, 0xF9, 0xFE, 0x00, 0x0F, 0xF7, 0xF8, 0x00, 0x3F, 0xDF, 0xE0, 0x00, 0xFF, 0x7F,
    0x80, 0x07, 0xF9, 0xFE, 0x00, 0x1F, 0xE7, 0xF8, 0x00, 0x7F, 0x9F, 0xF0, 0x01, 0xFE, 0x7F, 0xC0,
    0x0F, 0xF9, 0xFF, 0x80, 0x7F, 0xC7, 0xFF, 0x03, 0xFF, 0x1F, 0xFF, 0xFF, 0xFC, 0x7F, 0xFF, 0xFF,
    0xE1, 0xFE, 0xFF, 0xFF, 0x07, 0xFB, 0xFF, 0xF8, 0x1F, 0xE7, 0xFF, 0xC0, 0x7F, 0x87, 0xFC, 0x01,
    0xFE, 0x01, 0x00, 0x07, 0xF8, 0x00, 0x00, 0x1F, 0xE0, 0x00, 0x00, 0x7F, 0x80, 0x00, 0x01, 0xFE,
    0x00, 0x00, 0x07, 0xF8, 0x00, 0x00, 0x1F, 0xE0, 0x00, 0x00, 0x7F, 0x80, 0x00, 0x01, 0xFE, 0x00,
    0x00, 0x07, 0xF8, 0x00, 0x00, 0x1F, 0xE0, 0x00, 0x00, 0x00, 0x00, 0x00, 0x00, 0x00, 0xE0, 0x0E,
    0x00, 0x07, 0xE0, 0x7E, 0x00, 0x0F, 0xE1, 0xFE, 0x00, 0x3F, 0xE3, 0xFC, 0x00, 0x7F, 0xC7, 0xFC,
    0x00, 0xFF, 0x0F, 0xF0, 0x00, 0xFE, 0x0F, 0xE0, 0x00, 0xF8, 0x1F, 0x80, 0x00, 0x80, 0x08, 0x00,
    0x00, 0x00, 0x00, 0x00, 0x00, 0x00, 0x00, 0x00, 0x00, 0x00, 0x00, 0x0F, 0xF8, 0x00, 0x3F, 0xEF,
    0xF0, 0x00, 0x7F, 0x9F, 0xF0, 0x00, 0xFF, 0x1F, 0xE0, 0x03, 0xFC, 0x3F, 0xC0, 0x07, 0xF8, 0x7F,
    0xC0, 0x0F, 0xF0, 0x7F, 0x80, 0x3F, 0xC0, 0xFF, 0x00, 0x7F, 0x80, 0xFF, 0x00, 0xFE, 0x01, 0xFE,
    0x03, 0xFC, 0x03, 0xFC, 0x07, 0xF8, 0x03, 0xFC, 0x0F, 0xE0, 0x07, 0xF8, 0x3F, 0xC0, 0x07, 0xF0,
    0x7F, 0x80, 0x0F, 0xF0, 0xFE, 0x00, 0x1F, 0xE3, 0xFC, 0x00, 0x1F, 0xC7, 0xF0, 0x00, 0x3F, 0xCF,
    0xE0, 0x00, 0x7F, 0xBF, 0xC0, 0x00, 0x7F, 0x7F, 0x00, 0x00, 0xFE, 0xFE, 0x00, 0x00, 0xFF, 0xFC,
    0x00, 0x01, 0xFF, 0xF0, 0x00, 0x03, 0xFF, 0xE0, 0x00, 0x03, 0xFF, 0x80, 0x00, 0x07, 0xFF, 0x00,
    0x00, 0x0F, 0xFE, 0x00, 0x00, 0x0F, 0xF8, 0x00, 0x00, 0x1F, 0xF0, 0x00, 0x00, 0x3F, 0xC0, 0x00,
    0x00, 0x7F, 0x80, 0x00, 0x00, 0xFF, 0x00, 0x00, 0x03, 0xFC, 0x00, 0x00, 0x0F, 0xF8, 0x00, 0x03,
    0xFF, 0xE0, 0x00, 0x07, 0xFF, 0xC0, 0x00, 0x0F, 0xFF, 0x00, 0x00, 0x1F, 0xFE, 0x00, 0x00, 0x3F,
    0xF8, 0x00, 0x00, 0xFF, 0xC0, 0x00, 0x00, 0x00, 0x00, 0x00, 0x00
};

const epaper_font::GlyphRange kInter55Bold_ext = {
    0xA0,
    0xFF,
    kInter55Bold_ext_glyphs,
    kInter55Bold_ext_bitmaps,
};

const epaper_font::GlyphBitmap kInter55Black_ext_glyphs[] = {
    {     0,    0,   0,   0,    0,    0,  11 },
    {     0,   62,  12,  41,    2,   30,  17 },
    {    62,  159,  31,  41,    1,   41,  33 },
    {   221,  175,  34,  41,    1,   41,  36 },
    {   396,  167,  37,  36,    3,   35,  43 },
    {   563,  164,  32,  41,    0,   41,  32 },
    {   727,   68,  11,  49,    5,   41,  22 },
    {   795,  175,  28,  50,    1,   41,  30 },
    {   970,   33,  24,  11,    5,   42,  35 },
    {  1003,  221,  42,  42,    4,   41,  50 },
    {  1224,   69,  23,  24,    1,   41,  26 },
    {  1293,  116,  37,  25,    1,   28,  39 },
    {  1409,   48,  27,  14,    5,   22,  38 },
    {  1457,  158,  30,  42,    1,   41,  34 },
    {  1615,  128,  32,  32,    2,   41,  36 },
    {  1743,   17,  17,   8,    2,   40,  22 },
    {  1760,   56,  21,  21,    2,   41,  25 },
    {  1816,  117,  30,  31,    4,   32,  38 },
    {  1933,   63,  21,  24,    1,   47,  24 },
    {  1996,   69,  22,  25,    1,   47,  24 },
    {  2065,   18,  16,   9,    2,   41,  20 },
    {  2083,  175,  34,  41,    2,   29,  36 },
    {  2258,  149,  29,  41,    1,   41,  33 },
    {  2407,   18,  12,  12,    2,   25,  16 },
    {  2425,   20,  11,  14,    8,    2,  24 },
    {  2445,   41,  14,  23,    1,   46,  17 },
    {  2486,   75,  25,  24,    1,   41,  27 },
    {  2561,  113,  36,  25,    1,   28,  39 },
    {  2674,  231,  45,  41,    1,   41,  47 },
    {  2905,  241,  47,  41,    1,   41,  49 },
    {  3146,  257,  50,  41,    1,   41,  52 },
    {  3403,  158,  30,  42,    2,   30,  34 },
    {  3561,  285,  43,  53,    0,   53,  43 },
    {  3846,  285,  43,  53,    0,   53,  43 },
    {  4131,  285,  43,  53,    0,   53,  43 },
    {  4416,  285,  43,  53,    0,   53,  43 },
    {  4701,  285,  43,  53,    0,   53,  43 },
    {  4986,  296,  43,  55,    0,   55,  43 },
    {  5282,  293,  57,  41,    0,   41,  59 },
    {  5575,  259,  39,  53,    1,   41,  41 },
    {  5834,  206,  31,  53,    2,   53,  35 },
    {  6040,  206,  31,  53,    2,   53,  35 },
    {  6246,  206,  31,  53,    2,   53,  35 },
    {  6452,  206,  31,  53,    2,   53,  35 },
    {  6658,  113,  17,  53,   -3,   53,  16 },
    {  6771,  113,  17,  53,    2,   53,  16 },
    {  6884,  159,  24,  53,   -4,   53,  16 },
    {  7043,  159,  24,  53,   -4,   53,  16 },
    {  7202,  216,  42,  41,    0,   41,  43 },
    {  7418,  246,  37,  53,    2,   53,  41 },
    {  7664,  270,  40,  54,    1,   53,  42 },
    {  7934,  270,  40,  54,    1,   53,  42 },
    {  8204,  270,  40,  54,    1,   53,  42 },
    {  8474,  270,  40,  54,    1,   53,  42 },
    {  8744,  270,  40,  54,    1,   53,  42 },
    {  9014,  128,  32,  32,    3,   32,  38 },
    {  9142,  230,  40,  46,    1,   43,  42 },
    {  9372,  237,  35,  54,    2,   53,  39 },
    {  9609,  237,  35,  54,    2,   53,  39 },
    {  9846,  237,  35,  54,    2,   53,  39 },
    { 10083,  237,  35,  54,    2,   53,  39 },
    { 10320,  272,  41,  53,    0,   53,  41 },
    { 10592,  164,  32,  41,    2,   41,  38 },
    { 10756,  180,  35,  41,    2,   41,  38 },
    { 10936,  153,  29,  42,    1,   41,  33 },
    { 11089,  153,  29,  42,    1,   41,  33 },
    { 11242,  153,  29,  42,    1,   41,  33 },
    { 11395,  153,  29,  42,    1,   41,  33 },
    { 11548,  156,  29,  43,    1,   42,  33 },
    { 11704,  167,  29,  46,    1,   45,  33 },
    { 11871,  186,  48,  31,    1,   30,  50 },
    { 12057,  163,  31,  42,    1,   30,  33 },
    { 12220,  163,  31,  42,    1,   41,  33 },
    { 12383,  163,  31,  42,    1,   41,  33 },
    { 12546,  163,  31,  42,    1,   41,  33 },
    { 12709,  167,  31,  43,    1,   42,  33 },
    { 12876,   88,  17,  41,   -3,   41,  16 },
    { 12964,   88,  17,  41,    2,   41,  16 },
    { 13052,  123,  24,  41,   -4,   41,  16 },
    { 13175,  126,  24,  42,   -4,   42,  16 },
    { 13301,  171,  31,  44,    1,   43,  34 },
    { 13472,  154,  30,  41,    2,   41,  35 },
    { 13626,  168,  32,  42,    1,   41,  34 },
    { 13794,  168,  32,  42,    1,   41,  34 },
    { 13962,  168,  32,  42,    1,   41,  34 },
    { 14130,  168,  32,  42,    1,   41,  34 },
    { 14298,  172,  32,  43,    1,   42,  34 },
    { 14470,  132,  30,  35,    4,   34,  38 },
    { 14602,  132,  32,  33,    1,   31,  34 },
    { 14734,  158,  30,  42,    2,   41,  35 },
    { 14892,  158,  30,  42,    2,   41,  35 },
    { 15050,  158,  30,  42,    2,   41,  35 },
    { 15208,  162,  30,  43,    2,   42,  35 },
    { 15370,  226,  34,  53,    0,   41,  34 },
    { 15596,  212,  32,  53,    2,   41,  35 },
    { 15808,  230,  34,  54,    0,   42,  34 },
};

const uint8_t kInter55Black_ext_bitmaps[] = {
    0x00, 0x01, 0xF8, 0x3F, 0xC7, 0xFE, 0x7F, 0xE7, 0xFF, 0xFF, 0xF7, 0xFF, 0x7F, 0xE3, 0xFE, 0x1F,
    0xC0, 0x70, 0x00, 0x00, 0x00, 0x7F, 0xE7, 0xFE, 0x7F, 0xE7, 0xFE, 0x7F, 0xE7, 0xFE, 0x7F, 0xE7,
    0xFE, 0x7F, 0xE7, 0xFE, 0x7F, 0xE7, 0xFE, 0x7F, 0xE7, 0xFE, 0x7F, 0xE7, 0xFE, 0x7F, 0xE7, 0xFE,
    0x7F, 0xE7, 0xFF, 0x7F, 0xF7, 0xFF, 0x7F, 0xF7, 0xFF, 0xFF, 0xFF, 0xFF, 0xFF, 0xF0, 0x00, 0x00,
    0x00, 0x00, 0x00, 0x07, 0x00, 0x00, 0x00, 0x0E, 0x00, 0x00, 0x00, 0x1C, 0x00, 0x00, 0x00, 0x38,
    0x00, 0x00, 0x00, 0x70, 0x00, 0x00, 0x07, 0xFC, 0x00, 0x00, 0x7F, 0xFF, 0x00, 0x01, 0xFF, 0xFF,
    0x80, 0x0F, 0xFF, 0xFF, 0x80, 0x3F, 0xFF, 0xFF, 0x80, 0xFF, 0xFF, 0xFF, 0x81, 0xFF, 0xFF, 0xFF,
    0x07, 0xFF, 0xFF, 0xFF, 0x0F, 0xFF, 0xFF, 0xFE, 0x3F, 0xFD, 0xCF, 0xFE, 0x7F, 0xF3, 0x9F, 0xFC,
    0xFF, 0xE7, 0x1F, 0xF9, 0xFF, 0x8E, 0x40, 0x07, 0xFF, 0x1C, 0x00, 0x0F, 0xFE, 0x38, 0x00, 0x1F,
    0xFC, 0x70, 0x00, 0x3F, 0xF8, 0xE0, 0x00, 0x3F, 0xF9, 0xC7, 0xC0, 0x7F, 0xF3, 0x8F, 0xFC, 0xFF,
    0xE7, 0x3F, 0xF9, 0xFF, 0xEE, 0x7F, 0xF1, 0xFF, 0xFF, 0xFF, 0xC3, 0xFF, 0xFF, 0xFF, 0x83, 0xFF,
    0xFF, 0xFE, 0x07, 0xFF, 0xFF, 0xFC, 0x07, 0xFF, 0xFF, 0xF0, 0x07, 0xFF, 0xFF, 0xC0, 0x03, 0xFF,
    0xFF, 0x00, 0x03, 0xFF, 0xF8, 0x00, 0x00, 0xFF, 0x80, 0x00, 0x00, 0x38, 0x00, 0x00, 0x00, 0x70,
    0x00, 0x00, 0x00, 0xE0, 0x00, 0x00, 0x01, 0xC0, 0x00, 0x00, 0x03, 0x80, 0x00, 0x00, 0x00, 0xF8,
    0x00, 0x00, 0x03, 0xFF, 0xC0, 0x00, 0x03, 0xFF, 0xFC, 0x00, 0x03, 0xFF, 0xFF, 0xC0, 0x01, 0xFF,
    0xFF, 0xF8, 0x00, 0xFF, 0xFF, 0xFF, 0x00, 0x3F, 0xFF, 0xFF, 0xE0, 0x1F, 0xFF, 0xFF, 0xF8, 0x07,
    0xFF, 0xFF, 0xFF, 0x03, 0xFF, 0xE3, 0xFF, 0xC0, 0xFF, 0xE0, 0x3F, 0xF0, 0x3F, 0xF8, 0x0F, 0xFC,
    0x0F, 0xFE, 0x03, 0xFF, 0x83, 0xFF, 0x00, 0x7F, 0xE0, 0xFF, 0xC0, 0x00, 0x00, 0x3F, 0xF0, 0x00,
    0x00, 0x0F, 0xFE, 0x00, 0x00, 0x03, 0xFF, 0x80, 0x00, 0x07, 0xFF, 0xFF, 0xC0, 0x01, 0xFF, 0xFF,
    0xF0, 0x00, 0x7F, 0xFF, 0xFC, 0x00, 0x1F, 0xFF, 0xFF, 0x00, 0x07, 0xFF, 0xFF, 0xC0, 0x01, 0xFF,
    0xFF, 0xF0, 0x00, 0x7F, 0xFF, 0xFC, 0x00, 0x03, 0xFF, 0x80, 0x00, 0x00, 0xFF, 0xE0, 0x00, 0x00,
    0x1F, 0xF8, 0x00, 0x00, 0x07, 0xFE, 0x00, 0x00, 0x01, 0xFF, 0x00, 0x00, 0x00, 0xFF, 0xC0, 0x1F,
    0xF8, 0x3F, 0xE0, 0x07, 0xFE, 0x7F, 0xFF, 0xFF, 0xFF, 0x9F, 0xFF, 0xFF, 0xFF, 0xE7, 0xFF, 0xFF,
    0xFF, 0xF9, 0xFF, 0xFF, 0xFF, 0xFC, 0x7F, 0xFF, 0xFF, 0xFF, 0x1F, 0xFF, 0xFF, 0xFF, 0x87, 0xFF,
    0xFF, 0xFF, 0xC1, 0xFF, 0xFF, 0xFF, 0xE0, 0x7F, 0xFF, 0xFF, 0xE0, 0x00, 0x00, 0x00, 0x00, 0x00,
    0x00, 0x40, 0x00, 0x00, 0x04, 0x07, 0x00, 0xFF, 0x80, 0x70, 0x7C, 0x3F, 0xFF, 0x87, 0xC7, 0xFF,
    0xFF, 0xFF, 0x7F, 0x3F, 0xFF, 0xFF, 0xFF, 0xFC, 0xFF, 0xFF, 0xFF, 0xFF, 0x83, 0xFF, 0xFB, 0xFF,
    0xF8, 0x0F, 0xFC, 0x01, 0xFF, 0x80, 0x7F, 0x80, 0x03, 0xFC, 0x03, 0xF8, 0x00, 0x0F, 0xE0, 0x3F,
    0x80, 0x00, 0x3F, 0x81, 0xF8, 0x00, 0x00, 0xFC, 0x0F, 0x80, 0x00, 0x03, 0xE0, 0xFC, 0x00, 0x00,
    0x1F, 0x87, 0xE0, 0x00, 0x00, 0xFC, 0x3E, 0x00, 0x00, 0x03, 0xE1, 0xF0, 0x00, 0x00, 0x1F, 0x0F,
    0x80, 0x00, 0x00, 0xF8, 0x7C, 0x00, 0x00, 0x07, 0xC3, 0xE0, 0x00, 0x00, 0x3E, 0x1F, 0x80, 0x00,
    0x01, 0xF0, 0xFC, 0x00, 0x00, 0x1F, 0x87, 0xE0, 0x00, 0x00, 0xFC, 0x1F, 0x80, 0x00, 0x0F, 0xC0,
    0xFC, 0x00, 0x00, 0x7E, 0x03, 0xF0, 0x00, 0x07, 0xE0, 0x1F, 0xC0, 0x00, 0x7F, 0x00, 0xFF, 0x80,
    0x0F, 0xF8, 0x0F, 0xFF, 0x01, 0xFF, 0xE0, 0xFF, 0xFF, 0xFF, 0xFF, 0x8F, 0xFF, 0xFF, 0xFF, 0xFE,
    0x3F, 0x7F, 0xFF, 0xF7, 0xF9, 0xF1, 0xFF, 0xFF, 0x1F, 0x07, 0x01, 0xFF, 0xC0, 0x70, 0x10, 0x00,
    0x40, 0x01, 0x00, 0x00, 0x00, 0x00, 0x00, 0xFF, 0xF0, 0x0F, 0xFE, 0x7F, 0xF0, 0x0F, 0xFE, 0x3F,
    0xF0, 0x1F, 0xFC, 0x3F, 0xF8, 0x1F, 0xFC, 0x3F, 0xF8, 0x1F, 0xF8, 0x1F, 0xF8, 0x3F, 0xF8, 0x1F,
    0xFC, 0x3F, 0xF0, 0x0F, 0xFC, 0x3F, 0xF0, 0x0F, 0xFC, 0x7F, 0xF0, 0x07, 0xFE, 0x7F, 0xE0, 0x07,
    0xFE, 0x7F, 0xE0, 0x07, 0xFF, 0xFF, 0xC0, 0x03, 0xFF, 0xFF, 0xC0, 0x03, 0xFF, 0xFF, 0x80, 0x01,
    0xFF, 0xFF, 0x80, 0x01, 0xFF, 0xFF, 0x00, 0x00, 0xFF, 0xFF, 0x00, 0x00, 0xFF, 0xFF, 0x00, 0x00,
    0xFF, 0xFE, 0x00, 0x3F, 0xFF, 0xFF, 0xF0, 0x3F, 0xFF, 0xFF, 0xF0, 0x3F, 0xFF, 0xFF, 0xF0, 0x3F,
    0xFF, 0xFF, 0xF0, 0x3F, 0xFF, 0xFF, 0xF0, 0x3F, 0xFF, 0xFF, 0xF0, 0x00, 0x3F, 0xF8, 0x00, 0x00,
    0x3F, 0xF8, 0x00, 0x3F, 0xFF, 0xFF, 0xF0, 0x3F, 0xFF, 0xFF, 0xF0, 0x3F, 0xFF, 0xFF, 0xF0, 0x3F,
    0xFF, 0xFF, 0xF0, 0x3F, 0xFF, 0xFF, 0xF0, 0x00, 0x3F, 0xF8, 0x00, 0x00, 0x3F, 0xF8, 0x00, 0x00,
    0x3F, 0xF8, 0x00, 0x00, 0x3F, 0xF8, 0x00, 0x00, 0x3F, 0xF8, 0x00, 0x00, 0x3F, 0xF8, 0x00, 0x00,
    0x3F, 0xF8, 0x00, 0x00, 0x3F, 0xF8, 0x00, 0x00, 0x0F, 0xF9, 0xFF, 0x3F, 0xE7, 0xFC, 0xFF, 0x9F,
    0xF3, 0xFE, 0x7F, 0xCF, 0xF9, 0xFF, 0x3F, 0xE7, 0xFC, 0xFF, 0x9F, 0xF3, 0xFE, 0x7F, 0xCF, 0xF9,
    0xFF, 0x3F, 0xE0, 0x00, 0x00, 0x00, 0x00, 0x00, 0x00, 0x00, 0x00, 0x00, 0x00, 0x00, 0x00, 0x00,
    0x1F, 0xF3, 0xFE, 0x7F, 0xCF, 0xF9, 0xFF, 0x3F, 0xE7, 0xFC, 0xFF, 0x9F, 0xF3, 0xFE, 0x7F, 0xCF,
    0xF9, 0xFF, 0x3F, 0xE7, 0xFC, 0xFF, 0x9F, 0xF3, 0xFE, 0x7F, 0xC0, 0x00, 0x1F, 0x00, 0x00, 0x1F,
    0xFF, 0x00, 0x07, 0xFF, 0xFC, 0x00, 0xFF, 0xFF, 0xE0, 0x1F, 0xFF, 0xFF, 0x01, 0xFF, 0xFF, 0xF8,
    0x3F, 0xFF, 0xFF, 0x83, 0xFF, 0xFF, 0xF8, 0x7F, 0xFF, 0xFF, 0xC7, 0xFE, 0x0F, 0xFC, 0x7F, 0xE0,
    0x7F, 0xC7, 0xFE, 0x00, 0x00, 0x7F, 0xE0, 0x00, 0x07, 0xFF, 0x00, 0x00, 0x3F, 0xFC, 0x00, 0x03,
    0xFF, 0xFE, 0x00, 0x1F, 0xFF, 0xFC, 0x01, 0xFF, 0xFF, 0xF8, 0x0F, 0xFF, 0xFF, 0xC0, 0x3F, 0xFF,
    0xFE, 0x1F, 0xFF, 0xFF, 0xE3, 0xFD, 0xFF, 0xFE, 0x7F, 0x81, 0xFF, 0xF7, 0xF0, 0x03, 0xFF, 0xFF,
    0x00, 0x1F, 0xFF, 0xF8, 0x00, 0xFF, 0xFF, 0xC0, 0x0F, 0xEF, 0xFF, 0x81, 0xFC, 0x7F, 0xFF, 0xFF,
    0xC7, 0xFF, 0xFF, 0xF0, 0x3F, 0xFF, 0xFE, 0x01, 0xFF, 0xFF, 0xF0, 0x0F, 0xFF, 0xFF, 0x80, 0x1F,
    0xFF, 0xFC, 0x00, 0x1F, 0xFF, 0xC0, 0x00, 0x1F, 0xFC, 0x00, 0x00, 0xFF, 0xE0, 0x00, 0x07, 0xFE,
    0x7F, 0xC0, 0x7F, 0xE7, 0xFE, 0x07, 0xFE, 0x7F, 0xF9, 0xFF, 0xE3, 0xFF, 0xFF, 0xFC, 0x3F, 0xFF,
    0xFF, 0xC1, 0xFF, 0xFF, 0xF8, 0x1F, 0xFF, 0xFF, 0x80, 0xFF, 0xFF, 0xF0, 0x07, 0xFF, 0xFE, 0x00,
    0x1F, 0xFF, 0x80, 0x00, 0x3F, 0xE0, 0x00, 0x00, 0x00, 0x00, 0x00, 0x00, 0x00, 0x0F, 0x00, 0xF8,
    0x3F, 0xC1, 0xFC, 0x7F, 0xE3, 0xFE, 0x7F, 0xE7, 0xFE, 0x7F, 0xE7, 0xFF, 0x7F, 0xE7, 0xFF, 0x7F,
    0xE7, 0xFE, 0x7F, 0xC3, 0xFE, 0x3F, 0xC1, 0xFC, 0x0F, 0x00, 0xF8, 0x00, 0x00, 0x1E, 0x00, 0x00,
    0x00, 0x00, 0xFF, 0xFC, 0x00, 0x00, 0x00, 0xFF, 0xFF, 0xC0, 0x00, 0x00, 0xFF, 0xFF, 0xFC, 0x00,
    0x00, 0xFF, 0xFF, 0xFF, 0x80, 0x00, 0x7F, 0xFF, 0xFF, 0xF0, 0x00, 0x3F, 0xFF, 0xFF, 0xFE, 0x00,
    0x1F, 0xFF, 0xFF, 0xFF, 0xC0, 0x0F, 0xFF, 0xC0, 0xFF, 0xF8, 0x03, 0xFF, 0x80, 0x07, 0xFF, 0x01,
    0xFF, 0x81, 0xC0, 0xFF, 0xE0, 0x7F, 0xC3, 0xFF, 0x1F, 0xF8, 0x3F, 0xE1, 0xFF, 0xE3, 0xFF, 0x0F,
    0xF1, 0xFF, 0xFC, 0x7F, 0xC7, 0xFC, 0x7F, 0xFF, 0x8F, 0xF1, 0xFE, 0x3F, 0xFF, 0xF3, 0xFE, 0x7F,
    0x9F, 0xFF, 0xFC, 0x7F, 0xBF, 0xC7, 0xF0, 0x7F, 0x9F, 0xEF, 0xF1, 0xF8, 0x0F, 0xE7, 0xFB, 0xFC,
    0xFE, 0x00, 0x00, 0xFE, 0xFF, 0x3F, 0x80, 0x00, 0x3F, 0xBF, 0xCF, 0xE0, 0x00, 0x0F, 0xEF, 0xF3,
    0xF8, 0x00, 0x03, 0xFB, 0xFC, 0x7E, 0x03, 0xF9, 0xFE, 0xFF, 0x1F, 0xC1, 0xFE, 0x7F, 0x9F, 0xE7,
    0xFF, 0xFF, 0x1F, 0xE7, 0xF8, 0xFF, 0xFF, 0xCF, 0xF9, 0xFF, 0x1F, 0xFF, 0xE3, 0xFC, 0x3F, 0xC7,
    0xFF, 0xF1, 0xFF, 0x0F, 0xF8, 0x7F, 0xF8, 0xFF, 0xC1, 0xFF, 0x0F, 0xFC, 0x7F, 0xE0, 0x7F, 0xE0,
    0x30, 0x3F, 0xF8, 0x0F, 0xFE, 0x00, 0x3F, 0xFC, 0x03, 0xFF, 0xF0, 0x3F, 0xFE, 0x00, 0x7F, 0xFF,
    0xFF, 0xFF, 0x00, 0x0F, 0xFF, 0xFF, 0xFF, 0x80, 0x01, 0xFF, 0xFF, 0xFF, 0xC0, 0x00, 0x3F, 0xFF,
    0xFF, 0xE0, 0x00, 0x03, 0xFF, 0xFF, 0xF0, 0x00, 0x00, 0x3F, 0xFF, 0xF0, 0x00, 0x00, 0x03, 0xFF,
    0xE0, 0x00, 0x00, 0x00, 0x07, 0x80, 0x00, 0x00, 0x00, 0x3C, 0x00, 0x07, 0xFF, 0x80, 0x3F, 0xFF,
    0xC0, 0xFF, 0xFF, 0xC3, 0xFF, 0xFF, 0xC7, 0xFF, 0xFF, 0x9F, 0xF0, 0xFF, 0x3F, 0xC1, 0xFE, 0x00,
    0x03, 0xFE, 0x00, 0x0F, 0xFC, 0x0F, 0xFF, 0xF8, 0xFF, 0xFF, 0xF3, 0xFF, 0xFF, 0xEF, 0xFF, 0xFF,
    0xDF, 0xF0, 0x7F, 0xFF, 0x80, 0xFF, 0xFF, 0x03, 0xFF, 0xFE, 0x07, 0xFF, 0xFE, 0x3F, 0xFF, 0xFF,
    0xFF, 0xF7, 0xFF, 0xDF, 0xE7, 0xFF, 0xBF, 0xC7, 0xFE, 0x7F, 0x83, 0xF0, 0x00, 0x00, 0x1F, 0xFC,
    0x7F, 0xF0, 0x01, 0xFF, 0xC7, 0xFF, 0x00, 0x1F, 0xFC, 0x7F, 0xF0, 0x01, 0xFF, 0xE7, 0xFF, 0x80,
    0x1F, 0xFE, 0x7F, 0xF8, 0x01, 0xFF, 0xE7, 0xFF, 0x80, 0x1F, 0xFE, 0x7F, 0xF8, 0x00, 0xFF, 0xE3,
    0xFF, 0x80, 0x0F, 0xFF, 0x3F, 0xFC, 0x00, 0xFF, 0xF3, 0xFF, 0xC0, 0x0F, 0xFF, 0x3F, 0xFC, 0x00,
    0xFF, 0xF3, 0xFF, 0xC0, 0x07, 0xFF, 0x9F, 0xFE, 0x00, 0x1F, 0xFE, 0x7F, 0xF8, 0x00, 0x7F, 0xF1,
    0xFF, 0xC0, 0x01, 0xFF, 0xC7, 0xFF, 0x00, 0x0F, 0xFF, 0x3F, 0xFC, 0x00, 0x3F, 0xFC, 0xFF, 0xF0,
    0x00, 0xFF, 0xF3, 0xFF, 0xC0, 0x03, 0xFF, 0xCF, 0xFF, 0x00, 0x0F, 0xFE, 0x3F, 0xF8, 0x00, 0x3F,
    0xF8, 0xFF, 0xE0, 0x01, 0xFF, 0xE7, 0xFF, 0x80, 0x07, 0xFF, 0x9F, 0xFE, 0x00, 0x00, 0x00, 0x00,
    0x00, 0x7F, 0xFF, 0xFF, 0xCF, 0xFF, 0xFF, 0xF9, 0xFF, 0xFF, 0xFF, 0x3F, 0xFF, 0xFF, 0xE7, 0xFF,
    0xFF, 0xFC, 0xFF, 0xFF, 0xFF, 0x9F, 0xFF, 0xFF, 0xF3, 0xFF, 0xFF, 0xFE, 0x00, 0x00, 0x3F, 0xC0,
    0x00, 0x07, 0xF8, 0x00, 0x00, 0xFF, 0x00, 0x00, 0x1F, 0xE0, 0x00, 0x03, 0xFC, 0x00, 0x00, 0x7F,
    0x80, 0x00, 0x03, 0x80, 0x00, 0x01, 0xFF, 0xF0, 0x00, 0x1F, 0xFF, 0xF0, 0x00, 0xFF, 0xFF, 0xF0,
    0x0F, 0xFF, 0xFF, 0xE0, 0x7F, 0xFF, 0xFF, 0xC1, 0xFF, 0xFF, 0xFF, 0x8F, 0xFF, 0xFF, 0xFE, 0x3F,
    0xFF, 0xFF, 0xFD, 0xFF, 0xE0, 0xFF, 0xF7, 0xFF, 0x01, 0xFF, 0xDF, 0xF8, 0x07, 0xFF, 0x7F, 0xE0,
    0x0F, 0xFC, 0x00, 0x00, 0x7F, 0xF0, 0x00, 0x01, 0xFF, 0xC0, 0x00, 0x0F, 0xFE, 0x00, 0x00, 0x7F,
    0xF8, 0x00, 0x03, 0xFF, 0xC0, 0x00, 0x3F, 0xFF, 0x00, 0x01, 0xFF, 0xF8, 0x00, 0x0F, 0xFF, 0x80,
    0x00, 0x7F, 0xFC, 0x00, 0x01, 0xFF, 0xC0, 0x00, 0x0F, 0xFE, 0x00, 0x00, 0x3F, 0xF0, 0x00, 0x00,
    0xFF, 0xC0, 0x00, 0x03, 0xFE, 0x00, 0x00, 0x0F, 0xF8, 0x00, 0x00, 0x00, 0x00, 0x00, 0x00, 0x00,
    0x00, 0x00, 0x00, 0x20, 0x00, 0x00, 0x07, 0xF0, 0x00, 0x00, 0x3F, 0xE0, 0x00, 0x00, 0xFF, 0xC0,
    0x00, 0x07, 0xFF, 0x00, 0x00, 0x1F, 0xFC, 0x00, 0x00, 0x7F, 0xF0, 0x00, 0x01, 0xFF, 0xC0, 0x00,
    0x03, 0xFF, 0x00, 0x00, 0x0F, 0xF8, 0x00, 0x00, 0x1F, 0xC0, 0x00, 0x00, 0x08, 0x00, 0x00, 0x00,
    0x01, 0x80, 0x00, 0x00, 0x3F, 0xF8, 0x00, 0x00, 0xFF, 0xFE, 0x00, 0x01, 0xFF, 0xFF, 0x80, 0x07,
    0xFF, 0xFF, 0xC0, 0x0F, 0xF0, 0x0F, 0xE0, 0x1F, 0xC0, 0x03, 0xF0, 0x1F, 0x80, 0x01, 0xF8, 0x3F,
    0x00, 0x00, 0xF8, 0x3E, 0x3F, 0xF0, 0x7C, 0x7C, 0x3F, 0xF8, 0x3C, 0x7C, 0x3F, 0xFC, 0x3E, 0x78,
    0x3C, 0x7C, 0x3E, 0xF8, 0x3C, 0x3C, 0x1E, 0xF8, 0x3C, 0x3C, 0x1E, 0xF8, 0x3C, 0xFC, 0x1E, 0xF8,
    0x3F, 0xFC, 0x1E, 0xF8, 0x3F, 0xF8, 0x1E, 0xF8, 0x3F, 0xF8, 0x1E, 0x78, 0x3C, 0xF8, 0x1E, 0x78,
    0x3C, 0x78, 0x3E, 0x7C, 0x3C, 0x7C, 0x3C, 0x3E, 0x3C, 0x3C, 0x7C, 0x3E, 0x00, 0x02, 0xFC, 0x1F,
    0x00, 0x01, 0xF8, 0x1F, 0xC0, 0x03, 0xF0, 0x0F, 0xF0, 0x0F, 0xE0, 0x07, 0xFF, 0xFF, 0xC0, 0x03,
    0xFF, 0xFF, 0x80, 0x00, 0xFF, 0xFF, 0x00, 0x00, 0x3F, 0xFC, 0x00, 0x00, 0x07, 0xC0, 0x00, 0x00,
    0x00, 0x7F, 0xFF, 0xFF, 0xFF, 0xFF, 0xFF, 0xFF, 0xFF, 0xFF, 0xFF, 0xFF, 0xFF, 0xFE, 0x00, 0x00,
    0x00, 0x00, 0x00, 0x0F, 0xE0, 0x01, 0xFF, 0xC0, 0x1F, 0xFF, 0x01, 0xFF, 0xFC, 0x1F, 0xFF, 0xF1,
    0xFF, 0xFF, 0x8F, 0xFB, 0xFE, 0x7F, 0x07, 0xF7, 0xF0, 0x1F, 0xBF, 0x80, 0xFD, 0xFC, 0x07, 0xE7,
    0xF0, 0x7F, 0x3F, 0xC7, 0xF9, 0xFF, 0xFF, 0xC7, 0xFF, 0xFC, 0x3F, 0xFF, 0xE0, 0xFF, 0xFE, 0x03,
    0xFF, 0xE0, 0x07, 0xFC, 0x00, 0x0F, 0x80, 0x00, 0x00, 0x3F, 0xE0, 0x00, 0x00, 0xFF, 0x80, 0x00,
    0x03, 0xFE, 0x00, 0x00, 0x0F, 0xF8, 0x00, 0x00, 0x3F, 0xE0, 0x00, 0x00, 0xFF, 0x80, 0x0F, 0xFF,
    0xFF, 0xFF, 0xBF, 0xFF, 0xFF, 0xFE, 0xFF, 0xFF, 0xFF, 0xFB, 0xFF, 0xFF, 0xFF, 0xEF, 0xFF, 0xFF,
    0xFF, 0xBF, 0xFF, 0xFF, 0xFE, 0xFF, 0xFF, 0xFF, 0xFB, 0xFF, 0xFF, 0xFF, 0xE0, 0x03, 0xFE, 0x00,
    0x00, 0x0F, 0xF8, 0x00, 0x00, 0x3F, 0xE0, 0x00, 0x00, 0xFF, 0x80, 0x00, 0x03, 0xFE, 0x00, 0x00,
    0x0F, 0xF8, 0x00, 0x00, 0x00, 0x00, 0x00, 0x00, 0x00, 0x00, 0x00, 0x00, 0x00, 0x00, 0x3F, 0xFF,
    0xFF, 0xFE, 0xFF, 0xFF, 0xFF, 0xFB, 0xFF, 0xFF, 0xFF, 0xEF, 0xFF, 0xFF, 0xFF, 0xBF, 0xFF, 0xFF,
    0xFE, 0xFF, 0xFF, 0xFF, 0xFB, 0xFF, 0xFF, 0xFF, 0xEF, 0xFF, 0xFF, 0xFF, 0x80, 0x00, 0x00, 0x00,
    0x1F, 0xF0, 0x03, 0xFF, 0xE0, 0x3F, 0xFF, 0x83, 0xFF, 0xFE, 0x1F, 0xFF, 0xF9, 0xFF, 0xFF, 0xCF,
    0xE0, 0xFE, 0x7F, 0x07, 0xF3, 0xF8, 0x3F, 0x80, 0x03, 0xFC, 0x00, 0x3F, 0xC0, 0x03, 0xFE, 0x00,
    0x7F, 0xE0, 0x07, 0xFE, 0x00, 0xFF, 0xC0, 0x0F, 0xFC, 0x00, 0xFF, 0x80, 0x1F, 0xFF, 0xFC, 0xFF,
    0xFF, 0xE7, 0xFF, 0xFF, 0x3F, 0xFF, 0xF9, 0xFF, 0xFF, 0xCF, 0xFF, 0xFE, 0x00, 0x00, 0x00, 0x07,
    0xF8, 0x00, 0x7F, 0xF8, 0x07, 0xFF, 0xF8, 0x3F, 0xFF, 0xF0, 0xFF, 0xFF, 0xC7, 0xFC, 0xFF, 0x1F,
    0xC1, 0xFC, 0x00, 0x03, 0xF0, 0x00, 0x1F, 0xC0, 0x0F, 0xFE, 0x00, 0x3F, 0xF0, 0x00, 0xFF, 0xC0,
    0x03, 0xFF, 0x80, 0x0F, 0xFF, 0x00, 0x01, 0xFE, 0x7F, 0x03, 0xF9, 0xFC, 0x0F, 0xE7, 0xFC, 0xFF,
    0x8F, 0xFF, 0xFE, 0x3F, 0xFF, 0xF0, 0x7F, 0xFF, 0x80, 0xFF, 0xFC, 0x00, 0xFF, 0xC0, 0x00, 0x00,
    0x00, 0x07, 0xFE, 0x07, 0xFC, 0x0F, 0xF8, 0x1F, 0xF0, 0x1F, 0xE0, 0x3F, 0xC0, 0x3F, 0x80, 0x7F,
    0x80, 0xFF, 0x00, 0xFF, 0xE0, 0x1F, 0xFC, 0x3F, 0xF8, 0x07, 0xFF, 0x0F, 0xFE, 0x01, 0xFF, 0xC3,
    0xFF, 0x80, 0x7F, 0xF0, 0xFF, 0xE0, 0x1F, 0xFC, 0x3F, 0xF8, 0x07, 0xFF, 0x0F, 0xFE, 0x01, 0xFF,
    0xC3, 0xFF, 0x80, 0x7F, 0xF0, 0xFF, 0xE0, 0x1F, 0xFC, 0x3F, 0xF8, 0x07, 0xFF, 0x0F, 0xFE, 0x01,
    0xFF, 0xC3, 0xFF, 0x80, 0x7F, 0xF0, 0xFF, 0xE0, 0x1F, 0xFC, 0x3F, 0xF8, 0x07, 0xFF, 0x0F, 0xFE,
    0x01, 0xFF, 0xC3, 0xFF, 0x80, 0x7F, 0xF0, 0xFF, 0xE0, 0x1F, 0xFC, 0x3F, 0xF8, 0x07, 0xFF, 0x0F,
    0xFF, 0x01, 0xFF, 0xC3, 0xFF, 0xC0, 0xFF, 0xF0, 0xFF, 0xF8, 0x7F, 0xFE, 0x3F, 0xFF, 0xFF, 0xFF,
    0xEF, 0xFF, 0xFF, 0xFF, 0xFB, 0xFF, 0xFF, 0xFF, 0xFE, 0xFF, 0xFF, 0xFF, 0xFF, 0xBF, 0xFF, 0xFD,
    0xFF, 0xEF, 0xFE, 0xFE, 0x3F, 0xFB, 0xFF, 0x9F, 0x07, 0xFE, 0xFF, 0xE0, 0x00, 0xFF, 0xBF, 0xF8,
    0x00, 0x00, 0x0F, 0xFE, 0x00, 0x00, 0x03, 0xFF, 0x80, 0x00, 0x00, 0xFF, 0xE0, 0x00, 0x00, 0x3F,
    0xF8, 0x00, 0x00, 0x0F, 0xFE, 0x00, 0x00, 0x03, 0xFF, 0x80, 0x00, 0x00, 0xFF, 0xE0, 0x00, 0x00,
    0x3F, 0xF8, 0x00, 0x00, 0x0F, 0xFE, 0x00, 0x00, 0x03, 0xFF, 0x80, 0x00, 0x00, 0x00, 0x00, 0x00,
    0x00, 0x00, 0x00, 0x00, 0x00, 0x00, 0x03, 0xFF, 0xFF, 0xC0, 0x7F, 0xFF, 0xFE, 0x0F, 0xFF, 0xFF,
    0xF0, 0xFF, 0xFF, 0xFF, 0x8F, 0xFF, 0xFF, 0xFC, 0xFF, 0xFF, 0xFF, 0xEF, 0xFF, 0xFF, 0xFF, 0x7F,
    0xFF, 0xFF, 0xFB, 0xFF, 0xF8, 0x3F, 0xFF, 0xFF, 0xC1, 0xFF, 0xFF, 0xFE, 0x0F, 0xFF, 0xFF, 0xF0,
    0x7F, 0xFF, 0xFF, 0x83, 0xFF, 0xFF, 0xFC, 0x1F, 0xFF, 0xFF, 0xE0, 0xFF, 0xFF, 0xFF, 0x07, 0xFB,
    0xFF, 0xF8, 0x3F, 0xDF, 0xFF, 0xC1, 0xFE, 0xFF, 0xFE, 0x0F, 0xF3, 0xFF, 0xF0, 0x7F, 0x8F, 0xFF,
    0x83, 0xFC, 0x7F, 0xFC, 0x1F, 0xE0, 0xFF, 0xE0, 0xFF, 0x03, 0xFF, 0x07, 0xF8, 0x03, 0xF8, 0x3F,
    0xC0, 0x00, 0x01, 0xFE, 0x00, 0x00, 0x0F, 0xF0, 0x00, 0x00, 0x7F, 0x80, 0x00, 0x03, 0xFC, 0x00,
    0x00, 0x1F, 0xE0, 0x00, 0x00, 0xFF, 0x00, 0x00, 0x07, 0xF8, 0x00, 0x00, 0x3F, 0xC0, 0x00, 0x01,
    0xFE, 0x00, 0x00, 0x0F, 0xF0, 0x00, 0x00, 0x7F, 0x80, 0x00, 0x03, 0xFC, 0x00, 0x00, 0x1F, 0xE0,
    0x00, 0x00, 0xFF, 0x00, 0x00, 0x07, 0xF8, 0x06, 0x01, 0xF8, 0x3F, 0xC7, 0xFE, 0x7F, 0xEF, 0xFE,
    0xFF, 0xF7, 0xFE, 0x7F, 0xE3, 0xFC, 0x1F, 0x80, 0x40, 0x00, 0x07, 0x80, 0xF0, 0x1E, 0x07, 0xF0,
    0xFF, 0x9F, 0xF0, 0x3F, 0x07, 0xE1, 0xFF, 0xFF, 0x7F, 0xEF, 0xF0, 0x00, 0x00, 0x03, 0xF8, 0x3F,
    0xE3, 0xFF, 0x9F, 0xFE, 0xFF, 0xFB, 0xFF, 0xEF, 0xFF, 0xBC, 0xFE, 0xE3, 0xFA, 0x0F, 0xE0, 0x3F,
    0x80, 0xFE, 0x03, 0xF8, 0x0F, 0xE0, 0x3F, 0x80, 0xFE, 0x03, 0xF8, 0x0F, 0xE0, 0x3F, 0x80, 0xFE,
    0x03, 0xF8, 0x0F, 0xE0, 0x3F, 0x80, 0x00, 0x3C, 0x00, 0x00, 0xFF, 0xE0, 0x01, 0xFF, 0xFC, 0x01,
    0xFF, 0xFF, 0x01, 0xFF, 0xFF, 0xC1, 0xFF, 0xFF, 0xF1, 0xFF, 0xFF, 0xF8, 0xFF, 0x83, 0xFE, 0x7F,
    0x81, 0xFF, 0x7F, 0xC0, 0x7F, 0xBF, 0xC0, 0x3F, 0xDF, 0xE0, 0x1F, 0xFF, 0xF0, 0x0F, 0xFF, 0xF8,
    0x07, 0xFB, 0xFE, 0x03, 0xFD, 0xFF, 0x01, 0xFE, 0x7F, 0xC1, 0xFF, 0x3F, 0xF3, 0xFF, 0x0F, 0xFF,
    0xFF, 0x87, 0xFF, 0xFF, 0x81, 0xFF, 0xFF, 0x80, 0x7F, 0xFF, 0x80, 0x0F, 0xFF, 0x80, 0x00, 0xFE,
    0x00, 0xFF, 0xF3, 0xFF, 0xC0, 0x07, 0xFF, 0x9F, 0xFE, 0x00, 0x3F, 0xFC, 0xFF, 0xF0, 0x01, 0xFF,
    0xE7, 0xFF, 0x80, 0x0F, 0xFF, 0x3F, 0xFC, 0x00, 0x7F, 0xF1, 0xFF, 0xC0, 0x03, 0xFF, 0x8F, 0xFE,
    0x00, 0x3F, 0xFC, 0xFF, 0xF0, 0x01, 0xFF, 0xE7, 0xFF, 0x80, 0x0F, 0xFF, 0x3F, 0xFC, 0x00, 0x7F,
    0xF9, 0xFF, 0xE0, 0x03, 0xFF, 0x8F, 0xFE, 0x00, 0x3F, 0xFC, 0xFF, 0xF0, 0x07, 0xFF, 0x9F, 0xFE,
    0x00, 0xFF, 0xF3, 0xFF, 0xC0, 0x1F, 0xFE, 0x7F, 0xF8, 0x01, 0xFF, 0xC7, 0xFF, 0x00, 0x3F, 0xF8,
    0xFF, 0xE0, 0x07, 0xFF, 0x9F, 0xFE, 0x00, 0xFF, 0xF3, 0xFF, 0xC0, 0x1F, 0xFE, 0x7F, 0xF8, 0x03,
    0xFF, 0xCF, 0xFF, 0x00, 0x3F, 0xF8, 0xFF, 0xE0, 0x0F, 0xFF, 0x3F, 0xFC, 0x00, 0x00, 0x00, 0x00,
    0x00, 0x00, 0x00, 0x00, 0x00, 0x00, 0x00, 0x00, 0x3F, 0x80, 0x00, 0x1F, 0xE0, 0x03, 0xFC, 0x00,
    0x00, 0xFC, 0x00, 0x7F, 0xE0, 0x00, 0x0F, 0xE0, 0x07, 0xFF, 0x00, 0x00, 0xFE, 0x00, 0x7F, 0xF8,
    0x00, 0x07, 0xE0, 0x03, 0xFF, 0xC0, 0x00, 0x7F, 0x00, 0x1E, 0xFE, 0x00, 0x07, 0xF0, 0x00, 0xE7,
    0xF0, 0x00, 0x3F, 0x00, 0x04, 0x3F, 0x80, 0x03, 0xF8, 0x00, 0x01, 0xFC, 0x00, 0x3F, 0x80, 0x00,
    0x0F, 0xE0, 0x01, 0xF8, 0x00, 0x00, 0x7F, 0x00, 0x1F, 0xC0, 0x00, 0x03, 0xF8, 0x01, 0xFC, 0x00,
    0x00, 0x1F, 0xC0, 0x1F, 0xC0, 0x00, 0x00, 0xFE, 0x00, 0xFE, 0x00, 0x00, 0x07, 0xF0, 0x0F, 0xE0,
    0x00, 0x00, 0x3F, 0x80, 0xFE, 0x00, 0x00, 0x01, 0xFC, 0x07, 0xE0, 0x0F, 0xF0, 0x0F, 0xE0, 0x7F,
    0x00, 0x7F, 0x80, 0x7F, 0x07, 0xF0, 0x07, 0xFC, 0x03, 0xF8, 0x3F, 0x00, 0x7F, 0xE0, 0x1F, 0xC3,
    0xF8, 0x03, 0xFF, 0x00, 0xFE, 0x3F, 0x80, 0x3F, 0xF8, 0x00, 0x01, 0xF8, 0x03, 0xFF, 0xC0, 0x00,
    0x1F, 0xC0, 0x1F, 0xFE, 0x00, 0x01, 0xFC, 0x01, 0xFB, 0xF0, 0x00, 0x0F, 0xC0, 0x0F, 0x9F, 0x80,
    0x00, 0xFE, 0x00, 0xFC, 0xFC, 0x00, 0x0F, 0xE0, 0x0F, 0xC7, 0xE0, 0x00, 0xFE, 0x00, 0x7E, 0x3F,
    0x00, 0x07, 0xF0, 0x07, 0xE1, 0xF8, 0x00, 0x7F, 0x00, 0x3F, 0xFF, 0xF8, 0x07, 0xF0, 0x01, 0xFF,
    0xFF, 0xC0, 0x3F, 0x00, 0x0F, 0xFF, 0xFE, 0x03, 0xF8, 0x00, 0x7F, 0xFF, 0xF0, 0x3F, 0x80, 0x03,
    0xFF, 0xFF, 0x81, 0xF8, 0x00, 0x00, 0x07, 0xE0, 0x1F, 0xC0, 0x00, 0x00, 0x3F, 0x01, 0xFC, 0x00,
    0x00, 0x01, 0xF8, 0x1F, 0xC0, 0x00, 0x00, 0x0F, 0xC0, 0x00, 0x00, 0x00, 0x00, 0x00, 0x00, 0x0F,
    0xE0, 0x00, 0x07, 0xF8, 0x00, 0x3F, 0xC0, 0x00, 0x0F, 0xC0, 0x01, 0xFF, 0x80, 0x00, 0x3F, 0x80,
    0x07, 0xFF, 0x00, 0x00, 0xFE, 0x00, 0x1F, 0xFE, 0x00, 0x01, 0xF8, 0x00, 0x3F, 0xFC, 0x00, 0x07,
    0xF0, 0x00, 0x7B, 0xF8, 0x00, 0x1F, 0xC0, 0x00, 0xE7, 0xF0, 0x00, 0x3F, 0x00, 0x01, 0x0F, 0xE0,
    0x00, 0xFE, 0x00, 0x00, 0x1F, 0xC0, 0x03, 0xF8, 0x00, 0x00, 0x3F, 0x80, 0x07, 0xE0, 0x00, 0x00,
    0x7F, 0x00, 0x1F, 0xC0, 0x00, 0x00, 0xFE, 0x00, 0x7F, 0x00, 0x00, 0x01, 0xFC, 0x01, 0xFC, 0x00,
    0x00, 0x03, 0xF8, 0x03, 0xF8, 0x00, 0x00, 0x07, 0xF0, 0x0F, 0xE0, 0x00, 0x00, 0x0F, 0xE0, 0x3F,
    0x80, 0x00, 0x00, 0x1F, 0xC0, 0x7E, 0x00, 0xFC, 0x00, 0x3F, 0x81, 0xFC, 0x07, 0xFF, 0x00, 0x7F,
    0x07, 0xF0, 0x1F, 0xFF, 0x00, 0xFE, 0x0F, 0xC0, 0x7F, 0xFF, 0x01, 0xFC, 0x3F, 0x81, 0xFF, 0xFE,
    0x03, 0xF8, 0xFE, 0x03, 0xF8, 0xFE, 0x00, 0x01, 0xF8, 0x0F, 0xE1, 0xFC, 0x00, 0x07, 0xF0, 0x1F,
    0x81, 0xF8, 0x00, 0x1F, 0xC0, 0x00, 0x07, 0xF0, 0x00, 0x3F, 0x00, 0x00, 0x0F, 0xC0, 0x00, 0xFE,
    0x00, 0x00, 0x3F, 0x80, 0x03, 0xF8, 0x00, 0x00, 0xFE, 0x00, 0x0F, 0xE0, 0x00, 0x03, 0xFC, 0x00,
    0x1F, 0xC0, 0x00, 0x0F, 0xF0, 0x00, 0x7F, 0x00, 0x00, 0x7F, 0x80, 0x01, 0xFC, 0x00, 0x01, 0xFE,
    0x00, 0x03, 0xF0, 0x00, 0x07, 0xF8, 0x00, 0x0F, 0xE0, 0x00, 0x1F, 0xE0, 0x00, 0x3F, 0x80, 0x00,
    0x7F, 0xFF, 0xC0, 0x7E, 0x00, 0x00, 0xFF, 0xFF, 0x81, 0xFC, 0x00, 0x01, 0xFF, 0xFF, 0x07, 0xF0,
    0x00, 0x03, 0xFF, 0xFE, 0x1F, 0xC0, 0x00, 0x07, 0xFF, 0xFC, 0x00, 0x00, 0x00, 0x00, 0x00, 0x00,
    0x00, 0xFE, 0x00, 0x00, 0x07, 0xF8, 0x00, 0xFF, 0xE0, 0x00, 0x01, 0xF8, 0x00, 0x7F, 0xFC, 0x00,
    0x00, 0xFE, 0x00, 0x3F, 0xFF, 0x80, 0x00, 0x7F, 0x00, 0x1F, 0xFF, 0xF0, 0x00, 0x1F, 0x80, 0x07,
    0xF1, 0xFC, 0x00, 0x0F, 0xE0, 0x01, 0xF8, 0x3F, 0x00, 0x07, 0xF0, 0x00, 0x00, 0x0F, 0xC0, 0x01,
    0xF8, 0x00, 0x00, 0x07, 0xF0, 0x00, 0xFE, 0x00, 0x00, 0x1F, 0xF8, 0x00, 0x7F, 0x00, 0x00, 0x07,
    0xFC, 0x00, 0x1F, 0x80, 0x00, 0x01, 0xFE, 0x00, 0x0F, 0xE0, 0x00, 0x00, 0x7F, 0xE0, 0x07, 0xF0,
    0x00, 0x00, 0x1F, 0xFC, 0x03, 0xF8, 0x00, 0x00, 0x00, 0x7F, 0x00, 0xFE, 0x00, 0x00, 0x00, 0x0F,
    0xE0, 0x7F, 0x00, 0x00, 0x3F, 0x83, 0xF8, 0x3F, 0x80, 0x00, 0x07, 0xE0, 0xFE, 0x0F, 0xC0, 0x1F,
    0xE1, 0xFF, 0xFF, 0x07, 0xF0, 0x07, 0xF8, 0x3F, 0xFF, 0xC3, 0xF8, 0x03, 0xFE, 0x0F, 0xFF, 0xE0,
    0xFC, 0x01, 0xFF, 0x81, 0xFF, 0xF0, 0x7F, 0x00, 0x7F, 0xE0, 0x1F, 0xF0, 0x3F, 0x80, 0x3F, 0xF8,
    0x00, 0x00, 0x0F, 0xC0, 0x1F, 0xFE, 0x00, 0x00, 0x07, 0xF0, 0x07, 0xFF, 0x80, 0x00, 0x03, 0xF8,
    0x03, 0xF7, 0xE0, 0x00, 0x00, 0xFC, 0x00, 0xF9, 0xF8, 0x00, 0x00, 0x7F, 0x00, 0x7E, 0x7E, 0x00,
    0x00, 0x3F, 0x80, 0x3F, 0x1F, 0x80, 0x00, 0x1F, 0xC0, 0x0F, 0xC7, 0xE0, 0x00, 0x07, 0xF0, 0x07,
    0xE1, 0xF8, 0x00, 0x03, 0xF8, 0x01, 0xFF, 0xFF, 0xC0, 0x01, 0xFC, 0x00, 0x7F, 0xFF, 0xF0, 0x00,
    0x7E, 0x00, 0x1F, 0xFF, 0xFC, 0x00, 0x3F, 0x80, 0x07, 0xFF, 0xFF, 0x00, 0x1F, 0xC0, 0x01, 0xFF,
    0xFF, 0xC0, 0x07, 0xE0, 0x00, 0x00, 0x1F, 0x80, 0x03, 0xF8, 0x00, 0x00, 0x07, 0xE0, 0x01, 0xFC,
    0x00, 0x00, 0x01, 0xF8, 0x00, 0xFE, 0x00, 0x00, 0x00, 0x7E, 0x00, 0x00, 0x00, 0x00, 0x00, 0x00,
    0x1F, 0x00, 0x00, 0x01, 0xFF, 0x00, 0x00, 0x07, 0xFC, 0x00, 0x00, 0x3F, 0xF8, 0x00, 0x00, 0xFF,
    0xE0, 0x00, 0x03, 0xFF, 0x80, 0x00, 0x0F, 0xFE, 0x00, 0x00, 0x3F, 0xF8, 0x00, 0x00, 0x7F, 0xC0,
    0x00, 0x00, 0xFE, 0x00, 0x00, 0x00, 0xE0, 0x00, 0x00, 0x00, 0x00, 0x00, 0x00, 0x00, 0x00, 0x00,
    0x01, 0xFF, 0x00, 0x00, 0x07, 0xFC, 0x00, 0x00, 0x1F, 0xF0, 0x00, 0x00, 0xFF, 0xC0, 0x00, 0x07,
    0xFF, 0x00, 0x00, 0x3F, 0xFC, 0x00, 0x01, 0xFF, 0xE0, 0x00, 0x1F, 0xFF, 0x80, 0x00, 0xFF, 0xFC,
    0x00, 0x07, 0xFF, 0xE0, 0x00, 0x3F, 0xFE, 0x00, 0x01, 0xFF, 0xE0, 0x00, 0x07, 0xFF, 0x00, 0x00,
    0x1F, 0xF8, 0x00, 0x00, 0xFF, 0xE0, 0x00, 0x03, 0xFF, 0x80, 0x7F, 0xEF, 0xFE, 0x01, 0xFF, 0xBF,
    0xF8, 0x07, 0xFE, 0xFF, 0xF0, 0x3F, 0xF9, 0xFF, 0xFF, 0xFF, 0xE7, 0xFF, 0xFF, 0xFF, 0x1F, 0xFF,
    0xFF, 0xFC, 0x3F, 0xFF, 0xFF, 0xE0, 0x7F, 0xFF, 0xFF, 0x00, 0xFF, 0xFF, 0xF8, 0x01, 0xFF, 0xFF,
    0xC0, 0x01, 0xFF, 0xFC, 0x00, 0x00, 0x7F, 0x00, 0x00, 0x00, 0x00, 0x00, 0x00, 0x00, 0x00, 0x07,
    0xFE, 0x00, 0x00, 0x00, 0x00, 0x3F, 0xE0, 0x00, 0x00, 0x00, 0x07, 0xFC, 0x00, 0x00, 0x00, 0x00,
    0x7F, 0xC0, 0x00, 0x00, 0x00, 0x07, 0xFC, 0x00, 0x00, 0x00, 0x00, 0x7F, 0x80, 0x00, 0x00, 0x00,
    0x07, 0xF8, 0x00, 0x00, 0x00, 0x00, 0x7F, 0x00, 0x00, 0x00, 0x00, 0x07, 0xF0, 0x00, 0x00, 0x00,
    0x00, 0x00, 0x00, 0x00, 0x00, 0x00, 0x00, 0x00, 0x00, 0x00, 0x00, 0x00, 0x00, 0x00, 0x00, 0x00,
    0x0F, 0xFF, 0xF0, 0x00, 0x00, 0x01, 0xFF, 0xFE, 0x00, 0x00, 0x00, 0x3F, 0xFF, 0xC0, 0x00, 0x00,
    0x0F, 0xFF, 0xFC, 0x00, 0x00, 0x01, 0xFF, 0xFF, 0x80, 0x00, 0x00, 0x3F, 0xFF, 0xF0, 0x00, 0x00,
    0x0F, 0xFF, 0xFF, 0x00, 0x00, 0x01, 0xFF, 0xFF, 0xE0, 0x00, 0x00, 0x3F, 0xFF, 0xFC, 0x00, 0x00,
    0x0F, 0xFF, 0xFF, 0xC0, 0x00, 0x01, 0xFF, 0xFF, 0xF8, 0x00, 0x00, 0x3F, 0xFB, 0xFF, 0x00, 0x00,
    0x0F, 0xFE, 0x7F, 0xF0, 0x00, 0x01, 0xFF, 0xCF, 0xFE, 0x00, 0x00, 0x3F, 0xF9, 0xFF, 0xE0, 0x00,
    0x0F, 0xFF, 0x1F, 0xFC, 0x00, 0x01, 0xFF, 0xC3, 0xFF, 0x80, 0x00, 0x3F, 0xF8, 0x7F, 0xF8, 0x00,
    0x0F, 0xFF, 0x0F, 0xFF, 0x00, 0x01, 0xFF, 0xE0, 0xFF, 0xE0, 0x00, 0x3F, 0xF8, 0x1F, 0xFE, 0x00,
    0x0F, 0xFF, 0x03, 0xFF, 0xC0, 0x01, 0xFF, 0xE0, 0x3F, 0xF8, 0x00, 0x3F, 0xF8, 0x07, 0xFF, 0x80,
    0x0F, 0xFF, 0x00, 0xFF, 0xF0, 0x01, 0xFF, 0xFF, 0xFF, 0xFE, 0x00, 0x3F, 0xFF, 0xFF, 0xFF, 0xE0,
    0x0F, 0xFF, 0xFF, 0xFF, 0xFC, 0x01, 0xFF, 0xFF, 0xFF, 0xFF, 0x80, 0x3F, 0xFF, 0xFF, 0xFF, 0xF8,
    0x0F, 0xFF, 0xFF, 0xFF, 0xFF, 0x01, 0xFF, 0xFF, 0xFF, 0xFF, 0xE0, 0x3F, 0xFF, 0xFF, 0xFF, 0xFE,
    0x0F, 0xFF, 0x00, 0x03, 0xFF, 0xC1, 0xFF, 0xE0, 0x00, 0x7F, 0xF8, 0x3F, 0xFC, 0x00, 0x0F, 0xFF,
    0x8F, 0xFF, 0x80, 0x00, 0xFF, 0xF1, 0xFF, 0xE0, 0x00, 0x1F, 0xFE, 0x3F, 0xFC, 0x00, 0x03, 0xFF,
    0xEF, 0xFF, 0x80, 0x00, 0x7F, 0xFC, 0x00, 0x00, 0x00, 0x00, 0x00, 0x00, 0x00, 0x00, 0x7F, 0xE0,
    0x00, 0x00, 0x00, 0x0F, 0xF8, 0x00, 0x00, 0x00, 0x03, 0xFE, 0x00, 0x00, 0x00, 0x00, 0xFF, 0x80,
    0x00, 0x00, 0x00, 0x1F, 0xE0, 0x00, 0x00, 0x00, 0x07, 0xF8, 0x00, 0x00, 0x00, 0x00, 0xFE, 0x00,
    0x00, 0x00, 0x00, 0x3F, 0xC0, 0x00, 0x00, 0x00, 0x07, 0xF0, 0x00, 0x00, 0x00, 0x01, 0x00, 0x00,
    0x00, 0x00, 0x00, 0x00, 0x00, 0x00, 0x00, 0x00, 0x00, 0x00, 0x00, 0x00, 0x00, 0x0F, 0xFF, 0xF0,
    0x00, 0x00, 0x01, 0xFF, 0xFE, 0x00, 0x00, 0x00, 0x3F, 0xFF, 0xC0, 0x00, 0x00, 0x0F, 0xFF, 0xFC,
    0x00, 0x00, 0x01, 0xFF, 0xFF, 0x80, 0x00, 0x00, 0x3F, 0xFF, 0xF0, 0x00, 0x00, 0x0F, 0xFF, 0xFF,
    0x00, 0x00, 0x01, 0xFF, 0xFF, 0xE0, 0x00, 0x00, 0x3F, 0xFF, 0xFC, 0x00, 0x00, 0x0F, 0xFF, 0xFF,
    0xC0, 0x00, 0x01, 0xFF, 0xFF, 0xF8, 0x00, 0x00, 0x3F, 0xFB, 0xFF, 0x00, 0x00, 0x0F, 0xFE, 0x7F,
    0xF0, 0x00, 0x01, 0xFF, 0xCF, 0xFE, 0x00, 0x00, 0x3F, 0xF9, 0xFF, 0xE0, 0x00, 0x0F, 0xFF, 0x1F,
    0xFC, 0x00, 0x01, 0xFF, 0xC3, 0xFF, 0x80, 0x00, 0x3F, 0xF8, 0x7F, 0xF8, 0x00, 0x0F, 0xFF, 0x0F,
    0xFF, 0x00, 0x01, 0xFF, 0xE0, 0xFF, 0xE0, 0x00, 0x3F, 0xF8, 0x1F, 0xFE, 0x00, 0x0F, 0xFF, 0x03,
    0xFF, 0xC0, 0x01, 0xFF, 0xE0, 0x3F, 0xF8, 0x00, 0x3F, 0xF8, 0x07, 0xFF, 0x80, 0x0F, 0xFF, 0x00,
    0xFF, 0xF0, 0x01, 0xFF, 0xFF, 0xFF, 0xFE, 0x00, 0x3F, 0xFF, 0xFF, 0xFF, 0xE0, 0x0F, 0xFF, 0xFF,
    0xFF, 0xFC, 0x01, 0xFF, 0xFF, 0xFF, 0xFF, 0x80, 0x3F, 0xFF, 0xFF, 0xFF, 0xF8, 0x0F, 0xFF, 0xFF,
    0xFF, 0xFF, 0x01, 0xFF, 0xFF, 0xFF, 0xFF, 0xE0, 0x3F, 0xFF, 0xFF, 0xFF, 0xFE, 0x0F, 0xFF, 0x00,
    0x03, 0xFF, 0xC1, 0xFF, 0xE0, 0x00, 0x7F, 0xF8, 0x3F, 0xFC, 0x00, 0x0F, 0xFF, 0x8F, 0xFF, 0x80,
    0x00, 0xFF, 0xF1, 0xFF, 0xE0, 0x00, 0x1F, 0xFE, 0x3F, 0xFC, 0x00, 0x03, 0xFF, 0xEF, 0xFF, 0x80,
    0x00, 0x7F, 0xFC, 0x00, 0x00, 0x00, 0x00, 0x00, 0x00, 0x00, 0x0F, 0xF0, 0x00, 0x00, 0x00, 0x03,
    0xFF, 0x00, 0x00, 0x00, 0x00, 0xFF, 0xF0, 0x00, 0x00, 0x00, 0x3F, 0xFF, 0x00, 0x00, 0x00, 0x0F,
    0xFF, 0xF0, 0x00, 0x00, 0x01, 0xFC, 0xFF, 0x00, 0x00, 0x00, 0x7F, 0x0F, 0xE0, 0x00, 0x00, 0x1F,
    0xE1, 0xFE, 0x00, 0x00, 0x07, 0xF8, 0x1F, 0xE0, 0x00, 0x00, 0x00, 0x00, 0x00, 0x00, 0x00, 0x00,
    0x00, 0x00, 0x00, 0x00, 0x00, 0x00, 0x00, 0x00, 0x00, 0x00, 0x0F, 0xFF, 0xF0, 0x00, 0x00, 0x01,
    0xFF, 0xFE, 0x00, 0x00, 0x00, 0x3F, 0xFF, 0xC0, 0x00, 0x00, 0x0F, 0xFF, 0xFC, 0x00, 0x00, 0x01,
    0xFF, 0xFF, 0x80, 0x00, 0x00, 0x3F, 0xFF, 0xF0, 0x00, 0x00, 0x0F, 0xFF, 0xFF, 0x00, 0x00, 0x01,
    0xFF, 0xFF, 0xE0, 0x00, 0x00, 0x3F, 0xFF, 0xFC, 0x00, 0x00, 0x0F, 0xFF, 0xFF, 0xC0, 0x00, 0x01,
    0xFF, 0xFF, 0xF8, 0x00, 0x00, 0x3F, 0xFB, 0xFF, 0x00, 0x00, 0x0F, 0xFE, 0x7F, 0xF0, 0x00, 0x01,
    0xFF, 0xCF, 0xFE, 0x00, 0x00, 0x3F, 0xF9, 0xFF, 0xE0, 0x00, 0x0F, 0xFF, 0x1F, 0xFC, 0x00, 0x01,
    0xFF, 0xC3, 0xFF, 0x80, 0x00, 0x3F, 0xF8, 0x7F, 0xF8, 0x00, 0x0F, 0xFF, 0x0F, 0xFF, 0x00, 0x01,
    0xFF, 0xE0, 0xFF, 0xE0, 0x00, 0x3F, 0xF8, 0x1F, 0xFE, 0x00, 0x0F, 0xFF, 0x03, 0xFF, 0xC0, 0x01,
    0xFF, 0xE0, 0x3F, 0xF8, 0x00, 0x3F, 0xF8, 0x07, 0xFF, 0x80, 0x0F, 0xFF, 0x00, 0xFF, 0xF0, 0x01,
    0xFF, 0xFF, 0xFF, 0xFE, 0x00, 0x3F, 0xFF, 0xFF, 0xFF, 0xE0, 0x0F, 0xFF, 0xFF, 0xFF, 0xFC, 0x01,
    0xFF, 0xFF, 0xFF, 0xFF, 0x80, 0x3F, 0xFF, 0xFF, 0xFF, 0xF8, 0x0F, 0xFF, 0xFF, 0xFF, 0xFF, 0x01,
    0xFF, 0xFF, 0xFF, 0xFF, 0xE0, 0x3F, 0xFF, 0xFF, 0xFF, 0xFE, 0x0F, 0xFF, 0x00, 0x03, 0xFF, 0xC1,
    0xFF, 0xE0, 0x00, 0x7F, 0xF8, 0x3F, 0xFC, 0x00, 0x0F, 0xFF, 0x8F, 0xFF, 0x80, 0x00, 0xFF, 0xF1,
    0xFF, 0xE0, 0x00, 0x1F, 0xFE, 0x3F, 0xFC, 0x00, 0x03, 0xFF, 0xEF, 0xFF, 0x80, 0x00, 0x7F, 0xFC,
    0x00, 0x00, 0x00, 0x00, 0x00, 0x00, 0x00, 0x3C, 0x07, 0xC0, 0x00, 0x00, 0x1F, 0xE0, 0xF8, 0x00,
    0x00, 0x07, 0xFE, 0x1F, 0x00, 0x00, 0x01, 0xFF, 0xFF, 0xE0, 0x00, 0x00, 0x3F, 0xFF, 0xFC, 0x00,
    0x00, 0x07, 0xFF, 0xFF, 0x00, 0x00, 0x01, 0xF8, 0x7F, 0xC0, 0x00, 0x00, 0x3F, 0x07, 0xF0, 0x00,
    0x00, 0x07, 0xC0, 0x38, 0x00, 0x00, 0x00, 0x00, 0x00, 0x00, 0x00, 0x00, 0x00, 0x00, 0x00, 0x00,
    0x00, 0x00, 0x00, 0x00, 0x00, 0x00, 0x00, 0x0F, 0xFF, 0xF0, 0x00, 0x00, 0x01, 0xFF, 0xFE, 0x00,
    0x00, 0x00, 0x3F, 0xFF, 0xC0, 0x00, 0x00, 0x0F, 0xFF, 0xFC, 0x00, 0x00, 0x01, 0xFF, 0xFF, 0x80,
    0x00, 0x00, 0x3F, 0xFF, 0xF0, 0x00, 0x00, 0x0F, 0xFF, 0xFF, 0x00, 0x00, 0x01, 0xFF, 0xFF, 0xE0,
    0x00, 0x00, 0x3F, 0xFF, 0xFC, 0x00, 0x00, 0x0F, 0xFF, 0xFF, 0xC0, 0x00, 0x01, 0xFF, 0xFF, 0xF8,
    0x00, 0x00, 0x3F, 0xFB, 0xFF, 0x00, 0x00, 0x0F, 0xFE, 0x7F, 0xF0, 0x00, 0x01, 0xFF, 0xCF, 0xFE,
    0x00, 0x00, 0x3F, 0xF9, 0xFF, 0xE0, 0x00, 0x0F, 0xFF, 0x1F, 0xFC, 0x00, 0x01, 0xFF, 0xC3, 0xFF,
    0x80, 0x00, 0x3F, 0xF8, 0x7F, 0xF8, 0x00, 0x0F, 0xFF, 0x0F, 0xFF, 0x00, 0x01, 0xFF, 0xE0, 0xFF,
    0xE0, 0x00, 0x3F, 0xF8, 0x1F, 0xFE, 0x00, 0x0F, 0xFF, 0x03, 0xFF, 0xC0, 0x01, 0xFF, 0xE0, 0x3F,
    0xF8, 0x00, 0x3F, 0xF8, 0x07, 0xFF, 0x80, 0x0F, 0xFF, 0x00, 0xFF, 0xF0, 0x01, 0xFF, 0xFF, 0xFF,
    0xFE, 0x00, 0x3F, 0xFF, 0xFF, 0xFF, 0xE0, 0x0F, 0xFF, 0xFF, 0xFF, 0xFC, 0x01, 0xFF, 0xFF, 0xFF,
    0xFF, 0x80, 0x3F, 0xFF, 0xFF, 0xFF, 0xF8, 0x0F, 0xFF, 0xFF, 0xFF, 0xFF, 0x01, 0xFF, 0xFF, 0xFF,
    0xFF, 0xE0, 0x3F, 0xFF, 0xFF, 0xFF, 0xFE, 0x0F, 0xFF, 0x00, 0x03, 0xFF, 0xC1, 0xFF, 0xE0, 0x00,
    0x7F, 0xF8, 0x3F, 0xFC, 0x00, 0x0F, 0xFF, 0x8F, 0xFF, 0x80, 0x00, 0xFF, 0xF1, 0xFF, 0xE0, 0x00,
    0x1F, 0xFE, 0x3F, 0xFC, 0x00, 0x03, 0xFF, 0xEF, 0xFF, 0x80, 0x00, 0x7F, 0xFC, 0x00, 0x00, 0x00,
    0x00, 0x00, 0x00, 0x00, 0xF0, 0x0F, 0x80, 0x00, 0x00, 0x7F, 0x83, 0xF8, 0x00, 0x00, 0x1F, 0xF8,
    0xFF, 0x80, 0x00, 0x03, 0xFF, 0x3F, 0xF0, 0x00, 0x00, 0x7F, 0xE7, 0xFF, 0x00, 0x00, 0x0F, 0xFC,
    0xFF, 0xE0, 0x00, 0x01, 0xFF, 0x9F, 0xF8, 0x00, 0x00, 0x3F, 0xE1, 0xFF, 0x00, 0x00, 0x03, 0xFC,
    0x1F, 0xC0, 0x00, 0x00, 0x1E, 0x01, 0xF0, 0x00, 0x00, 0x00, 0x00, 0x00, 0x00, 0x00, 0x00, 0x00,
    0x00, 0x00, 0x00, 0x00, 0x0F, 0xFF, 0xF0, 0x00, 0x00, 0x01, 0xFF, 0xFE, 0x00, 0x00, 0x00, 0x3F,
    0xFF, 0xC0, 0x00, 0x00, 0x0F, 0xFF, 0xFC, 0x00, 0x00, 0x01, 0xFF, 0xFF, 0x80, 0x00, 0x00, 0x3F,
    0xFF, 0xF0, 0x00, 0x00, 0x0F, 0xFF, 0xFF, 0x00, 0x00, 0x01, 0xFF, 0xFF, 0xE0, 0x00, 0x00, 0x3F,
    0xFF, 0xFC, 0x00, 0x00, 0x0F, 0xFF, 0xFF, 0xC0, 0x00, 0x01, 0xFF, 0xFF, 0xF8, 0x00, 0x00, 0x3F,
    0xFB, 0xFF, 0x00, 0x00, 0x0F, 0xFE, 0x7F, 0xF0, 0x00, 0x01, 0xFF, 0xCF, 0xFE, 0x00, 0x00, 0x3F,
    0xF9, 0xFF, 0xE0, 0x00, 0x0F, 0xFF, 0x1F, 0xFC, 0x00, 0x01, 0xFF, 0xC3, 0xFF, 0x80, 0x00, 0x3F,
    0xF8, 0x7F, 0xF8, 0x00, 0x0F, 0xFF, 0x0F, 0xFF, 0x00, 0x01, 0xFF, 0xE0, 0xFF, 0xE0, 0x00, 0x3F,
    0xF8, 0x1F, 0xFE, 0x00, 0x0F, 0xFF, 0x03, 0xFF, 0xC0, 0x01, 0xFF, 0xE0, 0x3F, 0xF8, 0x00, 0x3F,
    0xF8, 0x07, 0xFF, 0x80, 0x0F, 0xFF, 0x00, 0xFF, 0xF0, 0x01, 0xFF, 0xFF, 0xFF, 0xFE, 0x00, 0x3F,
    0xFF, 0xFF, 0xFF, 0xE0, 0x0F, 0xFF, 0xFF, 0xFF, 0xFC, 0x01, 0xFF, 0xFF, 0xFF, 0xFF, 0x80, 0x3F,
    0xFF, 0xFF, 0xFF, 0xF8, 0x0F, 0xFF, 0xFF, 0xFF, 0xFF, 0x01, 0xFF, 0xFF, 0xFF, 0xFF, 0xE0, 0x3F,
    0xFF, 0xFF, 0xFF, 0xFE, 0x0F, 0xFF, 0x00, 0x03, 0xFF, 0xC1, 0xFF, 0xE0, 0x00, 0x7F, 0xF8, 0x3F,
    0xFC, 0x00, 0x0F, 0xFF, 0x8F, 0xFF, 0x80, 0x00, 0xFF, 0xF1, 0xFF, 0xE0, 0x00, 0x1F, 0xFE, 0x3F,
    0xFC, 0x00, 0x03, 0xFF, 0xEF, 0xFF, 0x80, 0x00, 0x7F, 0xFC, 0x00, 0x00, 0x1F, 0x80, 0x00, 0x00,
    0x00, 0x0F, 0xF8, 0x00, 0x00, 0x00, 0x03, 0xFF, 0x80, 0x00, 0x00, 0x00, 0xFF, 0xF8, 0x00, 0x00,
    0x00, 0x1F, 0x1F, 0x00, 0x00, 0x00, 0x03, 0xC1, 0xF0, 0x00, 0x00, 0x00, 0xF8, 0x3E, 0x00, 0x00,
    0x00, 0x0F, 0x07, 0xC0, 0x00, 0x00, 0x01, 0xF1, 0xF0, 0x00, 0x00, 0x00, 0x3F, 0xFE, 0x00, 0x00,
    0x00, 0x03, 0xFF, 0x80, 0x00, 0x00, 0x00, 0x3F, 0xE0, 0x00, 0x00, 0x00, 0x01, 0xF0, 0x00, 0x00,
    0x00, 0x00, 0x00, 0x00, 0x00, 0x00, 0x00, 0x00, 0x00, 0x00, 0x00, 0x00, 0x3F, 0xFF, 0xC0, 0x00,
    0x00, 0x07, 0xFF, 0xF8, 0x00, 0x00, 0x00, 0xFF, 0xFF, 0x00, 0x00, 0x00, 0x3F, 0xFF, 0xF0, 0x00,
    0x00, 0x07, 0xFF, 0xFE, 0x00, 0x00, 0x00, 0xFF, 0xFF, 0xC0, 0x00, 0x00, 0x3F, 0xFF, 0xFC, 0x00,
    0x00, 0x07, 0xFF, 0xFF, 0x80, 0x00, 0x00, 0xFF, 0xFF, 0xF0, 0x00, 0x00, 0x3F, 0xFF, 0xFF, 0x00,
    0x00, 0x07, 0xFF, 0xFF, 0xE0, 0x00, 0x00, 0xFF, 0xEF, 0xFC, 0x00, 0x00, 0x3F, 0xF9, 0xFF, 0xC0,
    0x00, 0x07, 0xFF, 0x3F, 0xF8, 0x00, 0x00, 0xFF, 0xE7, 0xFF, 0x80, 0x00, 0x3F, 0xFC, 0x7F, 0xF0,
    0x00, 0x07, 0xFF, 0x0F, 0xFE, 0x00, 0x00, 0xFF, 0xE1, 0xFF, 0xE0, 0x00, 0x3F, 0xFC, 0x3F, 0xFC,
    0x00, 0x07, 0xFF, 0x83, 0xFF, 0x80, 0x00, 0xFF, 0xE0, 0x7F, 0xF8, 0x00, 0x3F, 0xFC, 0x0F, 0xFF,
    0x00, 0x07, 0xFF, 0x80, 0xFF, 0xE0, 0x00, 0xFF, 0xE0, 0x1F, 0xFE, 0x00, 0x3F, 0xFC, 0x03, 0xFF,
    0xC0, 0x07, 0xFF, 0xFF, 0xFF, 0xF8, 0x00, 0xFF, 0xFF, 0xFF, 0xFF, 0x80, 0x3F, 0xFF, 0xFF, 0xFF,
    0xF0, 0x07, 0xFF, 0xFF, 0xFF, 0xFE, 0x00, 0xFF, 0xFF, 0xFF, 0xFF, 0xE0, 0x3F, 0xFF, 0xFF, 0xFF,
    0xFC, 0x07, 0xFF, 0xFF, 0xFF, 0xFF, 0x80, 0xFF, 0xFF, 0xFF, 0xFF, 0xF8, 0x3F, 0xFC, 0x00, 0x0F,
    0xFF, 0x07, 0xFF, 0x80, 0x01, 0xFF, 0xE0, 0xFF, 0xF0, 0x00, 0x3F, 0xFE, 0x3F, 0xFE, 0x00, 0x03,
    0xFF, 0xC7, 0xFF, 0x80, 0x00, 0x7F, 0xF8, 0xFF, 0xF0, 0x00, 0x0F, 0xFF, 0xBF, 0xFE, 0x00, 0x01,
    0xFF, 0xF0, 0x00, 0x00, 0x00, 0x00, 0x00, 0x00, 0x00, 0x00, 0x00, 0x7F, 0xFF, 0xFF, 0xFF, 0xFF,
    0x80, 0x00, 0x7F, 0xFF, 0xFF, 0xFF, 0xFF, 0xC0, 0x00, 0x3F, 0xFF, 0xFF, 0xFF, 0xFF, 0xE0, 0x00,
    0x1F, 0xFF, 0xFF, 0xFF, 0xFF, 0xF0, 0x00, 0x1F, 0xFF, 0xFF, 0xFF, 0xFF, 0xF8, 0x00, 0x0F, 0xFF,
    0xFF, 0xFF, 0xFF, 0xFC, 0x00, 0x0F, 0xFF, 0xFF, 0xFF, 0xFF, 0xFE, 0x00, 0x07, 0xFF, 0xFF, 0xFF,
    0xFF, 0xFF, 0x00, 0x03, 0xFF, 0xFF, 0xFF, 0xFF, 0xFF, 0x80, 0x03, 0xFF, 0x8F, 0xFE, 0x00, 0x00,
    0x00, 0x01, 0xFF, 0xC7, 0xFF, 0x00, 0x00, 0x00, 0x01, 0xFF, 0xC3, 0xFF, 0x80, 0x00, 0x00, 0x00,
    0xFF, 0xE1, 0xFF, 0xC0, 0x00, 0x00, 0x00, 0x7F, 0xF0, 0xFF, 0xE0, 0x00, 0x00, 0x00, 0x7F, 0xF0,
    0x7F, 0xF0, 0x00, 0x00, 0x00, 0x3F, 0xF8, 0x3F, 0xFF, 0xFF, 0xFE, 0x00, 0x3F, 0xFC, 0x1F, 0xFF,
    0xFF, 0xFF, 0x00, 0x1F, 0xFC, 0x0F, 0xFF, 0xFF, 0xFF, 0x80, 0x0F, 0xFE, 0x07, 0xFF, 0xFF, 0xFF,
    0xC0, 0x0F, 0xFE, 0x03, 0xFF, 0xFF, 0xFF, 0xE0, 0x07, 0xFF, 0x01, 0xFF, 0xFF, 0xFF, 0xF0, 0x07,
    0xFF, 0x80, 0xFF, 0xFF, 0xFF, 0xF8, 0x03, 0xFF, 0x80, 0x7F, 0xFF, 0xFF, 0xFC, 0x01, 0xFF, 0xC0,
    0x3F, 0xFF, 0xFF, 0xFE, 0x01, 0xFF, 0xFF, 0xFF, 0xFC, 0x00, 0x00, 0x00, 0xFF, 0xFF, 0xFF, 0xFE,
    0x00, 0x00, 0x00, 0x7F, 0xFF, 0xFF, 0xFF, 0x00, 0x00, 0x00, 0x7F, 0xFF, 0xFF, 0xFF, 0x80, 0x00,
    0x00, 0x3F, 0xFF, 0xFF, 0xFF, 0xC0, 0x00, 0x00, 0x3F, 0xFF, 0xFF, 0xFF, 0xE0, 0x00, 0x00, 0x1F,
    0xFF, 0xFF, 0xFF, 0xF0, 0x00, 0x00, 0x0F, 0xFF, 0xFF, 0xFF, 0xFF, 0xFF, 0xFF, 0x0F, 0xFF, 0x00,
    0x1F, 0xFF, 0xFF, 0xFF, 0x87, 0xFF, 0x00, 0x0F, 0xFF, 0xFF, 0xFF, 0xC7, 0xFF, 0x80, 0x07, 0xFF,
    0xFF, 0xFF, 0xE3, 0xFF, 0xC0, 0x03, 0xFF, 0xFF, 0xFF, 0xF1, 0xFF, 0xC0, 0x01, 0xFF, 0xFF, 0xFF,
    0xF9, 0xFF, 0xE0, 0x00, 0xFF, 0xFF, 0xFF, 0xFC, 0xFF, 0xE0, 0x00, 0x7F, 0xFF, 0xFF, 0xFE, 0xFF,
    0xF0, 0x00, 0x3F, 0xFF, 0xFF, 0xFF, 0x00, 0x00, 0x00, 0x7C, 0x00, 0x00, 0x00, 0x0F, 0xFF, 0xC0,
    0x00, 0x00, 0xFF, 0xFF, 0xE0, 0x00, 0x03, 0xFF, 0xFF, 0xF0, 0x00, 0x1F, 0xFF, 0xFF, 0xF0, 0x00,
    0x7F, 0xFF, 0xFF, 0xF0, 0x01, 0xFF, 0xFF, 0xFF, 0xF0, 0x07, 0xFF, 0xFF, 0xFF, 0xF0, 0x0F, 0xFF,
    0xFF, 0xFF, 0xF0, 0x3F, 0xFF, 0xFF, 0xFF, 0xE0, 0xFF, 0xFE, 0x07, 0xFF, 0xE1, 0xFF, 0xF0, 0x03,
    0xFF, 0xC3, 0xFF, 0xC0, 0x03, 0xFF, 0x8F, 0xFF, 0x00, 0x07, 0xFF, 0x9F, 0xFE, 0x00, 0x07, 0xFF,
    0x3F, 0xF8, 0x00, 0x0F, 0xFE, 0x7F, 0xF0, 0x00, 0x00, 0x01, 0xFF, 0xE0, 0x00, 0x00, 0x03, 0xFF,
    0xC0, 0x00, 0x00, 0x07, 0xFF, 0x80, 0x00, 0x00, 0x0F, 0xFF, 0x00, 0x00, 0x00, 0x1F, 0xFE, 0x00,
    0x00, 0x00, 0x3F, 0xFC, 0x00, 0x00, 0x00, 0x7F, 0xF8, 0x00, 0x00, 0x00, 0xFF, 0xF0, 0x00, 0x00,
    0x00, 0xFF, 0xE0, 0x00, 0x00, 0x01, 0xFF, 0xC0, 0x00, 0x7F, 0xF3, 0xFF, 0xC0, 0x00, 0xFF, 0xE7,
    0xFF, 0x80, 0x03, 0xFF, 0xC7, 0xFF, 0x80, 0x0F, 0xFF, 0x0F, 0xFF, 0x80, 0x1F, 0xFE, 0x1F, 0xFF,
    0xC0, 0xFF, 0xFC, 0x1F, 0xFF, 0xFF, 0xFF, 0xF0, 0x1F, 0xFF, 0xFF, 0xFF, 0xE0, 0x3F, 0xFF, 0xFF,
    0xFF, 0x80, 0x3F, 0xFF, 0xFF, 0xFE, 0x00, 0x3F, 0xFF, 0xFF, 0xF8, 0x00, 0x3F, 0xFF, 0xFF, 0xE0,
    0x00, 0x1F, 0xFF, 0xFF, 0x80, 0x00, 0x1F, 0xFF, 0xFC, 0x00, 0x00, 0x07, 0xFF, 0xE0, 0x00, 0x00,
    0x00, 0xF8, 0x00, 0x00, 0x00, 0x01, 0xE0, 0x00, 0x00, 0x00, 0x07, 0xF0, 0x00, 0x00, 0x00, 0x0F,
    0xF8, 0x00, 0x00, 0x00, 0x1F, 0xF0, 0x00, 0x00, 0x00, 0x03, 0xF0, 0x00, 0x00, 0x00, 0x07, 0xE0,
    0x00, 0x00, 0x00, 0x1F, 0xC0, 0x00, 0x00, 0x03, 0xFF, 0x00, 0x00, 0x00, 0x07, 0xFE, 0x00, 0x00,
    0x00, 0x0F, 0xF0, 0x00, 0x00, 0x00, 0x00, 0x00, 0x00, 0x00, 0x00, 0x00, 0x00, 0x00, 0x1F, 0xF8,
    0x00, 0x00, 0x0F, 0xF8, 0x00, 0x00, 0x1F, 0xF0, 0x00, 0x00, 0x1F, 0xF0, 0x00, 0x00, 0x1F, 0xF0,
    0x00, 0x00, 0x1F, 0xE0, 0x00, 0x00, 0x1F, 0xE0, 0x00, 0x00, 0x1F, 0xC0, 0x00, 0x00, 0x1F, 0xC0,
    0x00, 0x00, 0x00, 0x00, 0x00, 0x00, 0x00, 0x00, 0x00, 0x00, 0x00, 0x00, 0x1F, 0xFF, 0xFF, 0xFF,
    0xFF, 0xFF, 0xFF, 0xFF, 0xFF, 0xFF, 0xFF, 0xFF, 0xFF, 0xFF, 0xFF, 0xFF, 0xFF, 0xFF, 0xFF, 0xFF,
    0xFF, 0xFF, 0xFF, 0xFF, 0xFF, 0xFF, 0xFF, 0xFF, 0xFF, 0xFF, 0xFF, 0xFF, 0xFF, 0xFF, 0xFF, 0xFF,
    0xF8, 0x00, 0x00, 0x7F, 0xF0, 0x00, 0x00, 0xFF, 0xE0, 0x00, 0x01, 0xFF, 0xC0, 0x00, 0x03, 0xFF,
    0x80, 0x00, 0x07, 0xFF, 0x00, 0x00, 0x0F, 0xFF, 0xFF, 0xFF, 0x9F, 0xFF, 0xFF, 0xFF, 0x3F, 0xFF,
    0xFF, 0xFE, 0x7F, 0xFF, 0xFF, 0xFC, 0xFF, 0xFF, 0xFF, 0xF9, 0xFF, 0xFF, 0xFF, 0xF3, 0xFF, 0xFF,
    0xFF, 0xE7, 0xFF, 0xFF, 0xFF, 0xCF, 0xFF, 0xFF, 0xFF, 0x9F, 0xFC, 0x00, 0x00, 0x3F, 0xF8, 0x00,
    0x00, 0x7F, 0xF0, 0x00, 0x00, 0xFF, 0xE0, 0x00, 0x01, 0xFF, 0xC0, 0x00, 0x03, 0xFF, 0x80, 0x00,
    0x07, 0xFF, 0x00, 0x00, 0x0F, 0xFF, 0xFF, 0xFF, 0xFF, 0xFF, 0xFF, 0xFF, 0xFF, 0xFF, 0xFF, 0xFF,
    0xFF, 0xFF, 0xFF, 0xFF, 0xFF, 0xFF, 0xFF, 0xFF, 0xFF, 0xFF, 0xFF, 0xFF, 0xFF, 0xFF, 0xFF, 0xFF,
    0xFF, 0xFF, 0xFF, 0xFF, 0xFF, 0xFF, 0xFF, 0xE0, 0x00, 0x00, 0x00, 0x00, 0x00, 0x01, 0xFF, 0x80,
    0x00, 0x03, 0xFE, 0x00, 0x00, 0x0F, 0xF8, 0x00, 0x00, 0x3F, 0xE0, 0x00, 0x00, 0x7F, 0x80, 0x00,
    0x01, 0xFE, 0x00, 0x00, 0x03, 0xF8, 0x00, 0x00, 0x0F, 0xF0, 0x00, 0x00, 0x1F, 0xC0, 0x00, 0x00,
    0x40, 0x00, 0x00, 0x00, 0x00, 0x00, 0x00, 0x00, 0x00, 0x00, 0x1F, 0xFF, 0xFF, 0xFF, 0xFF, 0xFF,
    0xFF, 0xFF, 0xFF, 0xFF, 0xFF, 0xFF, 0xFF, 0xFF, 0xFF, 0xFF, 0xFF, 0xFF, 0xFF, 0xFF, 0xFF, 0xFF,
    0xFF, 0xFF, 0xFF, 0xFF, 0xFF, 0xFF, 0xFF, 0xFF, 0xFF, 0xFF, 0xFF, 0xFF, 0xFF, 0xFF, 0xF8, 0x00,
    0x00, 0x7F, 0xF0, 0x00, 0x00, 0xFF, 0xE0, 0x00, 0x01, 0xFF, 0xC0, 0x00, 0x03, 0xFF, 0x80, 0x00,
    0x07, 0xFF, 0x00, 0x00, 0x0F, 0xFF, 0xFF, 0xFF, 0x9F, 0xFF, 0xFF, 0xFF, 0x3F, 0xFF, 0xFF, 0xFE,
    0x7F, 0xFF, 0xFF, 0xFC, 0xFF, 0xFF, 0xFF, 0xF9, 0xFF, 0xFF, 0xFF, 0xF3, 0xFF, 0xFF, 0xFF, 0xE7,
    0xFF, 0xFF, 0xFF, 0xCF, 0xFF, 0xFF, 0xFF, 0x9F, 0xFC, 0x00, 0x00, 0x3F, 0xF8, 0x00, 0x00, 0x7F,
    0xF0, 0x00, 0x00, 0xFF, 0xE0, 0x00, 0x01, 0xFF, 0xC0, 0x00, 0x03, 0xFF, 0x80, 0x00, 0x07, 0xFF,
    0x00, 0x00, 0x0F, 0xFF, 0xFF, 0xFF, 0xFF, 0xFF, 0xFF, 0xFF, 0xFF, 0xFF, 0xFF, 0xFF, 0xFF, 0xFF,
    0xFF, 0xFF, 0xFF, 0xFF, 0xFF, 0xFF, 0xFF, 0xFF, 0xFF, 0xFF, 0xFF, 0xFF, 0xFF, 0xFF, 0xFF, 0xFF,
    0xFF, 0xFF, 0xFF, 0xFF, 0xFF, 0xE0, 0x00, 0x00, 0x00, 0x00, 0x00, 0x3F, 0xC0, 0x00, 0x00, 0xFF,
    0xC0, 0x00, 0x03, 0xFF, 0xC0, 0x00, 0x0F, 0xFF, 0xC0, 0x00, 0x3F, 0xFF, 0xC0, 0x00, 0x7F, 0x3F,
    0xC0, 0x01, 0xFC, 0x3F, 0x80, 0x07, 0xF8, 0x7F, 0x80, 0x1F, 0xE0, 0x7F, 0x80, 0x00, 0x00, 0x00,
    0x00, 0x00, 0x00, 0x00, 0x00, 0x00, 0x00, 0x00, 0x1F, 0xFF, 0xFF, 0xFF, 0xFF, 0xFF, 0xFF, 0xFF,
    0xFF, 0xFF, 0xFF, 0xFF, 0xFF, 0xFF, 0xFF, 0xFF, 0xFF, 0xFF, 0xFF, 0xFF, 0xFF, 0xFF, 0xFF, 0xFF,
    0xFF, 0xFF, 0xFF, 0xFF, 0xFF, 0xFF, 0xFF, 0xFF, 0xFF, 0xFF, 0xFF, 0xFF, 0xF8, 0x00, 0x00, 0x7F,
    0xF0, 0x00, 0x00, 0xFF, 0xE0, 0x00, 0x01, 0xFF, 0xC0, 0x00, 0x03, 0xFF, 0x80, 0x00, 0x07, 0xFF,
    0x00, 0x00, 0x0F, 0xFF, 0xFF, 0xFF, 0x9F, 0xFF, 0xFF, 0xFF, 0x3F, 0xFF, 0xFF, 0xFE, 0x7F, 0xFF,
    0xFF, 0xFC, 0xFF, 0xFF, 0xFF, 0xF9, 0xFF, 0xFF, 0xFF, 0xF3, 0xFF, 0xFF, 0xFF, 0xE7, 0xFF, 0xFF,
    0xFF, 0xCF, 0xFF, 0xFF, 0xFF, 0x9F, 0xFC, 0x00, 0x00, 0x3F, 0xF8, 0x00, 0x00, 0x7F, 0xF0, 0x00,
    0x00, 0xFF, 0xE0, 0x00, 0x01, 0xFF, 0xC0, 0x00, 0x03, 0xFF, 0x80, 0x00, 0x07, 0xFF, 0x00, 0x00,
    0x0F, 0xFF, 0xFF, 0xFF, 0xFF, 0xFF, 0xFF, 0xFF, 0xFF, 0xFF, 0xFF, 0xFF, 0xFF, 0xFF, 0xFF, 0xFF,
    0xFF, 0xFF, 0xFF, 0xFF, 0xFF, 0xFF, 0xFF, 0xFF, 0xFF, 0xFF, 0xFF, 0xFF, 0xFF, 0xFF, 0xFF, 0xFF,
    0xFF, 0xFF, 0xFF, 0xE0, 0x00, 0x00, 0x00, 0x00, 0x03, 0xC0, 0x3E, 0x00, 0x1F, 0xE0, 0xFE, 0x00,
    0x7F, 0xE3, 0xFE, 0x00, 0xFF, 0xCF, 0xFC, 0x01, 0xFF, 0x9F, 0xFC, 0x03, 0xFF, 0x3F, 0xF8, 0x07,
    0xFE, 0x7F, 0xE0, 0x0F, 0xF8, 0x7F, 0xC0, 0x0F, 0xF0, 0x7F, 0x00, 0x07, 0x80, 0x7C, 0x00, 0x00,
    0x00, 0x00, 0x00, 0x00, 0x00, 0x00, 0x1F, 0xFF, 0xFF, 0xFF, 0xFF, 0xFF, 0xFF, 0xFF, 0xFF, 0xFF,
    0xFF, 0xFF, 0xFF, 0xFF, 0xFF, 0xFF, 0xFF, 0xFF, 0xFF, 0xFF, 0xFF, 0xFF, 0xFF, 0xFF, 0xFF, 0xFF,
    0xFF, 0xFF, 0xFF, 0xFF, 0xFF, 0xFF, 0xFF, 0xFF, 0xFF, 0xFF, 0xF8, 0x00, 0x00, 0x7F, 0xF0, 0x00,
    0x00, 0xFF, 0xE0, 0x00, 0x01, 0xFF, 0xC0, 0x00, 0x03, 0xFF, 0x80, 0x00, 0x07, 0xFF, 0x00, 0x00,
    0x0F, 0xFF, 0xFF, 0xFF, 0x9F, 0xFF, 0xFF, 0xFF, 0x3F, 0xFF, 0xFF, 0xFE, 0x7F, 0xFF, 0xFF, 0xFC,
    0xFF, 0xFF, 0xFF, 0xF9, 0xFF, 0xFF, 0xFF, 0xF3, 0xFF, 0xFF, 0xFF, 0xE7, 0xFF, 0xFF, 0xFF, 0xCF,
    0xFF, 0xFF, 0xFF, 0x9F, 0xFC, 0x00, 0x00, 0x3F, 0xF8, 0x00, 0x00, 0x7F, 0xF0, 0x00, 0x00, 0xFF,
    0xE0, 0x00, 0x01, 0xFF, 0xC0, 0x00, 0x03, 0xFF, 0x80, 0x00, 0x07, 0xFF, 0x00, 0x00, 0x0F, 0xFF,
    0xFF, 0xFF, 0xFF, 0xFF, 0xFF, 0xFF, 0xFF, 0xFF, 0xFF, 0xFF, 0xFF, 0xFF, 0xFF, 0xFF, 0xFF, 0xFF,
    0xFF, 0xFF, 0xFF, 0xFF, 0xFF, 0xFF, 0xFF, 0xFF, 0xFF, 0xFF, 0xFF, 0xFF, 0xFF, 0xFF, 0xFF, 0xFF,
    0xFF, 0xE0, 0x00, 0x00, 0x7F, 0xE0, 0x0F, 0xF8, 0x07, 0xFC, 0x01, 0xFF, 0x00, 0x7F, 0xC0, 0x1F,
    0xE0, 0x07, 0xF8, 0x01, 0xFC, 0x00, 0x7F, 0x00, 0x00, 0x00, 0x00, 0x00, 0x00, 0x00, 0x3F, 0xF8,
    0x1F, 0xFC, 0x0F, 0xFE, 0x07, 0xFF, 0x03, 0xFF, 0x81, 0xFF, 0xC0, 0xFF, 0xE0, 0x7F, 0xF0, 0x3F,
    0xF8, 0x1F, 0xFC, 0x0F, 0xFE, 0x07, 0xFF, 0x03, 0xFF, 0x81, 0xFF, 0xC0, 0xFF, 0xE0, 0x7F, 0xF0,
    0x3F, 0xF8, 0x1F, 0xFC, 0x0F, 0xFE, 0x07, 0xFF, 0x03, 0xFF, 0x81, 0xFF, 0xC0, 0xFF, 0xE0, 0x7F,
    0xF0, 0x3F, 0xF8, 0x1F, 0xFC, 0x0F, 0xFE, 0x07, 0xFF, 0x03, 0xFF, 0x81, 0xFF, 0xC0, 0xFF, 0xE0,
    0x7F, 0xF0, 0x3F, 0xF8, 0x1F, 0xFC, 0x0F, 0xFE, 0x07, 0xFF, 0x03, 0xFF, 0x81, 0xFF, 0xC0, 0xFF,
    0xE0, 0x7F, 0xF0, 0x00, 0x00, 0x01, 0xFF, 0x80, 0xFF, 0x80, 0xFF, 0x80, 0xFF, 0x80, 0x7F, 0x80,
    0x7F, 0x80, 0x3F, 0x80, 0x3F, 0xC0, 0x1F, 0xC0, 0x10, 0x00, 0x00, 0x00, 0x00, 0x00, 0x07, 0xFF,
    0x03, 0xFF, 0x81, 0xFF, 0xC0, 0xFF, 0xE0, 0x7F, 0xF0, 0x3F, 0xF8, 0x1F, 0xFC, 0x0F, 0xFE, 0x07,
    0xFF, 0x03, 0xFF, 0x81, 0xFF, 0xC0, 0xFF, 0xE0, 0x7F, 0xF0, 0x3F, 0xF8, 0x1F, 0xFC, 0x0F, 0xFE,
    0x07, 0xFF, 0x03, 0xFF, 0x81, 0xFF, 0xC0, 0xFF, 0xE0, 0x7F, 0xF0, 0x3F, 0xF8, 0x1F, 0xFC, 0x0F,
    0xFE, 0x07, 0xFF, 0x03, 0xFF, 0x81, 0xFF, 0xC0, 0xFF, 0xE0, 0x7F, 0xF0, 0x3F, 0xF8, 0x1F, 0xFC,
    0x0F, 0xFE, 0x07, 0xFF, 0x03, 0xFF, 0x81, 0xFF, 0xC0, 0xFF, 0xE0, 0x7F, 0xF0, 0x3F, 0xF8, 0x1F,
    0xFC, 0x0F, 0xFE, 0x00, 0x00, 0x00, 0x00, 0x00, 0xFF, 0x00, 0x01, 0xFF, 0x80, 0x03, 0xFF, 0xC0,
    0x07, 0xFF, 0xE0, 0x0F, 0xFF, 0xF0, 0x0F, 0xE7, 0xF8, 0x1F, 0xC3, 0xF8, 0x3F, 0xC3, 0xFC, 0x7F,
    0x81, 0xFE, 0x00, 0x00, 0x00, 0x00, 0x00, 0x00, 0x00, 0x00, 0x00, 0x03, 0xFF, 0x80, 0x03, 0xFF,
    0x80, 0x03, 0xFF, 0x80, 0x03, 0xFF, 0x80, 0x03, 0xFF, 0x80, 0x03, 0xFF, 0x80, 0x03, 0xFF, 0x80,
    0x03, 0xFF, 0x80, 0x03, 0xFF, 0x80, 0x03, 0xFF, 0x80, 0x03, 0xFF, 0x80, 0x03, 0xFF, 0x80, 0x03,
    0xFF, 0x80, 0x03, 0xFF, 0x80, 0x03, 0xFF, 0x80, 0x03, 0xFF, 0x80, 0x03, 0xFF, 0x80, 0x03, 0xFF,
    0x80, 0x03, 0xFF, 0x80, 0x03, 0xFF, 0x80, 0x03, 0xFF, 0x80, 0x03, 0xFF, 0x80, 0x03, 0xFF, 0x80,
    0x03, 0xFF, 0x80, 0x03, 0xFF, 0x80, 0x03, 0xFF, 0x80, 0x03, 0xFF, 0x80, 0x03, 0xFF, 0x80, 0x03,
    0xFF, 0x80, 0x03, 0xFF, 0x80, 0x03, 0xFF, 0x80, 0x03, 0xFF, 0x80, 0x03, 0xFF, 0x80, 0x03, 0xFF,
    0x80, 0x03, 0xFF, 0x80, 0x03, 0xFF, 0x80, 0x03, 0xFF, 0x80, 0x03, 0xFF, 0x80, 0x03, 0xFF, 0x80,
    0x03, 0xFF, 0x80, 0x00, 0x00, 0x00, 0x0F, 0x00, 0xF8, 0x3F, 0xC1, 0xFC, 0x7F, 0xE3, 0xFE, 0x7F,
    0xE7, 0xFE, 0x7F, 0xE7, 0xFF, 0x7F, 0xE7, 0xFF, 0x7F, 0xE7, 0xFE, 0x7F, 0xC3, 0xFE, 0x3F, 0xC1,
    0xFC, 0x0F, 0x00, 0xF8, 0x00, 0x00, 0x00, 0x00, 0x00, 0x00, 0x03, 0xFF, 0x80, 0x03, 0xFF, 0x80,
    0x03, 0xFF, 0x80, 0x03, 0xFF, 0x80, 0x03, 0xFF, 0x80, 0x03, 0xFF, 0x80, 0x03, 0xFF, 0x80, 0x03,
    0xFF, 0x80, 0x03, 0xFF, 0x80, 0x03, 0xFF, 0x80, 0x03, 0xFF, 0x80, 0x03, 0xFF, 0x80, 0x03, 0xFF,
    0x80, 0x03, 0xFF, 0x80, 0x03, 0xFF, 0x80, 0x03, 0xFF, 0x80, 0x03, 0xFF, 0x80, 0x03, 0xFF, 0x80,
    0x03, 0xFF, 0x80, 0x03, 0xFF, 0x80, 0x03, 0xFF, 0x80, 0x03, 0xFF, 0x80, 0x03, 0xFF, 0x80, 0x03,
    0xFF, 0x80, 0x03, 0xFF, 0x80, 0x03, 0xFF, 0x80, 0x03, 0xFF, 0x80, 0x03, 0xFF, 0x80, 0x03, 0xFF,
    0x80, 0x03, 0xFF, 0x80, 0x03, 0xFF, 0x80, 0x03, 0xFF, 0x80, 0x03, 0xFF, 0x80, 0x03, 0xFF, 0x80,
    0x03, 0xFF, 0x80, 0x03, 0xFF, 0x80, 0x03, 0xFF, 0x80, 0x03, 0xFF, 0x80, 0x03, 0xFF, 0x80, 0x03,
    0xFF, 0x80, 0x00, 0x00, 0x00, 0x00, 0x00, 0x01, 0xFF, 0xFF, 0xF0, 0x00, 0x00, 0x7F, 0xFF, 0xFF,
    0x80, 0x00, 0x1F, 0xFF, 0xFF, 0xFC, 0x00, 0x07, 0xFF, 0xFF, 0xFF, 0x80, 0x01, 0xFF, 0xFF, 0xFF,
    0xF0, 0x00, 0x7F, 0xFF, 0xFF, 0xFF, 0x00, 0x1F, 0xFF, 0xFF, 0xFF, 0xC0, 0x07, 0xFF, 0xFF, 0xFF,
    0xF8, 0x01, 0xFF, 0xFF, 0xFF, 0xFF, 0x00, 0x7F, 0xF0, 0x1F, 0xFF, 0xE0, 0x1F, 0xFC, 0x00, 0xFF,
    0xF8, 0x07, 0xFF, 0x00, 0x1F, 0xFE, 0x01, 0xFF, 0xC0, 0x03, 0xFF, 0xC0, 0x7F, 0xF0, 0x00, 0x7F,
    0xF0, 0x1F, 0xFC, 0x00, 0x1F, 0xFC, 0x07, 0xFF, 0x00, 0x07, 0xFF, 0x81, 0xFF, 0xC0, 0x00, 0xFF,
    0xEF, 0xFF, 0xFF, 0xE0, 0x3F, 0xFB, 0xFF, 0xFF, 0xF8, 0x0F, 0xFE, 0xFF, 0xFF, 0xFE, 0x03, 0xFF,
    0xBF, 0xFF, 0xFF, 0x80, 0xFF, 0xEF, 0xFF, 0xFF, 0xE0, 0x3F, 0xFB, 0xFF, 0xFF, 0xF8, 0x0F, 0xFE,
    0x07, 0xFF, 0x00, 0x03, 0xFF, 0x81, 0xFF, 0xC0, 0x01, 0xFF, 0xE0, 0x7F, 0xF0, 0x00, 0x7F, 0xF0,
    0x1F, 0xFC, 0x00, 0x1F, 0xFC, 0x07, 0xFF, 0x00, 0x0F, 0xFF, 0x01, 0xFF, 0xC0, 0x07, 0xFF, 0x80,
    0x7F, 0xF0, 0x03, 0xFF, 0xE0, 0x1F, 0xFC, 0x07, 0xFF, 0xF8, 0x07, 0xFF, 0xFF, 0xFF, 0xFC, 0x01,
    0xFF, 0xFF, 0xFF, 0xFE, 0x00, 0x7F, 0xFF, 0xFF, 0xFF, 0x00, 0x1F, 0xFF, 0xFF, 0xFF, 0xC0, 0x07,
    0xFF, 0xFF, 0xFF, 0xC0, 0x01, 0xFF, 0xFF, 0xFF, 0xE0, 0x00, 0x7F, 0xFF, 0xFF, 0xF0, 0x00, 0x1F,
    0xFF, 0xFF, 0xE0, 0x00, 0x07, 0xFF, 0xFF, 0xC0, 0x00, 0x00, 0x00, 0x00, 0x00, 0x00, 0x00, 0x00,
    0x3C, 0x07, 0xC0, 0x00, 0x07, 0xF8, 0x3E, 0x00, 0x00, 0x7F, 0xE1, 0xF0, 0x00, 0x07, 0xFF, 0xFF,
    0x80, 0x00, 0x3F, 0xFF, 0xFC, 0x00, 0x01, 0xFF, 0xFF, 0xC0, 0x00, 0x1F, 0x87, 0xFC, 0x00, 0x00,
    0xFC, 0x1F, 0xC0, 0x00, 0x07, 0xC0, 0x38, 0x00, 0x00, 0x00, 0x00, 0x00, 0x00, 0x00, 0x00, 0x00,
    0x00, 0x00, 0x00, 0x00, 0x00, 0x00, 0x7F, 0xF8, 0x00, 0x1F, 0xFF, 0xFF, 0xE0, 0x00, 0xFF, 0xFF,
    0xFF, 0x00, 0x07, 0xFF, 0xFF, 0xFC, 0x00, 0x3F, 0xFF, 0xFF, 0xF0, 0x01, 0xFF, 0xFF, 0xFF, 0x80,
    0x0F, 0xFF, 0xFF, 0xFE, 0x00, 0x7F, 0xFF, 0xFF, 0xF0, 0x03, 0xFF, 0xFF, 0xFF, 0xC0, 0x1F, 0xFF,
    0xFF, 0xFF, 0x00, 0xFF, 0xFF, 0xFF, 0xF8, 0x07, 0xFF, 0xFF, 0xFF, 0xE0, 0x3F, 0xFF, 0xFF, 0xFF,
    0x01, 0xFF, 0xFF, 0xFF, 0xFC, 0x0F, 0xFF, 0xFF, 0xFF, 0xF0, 0x7F, 0xFF, 0xFF, 0xFF, 0x83, 0xFF,
    0xFF, 0xFF, 0xFE, 0x1F, 0xFF, 0xFF, 0xBF, 0xF8, 0xFF, 0xFF, 0xFD, 0xFF, 0xC7, 0xFF, 0xFF, 0xE7,
    0xFF, 0x3F, 0xFF, 0xFF, 0x3F, 0xF9, 0xFF, 0xFF, 0xF8, 0xFF, 0xEF, 0xFF, 0xFF, 0xC3, 0xFF, 0x7F,
    0xFF, 0xFE, 0x1F, 0xFF, 0xFF, 0xFF, 0xF0, 0x7F, 0xFF, 0xFF, 0xFF, 0x83, 0xFF, 0xFF, 0xFF, 0xFC,
    0x0F, 0xFF, 0xFF, 0xFF, 0xE0, 0x3F, 0xFF, 0xFF, 0xFF, 0x01, 0xFF, 0xFF, 0xFF, 0xF8, 0x07, 0xFF,
    0xFF, 0xFF, 0xC0, 0x3F, 0xFF, 0xFF, 0xFE, 0x00, 0xFF, 0xFF, 0xFF, 0xF0, 0x03, 0xFF, 0xFF, 0xFF,
    0x80, 0x1F, 0xFF, 0xFF, 0xFC, 0x00, 0x7F, 0xFF, 0xFF, 0xE0, 0x03, 0xFF, 0xFF, 0xFF, 0x00, 0x0F,
    0xFF, 0xFF, 0xF8, 0x00, 0x3F, 0xFF, 0xFF, 0xC0, 0x01, 0xFF, 0xFF, 0xFE, 0x00, 0x07, 0xFF, 0x80,
    0x00, 0x00, 0x00, 0x00, 0x00, 0x00, 0x7F, 0xE0, 0x00, 0x00, 0x00, 0x1F, 0xF0, 0x00, 0x00, 0x00,
    0x1F, 0xF0, 0x00, 0x00, 0x00, 0x0F, 0xF8, 0x00, 0x00, 0x00, 0x07, 0xFC, 0x00, 0x00, 0x00, 0x03,
    0xFC, 0x00, 0x00, 0x00, 0x01, 0xFE, 0x00, 0x00, 0x00, 0x00, 0xFE, 0x00, 0x00, 0x00, 0x00, 0x7F,
    0x00, 0x00, 0x00, 0x00, 0x00, 0x00, 0x00, 0x00, 0x00, 0x00, 0x00, 0x00, 0x00, 0x00, 0x7C, 0x00,
    0x00, 0x00, 0x07, 0xFF, 0xE0, 0x00, 0x00, 0x3F, 0xFF, 0xF8, 0x00, 0x00, 0x7F, 0xFF, 0xFE, 0x00,
    0x01, 0xFF, 0xFF, 0xFF, 0x00, 0x03, 0xFF, 0xFF, 0xFF, 0x80, 0x07, 0xFF, 0xFF, 0xFF, 0xC0, 0x0F,
    0xFF, 0xFF, 0xFF, 0xE0, 0x0F, 0xFF, 0xFF, 0xFF, 0xF0, 0x1F, 0xFF, 0xFF, 0xFF, 0xF0, 0x3F, 0xFF,
    0x81, 0xFF, 0xF8, 0x3F, 0xFE, 0x00, 0xFF, 0xF8, 0x3F, 0xFC, 0x00, 0x7F, 0xFC, 0x7F, 0xF8, 0x00,
    0x3F, 0xFC, 0x7F, 0xF8, 0x00, 0x1F, 0xFC, 0x7F, 0xF0, 0x00, 0x1F, 0xFE, 0x7F, 0xF0, 0x00, 0x1F,
    0xFE, 0xFF, 0xF0, 0x00, 0x0F, 0xFE, 0xFF, 0xF0, 0x00, 0x0F, 0xFE, 0xFF, 0xF0, 0x00, 0x0F, 0xFE,
    0xFF, 0xF0, 0x00, 0x0F, 0xFE, 0xFF, 0xF0, 0x00, 0x0F, 0xFE, 0xFF, 0xF0, 0x00, 0x0F, 0xFE, 0xFF,
    0xF0, 0x00, 0x0F, 0xFE, 0xFF, 0xF0, 0x00, 0x0F, 0xFE, 0x7F, 0xF0, 0x00, 0x1F, 0xFE, 0x7F, 0xF0,
    0x00, 0x1F, 0xFE, 0x7F, 0xF8, 0x00, 0x1F, 0xFC, 0x7F, 0xF8, 0x00, 0x3F, 0xFC, 0x3F, 0xFC, 0x00,
    0x7F, 0xFC, 0x3F, 0xFE, 0x00, 0xFF, 0xF8, 0x3F, 0xFF, 0x81, 0xFF, 0xF8, 0x1F, 0xFF, 0xFF, 0xFF,
    0xF0, 0x0F, 0xFF, 0xFF, 0xFF, 0xF0, 0x0F, 0xFF, 0xFF, 0xFF, 0xE0, 0x07, 0xFF, 0xFF, 0xFF, 0xC0,
    0x03, 0xFF, 0xFF, 0xFF, 0x80, 0x01, 0xFF, 0xFF, 0xFF, 0x00, 0x00, 0x7F, 0xFF, 0xFE, 0x00, 0x00,
    0x3F, 0xFF, 0xF8, 0x00, 0x00, 0x07, 0xFF, 0xE0, 0x00, 0x00, 0x00, 0x3C, 0x00, 0x00, 0x00, 0x00,
    0x00, 0x00, 0x00, 0x00, 0x00, 0x0F, 0xFC, 0x00, 0x00, 0x00, 0x0F, 0xF8, 0x00, 0x00, 0x00, 0x1F,
    0xF0, 0x00, 0x00, 0x00, 0x3F, 0xE0, 0x00, 0x00, 0x00, 0x3F, 0xC0, 0x00, 0x00, 0x00, 0x7F, 0x80,
    0x00, 0x00, 0x00, 0x7F, 0x00, 0x00, 0x00, 0x00, 0xFF, 0x00, 0x00, 0x00, 0x00, 0xFE, 0x00, 0x00,
    0x00, 0x01, 0x00, 0x00, 0x00, 0x00, 0x00, 0x00, 0x00, 0x00, 0x00, 0x00, 0x7C, 0x00, 0x00, 0x00,
    0x07, 0xFF, 0xE0, 0x00, 0x00, 0x3F, 0xFF, 0xF8, 0x00, 0x00, 0x7F, 0xFF, 0xFE, 0x00, 0x01, 0xFF,
    0xFF, 0xFF, 0x00, 0x03, 0xFF, 0xFF, 0xFF, 0x80, 0x07, 0xFF, 0xFF, 0xFF, 0xC0, 0x0F, 0xFF, 0xFF,
    0xFF, 0xE0, 0x0F, 0xFF, 0xFF, 0xFF, 0xF0, 0x1F, 0xFF, 0xFF, 0xFF, 0xF0, 0x3F, 0xFF, 0x81, 0xFF,
    0xF8, 0x3F, 0xFE, 0x00, 0xFF, 0xF8, 0x3F, 0xFC, 0x00, 0x7F, 0xFC, 0x7F, 0xF8, 0x00, 0x3F, 0xFC,
    0x7F, 0xF8, 0x00, 0x1F, 0xFC, 0x7F, 0xF0, 0x00, 0x1F, 0xFE, 0x7F, 0xF0, 0x00, 0x1F, 0xFE, 0xFF,
    0xF0, 0x00, 0x0F, 0xFE, 0xFF, 0xF0, 0x00, 0x0F, 0xFE, 0xFF, 0xF0, 0x00, 0x0F, 0xFE, 0xFF, 0xF0,
    0x00, 0x0F, 0xFE, 0xFF, 0xF0, 0x00, 0x0F, 0xFE, 0xFF, 0xF0, 0x00, 0x0F, 0xFE, 0xFF, 0xF0, 0x00,
    0x0F, 0xFE, 0xFF, 0xF0, 0x00, 0x0F, 0xFE, 0x7F, 0xF0, 0x00, 0x1F, 0xFE, 0x7F, 0xF0, 0x00, 0x1F,
    0xFE, 0x7F, 0xF8, 0x00, 0x1F, 0xFC, 0x7F, 0xF8, 0x00, 0x3F, 0xFC, 0x3F, 0xFC, 0x00, 0x7F, 0xFC,
    0x3F, 0xFE, 0x00, 0xFF, 0xF8, 0x3F, 0xFF, 0x81, 0xFF, 0xF8, 0x1F, 0xFF, 0xFF, 0xFF, 0xF0, 0x0F,
    0xFF, 0xFF, 0xFF, 0xF0, 0x0F, 0xFF, 0xFF, 0xFF, 0xE0, 0x07, 0xFF, 0xFF, 0xFF, 0xC0, 0x03, 0xFF,
    0xFF, 0xFF, 0x80, 0x01, 0xFF, 0xFF, 0xFF, 0x00, 0x00, 0x7F, 0xFF, 0xFE, 0x00, 0x00, 0x3F, 0xFF,
    0xF8, 0x00, 0x00, 0x07, 0xFF, 0xE0, 0x00, 0x00, 0x00, 0x3C, 0x00, 0x00, 0x00, 0x00, 0x00, 0x00,
    0x00, 0x00, 0x00, 0xFF, 0x00, 0x00, 0x00, 0x01, 0xFF, 0x80, 0x00, 0x00, 0x03, 0xFF, 0xC0, 0x00,
    0x00, 0x07, 0xFF, 0xE0, 0x00, 0x00, 0x0F, 0xFF, 0xF0, 0x00, 0x00, 0x0F, 0xE7, 0xF8, 0x00, 0x00,
    0x1F, 0xC3, 0xF8, 0x00, 0x00, 0x3F, 0xC3, 0xFC, 0x00, 0x00, 0x7F, 0x81, 0xFE, 0x00, 0x00, 0x00,
    0x00, 0x00, 0x00, 0x00, 0x00, 0x00, 0x00, 0x00, 0x00, 0x00, 0x7C, 0x00, 0x00, 0x00, 0x07, 0xFF,
    0xE0, 0x00, 0x00, 0x3F, 0xFF, 0xF8, 0x00, 0x00, 0x7F, 0xFF, 0xFE, 0x00, 0x01, 0xFF, 0xFF, 0xFF,
    0x00, 0x03, 0xFF, 0xFF, 0xFF, 0x80, 0x07, 0xFF, 0xFF, 0xFF, 0xC0, 0x0F, 0xFF, 0xFF, 0xFF, 0xE0,
    0x0F, 0xFF, 0xFF, 0xFF, 0xF0, 0x1F, 0xFF, 0xFF, 0xFF, 0xF0, 0x3F, 0xFF, 0x81, 0xFF, 0xF8, 0x3F,
    0xFE, 0x00, 0xFF, 0xF8, 0x3F, 0xFC, 0x00, 0x7F, 0xFC, 0x7F, 0xF8, 0x00, 0x3F, 0xFC, 0x7F, 0xF8,
    0x00, 0x1F, 0xFC, 0x7F, 0xF0, 0x00, 0x1F, 0xFE, 0x7F, 0xF0, 0x00, 0x1F, 0xFE, 0xFF, 0xF0, 0x00,
    0x0F, 0xFE, 0xFF, 0xF0, 0x00, 0x0F, 0xFE, 0xFF, 0xF0, 0x00, 0x0F, 0xFE, 0xFF, 0xF0, 0x00, 0x0F,
    0xFE, 0xFF, 0xF0, 0x00, 0x0F, 0xFE, 0xFF, 0xF0, 0x00, 0x0F, 0xFE, 0xFF, 0xF0, 0x00, 0x0F, 0xFE,
    0xFF, 0xF0, 0x00, 0x0F, 0xFE, 0x7F, 0xF0, 0x00, 0x1F, 0xFE, 0x7F, 0xF0, 0x00, 0x1F, 0xFE, 0x7F,
    0xF8, 0x00, 0x1F, 0xFC, 0x7F, 0xF8, 0x00, 0x3F, 0xFC, 0x3F, 0xFC, 0x00, 0x7F, 0xFC, 0x3F, 0xFE,
    0x00, 0xFF, 0xF8, 0x3F, 0xFF, 0x81, 0xFF, 0xF8, 0x1F, 0xFF, 0xFF, 0xFF, 0xF0, 0x0F, 0xFF, 0xFF,
    0xFF, 0xF0, 0x0F, 0xFF, 0xFF, 0xFF, 0xE0, 0x07, 0xFF, 0xFF, 0xFF, 0xC0, 0x03, 0xFF, 0xFF, 0xFF,
    0x80, 0x01, 0xFF, 0xFF, 0xFF, 0x00, 0x00, 0x7F, 0xFF, 0xFE, 0x00, 0x00, 0x3F, 0xFF, 0xF8, 0x00,
    0x00, 0x07, 0xFF, 0xE0, 0x00, 0x00, 0x00, 0x3C, 0x00, 0x00, 0x00, 0x00, 0x00, 0x00, 0x00, 0x00,
    0x03, 0xC0, 0x7C, 0x00, 0x00, 0x0F, 0xF0, 0x7C, 0x00, 0x00, 0x1F, 0xF8, 0x7C, 0x00, 0x00, 0x3F,
    0xFF, 0xFC, 0x00, 0x00, 0x3F, 0xFF, 0xFC, 0x00, 0x00, 0x3F, 0xFF, 0xF8, 0x00, 0x00, 0x7E, 0x1F,
    0xF0, 0x00, 0x00, 0x7E, 0x0F, 0xE0, 0x00, 0x00, 0x7C, 0x03, 0x80, 0x00, 0x00, 0x00, 0x00, 0x00,
    0x00, 0x00, 0x00, 0x00, 0x00, 0x00, 0x00, 0x00, 0x7C, 0x00, 0x00, 0x00, 0x07, 0xFF, 0xE0, 0x00,
    0x00, 0x3F, 0xFF, 0xF8, 0x00, 0x00, 0x7F, 0xFF, 0xFE, 0x00, 0x01, 0xFF, 0xFF, 0xFF, 0x00, 0x03,
    0xFF, 0xFF, 0xFF, 0x80, 0x07, 0xFF, 0xFF, 0xFF, 0xC0, 0x0F, 0xFF, 0xFF, 0xFF, 0xE0, 0x0F, 0xFF,
    0xFF, 0xFF, 0xF0, 0x1F, 0xFF, 0xFF, 0xFF, 0xF0, 0x3F, 0xFF, 0x81, 0xFF, 0xF8, 0x3F, 0xFE, 0x00,
    0xFF, 0xF8, 0x3F, 0xFC, 0x00, 0x7F, 0xFC, 0x7F, 0xF8, 0x00, 0x3F, 0xFC, 0x7F, 0xF8, 0x00, 0x1F,
    0xFC, 0x7F, 0xF0, 0x00, 0x1F, 0xFE, 0x7F, 0xF0, 0x00, 0x1F, 0xFE, 0xFF, 0xF0, 0x00, 0x0F, 0xFE,
    0xFF, 0xF0, 0x00, 0x0F, 0xFE, 0xFF, 0xF0, 0x00, 0x0F, 0xFE, 0xFF, 0xF0, 0x00, 0x0F, 0xFE, 0xFF,
    0xF0, 0x00, 0x0F, 0xFE, 0xFF, 0xF0, 0x00, 0x0F, 0xFE, 0xFF, 0xF0, 0x00, 0x0F, 0xFE, 0xFF, 0xF0,
    0x00, 0x0F, 0xFE, 0x7F, 0xF0, 0x00, 0x1F, 0xFE, 0x7F, 0xF0, 0x00, 0x1F, 0xFE, 0x7F, 0xF8, 0x00,
    0x1F, 0xFC, 0x7F, 0xF8, 0x00, 0x3F, 0xFC, 0x3F, 0xFC, 0x00, 0x7F, 0xFC, 0x3F, 0xFE, 0x00, 0xFF,
    0xF8, 0x3F, 0xFF, 0x81, 0xFF, 0xF8, 0x1F, 0xFF, 0xFF, 0xFF, 0xF0, 0x0F, 0xFF, 0xFF, 0xFF, 0xF0,
    0x0F, 0xFF, 0xFF, 0xFF, 0xE0, 0x07, 0xFF, 0xFF, 0xFF, 0xC0, 0x03, 0xFF, 0xFF, 0xFF, 0x80, 0x01,
    0xFF, 0xFF, 0xFF, 0x00, 0x00, 0x7F, 0xFF, 0xFE, 0x00, 0x00, 0x3F, 0xFF, 0xF8, 0x00, 0x00, 0x07,
    0xFF, 0xE0, 0x00, 0x00, 0x00, 0x3C, 0x00, 0x00, 0x00, 0x00, 0x00, 0x00, 0x00, 0x00, 0x0F, 0x00,
    0xF8, 0x00, 0x00, 0x3F, 0xC1, 0xFC, 0x00, 0x00, 0x7F, 0xE3, 0xFE, 0x00, 0x00, 0x7F, 0xE7, 0xFE,
    0x00, 0x00, 0x7F, 0xE7, 0xFF, 0x00, 0x00, 0x7F, 0xE7, 0xFF, 0x00, 0x00, 0x7F, 0xE7, 0xFE, 0x00,
    0x00, 0x7F, 0xC3, 0xFE, 0x00, 0x00, 0x3F, 0xC1, 0xFC, 0x00, 0x00, 0x0F, 0x00, 0xF8, 0x00, 0x00,
    0x00, 0x00, 0x00, 0x00, 0x00, 0x00, 0x7C, 0x00, 0x00, 0x00, 0x07, 0xFF, 0xE0, 0x00, 0x00, 0x3F,
    0xFF, 0xF8, 0x00, 0x00, 0x7F, 0xFF, 0xFE, 0x00, 0x01, 0xFF, 0xFF, 0xFF, 0x00, 0x03, 0xFF, 0xFF,
    0xFF, 0x80, 0x07, 0xFF, 0xFF, 0xFF, 0xC0, 0x0F, 0xFF, 0xFF, 0xFF, 0xE0, 0x0F, 0xFF, 0xFF, 0xFF,
    0xF0, 0x1F, 0xFF, 0xFF, 0xFF, 0xF0, 0x3F, 0xFF, 0x81, 0xFF, 0xF8, 0x3F, 0xFE, 0x00, 0xFF, 0xF8,
    0x3F, 0xFC, 0x00, 0x7F, 0xFC, 0x7F, 0xF8, 0x00, 0x3F, 0xFC, 0x7F, 0xF8, 0x00, 0x1F, 0xFC, 0x7F,
    0xF0, 0x00, 0x1F, 0xFE, 0x7F, 0xF0, 0x00, 0x1F, 0xFE, 0xFF, 0xF0, 0x00, 0x0F, 0xFE, 0xFF, 0xF0,
    0x00, 0x0F, 0xFE, 0xFF, 0xF0, 0x00, 0x0F, 0xFE, 0xFF, 0xF0, 0x00, 0x0F, 0xFE, 0xFF, 0xF0, 0x00,
    0x0F, 0xFE, 0xFF, 0xF0, 0x00, 0x0F, 0xFE, 0xFF, 0xF0, 0x00, 0x0F, 0xFE, 0xFF, 0xF0, 0x00, 0x0F,
    0xFE, 0x7F, 0xF0, 0x00, 0x1F, 0xFE, 0x7F, 0xF0, 0x00, 0x1F, 0xFE, 0x7F, 0xF8, 0x00, 0x1F, 0xFC,
    0x7F, 0xF8, 0x00, 0x3F, 0xFC, 0x3F, 0xFC, 0x00, 0x7F, 0xFC, 0x3F, 0xFE, 0x00, 0xFF, 0xF8, 0x3F,
    0xFF, 0x81, 0xFF, 0xF8, 0x1F, 0xFF, 0xFF, 0xFF, 0xF0, 0x0F, 0xFF, 0xFF, 0xFF, 0xF0, 0x0F, 0xFF,
    0xFF, 0xFF, 0xE0, 0x07, 0xFF, 0xFF, 0xFF, 0xC0, 0x03, 0xFF, 0xFF, 0xFF, 0x80, 0x01, 0xFF, 0xFF,
    0xFF, 0x00, 0x00, 0x7F, 0xFF, 0xFE, 0x00, 0x00, 0x3F, 0xFF, 0xF8, 0x00, 0x00, 0x07, 0xFF, 0xE0,
    0x00, 0x00, 0x00, 0x3C, 0x00, 0x00, 0x02, 0x00, 0x00, 0x80, 0x03, 0x00, 0x01, 0xC0, 0x07, 0x80,
    0x03, 0xE0, 0x0F, 0xC0, 0x07, 0xF0, 0x1F, 0xE0, 0x0F, 0xF8, 0x3F, 0xF0, 0x1F, 0xFC, 0x7F, 0xF8,
    0x3F, 0xFE, 0xFF, 0xFC, 0x7F, 0xFE, 0x3F, 0xFE, 0xFF, 0xFC, 0x1F, 0xFF, 0xFF, 0xF8, 0x0F, 0xFF,
    0xFF, 0xF0, 0x07, 0xFF, 0xFF, 0xE0, 0x03, 0xFF, 0xFF, 0xC0, 0x01, 0xFF, 0xFF, 0x80, 0x00, 0xFF,
    0xFF, 0x00, 0x00, 0x7F, 0xFE, 0x00, 0x00, 0xFF, 0xFE, 0x00, 0x01, 0xFF, 0xFF, 0x00, 0x03, 0xFF,
    0xFF, 0x80, 0x07, 0xFF, 0xFF, 0xC0, 0x0F, 0xFF, 0xFF, 0xE0, 0x1F, 0xFF, 0xFF, 0xF0, 0x3F, 0xFF,
    0xFF, 0xF8, 0x7F, 0xFE, 0x7F, 0xFC, 0xFF, 0xFC, 0x3F, 0xFE, 0x7F, 0xF8, 0x1F, 0xFC, 0x3F, 0xF0,
    0x0F, 0xF8, 0x1F, 0xE0, 0x07, 0xF0, 0x0F, 0xC0, 0x03, 0xE0, 0x07, 0x80, 0x01, 0xC0, 0x03, 0x00,
    0x00, 0x80, 0x00, 0x00, 0x00, 0x00, 0x00, 0x00, 0x00, 0x00, 0x00, 0x00, 0x00, 0x00, 0x00, 0x60,
    0x00, 0x00, 0x7C, 0x00, 0xF0, 0x00, 0x07, 0xFF, 0xE0, 0xF8, 0x00, 0x3F, 0xFF, 0xF9, 0xFC, 0x00,
    0x7F, 0xFF, 0xFF, 0xFE, 0x01, 0xFF, 0xFF, 0xFF, 0xFC, 0x03, 0xFF, 0xFF, 0xFF, 0xF8, 0x07, 0xFF,
    0xFF, 0xFF, 0xF0, 0x0F, 0xFF, 0xFF, 0xFF, 0xE0, 0x0F, 0xFF, 0xFF, 0xFF, 0xF0, 0x1F, 0xFF, 0xFF,
    0xFF, 0xF0, 0x3F, 0xFF, 0x81, 0xFF, 0xF8, 0x3F, 0xFE, 0x01, 0xFF, 0xF8, 0x3F, 0xFC, 0x03, 0xFF,
    0xFC, 0x7F, 0xF8, 0x07, 0xFF, 0xFC, 0x7F, 0xF8, 0x07, 0xFF, 0xFC, 0x7F, 0xF0, 0x0F, 0xFF, 0xFE,
    0x7F, 0xF0, 0x1F, 0xFF, 0xFE, 0xFF, 0xF0, 0x3F, 0xEF, 0xFE, 0xFF, 0xF0, 0x7F, 0xCF, 0xFE, 0xFF,
    0xF0, 0xFF, 0x8F, 0xFE, 0xFF, 0xF0, 0xFF, 0x0F, 0xFE, 0xFF, 0xF1, 0xFF, 0x0F, 0xFE, 0xFF, 0xF3,
    0xFE, 0x0F, 0xFE, 0xFF, 0xF7, 0xFC, 0x0F, 0xFE, 0xFF, 0xFF, 0xF8, 0x0F, 0xFE, 0x7F, 0xFF, 0xF0,
    0x1F, 0xFE, 0x7F, 0xFF, 0xE0, 0x1F, 0xFE, 0x7F, 0xFF, 0xE0, 0x1F, 0xFC, 0x7F, 0xFF, 0xC0, 0x3F,
    0xFC, 0x3F, 0xFF, 0x80, 0x7F, 0xFC, 0x3F, 0xFF, 0x00, 0xFF, 0xF8, 0x3F, 0xFF, 0x81, 0xFF, 0xF8,
    0x1F, 0xFF, 0xFF, 0xFF, 0xF0, 0x0F, 0xFF, 0xFF, 0xFF, 0xF0, 0x0F, 0xFF, 0xFF, 0xFF, 0xE0, 0x1F,
    0xFF, 0xFF, 0xFF, 0xC0, 0x3F, 0xFF, 0xFF, 0xFF, 0x80, 0x7F, 0xFF, 0xFF, 0xFF, 0x00, 0xFF, 0xFF,
    0xFF, 0xFE, 0x00, 0x7F, 0x3F, 0xFF, 0xF8, 0x00, 0x3F, 0x07, 0xFF, 0xE0, 0x00, 0x1E, 0x00, 0x3C,
    0x00, 0x00, 0x0C, 0x00, 0x00, 0x00, 0x00, 0x00, 0x00, 0x00, 0x00, 0x00, 0x00, 0x00, 0x00, 0x00,
    0x00, 0x7F, 0xE0, 0x00, 0x00, 0x03, 0xFE, 0x00, 0x00, 0x00, 0x7F, 0xC0, 0x00, 0x00, 0x07, 0xFC,
    0x00, 0x00, 0x00, 0x7F, 0xC0, 0x00, 0x00, 0x07, 0xF8, 0x00, 0x00, 0x00, 0x7F, 0x80, 0x00, 0x00,
    0x07, 0xF0, 0x00, 0x00, 0x00, 0x7F, 0x00, 0x00, 0x00, 0x00, 0x00, 0x00, 0x00, 0x00, 0x00, 0x00,
    0x00, 0x00, 0x00, 0x00, 0x01, 0xFF, 0xC0, 0x01, 0xFF, 0xFF, 0xF8, 0x00, 0x3F, 0xFF, 0xFF, 0x00,
    0x07, 0xFF, 0xFF, 0xE0, 0x00, 0xFF, 0xFF, 0xFC, 0x00, 0x1F, 0xFF, 0xFF, 0x80, 0x03, 0xFF, 0xFF,
    0xF0, 0x00, 0x7F, 0xFF, 0xFE, 0x00, 0x0F, 0xFF, 0xFF, 0xC0, 0x01, 0xFF, 0xFF, 0xF8, 0x00, 0x3F,
    0xFF, 0xFF, 0x00, 0x07, 0xFF, 0xFF, 0xE0, 0x00, 0xFF, 0xFF, 0xFC, 0x00, 0x1F, 0xFF, 0xFF, 0x80,
    0x03, 0xFF, 0xFF, 0xF0, 0x00, 0x7F, 0xFF, 0xFE, 0x00, 0x0F, 0xFF, 0xFF, 0xC0, 0x01, 0xFF, 0xFF,
    0xF8, 0x00, 0x3F, 0xFF, 0xFF, 0x00, 0x07, 0xFF, 0xFF, 0xE0, 0x00, 0xFF, 0xFF, 0xFC, 0x00, 0x1F,
    0xFF, 0xFF, 0x80, 0x03, 0xFF, 0xFF, 0xF0, 0x00, 0x7F, 0xFF, 0xFE, 0x00, 0x0F, 0xFF, 0xFF, 0xC0,
    0x01, 0xFF, 0xFF, 0xF8, 0x00, 0x3F, 0xFF, 0xFF, 0x00, 0x07, 0xFF, 0xFF, 0xF0, 0x01, 0xFF, 0xEF,
    0xFE, 0x00, 0x3F, 0xF9, 0xFF, 0xE0, 0x0F, 0xFF, 0x3F, 0xFE, 0x03, 0xFF, 0xE7, 0xFF, 0xFF, 0xFF,
    0xFC, 0x7F, 0xFF, 0xFF, 0xFF, 0x0F, 0xFF, 0xFF, 0xFF, 0xE0, 0xFF, 0xFF, 0xFF, 0xF8, 0x0F, 0xFF,
    0xFF, 0xFE, 0x00, 0xFF, 0xFF, 0xFF, 0x80, 0x0F, 0xFF, 0xFF, 0xE0, 0x00, 0x7F, 0xFF, 0xF0, 0x00,
    0x03, 0xFF, 0xF8, 0x00, 0x00, 0x03, 0xE0, 0x00, 0x00, 0x00, 0x00, 0x00, 0x00, 0x00, 0x00, 0x07,
    0xFE, 0x00, 0x00, 0x00, 0xFF, 0x80, 0x00, 0x00, 0x3F, 0xE0, 0x00, 0x00, 0x0F, 0xF8, 0x00, 0x00,
    0x01, 0xFE, 0x00, 0x00, 0x00, 0x7F, 0x80, 0x00, 0x00, 0x0F, 0xE0, 0x00, 0x00, 0x03, 0xFC, 0x00,
    0x00, 0x00, 0x7F, 0x00, 0x00, 0x00, 0x10, 0x00, 0x00, 0x00, 0x00, 0x00, 0x00, 0x00, 0x00, 0x00,
    0x00, 0x01, 0xFF, 0xC0, 0x01, 0xFF, 0xFF, 0xF8, 0x00, 0x3F, 0xFF, 0xFF, 0x00, 0x07, 0xFF, 0xFF,
    0xE0, 0x00, 0xFF, 0xFF, 0xFC, 0x00, 0x1F, 0xFF, 0xFF, 0x80, 0x03, 0xFF, 0xFF, 0xF0, 0x00, 0x7F,
    0xFF, 0xFE, 0x00, 0x0F, 0xFF, 0xFF, 0xC0, 0x01, 0xFF, 0xFF, 0xF8, 0x00, 0x3F, 0xFF, 0xFF, 0x00,
    0x07, 0xFF, 0xFF, 0xE0, 0x00, 0xFF, 0xFF, 0xFC, 0x00, 0x1F, 0xFF, 0xFF, 0x80, 0x03, 0xFF, 0xFF,
    0xF0, 0x00, 0x7F, 0xFF, 0xFE, 0x00, 0x0F, 0xFF, 0xFF, 0xC0, 0x01, 0xFF, 0xFF, 0xF8, 0x00, 0x3F,
    0xFF, 0xFF, 0x00, 0x07, 0xFF, 0xFF, 0xE0, 0x00, 0xFF, 0xFF, 0xFC, 0x00, 0x1F, 0xFF, 0xFF, 0x80,
    0x03, 0xFF, 0xFF, 0xF0, 0x00, 0x7F, 0xFF, 0xFE, 0x00, 0x0F, 0xFF, 0xFF, 0xC0, 0x01, 0xFF, 0xFF,
    0xF8, 0x00, 0x3F, 0xFF, 0xFF, 0x00, 0x07, 0xFF, 0xFF, 0xF0, 0x01, 0xFF, 0xEF, 0xFE, 0x00, 0x3F,
    0xF9, 0xFF, 0xE0, 0x0F, 0xFF, 0x3F, 0xFE, 0x03, 0xFF, 0xE7, 0xFF, 0xFF, 0xFF, 0xFC, 0x7F, 0xFF,
    0xFF, 0xFF, 0x0F, 0xFF, 0xFF, 0xFF, 0xE0, 0xFF, 0xFF, 0xFF, 0xF8, 0x0F, 0xFF, 0xFF, 0xFE, 0x00,
    0xFF, 0xFF, 0xFF, 0x80, 0x0F, 0xFF, 0xFF, 0xE0, 0x00, 0x7F, 0xFF, 0xF0, 0x00, 0x03, 0xFF, 0xF8,
    0x00, 0x00, 0x03, 0xE0, 0x00, 0x00, 0x00, 0x00, 0x00, 0x00, 0x00, 0x00, 0xFF, 0x00, 0x00, 0x00,
    0x3F, 0xF0, 0x00, 0x00, 0x0F, 0xFF, 0x00, 0x00, 0x03, 0xFF, 0xF0, 0x00, 0x00, 0xFF, 0xFF, 0x00,
    0x00, 0x1F, 0xCF, 0xF0, 0x00, 0x07, 0xF0, 0xFE, 0x00, 0x01, 0xFE, 0x1F, 0xE0, 0x00, 0x7F, 0x81,
    0xFE, 0x00, 0x00, 0x00, 0x00, 0x00, 0x00, 0x00, 0x00, 0x00, 0x00, 0x00, 0x00, 0x00, 0x01, 0xFF,
    0xC0, 0x01, 0xFF, 0xFF, 0xF8, 0x00, 0x3F, 0xFF, 0xFF, 0x00, 0x07, 0xFF, 0xFF, 0xE0, 0x00, 0xFF,
    0xFF, 0xFC, 0x00, 0x1F, 0xFF, 0xFF, 0x80, 0x03, 0xFF, 0xFF, 0xF0, 0x00, 0x7F, 0xFF, 0xFE, 0x00,
    0x0F, 0xFF, 0xFF, 0xC0, 0x01, 0xFF, 0xFF, 0xF8, 0x00, 0x3F, 0xFF, 0xFF, 0x00, 0x07, 0xFF, 0xFF,
    0xE0, 0x00, 0xFF, 0xFF, 0xFC, 0x00, 0x1F, 0xFF, 0xFF, 0x80, 0x03, 0xFF, 0xFF, 0xF0, 0x00, 0x7F,
    0xFF, 0xFE, 0x00, 0x0F, 0xFF, 0xFF, 0xC0, 0x01, 0xFF, 0xFF, 0xF8, 0x00, 0x3F, 0xFF, 0xFF, 0x00,
    0x07, 0xFF, 0xFF, 0xE0, 0x00, 0xFF, 0xFF, 0xFC, 0x00, 0x1F, 0xFF, 0xFF, 0x80, 0x03, 0xFF, 0xFF,
    0xF0, 0x00, 0x7F, 0xFF, 0xFE, 0x00, 0x0F, 0xFF, 0xFF, 0xC0, 0x01, 0xFF, 0xFF, 0xF8, 0x00, 0x3F,
    0xFF, 0xFF, 0x00, 0x07, 0xFF, 0xFF, 0xF0, 0x01, 0xFF, 0xEF, 0xFE, 0x00, 0x3F, 0xF9, 0xFF, 0xE0,
    0x0F, 0xFF, 0x3F, 0xFE, 0x03, 0xFF, 0xE7, 0xFF, 0xFF, 0xFF, 0xFC, 0x7F, 0xFF, 0xFF, 0xFF, 0x0F,
    0xFF, 0xFF, 0xFF, 0xE0, 0xFF, 0xFF, 0xFF, 0xF8, 0x0F, 0xFF, 0xFF, 0xFE, 0x00, 0xFF, 0xFF, 0xFF,
    0x80, 0x0F, 0xFF, 0xFF, 0xE0, 0x00, 0x7F, 0xFF, 0xF0, 0x00, 0x03, 0xFF, 0xF8, 0x00, 0x00, 0x03,
    0xE0, 0x00, 0x00, 0x00, 0x00, 0x00, 0x00, 0x00, 0x0F, 0x00, 0xF8, 0x00, 0x07, 0xF8, 0x3F, 0x80,
    0x01, 0xFF, 0x8F, 0xF8, 0x00, 0x3F, 0xF3, 0xFF, 0x00, 0x07, 0xFE, 0x7F, 0xF0, 0x00, 0xFF, 0xCF,
    0xFE, 0x00, 0x1F, 0xF9, 0xFF, 0x80, 0x03, 0xFE, 0x1F, 0xF0, 0x00, 0x3F, 0xC1, 0xFC, 0x00, 0x01,
    0xE0, 0x1F, 0x00, 0x00, 0x00, 0x00, 0x00, 0x00, 0x00, 0x00, 0x00, 0x01, 0xFF, 0xC0, 0x01, 0xFF,
    0xFF, 0xF8, 0x00, 0x3F, 0xFF, 0xFF, 0x00, 0x07, 0xFF, 0xFF, 0xE0, 0x00, 0xFF, 0xFF, 0xFC, 0x00,
    0x1F, 0xFF, 0xFF, 0x80, 0x03, 0xFF, 0xFF, 0xF0, 0x00, 0x7F, 0xFF, 0xFE, 0x00, 0x0F, 0xFF, 0xFF,
    0xC0, 0x01, 0xFF, 0xFF, 0xF8, 0x00, 0x3F, 0xFF, 0xFF, 0x00, 0x07, 0xFF, 0xFF, 0xE0, 0x00, 0xFF,
    0xFF, 0xFC, 0x00, 0x1F, 0xFF, 0xFF, 0x80, 0x03, 0xFF, 0xFF, 0xF0, 0x00, 0x7F, 0xFF, 0xFE, 0x00,
    0x0F, 0xFF, 0xFF, 0xC0, 0x01, 0xFF, 0xFF, 0xF8, 0x00, 0x3F, 0xFF, 0xFF, 0x00, 0x07, 0xFF, 0xFF,
    0xE0, 0x00, 0xFF, 0xFF, 0xFC, 0x00, 0x1F, 0xFF, 0xFF, 0x80, 0x03, 0xFF, 0xFF, 0xF0, 0x00, 0x7F,
    0xFF, 0xFE, 0x00, 0x0F, 0xFF, 0xFF, 0xC0, 0x01, 0xFF, 0xFF, 0xF8, 0x00, 0x3F, 0xFF, 0xFF, 0x00,
    0x07, 0xFF, 0xFF, 0xF0, 0x01, 0xFF, 0xEF, 0xFE, 0x00, 0x3F, 0xF9, 0xFF, 0xE0, 0x0F, 0xFF, 0x3F,
    0xFE, 0x03, 0xFF, 0xE7, 0xFF, 0xFF, 0xFF, 0xFC, 0x7F, 0xFF, 0xFF, 0xFF, 0x0F, 0xFF, 0xFF, 0xFF,
    0xE0, 0xFF, 0xFF, 0xFF, 0xF8, 0x0F, 0xFF, 0xFF, 0xFE, 0x00, 0xFF, 0xFF, 0xFF, 0x80, 0x0F, 0xFF,
    0xFF, 0xE0, 0x00, 0x7F, 0xFF, 0xF0, 0x00, 0x03, 0xFF, 0xF8, 0x00, 0x00, 0x03, 0xE0, 0x00, 0x00,
    0x00, 0x00, 0x00, 0x00, 0x00, 0x00, 0x00, 0x03, 0xFF, 0x00, 0x00, 0x00, 0x01, 0xFF, 0x00, 0x00,
    0x00, 0x01, 0xFF, 0x00, 0x00, 0x00, 0x01, 0xFF, 0x00, 0x00, 0x00, 0x00, 0xFF, 0x00, 0x00, 0x00,
    0x00, 0xFF, 0x00, 0x00, 0x00, 0x00, 0x7F, 0x00, 0x00, 0x00, 0x00, 0x7F, 0x80, 0x00, 0x00, 0x00,
    0x3F, 0x80, 0x00, 0x00, 0x00, 0x20, 0x00, 0x00, 0x00, 0x00, 0x00, 0x00, 0x00, 0x00, 0x00, 0x00,
    0x00, 0x00, 0x07, 0xFF, 0xC0, 0x00, 0xFF, 0xF9, 0xFF, 0xF0, 0x00, 0x7F, 0xFC, 0x7F, 0xF8, 0x00,
    0x3F, 0xFC, 0x3F, 0xFE, 0x00, 0x3F, 0xFE, 0x0F, 0xFF, 0x00, 0x1F, 0xFE, 0x07, 0xFF, 0xC0, 0x1F,
    0xFE, 0x01, 0xFF, 0xE0, 0x0F, 0xFF, 0x00, 0x7F, 0xF8, 0x0F, 0xFF, 0x00, 0x3F, 0xFC, 0x07, 0xFF,
    0x80, 0x0F, 0xFF, 0x07, 0xFF, 0x80, 0x07, 0xFF, 0x83, 0xFF, 0xC0, 0x01, 0xFF, 0xE3, 0xFF, 0xC0,
    0x00, 0xFF, 0xF1, 0xFF, 0xE0, 0x00, 0x3F, 0xFD, 0xFF, 0xE0, 0x00, 0x1F, 0xFE, 0xFF, 0xE0, 0x00,
    0x07, 0xFF, 0xFF, 0xF0, 0x00, 0x01, 0xFF, 0xFF, 0xF0, 0x00, 0x00, 0xFF, 0xFF, 0xF8, 0x00, 0x00,
    0x3F, 0xFF, 0xF8, 0x00, 0x00, 0x1F, 0xFF, 0xFC, 0x00, 0x00, 0x07, 0xFF, 0xFC, 0x00, 0x00, 0x03,
    0xFF, 0xFE, 0x00, 0x00, 0x00, 0xFF, 0xFE, 0x00, 0x00, 0x00, 0x3F, 0xFF, 0x00, 0x00, 0x00, 0x1F,
    0xFF, 0x00, 0x00, 0x00, 0x07, 0xFF, 0x00, 0x00, 0x00, 0x03, 0xFF, 0x80, 0x00, 0x00, 0x01, 0xFF,
    0xC0, 0x00, 0x00, 0x00, 0xFF, 0xE0, 0x00, 0x00, 0x00, 0x7F, 0xF0, 0x00, 0x00, 0x00, 0x3F, 0xF8,
    0x00, 0x00, 0x00, 0x1F, 0xFC, 0x00, 0x00, 0x00, 0x0F, 0xFE, 0x00, 0x00, 0x00, 0x07, 0xFF, 0x00,
    0x00, 0x00, 0x03, 0xFF, 0x80, 0x00, 0x00, 0x01, 0xFF, 0xC0, 0x00, 0x00, 0x00, 0xFF, 0xE0, 0x00,
    0x00, 0x00, 0x7F, 0xF0, 0x00, 0x00, 0x00, 0x3F, 0xF8, 0x00, 0x00, 0x00, 0x1F, 0xFC, 0x00, 0x00,
    0x00, 0x00, 0x00, 0x00, 0xFF, 0xE0, 0x00, 0x00, 0xFF, 0xE0, 0x00, 0x00, 0xFF, 0xE0, 0x00, 0x00,
    0xFF, 0xE0, 0x00, 0x00, 0xFF, 0xE0, 0x00, 0x00, 0xFF, 0xE0, 0x00, 0x00, 0xFF, 0xE0, 0x00, 0x00,
    0xFF, 0xFF, 0xFC, 0x00, 0xFF, 0xFF, 0xFF, 0x80, 0xFF, 0xFF, 0xFF, 0xE0, 0xFF, 0xFF, 0xFF, 0xF0,
    0xFF, 0xFF, 0xFF, 0xF8, 0xFF, 0xFF, 0xFF, 0xFC, 0xFF, 0xFF, 0xFF, 0xFC, 0xFF, 0xFF, 0xFF, 0xFE,
    0xFF, 0xE0, 0x1F, 0xFE, 0xFF, 0xE0, 0x0F, 0xFF, 0xFF, 0xE0, 0x07, 0xFF, 0xFF, 0xE0, 0x07, 0xFF,
    0xFF, 0xE0, 0x03, 0xFF, 0xFF, 0xE0, 0x07, 0xFF, 0xFF, 0xE0, 0x07, 0xFF, 0xFF, 0xE0, 0x0F, 0xFF,
    0xFF, 0xE0, 0x1F, 0xFE, 0xFF, 0xFF, 0xFF, 0xFE, 0xFF, 0xFF, 0xFF, 0xFC, 0xFF, 0xFF, 0xFF, 0xFC,
    0xFF, 0xFF, 0xFF, 0xF8, 0xFF, 0xFF, 0xFF, 0xF0, 0xFF, 0xFF, 0xFF, 0xC0, 0xFF, 0xFF, 0xFF, 0x80,
    0xFF, 0xFF, 0xF8, 0x00, 0xFF, 0xE0, 0x00, 0x00, 0xFF, 0xE0, 0x00, 0x00, 0xFF, 0xE0, 0x00, 0x00,
    0xFF, 0xE0, 0x00, 0x00, 0xFF, 0xE0, 0x00, 0x00, 0xFF, 0xE0, 0x00, 0x00, 0xFF, 0xE0, 0x00, 0x00,
    0xFF, 0xE0, 0x00, 0x00, 0x00, 0x03, 0x80, 0x00, 0x00, 0x1F, 0xFF, 0xC0, 0x00, 0x0F, 0xFF, 0xFE,
    0x00, 0x07, 0xFF, 0xFF, 0xF0, 0x01, 0xFF, 0xFF, 0xFF, 0x00, 0x7F, 0xFF, 0xFF, 0xF0, 0x0F, 0xFF,
    0xFF, 0xFF, 0x03, 0xFF, 0xFF, 0xFF, 0xF0, 0x7F, 0xFF, 0xFF, 0xFE, 0x1F, 0xFF, 0x87, 0xFF, 0xC3,
    0xFF, 0xC0, 0x7F, 0xF8, 0x7F, 0xF8, 0x07, 0xFF, 0x8F, 0xFE, 0x00, 0xFF, 0xE1, 0xFF, 0xC0, 0x1F,
    0xFC, 0x3F, 0xF8, 0x03, 0xFF, 0x87, 0xFF, 0x00, 0x7F, 0xF0, 0xFF, 0xE0, 0x1F, 0xFC, 0x1F, 0xFC,
    0x3F, 0xFF, 0x03, 0xFF, 0x87, 0xFF, 0xC0, 0x7F, 0xF0, 0xFF, 0xE0, 0x0F, 0xFE, 0x1F, 0xFF, 0x81,
    0xFF, 0xC3, 0xFF, 0xFC, 0x3F, 0xF8, 0x7F, 0xFF, 0xC7, 0xFF, 0x0F, 0xFF, 0xFC, 0xFF, 0xE1, 0xFF,
    0xFF, 0x9F, 0xFC, 0x00, 0x7F, 0xFB, 0xFF, 0x80, 0x07, 0xFF, 0x7F, 0xF0, 0x00, 0xFF, 0xEF, 0xFE,
    0x00, 0x0F, 0xFD, 0xFF, 0xC0, 0x03, 0xFF, 0xBF, 0xF8, 0x00, 0x7F, 0xF7, 0xFF, 0x00, 0x1F, 0xFE,
    0xFF, 0xE0, 0x0F, 0xFF, 0xDF, 0xFC, 0x3F, 0xFF, 0xFB, 0xFF, 0x87, 0xFF, 0xFF, 0x7F, 0xF0, 0xFF,
    0xFF, 0xCF, 0xFE, 0x1F, 0xFF, 0xF1, 0xFF, 0xC3, 0xFF, 0xFE, 0x3F, 0xF8, 0x7F, 0xFF, 0x07, 0xFF,
    0x0F, 0xFF, 0xC0, 0xFF, 0xE1, 0xFF, 0xC0, 0x00, 0x0F, 0xFC, 0x00, 0x00, 0x1F, 0xF0, 0x00, 0x00,
    0xFF, 0x80, 0x00, 0x03, 0xFE, 0x00, 0x00, 0x0F, 0xF8, 0x00, 0x00, 0x3F, 0xC0, 0x00, 0x00, 0xFF,
    0x00, 0x00, 0x03, 0xF8, 0x00, 0x00, 0x0F, 0xE0, 0x00, 0x00, 0x00, 0x00, 0x00, 0x00, 0x00, 0x00,
    0x00, 0x00, 0x00, 0x00, 0x07, 0xFF, 0xC0, 0x00, 0xFF, 0xFF, 0x80, 0x1F, 0xFF, 0xFF, 0x01, 0xFF,
    0xFF, 0xFC, 0x1F, 0xFF, 0xFF, 0xE0, 0xFF, 0xFF, 0xFF, 0x8F, 0xFF, 0xFF, 0xFC, 0x7F, 0xF0, 0xFF,
    0xF3, 0xFF, 0x03, 0xFF, 0xBF, 0xF0, 0x1F, 0xFC, 0x00, 0x00, 0xFF, 0xE0, 0x00, 0x3F, 0xFF, 0x01,
    0xFF, 0xFF, 0xF8, 0x3F, 0xFF, 0xFF, 0xC7, 0xFF, 0xFF, 0xFE, 0x7F, 0xFF, 0xFF, 0xF7, 0xFF, 0xFF,
    0xFF, 0xBF, 0xFE, 0x1F, 0xFD, 0xFF, 0x80, 0xFF, 0xFF, 0xFC, 0x07, 0xFF, 0xFF, 0xC0, 0x3F, 0xFF,
    0xFF, 0x03, 0xFF, 0xFF, 0xFC, 0x7F, 0xFE, 0xFF, 0xFF, 0xFF, 0xF7, 0xFF, 0xFF, 0xFF, 0xBF, 0xFF,
    0xFF, 0xFC, 0xFF, 0xFE, 0xFF, 0xE3, 0xFF, 0xE7, 0xFF, 0x07, 0xFE, 0x3F, 0xF8, 0x02, 0x00, 0x00,
    0x00, 0x00, 0x00, 0xFF, 0xC0, 0x00, 0x07, 0xFC, 0x00, 0x00, 0x7F, 0xC0, 0x00, 0x07, 0xFC, 0x00,
    0x00, 0x3F, 0xC0, 0x00, 0x03, 0xFC, 0x00, 0x00, 0x1F, 0xC0, 0x00, 0x01, 0xFE, 0x00, 0x00, 0x0F,
    0xE0, 0x00, 0x00, 0x80, 0x00, 0x00, 0x00, 0x00, 0x00, 0x00, 0x00, 0x00, 0x00, 0x07, 0xFF, 0xC0,
    0x00, 0xFF, 0xFF, 0x80, 0x1F, 0xFF, 0xFF, 0x01, 0xFF, 0xFF, 0xFC, 0x1F, 0xFF, 0xFF, 0xE0, 0xFF,
    0xFF, 0xFF, 0x8F, 0xFF, 0xFF, 0xFC, 0x7F, 0xF0, 0xFF, 0xF3, 0xFF, 0x03, 0xFF, 0xBF, 0xF0, 0x1F,
    0xFC, 0x00, 0x00, 0xFF, 0xE0, 0x00, 0x3F, 0xFF, 0x01, 0xFF, 0xFF, 0xF8, 0x3F, 0xFF, 0xFF, 0xC7,
    0xFF, 0xFF, 0xFE, 0x7F, 0xFF, 0xFF, 0xF7, 0xFF, 0xFF, 0xFF, 0xBF, 0xFE, 0x1F, 0xFD, 0xFF, 0x80,
    0xFF, 0xFF, 0xFC, 0x07, 0xFF, 0xFF, 0xC0, 0x3F, 0xFF, 0xFF, 0x03, 0xFF, 0xFF, 0xFC, 0x7F, 0xFE,
    0xFF, 0xFF, 0xFF, 0xF7, 0xFF, 0xFF, 0xFF, 0xBF, 0xFF, 0xFF, 0xFC, 0xFF, 0xFE, 0xFF, 0xE3, 0xFF,
    0xE7, 0xFF, 0x07, 0xFE, 0x3F, 0xF8, 0x02, 0x00, 0x00, 0x00, 0x00, 0x1F, 0xE0, 0x00, 0x01, 0xFF,
    0x80, 0x00, 0x1F, 0xFE, 0x00, 0x01, 0xFF, 0xF8, 0x00, 0x1F, 0xFF, 0xE0, 0x00, 0xFE, 0x7F, 0x80,
    0x0F, 0xE1, 0xFC, 0x00, 0xFF, 0x0F, 0xF0, 0x0F, 0xF0, 0x3F, 0xC0, 0x00, 0x00, 0x00, 0x00, 0x00,
    0x00, 0x00, 0x00, 0x00, 0x00, 0x00, 0x07, 0xFF, 0xC0, 0x00, 0xFF, 0xFF, 0x80, 0x1F, 0xFF, 0xFF,
    0x01, 0xFF, 0xFF, 0xFC, 0x1F, 0xFF, 0xFF, 0xE0, 0xFF, 0xFF, 0xFF, 0x8F, 0xFF, 0xFF, 0xFC, 0x7F,
    0xF0, 0xFF, 0xF3, 0xFF, 0x03, 0xFF, 0xBF, 0xF0, 0x1F, 0xFC, 0x00, 0x00, 0xFF, 0xE0, 0x00, 0x3F,
    0xFF, 0x01, 0xFF, 0xFF, 0xF8, 0x3F, 0xFF, 0xFF, 0xC7, 0xFF, 0xFF, 0xFE, 0x7F, 0xFF, 0xFF, 0xF7,
    0xFF, 0xFF, 0xFF, 0xBF, 0xFE, 0x1F, 0xFD, 0xFF, 0x80, 0xFF, 0xFF, 0xFC, 0x07, 0xFF, 0xFF, 0xC0,
    0x3F, 0xFF, 0xFF, 0x03, 0xFF, 0xFF, 0xFC, 0x7F, 0xFE, 0xFF, 0xFF, 0xFF, 0xF7, 0xFF, 0xFF, 0xFF,
    0xBF, 0xFF, 0xFF, 0xFC, 0xFF, 0xFE, 0xFF, 0xE3, 0xFF, 0xE7, 0xFF, 0x07, 0xFE, 0x3F, 0xF8, 0x02,
    0x00, 0x00, 0x00, 0x00, 0x78, 0x0F, 0x80, 0x0F, 0xF0, 0x7C, 0x00, 0xFF, 0xC3, 0xE0, 0x0F, 0xFF,
    0xFF, 0x00, 0x7F, 0xFF, 0xF8, 0x03, 0xFF, 0xFF, 0x80, 0x3F, 0x0F, 0xF8, 0x01, 0xF8, 0x3F, 0x80,
    0x0F, 0x80, 0x70, 0x00, 0x00, 0x00, 0x00, 0x00, 0x00, 0x00, 0x00, 0x00, 0x00, 0x00, 0x00, 0x07,
    0xFF, 0xC0, 0x00, 0xFF, 0xFF, 0x80, 0x1F, 0xFF, 0xFF, 0x01, 0xFF, 0xFF, 0xFC, 0x1F, 0xFF, 0xFF,
    0xE0, 0xFF, 0xFF, 0xFF, 0x8F, 0xFF, 0xFF, 0xFC, 0x7F, 0xF0, 0xFF, 0xF3, 0xFF, 0x03, 0xFF, 0xBF,
    0xF0, 0x1F, 0xFC, 0x00, 0x00, 0xFF, 0xE0, 0x00, 0x3F, 0xFF, 0x01, 0xFF, 0xFF, 0xF8, 0x3F, 0xFF,
    0xFF, 0xC7, 0xFF, 0xFF, 0xFE, 0x7F, 0xFF, 0xFF, 0xF7, 0xFF, 0xFF, 0xFF, 0xBF, 0xFE, 0x1F, 0xFD,
    0xFF, 0x80, 0xFF, 0xFF, 0xFC, 0x07, 0xFF, 0xFF, 0xC0, 0x3F, 0xFF, 0xFF, 0x03, 0xFF, 0xFF, 0xFC,
    0x7F, 0xFE, 0xFF, 0xFF, 0xFF, 0xF7, 0xFF, 0xFF, 0xFF, 0xBF, 0xFF, 0xFF, 0xFC, 0xFF, 0xFE, 0xFF,
    0xE3, 0xFF, 0xE7, 0xFF, 0x07, 0xFE, 0x3F, 0xF8, 0x02, 0x00, 0x00, 0x00, 0x00, 0x00, 0x00, 0x00,
    0x0F, 0x00, 0xF8, 0x01, 0xFE, 0x0F, 0xE0, 0x1F, 0xF8, 0xFF, 0x80, 0xFF, 0xCF, 0xFC, 0x07, 0xFE,
    0x7F, 0xF0, 0x3F, 0xF3, 0xFF, 0x81, 0xFF, 0x9F, 0xF8, 0x0F, 0xF8, 0x7F, 0xC0, 0x3F, 0xC1, 0xFC,
    0x00, 0x78, 0x07, 0xC0, 0x00, 0x00, 0x00, 0x00, 0x00, 0x00, 0x00, 0x00, 0x3F, 0xFE, 0x00, 0x07,
    0xFF, 0xFC, 0x00, 0xFF, 0xFF, 0xF8, 0x0F, 0xFF, 0xFF, 0xE0, 0xFF, 0xFF, 0xFF, 0x07, 0xFF, 0xFF,
    0xFC, 0x7F, 0xFF, 0xFF, 0xE3, 0xFF, 0x87, 0xFF, 0x9F, 0xF8, 0x1F, 0xFD, 0xFF, 0x80, 0xFF, 0xE0,
    0x00, 0x07, 0xFF, 0x00, 0x01, 0xFF, 0xF8, 0x0F, 0xFF, 0xFF, 0xC1, 0xFF, 0xFF, 0xFE, 0x3F, 0xFF,
    0xFF, 0xF3, 0xFF, 0xFF, 0xFF, 0xBF, 0xFF, 0xFF, 0xFD, 0xFF, 0xF0, 0xFF, 0xEF, 0xFC, 0x07, 0xFF,
    0xFF, 0xE0, 0x3F, 0xFF, 0xFE, 0x01, 0xFF, 0xFF, 0xF8, 0x1F, 0xFF, 0xFF, 0xE3, 0xFF, 0xF7, 0xFF,
    0xFF, 0xFF, 0xBF, 0xFF, 0xFF, 0xFD, 0xFF, 0xFF, 0xFF, 0xE7, 0xFF, 0xF7, 0xFF, 0x1F, 0xFF, 0x3F,
    0xF8, 0x3F, 0xF1, 0xFF, 0xC0, 0x10, 0x00, 0x00, 0x00, 0x00, 0x00, 0x00, 0x00, 0xFE, 0x00, 0x00,
    0x0F, 0xF8, 0x00, 0x00, 0xFF, 0xE0, 0x00, 0x0F, 0xFF, 0x80, 0x00, 0x7C, 0x7C, 0x00, 0x03, 0xC1,
    0xF0, 0x00, 0x3E, 0x0F, 0x80, 0x00, 0xF0, 0x7C, 0x00, 0x07, 0xC7, 0xC0, 0x00, 0x3F, 0xFE, 0x00,
    0x00, 0xFF, 0xE0, 0x00, 0x03, 0xFE, 0x00, 0x00, 0x07, 0xE0, 0x00, 0x00, 0x00, 0x00, 0x00, 0x00,
    0x00, 0x00, 0x00, 0x7F, 0xFC, 0x00, 0x0F, 0xFF, 0xF8, 0x01, 0xFF, 0xFF, 0xF0, 0x1F, 0xFF, 0xFF,
    0xC1, 0xFF, 0xFF, 0xFE, 0x0F, 0xFF, 0xFF, 0xF8, 0xFF, 0xFF, 0xFF, 0xC7, 0xFF, 0x0F, 0xFF, 0x3F,
    0xF0, 0x3F, 0xFB, 0xFF, 0x01, 0xFF, 0xC0, 0x00, 0x0F, 0xFE, 0x00, 0x03, 0xFF, 0xF0, 0x1F, 0xFF,
    0xFF, 0x83, 0xFF, 0xFF, 0xFC, 0x7F, 0xFF, 0xFF, 0xE7, 0xFF, 0xFF, 0xFF, 0x7F, 0xFF, 0xFF, 0xFB,
    0xFF, 0xE1, 0xFF, 0xDF, 0xF8, 0x0F, 0xFF, 0xFF, 0xC0, 0x7F, 0xFF, 0xFC, 0x03, 0xFF, 0xFF, 0xF0,
    0x3F, 0xFF, 0xFF, 0xC7, 0xFF, 0xEF, 0xFF, 0xFF, 0xFF, 0x7F, 0xFF, 0xFF, 0xFB, 0xFF, 0xFF, 0xFF,
    0xCF, 0xFF, 0xEF, 0xFE, 0x3F, 0xFE, 0x7F, 0xF0, 0x7F, 0xE3, 0xFF, 0x80, 0x20, 0x00, 0x00, 0x00,
    0x00, 0x00, 0x00, 0x00, 0x00, 0x00, 0x7F, 0xF0, 0x1F, 0xFC, 0x00, 0x01, 0xFF, 0xFC, 0x7F, 0xFF,
    0x00, 0x07, 0xFF, 0xFE, 0xFF, 0xFF, 0xC0, 0x0F, 0xFF, 0xFF, 0xFF, 0xFF, 0xE0, 0x1F, 0xFF, 0xFF,
    0xFF, 0xFF, 0xF0, 0x1F, 0xFF, 0xFF, 0xFF, 0xFF, 0xF0, 0x3F, 0xFF, 0xFF, 0xFF, 0xFF, 0xF8, 0x3F,
    0xF8, 0x7F, 0xFE, 0x3F, 0xFC, 0x3F, 0xF0, 0x3F, 0xF8, 0x0F, 0xFC, 0x7F, 0xE0, 0x3F, 0xF0, 0x07,
    0xFC, 0x00, 0x00, 0x3F, 0xF0, 0x07, 0xFE, 0x00, 0x0F, 0xFF, 0xFF, 0xFF, 0xFE, 0x01, 0xFF, 0xFF,
    0xFF, 0xFF, 0xFE, 0x07, 0xFF, 0xFF, 0xFF, 0xFF, 0xFE, 0x1F, 0xFF, 0xFF, 0xFF, 0xFF, 0xFE, 0x3F,
    0xFF, 0xFF, 0xFF, 0xFF, 0xFE, 0x3F, 0xFF, 0xFF, 0xFF, 0xFF, 0xFE, 0x7F, 0xF8, 0x3F, 0xF0, 0x00,
    0x00, 0x7F, 0xE0, 0x3F, 0xF0, 0x00, 0x00, 0xFF, 0xE0, 0x3F, 0xF0, 0x00, 0x00, 0xFF, 0xC0, 0x3F,
    0xF8, 0x07, 0xFE, 0xFF, 0xE0, 0x7F, 0xFC, 0x0F, 0xFC, 0xFF, 0xF1, 0xFF, 0xFF, 0xFF, 0xFC, 0x7F,
    0xFF, 0xFF, 0xFF, 0xFF, 0xF8, 0x7F, 0xFF, 0xFF, 0xFF, 0xFF, 0xF8, 0x7F, 0xFF, 0xFF, 0xFF, 0xFF,
    0xF0, 0x3F, 0xFF, 0xF8, 0xFF, 0xFF, 0xE0, 0x1F, 0xFF, 0xE0, 0x7F, 0xFF, 0x80, 0x07, 0xFF, 0x80,
    0x1F, 0xFE, 0x00, 0x00, 0x20, 0x00, 0x01, 0xE0, 0x00, 0x00, 0x00, 0x00, 0x00, 0x00, 0x7F, 0xF0,
    0x00, 0x03, 0xFF, 0xF8, 0x00, 0x1F, 0xFF, 0xFC, 0x00, 0x7F, 0xFF, 0xFC, 0x01, 0xFF, 0xFF, 0xFC,
    0x07, 0xFF, 0xFF, 0xFC, 0x1F, 0xFF, 0xFF, 0xFC, 0x3F, 0xFF, 0xFF, 0xF8, 0xFF, 0xF8, 0x7F, 0xF1,
    0xFF, 0xE0, 0x7F, 0xF3, 0xFF, 0x80, 0xFF, 0xE7, 0xFF, 0x00, 0xFF, 0xDF, 0xFC, 0x00, 0x00, 0x3F,
    0xF8, 0x00, 0x00, 0x7F, 0xF0, 0x00, 0x00, 0xFF, 0xE0, 0x00, 0x01, 0xFF, 0xC0, 0x00, 0x01, 0xFF,
    0xC0, 0x3F, 0xF3, 0xFF, 0x80, 0x7F, 0xE7, 0xFF, 0x01, 0xFF, 0xCF, 0xFF, 0x07, 0xFF, 0x8F, 0xFF,
    0xFF, 0xFE, 0x1F, 0xFF, 0xFF, 0xFC, 0x1F, 0xFF, 0xFF, 0xF0, 0x1F, 0xFF, 0xFF, 0xE0, 0x3F, 0xFF,
    0xFF, 0x80, 0x1F, 0xFF, 0xFE, 0x00, 0x1F, 0xFF, 0xF0, 0x00, 0x0F, 0xFF, 0x80, 0x00, 0x01, 0xF0,
    0x00, 0x00, 0x01, 0xE0, 0x00, 0x00, 0x07, 0xF0, 0x00, 0x00, 0x0F, 0xF8, 0x00, 0x00, 0x1F, 0xF0,
    0x00, 0x00, 0x03, 0xF0, 0x00, 0x00, 0x07, 0xE0, 0x00, 0x00, 0x1F, 0xC0, 0x00, 0x03, 0xFF, 0x00,
    0x00, 0x07, 0xFE, 0x00, 0x00, 0x0F, 0xF0, 0x00, 0x00, 0x00, 0x00, 0x00, 0x0F, 0xFC, 0x00, 0x00,
    0x07, 0xFC, 0x00, 0x00, 0x0F, 0xF8, 0x00, 0x00, 0x0F, 0xF8, 0x00, 0x00, 0x0F, 0xF8, 0x00, 0x00,
    0x0F, 0xF0, 0x00, 0x00, 0x0F, 0xF0, 0x00, 0x00, 0x0F, 0xE0, 0x00, 0x00, 0x0F, 0xE0, 0x00, 0x00,
    0x00, 0x00, 0x00, 0x00, 0x00, 0x00, 0x00, 0x00, 0x00, 0x00, 0x00, 0x03, 0xFF, 0x80, 0x00, 0x1F,
    0xFF, 0xC0, 0x00, 0xFF, 0xFF, 0xC0, 0x03, 0xFF, 0xFF, 0xE0, 0x0F, 0xFF, 0xFF, 0xE0, 0x3F, 0xFF,
    0xFF, 0xC0, 0xFF, 0xFF, 0xFF, 0xC1, 0xFF, 0xE3, 0xFF, 0xC7, 0xFF, 0x01, 0xFF, 0x8F, 0xFC, 0x01,
    0xFF, 0x1F, 0xF8, 0x03, 0xFF, 0x3F, 0xFF, 0xFF, 0xFE, 0xFF, 0xFF, 0xFF, 0xFD, 0xFF, 0xFF, 0xFF,
    0xFB, 0xFF, 0xFF, 0xFF, 0xF7, 0xFF, 0xFF, 0xFF, 0xEF, 0xFF, 0xFF, 0xFF, 0xCF, 0xFC, 0x00, 0x00,
    0x1F, 0xF8, 0x00, 0x00, 0x3F, 0xF0, 0x00, 0x00, 0x7F, 0xF0, 0x0F, 0xFC, 0x7F, 0xF0, 0x3F, 0xF0,
    0xFF, 0xFF, 0xFF, 0xE0, 0xFF, 0xFF, 0xFF, 0x80, 0xFF, 0xFF, 0xFF, 0x00, 0xFF, 0xFF, 0xFC, 0x00,
    0xFF, 0xFF, 0xF0, 0x00, 0xFF, 0xFF, 0x80, 0x00, 0x7F, 0xFC, 0x00, 0x00, 0x0F, 0x80, 0x00, 0x00,
    0x00, 0xFF, 0xC0, 0x00, 0x01, 0xFF, 0x00, 0x00, 0x07, 0xFC, 0x00, 0x00, 0x1F, 0xF0, 0x00, 0x00,
    0x3F, 0xC0, 0x00, 0x00, 0xFF, 0x00, 0x00, 0x01, 0xFC, 0x00, 0x00, 0x07, 0xF8, 0x00, 0x00, 0x0F,
    0xE0, 0x00, 0x00, 0x20, 0x00, 0x00, 0x00, 0x00, 0x00, 0x00, 0x00, 0x00, 0x00, 0x00, 0x03, 0xFF,
    0x80, 0x00, 0x1F, 0xFF, 0xC0, 0x00, 0xFF, 0xFF, 0xC0, 0x03, 0xFF, 0xFF, 0xE0, 0x0F, 0xFF, 0xFF,
    0xE0, 0x3F, 0xFF, 0xFF, 0xC0, 0xFF, 0xFF, 0xFF, 0xC1, 0xFF, 0xE3, 0xFF, 0xC7, 0xFF, 0x01, 0xFF,
    0x8F, 0xFC, 0x01, 0xFF, 0x1F, 0xF8, 0x03, 0xFF, 0x3F, 0xFF, 0xFF, 0xFE, 0xFF, 0xFF, 0xFF, 0xFD,
    0xFF, 0xFF, 0xFF, 0xFB, 0xFF, 0xFF, 0xFF, 0xF7, 0xFF, 0xFF, 0xFF, 0xEF, 0xFF, 0xFF, 0xFF, 0xCF,
    0xFC, 0x00, 0x00, 0x1F, 0xF8, 0x00, 0x00, 0x3F, 0xF0, 0x00, 0x00, 0x7F, 0xF0, 0x0F, 0xFC, 0x7F,
    0xF0, 0x3F, 0xF0, 0xFF, 0xFF, 0xFF, 0xE0, 0xFF, 0xFF, 0xFF, 0x80, 0xFF, 0xFF, 0xFF, 0x00, 0xFF,
    0xFF, 0xFC, 0x00, 0xFF, 0xFF, 0xF0, 0x00, 0xFF, 0xFF, 0x80, 0x00, 0x7F, 0xFC, 0x00, 0x00, 0x0F,
    0x80, 0x00, 0x00, 0x1F, 0xE0, 0x00, 0x00, 0x7F, 0xE0, 0x00, 0x01, 0xFF, 0xE0, 0x00, 0x07, 0xFF,
    0xE0, 0x00, 0x1F, 0xFF, 0xE0, 0x00, 0x3F, 0x9F, 0xE0, 0x00, 0xFE, 0x1F, 0xC0, 0x03, 0xFC, 0x3F,
    0xC0, 0x0F, 0xF0, 0x3F, 0xC0, 0x00, 0x00, 0x00, 0x00, 0x00, 0x00, 0x00, 0x00, 0x00, 0x00, 0x00,
    0x00, 0x03, 0xFF, 0x80, 0x00, 0x1F, 0xFF, 0xC0, 0x00, 0xFF, 0xFF, 0xC0, 0x03, 0xFF, 0xFF, 0xE0,
    0x0F, 0xFF, 0xFF, 0xE0, 0x3F, 0xFF, 0xFF, 0xC0, 0xFF, 0xFF, 0xFF, 0xC1, 0xFF, 0xE3, 0xFF, 0xC7,
    0xFF, 0x01, 0xFF, 0x8F, 0xFC, 0x01, 0xFF, 0x1F, 0xF8, 0x03, 0xFF, 0x3F, 0xFF, 0xFF, 0xFE, 0xFF,
    0xFF, 0xFF, 0xFD, 0xFF, 0xFF, 0xFF, 0xFB, 0xFF, 0xFF, 0xFF, 0xF7, 0xFF, 0xFF, 0xFF, 0xEF, 0xFF,
    0xFF, 0xFF, 0xCF, 0xFC, 0x00, 0x00, 0x1F, 0xF8, 0x00, 0x00, 0x3F, 0xF0, 0x00, 0x00, 0x7F, 0xF0,
    0x0F, 0xFC, 0x7F, 0xF0, 0x3F, 0xF0, 0xFF, 0xFF, 0xFF, 0xE0, 0xFF, 0xFF, 0xFF, 0x80, 0xFF, 0xFF,
    0xFF, 0x00, 0xFF, 0xFF, 0xFC, 0x00, 0xFF, 0xFF, 0xF0, 0x00, 0xFF, 0xFF, 0x80, 0x00, 0x7F, 0xFC,
    0x00, 0x00, 0x0F, 0x80, 0x00, 0x00, 0x00, 0x00, 0x00, 0x03, 0xC0, 0x3E, 0x00, 0x1F, 0xE0, 0xFE,
    0x00, 0x7F, 0xE3, 0xFE, 0x00, 0xFF, 0xCF, 0xFC, 0x01, 0xFF, 0x9F, 0xFC, 0x03, 0xFF, 0x3F, 0xF8,
    0x07, 0xFE, 0x7F, 0xE0, 0x0F, 0xF8, 0x7F, 0xC0, 0x0F, 0xF0, 0x7F, 0x00, 0x07, 0x80, 0x7C, 0x00,
    0x00, 0x00, 0x00, 0x00, 0x00, 0x00, 0x00, 0x00, 0x07, 0xFF, 0x00, 0x00, 0x3F, 0xFF, 0x80, 0x01,
    0xFF, 0xFF, 0x80, 0x07, 0xFF, 0xFF, 0xC0, 0x1F, 0xFF, 0xFF, 0xC0, 0x7F, 0xFF, 0xFF, 0x81, 0xFF,
    0xFF, 0xFF, 0x83, 0xFF, 0xC7, 0xFF, 0x8F, 0xFE, 0x03, 0xFF, 0x1F, 0xF8, 0x03, 0xFE, 0x3F, 0xF0,
    0x07, 0xFE, 0x7F, 0xFF, 0xFF, 0xFD, 0xFF, 0xFF, 0xFF, 0xFB, 0xFF, 0xFF, 0xFF, 0xF7, 0xFF, 0xFF,
    0xFF, 0xEF, 0xFF, 0xFF, 0xFF, 0xDF, 0xFF, 0xFF, 0xFF, 0x9F, 0xF8, 0x00, 0x00, 0x3F, 0xF0, 0x00,
    0x00, 0x7F, 0xE0, 0x00, 0x00, 0xFF, 0xE0, 0x1F, 0xF8, 0xFF, 0xE0, 0x7F, 0xE1, 0xFF, 0xFF, 0xFF,
    0xC1, 0xFF, 0xFF, 0xFF, 0x01, 0xFF, 0xFF, 0xFE, 0x01, 0xFF, 0xFF, 0xF8, 0x01, 0xFF, 0xFF, 0xE0,
    0x01, 0xFF, 0xFF, 0x00, 0x00, 0xFF, 0xF8, 0x00, 0x00, 0x1F, 0x00, 0x00, 0xFF, 0xC0, 0x1F, 0xF0,
    0x0F, 0xF8, 0x03, 0xFE, 0x00, 0xFF, 0x80, 0x3F, 0xC0, 0x0F, 0xF0, 0x03, 0xF8, 0x00, 0xFE, 0x00,
    0x00, 0x00, 0x00, 0x00, 0x00, 0x00, 0x7F, 0xF0, 0x3F, 0xF8, 0x1F, 0xFC, 0x0F, 0xFE, 0x07, 0xFF,
    0x03, 0xFF, 0x81, 0xFF, 0xC0, 0xFF, 0xE0, 0x7F, 0xF0, 0x3F, 0xF8, 0x1F, 0xFC, 0x0F, 0xFE, 0x07,
    0xFF, 0x03, 0xFF, 0x81, 0xFF, 0xC0, 0xFF, 0xE0, 0x7F, 0xF0, 0x3F, 0xF8, 0x1F, 0xFC, 0x0F, 0xFE,
    0x07, 0xFF, 0x03, 0xFF, 0x81, 0xFF, 0xC0, 0xFF, 0xE0, 0x7F, 0xF0, 0x3F, 0xF8, 0x1F, 0xFC, 0x0F,
    0xFE, 0x07, 0xFF, 0x00, 0x03, 0xFF, 0x01, 0xFF, 0x01, 0xFF, 0x01, 0xFF, 0x00, 0xFF, 0x00, 0xFF,
    0x00, 0x7F, 0x00, 0x7F, 0x80, 0x3F, 0x80, 0x20, 0x00, 0x00, 0x00, 0x00, 0x00, 0x0F, 0xFE, 0x07,
    0xFF, 0x03, 0xFF, 0x81, 0xFF, 0xC0, 0xFF, 0xE0, 0x7F, 0xF0, 0x3F, 0xF8, 0x1F, 0xFC, 0x0F, 0xFE,
    0x07, 0xFF, 0x03, 0xFF, 0x81, 0xFF, 0xC0, 0xFF, 0xE0, 0x7F, 0xF0, 0x3F, 0xF8, 0x1F, 0xFC, 0x0F,
    0xFE, 0x07, 0xFF, 0x03, 0xFF, 0x81, 0xFF, 0xC0, 0xFF, 0xE0, 0x7F, 0xF0, 0x3F, 0xF8, 0x1F, 0xFC,
    0x0F, 0xFE, 0x07, 0xFF, 0x03, 0xFF, 0x81, 0xFF, 0xC0, 0xFF, 0xE0, 0x00, 0x00, 0xFF, 0x00, 0x01,
    0xFF, 0x80, 0x03, 0xFF, 0xC0, 0x07, 0xFF, 0xE0, 0x0F, 0xFF, 0xF0, 0x0F, 0xE7, 0xF8, 0x1F, 0xC3,
    0xF8, 0x3F, 0xC3, 0xFC, 0x7F, 0x81, 0xFE, 0x00, 0x00, 0x00, 0x00, 0x00, 0x00, 0x00, 0x00, 0x00,
    0x03, 0xFF, 0x80, 0x03, 0xFF, 0x80, 0x03, 0xFF, 0x80, 0x03, 0xFF, 0x80, 0x03, 0xFF, 0x80, 0x03,
    0xFF, 0x80, 0x03, 0xFF, 0x80, 0x03, 0xFF, 0x80, 0x03, 0xFF, 0x80, 0x03, 0xFF, 0x80, 0x03, 0xFF,
    0x80, 0x03, 0xFF, 0x80, 0x03, 0xFF, 0x80, 0x03, 0xFF, 0x80, 0x03, 0xFF, 0x80, 0x03, 0xFF, 0x80,
    0x03, 0xFF, 0x80, 0x03, 0xFF, 0x80, 0x03, 0xFF, 0x80, 0x03, 0xFF, 0x80, 0x03, 0xFF, 0x80, 0x03,
    0xFF, 0x80, 0x03, 0xFF, 0x80, 0x03, 0xFF, 0x80, 0x03, 0xFF, 0x80, 0x03, 0xFF, 0x80, 0x03, 0xFF,
    0x80, 0x03, 0xFF, 0x80, 0x03, 0xFF, 0x80, 0x00, 0x00, 0x00, 0x0F, 0x00, 0xF8, 0x3F, 0xC1, 0xFC,
    0x7F, 0xE3, 0xFE, 0x7F, 0xE7, 0xFE, 0x7F, 0xE7, 0xFF, 0x7F, 0xE7, 0xFF, 0x7F, 0xE7, 0xFE, 0x7F,
    0xC3, 0xFE, 0x3F, 0xC1, 0xFC, 0x0F, 0x00, 0xF8, 0x00, 0x00, 0x00, 0x00, 0x00, 0x00, 0x03, 0xFF,
    0x80, 0x03, 0xFF, 0x80, 0x03, 0xFF, 0x80, 0x03, 0xFF, 0x80, 0x03, 0xFF, 0x80, 0x03, 0xFF, 0x80,
    0x03, 0xFF, 0x80, 0x03, 0xFF, 0x80, 0x03, 0xFF, 0x80, 0x03, 0xFF, 0x80, 0x03, 0xFF, 0x80, 0x03,
    0xFF, 0x80, 0x03, 0xFF, 0x80, 0x03, 0xFF, 0x80, 0x03, 0xFF, 0x80, 0x03, 0xFF, 0x80, 0x03, 0xFF,
    0x80, 0x03, 0xFF, 0x80, 0x03, 0xFF, 0x80, 0x03, 0xFF, 0x80, 0x03, 0xFF, 0x80, 0x03, 0xFF, 0x80,
    0x03, 0xFF, 0x80, 0x03, 0xFF, 0x80, 0x03, 0xFF, 0x80, 0x03, 0xFF, 0x80, 0x03, 0xFF, 0x80, 0x03,
    0xFF, 0x80, 0x03, 0xFF, 0x80, 0x00, 0x00, 0x00, 0x00, 0x1C, 0x00, 0x02, 0x00, 0x3F, 0x80, 0x0C,
    0x00, 0x7F, 0xC0, 0x78, 0x00, 0xFF, 0xF3, 0xF0, 0x01, 0xFF, 0xFF, 0xE0, 0x01, 0xFF, 0xFF, 0x00,
    0x00, 0x7F, 0xFC, 0x00, 0x00, 0x3F, 0xFC, 0x00, 0x01, 0xFF, 0xFC, 0x00, 0x0F, 0xFF, 0xFC, 0x00,
    0x7F, 0xDF, 0xFC, 0x00, 0xFE, 0x0F, 0xFC, 0x01, 0xF0, 0x0F, 0xF8, 0x03, 0x80, 0x0F, 0xF8, 0x04,
    0x06, 0x0F, 0xF8, 0x00, 0xFF, 0xDF, 0xF0, 0x07, 0xFF, 0xDF, 0xF0, 0x1F, 0xFF, 0xFF, 0xE0, 0x7F,
    0xFF, 0xFF, 0xE1, 0xFF, 0xFF, 0xFF, 0xC7, 0xFF, 0xFF, 0xFF, 0x8F, 0xFE, 0x07, 0xFF, 0x3F, 0xF8,
    0x07, 0xFE, 0x7F, 0xE0, 0x0F, 0xFE, 0xFF, 0xC0, 0x1F, 0xFD, 0xFF, 0x80, 0x1F, 0xFF, 0xFF, 0x00,
    0x3F, 0xFF, 0xFE, 0x00, 0x7F, 0xFF, 0xFC, 0x00, 0xFF, 0xFF, 0xF8, 0x01, 0xFF, 0x7F, 0xF0, 0x07,
    0xFE, 0x7F, 0xE0, 0x0F, 0xFC, 0xFF, 0xE0, 0x1F, 0xF9, 0xFF, 0xC0, 0x7F, 0xE1, 0xFF, 0xE3, 0xFF,
    0xC3, 0xFF, 0xFF, 0xFF, 0x03, 0xFF, 0xFF, 0xFE, 0x07, 0xFF, 0xFF, 0xF8, 0x07, 0xFF, 0xFF, 0xE0,
    0x07, 0xFF, 0xFF, 0x80, 0x03, 0xFF, 0xFE, 0x00, 0x01, 0xFF, 0xF0, 0x00, 0x00, 0x3E, 0x00, 0x00,
    0x00, 0x78, 0x0F, 0x80, 0x07, 0xF8, 0x3E, 0x00, 0x3F, 0xF0, 0xF8, 0x01, 0xFF, 0xFF, 0xE0, 0x07,
    0xFF, 0xFF, 0x80, 0x1F, 0xFF, 0xFC, 0x00, 0xFC, 0x3F, 0xE0, 0x03, 0xF0, 0x7F, 0x00, 0x0F, 0x80,
    0x70, 0x00, 0x00, 0x00, 0x00, 0x00, 0x00, 0x00, 0x00, 0x00, 0x00, 0x00, 0x00, 0xFF, 0xE0, 0xFF,
    0x83, 0xFF, 0x8F, 0xFF, 0x0F, 0xFE, 0x7F, 0xFE, 0x3F, 0xFB, 0xFF, 0xFC, 0xFF, 0xEF, 0xFF, 0xFB,
    0xFF, 0xFF, 0xFF, 0xEF, 0xFF, 0xFF, 0xFF, 0xBF, 0xFF, 0xFF, 0xFF, 0xFF, 0xFF, 0xFF, 0xFF, 0xFF,
    0xE0, 0xFF, 0xFF, 0xFF, 0x01, 0xFF, 0xFF, 0xF8, 0x07, 0xFF, 0xFF, 0xE0, 0x1F, 0xFF, 0xFF, 0x80,
    0x7F, 0xFF, 0xFE, 0x01, 0xFF, 0xFF, 0xF8, 0x07, 0xFF, 0xFF, 0xE0, 0x1F, 0xFF, 0xFF, 0x80, 0x7F,
    0xFF, 0xFE, 0x01, 0xFF, 0xFF, 0xF8, 0x07, 0xFF, 0xFF, 0xE0, 0x1F, 0xFF, 0xFF, 0x80, 0x7F, 0xFF,
    0xFE, 0x01, 0xFF, 0xFF, 0xF8, 0x07, 0xFF, 0xFF, 0xE0, 0x1F, 0xFF, 0xFF, 0x80, 0x7F, 0xFF, 0xFE,
    0x01, 0xFF, 0xFF, 0xF8, 0x07, 0xFF, 0xFF, 0xE0, 0x1F, 0xFC, 0x07, 0xFE, 0x00, 0x00, 0x01, 0xFF,
    0x00, 0x00, 0x01, 0xFF, 0x00, 0x00, 0x00, 0xFF, 0x80, 0x00, 0x00, 0x7F, 0xC0, 0x00, 0x00, 0x3F,
    0xC0, 0x00, 0x00, 0x1F, 0xE0, 0x00, 0x00, 0x0F, 0xE0, 0x00, 0x00, 0x07, 0xF0, 0x00, 0x00, 0x00,
    0x00, 0x00, 0x00, 0x00, 0x00, 0x00, 0x00, 0x00, 0x00, 0x00, 0x00, 0x3F, 0xF8, 0x00, 0x00, 0xFF,
    0xFF, 0x00, 0x03, 0xFF, 0xFF, 0xC0, 0x07, 0xFF, 0xFF, 0xE0, 0x0F, 0xFF, 0xFF, 0xF0, 0x1F, 0xFF,
    0xFF, 0xF8, 0x3F, 0xFF, 0xFF, 0xF8, 0x3F, 0xFF, 0xFF, 0xFC, 0x7F, 0xFC, 0x3F, 0xFC, 0x7F, 0xF8,
    0x1F, 0xFE, 0x7F, 0xF0, 0x0F, 0xFE, 0x7F, 0xF0, 0x0F, 0xFE, 0xFF, 0xE0, 0x0F, 0xFE, 0xFF, 0xE0,
    0x0F, 0xFE, 0xFF, 0xE0, 0x0F, 0xFE, 0xFF, 0xE0, 0x0F, 0xFE, 0xFF, 0xE0, 0x0F, 0xFE, 0x7F, 0xF0,
    0x0F, 0xFE, 0x7F, 0xF0, 0x0F, 0xFE, 0x7F, 0xF0, 0x1F, 0xFE, 0x7F, 0xF8, 0x3F, 0xFC, 0x3F, 0xFF,
    0xFF, 0xFC, 0x3F, 0xFF, 0xFF, 0xF8, 0x1F, 0xFF, 0xFF, 0xF8, 0x0F, 0xFF, 0xFF, 0xF0, 0x07, 0xFF,
    0xFF, 0xE0, 0x03, 0xFF, 0xFF, 0xC0, 0x01, 0xFF, 0xFF, 0x00, 0x00, 0x7F, 0xFC, 0x00, 0x00, 0x07,
    0xC0, 0x00, 0x00, 0x00, 0xFF, 0xC0, 0x00, 0x00, 0xFF, 0x80, 0x00, 0x01, 0xFF, 0x00, 0x00, 0x03,
    0xFE, 0x00, 0x00, 0x03, 0xFC, 0x00, 0x00, 0x07, 0xF8, 0x00, 0x00, 0x07, 0xF0, 0x00, 0x00, 0x0F,
    0xF0, 0x00, 0x00, 0x0F, 0xE0, 0x00, 0x00, 0x10, 0x00, 0x00, 0x00, 0x00, 0x00, 0x00, 0x00, 0x00,
    0x00, 0x00, 0x00, 0x3F, 0xF8, 0x00, 0x00, 0xFF, 0xFF, 0x00, 0x03, 0xFF, 0xFF, 0xC0, 0x07, 0xFF,
    0xFF, 0xE0, 0x0F, 0xFF, 0xFF, 0xF0, 0x1F, 0xFF, 0xFF, 0xF8, 0x3F, 0xFF, 0xFF, 0xF8, 0x3F, 0xFF,
    0xFF, 0xFC, 0x7F, 0xFC, 0x3F, 0xFC, 0x7F, 0xF8, 0x1F, 0xFE, 0x7F, 0xF0, 0x0F, 0xFE, 0x7F, 0xF0,
    0x0F, 0xFE, 0xFF, 0xE0, 0x0F, 0xFE, 0xFF, 0xE0, 0x0F, 0xFE, 0xFF, 0xE0, 0x0F, 0xFE, 0xFF, 0xE0,
    0x0F, 0xFE, 0xFF, 0xE0, 0x0F, 0xFE, 0x7F, 0xF0, 0x0F, 0xFE, 0x7F, 0xF0, 0x0F, 0xFE, 0x7F, 0xF0,
    0x1F, 0xFE, 0x7F, 0xF8, 0x3F, 0xFC, 0x3F, 0xFF, 0xFF, 0xFC, 0x3F, 0xFF, 0xFF, 0xF8, 0x1F, 0xFF,
    0xFF, 0xF8, 0x0F, 0xFF, 0xFF, 0xF0, 0x07, 0xFF, 0xFF, 0xE0, 0x03, 0xFF, 0xFF, 0xC0, 0x01, 0xFF,
    0xFF, 0x00, 0x00, 0x7F, 0xFC, 0x00, 0x00, 0x07, 0xC0, 0x00, 0x00, 0x0F, 0xF0, 0x00, 0x00, 0x1F,
    0xF8, 0x00, 0x00, 0x3F, 0xFC, 0x00, 0x00, 0x7F, 0xFE, 0x00, 0x00, 0xFF, 0xFF, 0x00, 0x00, 0xFE,
    0x7F, 0x80, 0x01, 0xFC, 0x3F, 0x80, 0x03, 0xFC, 0x3F, 0xC0, 0x07, 0xF8, 0x1F, 0xE0, 0x00, 0x00,
    0x00, 0x00, 0x00, 0x00, 0x00, 0x00, 0x00, 0x00, 0x00, 0x00, 0x00, 0x3F, 0xF8, 0x00, 0x00, 0xFF,
    0xFF, 0x00, 0x03, 0xFF, 0xFF, 0xC0, 0x07, 0xFF, 0xFF, 0xE0, 0x0F, 0xFF, 0xFF, 0xF0, 0x1F, 0xFF,
    0xFF, 0xF8, 0x3F, 0xFF, 0xFF, 0xF8, 0x3F, 0xFF, 0xFF, 0xFC, 0x7F, 0xFC, 0x3F, 0xFC, 0x7F, 0xF8,
    0x1F, 0xFE, 0x7F, 0xF0, 0x0F, 0xFE, 0x7F, 0xF0, 0x0F, 0xFE, 0xFF, 0xE0, 0x0F, 0xFE, 0xFF, 0xE0,
    0x0F, 0xFE, 0xFF, 0xE0, 0x0F, 0xFE, 0xFF, 0xE0, 0x0F, 0xFE, 0xFF, 0xE0, 0x0F, 0xFE, 0x7F, 0xF0,
    0x0F, 0xFE, 0x7F, 0xF0, 0x0F, 0xFE, 0x7F, 0xF0, 0x1F, 0xFE, 0x7F, 0xF8, 0x3F, 0xFC, 0x3F, 0xFF,
    0xFF, 0xFC, 0x3F, 0xFF, 0xFF, 0xF8, 0x1F, 0xFF, 0xFF, 0xF8, 0x0F, 0xFF, 0xFF, 0xF0, 0x07, 0xFF,
    0xFF, 0xE0, 0x03, 0xFF, 0xFF, 0xC0, 0x01, 0xFF, 0xFF, 0x00, 0x00, 0x7F, 0xFC, 0x00, 0x00, 0x07,
    0xC0, 0x00, 0x00, 0x3C, 0x07, 0xC0, 0x00, 0xFF, 0x07, 0xC0, 0x01, 0xFF, 0x87, 0xC0, 0x03, 0xFF,
    0xFF, 0xC0, 0x03, 0xFF, 0xFF, 0xC0, 0x03, 0xFF, 0xFF, 0x80, 0x07, 0xE1, 0xFF, 0x00, 0x07, 0xE0,
    0xFE, 0x00, 0x07, 0xC0, 0x38, 0x00, 0x00, 0x00, 0x00, 0x00, 0x00, 0x00, 0x00, 0x00, 0x00, 0x00,
    0x00, 0x00, 0x00, 0x3F, 0xF8, 0x00, 0x00, 0xFF, 0xFF, 0x00, 0x03, 0xFF, 0xFF, 0xC0, 0x07, 0xFF,
    0xFF, 0xE0, 0x0F, 0xFF, 0xFF, 0xF0, 0x1F, 0xFF, 0xFF, 0xF8, 0x3F, 0xFF, 0xFF, 0xF8, 0x3F, 0xFF,
    0xFF, 0xFC, 0x7F, 0xFC, 0x3F, 0xFC, 0x7F, 0xF8, 0x1F, 0xFE, 0x7F, 0xF0, 0x0F, 0xFE, 0x7F, 0xF0,
    0x0F, 0xFE, 0xFF, 0xE0, 0x0F, 0xFE, 0xFF, 0xE0, 0x0F, 0xFE, 0xFF, 0xE0, 0x0F, 0xFE, 0xFF, 0xE0,
    0x0F, 0xFE, 0xFF, 0xE0, 0x0F, 0xFE, 0x7F, 0xF0, 0x0F, 0xFE, 0x7F, 0xF0, 0x0F, 0xFE, 0x7F, 0xF0,
    0x1F, 0xFE, 0x7F, 0xF8, 0x3F, 0xFC, 0x3F, 0xFF, 0xFF, 0xFC, 0x3F, 0xFF, 0xFF, 0xF8, 0x1F, 0xFF,
    0xFF, 0xF8, 0x0F, 0xFF, 0xFF, 0xF0, 0x07, 0xFF, 0xFF, 0xE0, 0x03, 0xFF, 0xFF, 0xC0, 0x01, 0xFF,
    0xFF, 0x00, 0x00, 0x7F, 0xFC, 0x00, 0x00, 0x07, 0xC0, 0x00, 0x00, 0x00, 0x00, 0x00, 0x00, 0xF0,
    0x0F, 0x80, 0x03, 0xFC, 0x1F, 0xC0, 0x07, 0xFE, 0x3F, 0xE0, 0x07, 0xFE, 0x7F, 0xE0, 0x07, 0xFE,
    0x7F, 0xF0, 0x07, 0xFE, 0x7F, 0xF0, 0x07, 0xFE, 0x7F, 0xE0, 0x07, 0xFC, 0x3F, 0xE0, 0x03, 0xFC,
    0x1F, 0xC0, 0x00, 0xF0, 0x0F, 0x80, 0x00, 0x00, 0x00, 0x00, 0x00, 0x00, 0x00, 0x00, 0x00, 0x3F,
    0xF8, 0x00, 0x00, 0xFF, 0xFF, 0x00, 0x03, 0xFF, 0xFF, 0xC0, 0x07, 0xFF, 0xFF, 0xE0, 0x0F, 0xFF,
    0xFF, 0xF0, 0x1F, 0xFF, 0xFF, 0xF8, 0x3F, 0xFF, 0xFF, 0xF8, 0x3F, 0xFF, 0xFF, 0xFC, 0x7F, 0xFC,
    0x3F, 0xFC, 0x7F, 0xF8, 0x1F, 0xFE, 0x7F, 0xF0, 0x0F, 0xFE, 0x7F, 0xF0, 0x0F, 0xFE, 0xFF, 0xE0,
    0x0F, 0xFE, 0xFF, 0xE0, 0x0F, 0xFE, 0xFF, 0xE0, 0x0F, 0xFE, 0xFF, 0xE0, 0x0F, 0xFE, 0xFF, 0xE0,
    0x0F, 0xFE, 0x7F, 0xF0, 0x0F, 0xFE, 0x7F, 0xF0, 0x0F, 0xFE, 0x7F, 0xF0, 0x1F, 0xFE, 0x7F, 0xF8,
    0x3F, 0xFC, 0x3F, 0xFF, 0xFF, 0xFC, 0x3F, 0xFF, 0xFF, 0xF8, 0x1F, 0xFF, 0xFF, 0xF8, 0x0F, 0xFF,
    0xFF, 0xF0, 0x07, 0xFF, 0xFF, 0xE0, 0x03, 0xFF, 0xFF, 0xC0, 0x01, 0xFF, 0xFF, 0x00, 0x00, 0x7F,
    0xFC, 0x00, 0x00, 0x07, 0xC0, 0x00, 0x00, 0x00, 0x00, 0x00, 0x00, 0x3E, 0x00, 0x00, 0x01, 0xFE,
    0x00, 0x00, 0x0F, 0xF8, 0x00, 0x00, 0x3F, 0xF0, 0x00, 0x01, 0xFF, 0xC0, 0x00, 0x07, 0xFF, 0x00,
    0x00, 0x1F, 0xFC, 0x00, 0x00, 0x3F, 0xF0, 0x00, 0x00, 0xFF, 0x80, 0x00, 0x01, 0xFC, 0x00, 0x00,
    0x01, 0xE0, 0x00, 0x00, 0x00, 0x00, 0x00, 0x00, 0x00, 0x00, 0x0F, 0xFF, 0xFF, 0xFF, 0xBF, 0xFF,
    0xFF, 0xFE, 0xFF, 0xFF, 0xFF, 0xFB, 0xFF, 0xFF, 0xFF, 0xEF, 0xFF, 0xFF, 0xFF, 0xBF, 0xFF, 0xFF,
    0xFE, 0xFF, 0xFF, 0xFF, 0xFB, 0xFF, 0xFF, 0xFF, 0xE0, 0x00, 0x00, 0x00, 0x00, 0x00, 0x00, 0x00,
    0x00, 0x0F, 0xC0, 0x00, 0x00, 0x7F, 0x80, 0x00, 0x03, 0xFF, 0x00, 0x00, 0x1F, 0xFC, 0x00, 0x00,
    0x7F, 0xF0, 0x00, 0x01, 0xFF, 0xC0, 0x00, 0x07, 0xFF, 0x00, 0x00, 0x0F, 0xFC, 0x00, 0x00, 0x3F,
    0xE0, 0x00, 0x00, 0x7F, 0x00, 0x00, 0x00, 0x30, 0x00, 0x00, 0x00, 0x00, 0x00, 0x00, 0x00, 0x00,
    0x00, 0x18, 0x00, 0x3F, 0xF8, 0x1C, 0x00, 0xFF, 0xFF, 0x3E, 0x03, 0xFF, 0xFF, 0xFC, 0x07, 0xFF,
    0xFF, 0xF8, 0x0F, 0xFF, 0xFF, 0xF0, 0x1F, 0xFF, 0xFF, 0xF8, 0x3F, 0xFF, 0xFF, 0xF8, 0x3F, 0xFF,
    0xFF, 0xFC, 0x7F, 0xFC, 0x3F, 0xFC, 0x7F, 0xF8, 0x3F, 0xFE, 0x7F, 0xF0, 0x7F, 0xFE, 0x7F, 0xF0,
    0xFF, 0xFE, 0xFF, 0xE1, 0xFF, 0xFE, 0xFF, 0xE3, 0xFF, 0xFE, 0xFF, 0xE7, 0xEF, 0xFE, 0xFF, 0xEF,
    0xCF, 0xFE, 0xFF, 0xFF, 0x8F, 0xFE, 0x7F, 0xFF, 0x0F, 0xFE, 0x7F, 0xFE, 0x0F, 0xFE, 0x7F, 0xFC,
    0x1F, 0xFE, 0x7F, 0xF8, 0x3F, 0xFC, 0x3F, 0xFF, 0xFF, 0xFC, 0x3F, 0xFF, 0xFF, 0xF8, 0x1F, 0xFF,
    0xFF, 0xF8, 0x0F, 0xFF, 0xFF, 0xF0, 0x1F, 0xFF, 0xFF, 0xE0, 0x3F, 0xFF, 0xFF, 0xC0, 0x7D, 0xFF,
    0xFF, 0x00, 0x38, 0x7F, 0xFC, 0x00, 0x10, 0x07, 0xC0, 0x00, 0x00, 0x00, 0x00, 0x00, 0x0F, 0xFC,
    0x00, 0x00, 0x0F, 0xF8, 0x00, 0x00, 0x3F, 0xE0, 0x00, 0x00, 0x7F, 0xC0, 0x00, 0x00, 0xFF, 0x80,
    0x00, 0x01, 0xFE, 0x00, 0x00, 0x03, 0xFC, 0x00, 0x00, 0x07, 0xF0, 0x00, 0x00, 0x0F, 0xE0, 0x00,
    0x00, 0x00, 0x00, 0x00, 0x00, 0x00, 0x00, 0x00, 0x00, 0x00, 0x00, 0xFF, 0xE0, 0x1F, 0xFF, 0xFF,
    0x80, 0x7F, 0xFF, 0xFE, 0x01, 0xFF, 0xFF, 0xF8, 0x07, 0xFF, 0xFF, 0xE0, 0x1F, 0xFF, 0xFF, 0x80,
    0x7F, 0xFF, 0xFE, 0x01, 0xFF, 0xFF, 0xF8, 0x07, 0xFF, 0xFF, 0xE0, 0x1F, 0xFF, 0xFF, 0x80, 0x7F,
    0xFF, 0xFE, 0x01, 0xFF, 0xFF, 0xF8, 0x07, 0xFF, 0xFF, 0xE0, 0x1F, 0xFF, 0xFF, 0x80, 0x7F, 0xFF,
    0xFE, 0x01, 0xFF, 0xFF, 0xF8, 0x07, 0xFF, 0xFF, 0xE0, 0x1F, 0xFF, 0xFF, 0x80, 0x7F, 0xFF, 0xFF,
    0x01, 0xFF, 0xFF, 0xFC, 0x0F, 0xFF, 0x7F, 0xFC, 0xFF, 0xFD, 0xFF, 0xFF, 0xFF, 0xF7, 0xFF, 0xFF,
    0xFF, 0xDF, 0xFF, 0xFF, 0xFF, 0x3F, 0xFF, 0xFF, 0xFC, 0xFF, 0xFF, 0x7F, 0xF1, 0xFF, 0xFD, 0xFF,
    0xC3, 0xFF, 0xE7, 0xFF, 0x07, 0xFE, 0x1F, 0xFC, 0x01, 0x80, 0x00, 0x00, 0x00, 0x00, 0xFF, 0xC0,
    0x00, 0x03, 0xFE, 0x00, 0x00, 0x1F, 0xF0, 0x00, 0x00, 0xFF, 0x80, 0x00, 0x03, 0xFC, 0x00, 0x00,
    0x1F, 0xE0, 0x00, 0x00, 0x7F, 0x00, 0x00, 0x03, 0xFC, 0x00, 0x00, 0x0F, 0xE0, 0x00, 0x00, 0x40,
    0x00, 0x00, 0x00, 0x00, 0x00, 0x00, 0x00, 0x00, 0x00, 0xFF, 0xE0, 0x1F, 0xFF, 0xFF, 0x80, 0x7F,
    0xFF, 0xFE, 0x01, 0xFF, 0xFF, 0xF8, 0x07, 0xFF, 0xFF, 0xE0, 0x1F, 0xFF, 0xFF, 0x80, 0x7F, 0xFF,
    0xFE, 0x01, 0xFF, 0xFF, 0xF8, 0x07, 0xFF, 0xFF, 0xE0, 0x1F, 0xFF, 0xFF, 0x80, 0x7F, 0xFF, 0xFE,
    0x01, 0xFF, 0xFF, 0xF8, 0x07, 0xFF, 0xFF, 0xE0, 0x1F, 0xFF, 0xFF, 0x80, 0x7F, 0xFF, 0xFE, 0x01,
    0xFF, 0xFF, 0xF8, 0x07, 0xFF, 0xFF, 0xE0, 0x1F, 0xFF, 0xFF, 0x80, 0x7F, 0xFF, 0xFF, 0x01, 0xFF,
    0xFF, 0xFC, 0x0F, 0xFF, 0x7F, 0xFC, 0xFF, 0xFD, 0xFF, 0xFF, 0xFF, 0xF7, 0xFF, 0xFF, 0xFF, 0xDF,
    0xFF, 0xFF, 0xFF, 0x3F, 0xFF, 0xFF, 0xFC, 0xFF, 0xFF, 0x7F, 0xF1, 0xFF, 0xFD, 0xFF, 0xC3, 0xFF,
    0xE7, 0xFF, 0x07, 0xFE, 0x1F, 0xFC, 0x01, 0x80, 0x00, 0x00, 0x00, 0x1F, 0xE0, 0x00, 0x00, 0xFF,
    0xC0, 0x00, 0x07, 0xFF, 0x80, 0x00, 0x3F, 0xFF, 0x00, 0x01, 0xFF, 0xFE, 0x00, 0x07, 0xF3, 0xFC,
    0x00, 0x3F, 0x87, 0xF0, 0x01, 0xFE, 0x1F, 0xE0, 0x0F, 0xF0, 0x3F, 0xC0, 0x00, 0x00, 0x00, 0x00,
    0x00, 0x00, 0x00, 0x00, 0x00, 0x00, 0x00, 0xFF, 0xE0, 0x1F, 0xFF, 0xFF, 0x80, 0x7F, 0xFF, 0xFE,
    0x01, 0xFF, 0xFF, 0xF8, 0x07, 0xFF, 0xFF, 0xE0, 0x1F, 0xFF, 0xFF, 0x80, 0x7F, 0xFF, 0xFE, 0x01,
    0xFF, 0xFF, 0xF8, 0x07, 0xFF, 0xFF, 0xE0, 0x1F, 0xFF, 0xFF, 0x80, 0x7F, 0xFF, 0xFE, 0x01, 0xFF,
    0xFF, 0xF8, 0x07, 0xFF, 0xFF, 0xE0, 0x1F, 0xFF, 0xFF, 0x80, 0x7F, 0xFF, 0xFE, 0x01, 0xFF, 0xFF,
    0xF8, 0x07, 0xFF, 0xFF, 0xE0, 0x1F, 0xFF, 0xFF, 0x80, 0x7F, 0xFF, 0xFF, 0x01, 0xFF, 0xFF, 0xFC,
    0x0F, 0xFF, 0x7F, 0xFC, 0xFF, 0xFD, 0xFF, 0xFF, 0xFF, 0xF7, 0xFF, 0xFF, 0xFF, 0xDF, 0xFF, 0xFF,
    0xFF, 0x3F, 0xFF, 0xFF, 0xFC, 0xFF, 0xFF, 0x7F, 0xF1, 0xFF, 0xFD, 0xFF, 0xC3, 0xFF, 0xE7, 0xFF,
    0x07, 0xFE, 0x1F, 0xFC, 0x01, 0x80, 0x00, 0x00, 0x00, 0x00, 0x00, 0x00, 0x07, 0x80, 0x7C, 0x00,
    0x7F, 0x83, 0xF8, 0x03, 0xFF, 0x1F, 0xF0, 0x0F, 0xFC, 0xFF, 0xC0, 0x3F, 0xF3, 0xFF, 0x80, 0xFF,
    0xCF, 0xFE, 0x03, 0xFF, 0x3F, 0xF0, 0x0F, 0xF8, 0x7F, 0xC0, 0x1F, 0xE0, 0xFE, 0x00, 0x1E, 0x01,
    0xF0, 0x00, 0x00, 0x00, 0x00, 0x00, 0x00, 0x00, 0x03, 0xFF, 0x80, 0x7F, 0xFF, 0xFE, 0x01, 0xFF,
    0xFF, 0xF8, 0x07, 0xFF, 0xFF, 0xE0, 0x1F, 0xFF, 0xFF, 0x80, 0x7F, 0xFF, 0xFE, 0x01, 0xFF, 0xFF,
    0xF8, 0x07, 0xFF, 0xFF, 0xE0, 0x1F, 0xFF, 0xFF, 0x80, 0x7F, 0xFF, 0xFE, 0x01, 0xFF, 0xFF, 0xF8,
    0x07, 0xFF, 0xFF, 0xE0, 0x1F, 0xFF, 0xFF, 0x80, 0x7F, 0xFF, 0xFE, 0x01, 0xFF, 0xFF, 0xF8, 0x07,
    0xFF, 0xFF, 0xE0, 0x1F, 0xFF, 0xFF, 0x80, 0x7F, 0xFF, 0xFE, 0x01, 0xFF, 0xFF, 0xFC, 0x07, 0xFF,
    0xFF, 0xF0, 0x3F, 0xFD, 0xFF, 0xF3, 0xFF, 0xF7, 0xFF, 0xFF, 0xFF, 0xDF, 0xFF, 0xFF, 0xFF, 0x7F,
    0xFF, 0xFF, 0xFC, 0xFF, 0xFF, 0xFF, 0xF3, 0xFF, 0xFD, 0xFF, 0xC7, 0xFF, 0xF7, 0xFF, 0x0F, 0xFF,
    0x9F, 0xFC, 0x1F, 0xF8, 0x7F, 0xF0, 0x06, 0x00, 0x00, 0x00, 0x00, 0x00, 0xFF, 0xC0, 0x00, 0x00,
    0x3F, 0xE0, 0x00, 0x00, 0x1F, 0xF0, 0x00, 0x00, 0x0F, 0xF8, 0x00, 0x00, 0x03, 0xFC, 0x00, 0x00,
    0x01, 0xFE, 0x00, 0x00, 0x00, 0x7F, 0x00, 0x00, 0x00, 0x3F, 0xC0, 0x00, 0x00, 0x0F, 0xE0, 0x00,
    0x00, 0x04, 0x00, 0x00, 0x00, 0x00, 0x00, 0x00, 0x00, 0x00, 0x00, 0x00, 0x00, 0xFF, 0xE0, 0x03,
    0xFF, 0xBF, 0xFC, 0x00, 0xFF, 0xE7, 0xFF, 0x00, 0x7F, 0xF1, 0xFF, 0xC0, 0x1F, 0xFC, 0x3F, 0xF0,
    0x07, 0xFE, 0x0F, 0xFE, 0x03, 0xFF, 0x83, 0xFF, 0x80, 0xFF, 0xE0, 0x7F, 0xE0, 0x3F, 0xF0, 0x1F,
    0xFC, 0x1F, 0xFC, 0x03, 0xFF, 0x07, 0xFF, 0x00, 0xFF, 0xC1, 0xFF, 0x80, 0x3F, 0xF0, 0xFF, 0xE0,
    0x07, 0xFE, 0x3F, 0xF0, 0x01, 0xFF, 0x8F, 0xFC, 0x00, 0x7F, 0xE3, 0xFF, 0x00, 0x0F, 0xFD, 0xFF,
    0x80, 0x03, 0xFF, 0x7F, 0xE0, 0x00, 0x7F, 0xDF, 0xF8, 0x00, 0x1F, 0xFF, 0xFC, 0x00, 0x07, 0xFF,
    0xFF, 0x00, 0x00, 0xFF, 0xFF, 0x80, 0x00, 0x3F, 0xFF, 0xE0, 0x00, 0x0F, 0xFF, 0xF8, 0x00, 0x01,
    0xFF, 0xFC, 0x00, 0x00, 0x7F, 0xFF, 0x00, 0x00, 0x0F, 0xFF, 0xC0, 0x00, 0x03, 0xFF, 0xE0, 0x00,
    0x00, 0xFF, 0xF8, 0x00, 0x00, 0x1F, 0xFC, 0x00, 0x00, 0x07, 0xFF, 0x00, 0x00, 0x01, 0xFF, 0xC0,
    0x00, 0x00, 0xFF, 0xE0, 0x00, 0x0F, 0xFF, 0xF8, 0x00, 0x03, 0xFF, 0xFE, 0x00, 0x00, 0xFF, 0xFF,
    0x00, 0x00, 0x3F, 0xFF, 0x80, 0x00, 0x0F, 0xFF, 0xE0, 0x00, 0x07, 0xFF, 0xF0, 0x00, 0x01, 0xFF,
    0xF8, 0x00, 0x00, 0x7F, 0xF8, 0x00, 0x00, 0x00, 0x00, 0x00, 0x00, 0x00, 0x00, 0x00, 0x00, 0x00,
    0xFF, 0xE0, 0x00, 0x00, 0xFF, 0xE0, 0x00, 0x00, 0xFF, 0xE0, 0x00, 0x00, 0xFF, 0xE0, 0x00, 0x00,
    0xFF, 0xE0, 0x00, 0x00, 0xFF, 0xE0, 0x00, 0x00, 0xFF, 0xE0, 0x00, 0x00, 0xFF, 0xE0, 0x00, 0x00,
    0xFF, 0xE0, 0x00, 0x00, 0xFF, 0xE0, 0x00, 0x00, 0xFF, 0xE0, 0x00, 0x00, 0xFF, 0xE1, 0xFF, 0x00,
    0xFF, 0xE3, 0xFF, 0x80, 0xFF, 0xE7, 0xFF, 0xE0, 0xFF, 0xEF, 0xFF, 0xF0, 0xFF, 0xFF, 0xFF, 0xF0,
    0xFF, 0xFF, 0xFF, 0xF8, 0xFF, 0xFF, 0xFF, 0xFC, 0xFF, 0xFF, 0xFF, 0xFC, 0xFF, 0xFC, 0x3F, 0xFC,
    0xFF, 0xF8, 0x1F, 0xFE, 0xFF, 0xF0, 0x0F, 0xFE, 0xFF, 0xE0, 0x0F, 0xFE, 0xFF, 0xE0, 0x0F, 0xFE,
    0xFF, 0xE0, 0x0F, 0xFE, 0xFF, 0xE0, 0x0F, 0xFE, 0xFF, 0xE0, 0x0F, 0xFE, 0xFF, 0xE0, 0x0F, 0xFE,
    0xFF, 0xE0, 0x0F, 0xFE, 0xFF, 0xF0, 0x0F, 0xFE, 0xFF, 0xF0, 0x1F, 0xFE, 0xFF, 0xF8, 0x3F, 0xFE,
    0xFF, 0xFF, 0xFF, 0xFC, 0xFF, 0xFF, 0xFF, 0xFC, 0xFF, 0xFF, 0xFF, 0xF8, 0xFF, 0xFF, 0xFF, 0xF8,
    0xFF, 0xEF, 0xFF, 0xF0, 0xFF, 0xEF, 0xFF, 0xE0, 0xFF, 0xE7, 0xFF, 0xC0, 0xFF, 0xE1, 0xFF, 0x00,
    0xFF, 0xE0, 0x38, 0x00, 0xFF, 0xE0, 0x00, 0x00, 0xFF, 0xE0, 0x00, 0x00, 0xFF, 0xE0, 0x00, 0x00,
    0xFF, 0xE0, 0x00, 0x00, 0xFF, 0xE0, 0x00, 0x00, 0xFF, 0xE0, 0x00, 0x00, 0xFF, 0xE0, 0x00, 0x00,
    0xFF, 0xE0, 0x00, 0x00, 0xFF, 0xE0, 0x00, 0x00, 0xFF, 0xE0, 0x00, 0x00, 0x00, 0x00, 0x00, 0x00,
    0x00, 0x00, 0x00, 0x00, 0x00, 0x3C, 0x03, 0xE0, 0x00, 0x3F, 0xC1, 0xFC, 0x00, 0x1F, 0xF8, 0xFF,
    0x80, 0x07, 0xFE, 0x7F, 0xE0, 0x01, 0xFF, 0x9F, 0xFC, 0x00, 0x7F, 0xE7, 0xFF, 0x00, 0x1F, 0xF9,
    0xFF, 0x80, 0x07, 0xFC, 0x3F, 0xE0, 0x00, 0xFF, 0x07, 0xF0, 0x00, 0x0F, 0x00, 0xF8, 0x00, 0x00,
    0x00, 0x00, 0x00, 0x00, 0x00, 0x00, 0x00, 0x3F, 0xF8, 0x00, 0xFF, 0xEF, 0xFF, 0x00, 0x3F, 0xF9,
    0xFF, 0xC0, 0x1F, 0xFC, 0x7F, 0xF0, 0x07, 0xFF, 0x0F, 0xFC, 0x01, 0xFF, 0x83, 0xFF, 0x80, 0xFF,
    0xE0, 0xFF, 0xE0, 0x3F, 0xF8, 0x1F, 0xF8, 0x0F, 0xFC, 0x07, 0xFF, 0x07, 0xFF, 0x00, 0xFF, 0xC1,
    0xFF, 0xC0, 0x3F, 0xF0, 0x7F, 0xE0, 0x0F, 0xFC, 0x3F, 0xF8, 0x01, 0xFF, 0x8F, 0xFC, 0x00, 0x7F,
    0xE3, 0xFF, 0x00, 0x1F, 0xF8, 0xFF, 0xC0, 0x03, 0xFF, 0x7F, 0xE0, 0x00, 0xFF, 0xDF, 0xF8, 0x00,
    0x1F, 0xF7, 0xFE, 0x00, 0x07, 0xFF, 0xFF, 0x00, 0x01, 0xFF, 0xFF, 0xC0, 0x00, 0x3F, 0xFF, 0xE0,
    0x00, 0x0F, 0xFF, 0xF8, 0x00, 0x03, 0xFF, 0xFE, 0x00, 0x00, 0x7F, 0xFF, 0x00, 0x00, 0x1F, 0xFF,
    0xC0, 0x00, 0x03, 0xFF, 0xF0, 0x00, 0x00, 0xFF, 0xF8, 0x00, 0x00, 0x3F, 0xFE, 0x00, 0x00, 0x07,
    0xFF, 0x00, 0x00, 0x01, 0xFF, 0xC0, 0x00, 0x00, 0x7F, 0xF0, 0x00, 0x00, 0x3F, 0xF8, 0x00, 0x03,
    0xFF, 0xFE, 0x00, 0x00, 0xFF, 0xFF, 0x80, 0x00, 0x3F, 0xFF, 0xC0, 0x00, 0x0F, 0xFF, 0xE0, 0x00,
    0x03, 0xFF, 0xF8, 0x00, 0x01, 0xFF, 0xFC, 0x00, 0x00, 0x7F, 0xFE, 0x00, 0x00, 0x1F, 0xFE, 0x00,
    0x00, 0x00, 0x00, 0x00, 0x00, 0x00
};

const epaper_font::GlyphRange kInter55Black_ext = {
    0xA0,
    0xFF,
    kInter55Black_ext_glyphs,
    kInter55Black_ext_bitmaps,
};

}  // namespace

const epaper_font::GlyphRange* FindExtension(const epaper_font::BitmapFont& font)
{
    if (&font == &kInter22SemiBold) {
        return &kInter22SemiBold_ext;
    }
    if (&font == &kInter22Bold) {
        return &kInter22Bold_ext;
    }
    if (&font == &kInter22Black) {
        return &kInter22Black_ext;
    }
    if (&font == &kInter26SemiBold) {
        return &kInter26SemiBold_ext;
    }
    if (&font == &kInter26Bold) {
        return &kInter26Bold_ext;
    }
    if (&font == &kInter26Black) {
        return &kInter26Black_ext;
    }
    if (&font == &kInter32SemiBold) {
        return &kInter32SemiBold_ext;
    }
    if (&font == &kInter32Bold) {
        return &kInter32Bold_ext;
    }
    if (&font == &kInter32Black) {
        return &kInter32Black_ext;
    }
    if (&font == &kInter38SemiBold) {
        return &kInter38SemiBold_ext;
    }
    if (&font == &kInter38Bold) {
        return &kInter38Bold_ext;
    }
    if (&font == &kInter38Black) {
        return &kInter38Black_ext;
    }
    if (&font == &kInter46SemiBold) {
        return &kInter46SemiBold_ext;
    }
    if (&font == &kInter46Bold) {
        return &kInter46Bold_ext;
    }
    if (&font == &kInter46Black) {
        return &kInter46Black_ext;
    }
    if (&font == &kInter55SemiBold) {
        return &kInter55SemiBold_ext;
    }
    if (&font == &kInter55Bold) {
        return &kInter55Bold_ext;
    }
    if (&font == &kInter55Black) {
        return &kInter55Black_ext;
    }
    return nullptr;
}

}  // namespace epaper_fonts
